Copyright 1986-2022 Xilinx, Inc. All Rights Reserved. Copyright 2022-2025 Advanced Micro Devices, Inc. All Rights Reserved.
------------------------------------------------------------------------------------------------------------------------------------------------------------------------------------------------------------------------------------------------------------------------------------------
| Tool Version : Vivado v.2025.2 (win64) Build 6299465 Fri Nov 14 19:35:11 GMT 2025
| Date         : Tue May  5 19:01:03 2026
| Host         : Admin-PC running 64-bit major release  (build 9200)
| Command      : report_timing_summary -max_paths 10 -routable_nets -report_unconstrained -file RV32IMFA_DualCore_BoardTop_timing_summary_routed.rpt -pb RV32IMFA_DualCore_BoardTop_timing_summary_routed.pb -rpx RV32IMFA_DualCore_BoardTop_timing_summary_routed.rpx -warn_on_violation
| Design       : RV32IMFA_DualCore_BoardTop
| Device       : 7z020-clg484
| Speed File   : -1  PRODUCTION 1.12 2019-11-22
| Design State : Routed
------------------------------------------------------------------------------------------------------------------------------------------------------------------------------------------------------------------------------------------------------------------------------------------

Timing Summary Report

------------------------------------------------------------------------------------------------
| Timer Settings
| --------------
------------------------------------------------------------------------------------------------

  Enable Multi Corner Analysis               :  Yes
  Enable Pessimism Removal                   :  Yes
  Pessimism Removal Resolution               :  Nearest Common Node
  Enable Input Delay Default Clock           :  No
  Enable Preset / Clear Arcs                 :  No
  Disable Flight Delays                      :  No
  Ignore I/O Paths                           :  No
  Timing Early Launch at Borrowing Latches   :  No
  Borrow Time for Max Delay Exceptions       :  Yes
  Merge Timing Exceptions                    :  Yes
  Inter-SLR Compensation                     :  Conservative

  Corner  Analyze    Analyze    
  Name    Max Paths  Min Paths  
  ------  ---------  ---------  
  Slow    Yes        Yes        
  Fast    Yes        Yes        


------------------------------------------------------------------------------------------------
| Report Methodology
| ------------------
------------------------------------------------------------------------------------------------

Rule       Severity          Description                                                Violations  
---------  ----------------  ---------------------------------------------------------  ----------  
TIMING-17  Critical Warning  Non-clocked sequential cell                                1000        
SYNTH-5    Warning           Mapped onto distributed RAM because of timing constraints  2048        
SYNTH-10   Warning           Wide multiplier                                            24          

Note: This report is based on the most recent report_methodology run and may not be up-to-date. Run report_methodology on the current design for the latest report.



check_timing report

Table of Contents
-----------------
1. checking no_clock (19483)
2. checking constant_clock (0)
3. checking pulse_width_clock (0)
4. checking unconstrained_internal_endpoints (98115)
5. checking no_input_delay (1)
6. checking no_output_delay (1)
7. checking multiple_clock (0)
8. checking generated_clocks (0)
9. checking loops (0)
10. checking partial_input_delay (0)
11. checking partial_output_delay (0)
12. checking latch_loops (0)

1. checking no_clock (19483)
----------------------------
 There are 19483 register/latch pins with no clock driven by root clock pin: sys_clock (HIGH)


2. checking constant_clock (0)
------------------------------
 There are 0 register/latch pins with constant_clock.


3. checking pulse_width_clock (0)
---------------------------------
 There are 0 register/latch pins which need pulse_width check


4. checking unconstrained_internal_endpoints (98115)
----------------------------------------------------
 There are 98115 pins that are not constrained for maximum delay. (HIGH)

 There are 0 pins that are not constrained for maximum delay due to constant clock.


5. checking no_input_delay (1)
------------------------------
 There is 1 input port with no input delay specified. (HIGH)

 There are 0 input ports with no input delay but user has a false path constraint.


6. checking no_output_delay (1)
-------------------------------
 There is 1 port with no output delay specified. (HIGH)

 There are 0 ports with no output delay but user has a false path constraint

 There are 0 ports with no output delay but with a timing clock defined on it or propagating through it


7. checking multiple_clock (0)
------------------------------
 There are 0 register/latch pins with multiple clocks.


8. checking generated_clocks (0)
--------------------------------
 There are 0 generated clocks that are not connected to a clock source.


9. checking loops (0)
---------------------
 There are 0 combinational loops in the design.


10. checking partial_input_delay (0)
------------------------------------
 There are 0 input ports with partial input delay specified.


11. checking partial_output_delay (0)
-------------------------------------
 There are 0 ports with partial output delay specified.


12. checking latch_loops (0)
----------------------------
 There are 0 combinational latch loops in the design through latch input



------------------------------------------------------------------------------------------------
| Design Timing Summary
| ---------------------
------------------------------------------------------------------------------------------------

    WNS(ns)      TNS(ns)  TNS Failing Endpoints  TNS Total Endpoints      WHS(ns)      THS(ns)  THS Failing Endpoints  THS Total Endpoints     WPWS(ns)     TPWS(ns)  TPWS Failing Endpoints  TPWS Total Endpoints  
    -------      -------  ---------------------  -------------------      -------      -------  ---------------------  -------------------     --------     --------  ----------------------  --------------------  
        inf        0.000                      0                98116          inf        0.000                      0                98116           NA           NA                      NA                    NA  


There are no user specified timing constraints.


------------------------------------------------------------------------------------------------
| Clock Summary
| -------------
------------------------------------------------------------------------------------------------


------------------------------------------------------------------------------------------------
| Intra Clock Table
| -----------------
------------------------------------------------------------------------------------------------

Clock             WNS(ns)      TNS(ns)  TNS Failing Endpoints  TNS Total Endpoints      WHS(ns)      THS(ns)  THS Failing Endpoints  THS Total Endpoints     WPWS(ns)     TPWS(ns)  TPWS Failing Endpoints  TPWS Total Endpoints  
-----             -------      -------  ---------------------  -------------------      -------      -------  ---------------------  -------------------     --------     --------  ----------------------  --------------------  


------------------------------------------------------------------------------------------------
| Inter Clock Table
| -----------------
------------------------------------------------------------------------------------------------

From Clock    To Clock          WNS(ns)      TNS(ns)  TNS Failing Endpoints  TNS Total Endpoints      WHS(ns)      THS(ns)  THS Failing Endpoints  THS Total Endpoints  
----------    --------          -------      -------  ---------------------  -------------------      -------      -------  ---------------------  -------------------  


------------------------------------------------------------------------------------------------
| Other Path Groups Table
| -----------------------
------------------------------------------------------------------------------------------------

Path Group    From Clock    To Clock          WNS(ns)      TNS(ns)  TNS Failing Endpoints  TNS Total Endpoints      WHS(ns)      THS(ns)  THS Failing Endpoints  THS Total Endpoints  
----------    ----------    --------          -------      -------  ---------------------  -------------------      -------      -------  ---------------------  -------------------  


------------------------------------------------------------------------------------------------
| User Ignored Path Table
| -----------------------
------------------------------------------------------------------------------------------------

Path Group    From Clock    To Clock    
----------    ----------    --------    


------------------------------------------------------------------------------------------------
| Unconstrained Path Table
| ------------------------
------------------------------------------------------------------------------------------------

Path Group    From Clock    To Clock    
----------    ----------    --------    
(none)                                    


------------------------------------------------------------------------------------------------
| Timing Details
| --------------
------------------------------------------------------------------------------------------------


--------------------------------------------------------------------------------------
Path Group:  (none)
From Clock:  
  To Clock:  

Max Delay         98116 Endpoints
Min Delay         98116 Endpoints
--------------------------------------------------------------------------------------


Max Delay Paths
--------------------------------------------------------------------------------------
Slack:                    inf
  Source:                 dut/core0/ex_mem/RD_F_M_reg[2]/C
                            (rising edge-triggered cell FDRE)
  Destination:            dut/core0/execute_unit/u_fpu/u_divider/out_res_reg[15]/D
  Path Group:             (none)
  Path Type:              Max at Slow Process Corner
  Data Path Delay:        212.258ns  (logic 71.863ns (33.856%)  route 140.395ns (66.144%))
  Logic Levels:           332  (CARRY4=211 FDRE=1 LUT1=1 LUT2=22 LUT3=25 LUT4=7 LUT5=2 LUT6=63)

    Location             Delay type                Incr(ns)  Path(ns)    Netlist Resource(s)
  -------------------------------------------------------------------    -------------------
    SLICE_X59Y31         FDRE                         0.000     0.000 r  dut/core0/ex_mem/RD_F_M_reg[2]/C
    SLICE_X59Y31         FDRE (Prop_fdre_C_Q)         0.456     0.456 r  dut/core0/ex_mem/RD_F_M_reg[2]/Q
                         net (fo=5, routed)           0.990     1.446    dut/core0/id_ex/RD_F_M[2]
    SLICE_X61Y29         LUT6 (Prop_lut6_I4_O)        0.124     1.570 f  dut/core0/id_ex/B_r[31]_i_6/O
                         net (fo=3, routed)           1.048     2.618    dut/core0/ex_mem/B_r[31]_i_2
    SLICE_X59Y29         LUT6 (Prop_lut6_I5_O)        0.124     2.742 r  dut/core0/ex_mem/B_r[31]_i_4/O
                         net (fo=1, routed)           0.805     3.547    dut/core0/mem_wb/B_r_reg[0]
    SLICE_X61Y29         LUT3 (Prop_lut3_I1_O)        0.124     3.671 r  dut/core0/mem_wb/B_r[31]_i_2/O
                         net (fo=34, routed)          4.860     8.531    dut/core0/mem_wb/ForwardBE_F[0]
    SLICE_X29Y38         LUT5 (Prop_lut5_I1_O)        0.124     8.655 f  dut/core0/mem_wb/forward_fb_mux/B_r[3]_i_1/O
                         net (fo=138, routed)         6.026    14.681    dut/core0/mem_wb/SrcB_F_Forwarded[3]
    SLICE_X56Y17         LUT1 (Prop_lut1_I0_O)        0.124    14.805 r  dut/core0/mem_wb/u_divider/out_res[30]_i_684/O
                         net (fo=1, routed)           0.000    14.805    dut/core0/mem_wb_n_55
    SLICE_X56Y17         CARRY4 (Prop_carry4_S[3]_CO[3])
                                                      0.401    15.206 r  dut/core0/u_divider/out_res_reg[30]_i_633/CO[3]
                         net (fo=1, routed)           0.000    15.206    dut/core0/u_divider/out_res_reg[30]_i_633_n_0
    SLICE_X56Y18         CARRY4 (Prop_carry4_CI_CO[3])
                                                      0.114    15.320 r  dut/core0/u_divider/out_res_reg[30]_i_628/CO[3]
                         net (fo=1, routed)           0.000    15.320    dut/core0/u_divider/out_res_reg[30]_i_628_n_0
    SLICE_X56Y19         CARRY4 (Prop_carry4_CI_CO[3])
                                                      0.114    15.434 r  dut/core0/u_divider/out_res_reg[30]_i_623/CO[3]
                         net (fo=1, routed)           0.000    15.434    dut/core0/u_divider/out_res_reg[30]_i_623_n_0
    SLICE_X56Y20         CARRY4 (Prop_carry4_CI_CO[3])
                                                      0.114    15.548 r  dut/core0/u_divider/out_res_reg[30]_i_618/CO[3]
                         net (fo=1, routed)           0.000    15.548    dut/core0/u_divider/out_res_reg[30]_i_618_n_0
    SLICE_X56Y21         CARRY4 (Prop_carry4_CI_CO[3])
                                                      0.114    15.662 r  dut/core0/u_divider/out_res_reg[30]_i_613/CO[3]
                         net (fo=1, routed)           0.000    15.662    dut/core0/u_divider/out_res_reg[30]_i_613_n_0
    SLICE_X56Y22         CARRY4 (Prop_carry4_CI_CO[3])
                                                      0.114    15.776 r  dut/core0/u_divider/out_res_reg[30]_i_610/CO[3]
                         net (fo=1, routed)           0.000    15.776    dut/core0/u_divider/out_res_reg[30]_i_610_n_0
    SLICE_X56Y23         CARRY4 (Prop_carry4_CI_CO[0])
                                                      0.271    16.047 r  dut/core0/u_divider/out_res_reg[30]_i_609/CO[0]
                         net (fo=27, routed)          1.561    17.608    dut/core0/u_divider/out_res_reg[30]_i_609_n_3
    SLICE_X57Y17         LUT3 (Prop_lut3_I0_O)        0.373    17.981 r  dut/core0/u_divider/out_res[30]_i_640/O
                         net (fo=1, routed)           0.000    17.981    dut/core0/u_divider/out_res[30]_i_640_n_0
    SLICE_X57Y17         CARRY4 (Prop_carry4_S[1]_CO[3])
                                                      0.550    18.531 r  dut/core0/u_divider/out_res_reg[30]_i_601/CO[3]
                         net (fo=1, routed)           0.000    18.531    dut/core0/u_divider/out_res_reg[30]_i_601_n_0
    SLICE_X57Y18         CARRY4 (Prop_carry4_CI_CO[3])
                                                      0.114    18.645 r  dut/core0/u_divider/out_res_reg[30]_i_596/CO[3]
                         net (fo=1, routed)           0.000    18.645    dut/core0/u_divider/out_res_reg[30]_i_596_n_0
    SLICE_X57Y19         CARRY4 (Prop_carry4_CI_CO[3])
                                                      0.114    18.759 r  dut/core0/u_divider/out_res_reg[30]_i_591/CO[3]
                         net (fo=1, routed)           0.000    18.759    dut/core0/u_divider/out_res_reg[30]_i_591_n_0
    SLICE_X57Y20         CARRY4 (Prop_carry4_CI_CO[3])
                                                      0.114    18.873 r  dut/core0/u_divider/out_res_reg[30]_i_586/CO[3]
                         net (fo=1, routed)           0.000    18.873    dut/core0/u_divider/out_res_reg[30]_i_586_n_0
    SLICE_X57Y21         CARRY4 (Prop_carry4_CI_CO[3])
                                                      0.114    18.987 r  dut/core0/u_divider/out_res_reg[30]_i_581/CO[3]
                         net (fo=1, routed)           0.000    18.987    dut/core0/u_divider/out_res_reg[30]_i_581_n_0
    SLICE_X57Y22         CARRY4 (Prop_carry4_CI_CO[3])
                                                      0.114    19.101 r  dut/core0/u_divider/out_res_reg[30]_i_578/CO[3]
                         net (fo=1, routed)           0.000    19.101    dut/core0/u_divider/out_res_reg[30]_i_578_n_0
    SLICE_X57Y23         CARRY4 (Prop_carry4_CI_CO[1])
                                                      0.157    19.258 r  dut/core0/u_divider/out_res_reg[30]_i_577/CO[1]
                         net (fo=27, routed)          2.139    21.397    dut/core0/u_divider/out_res_reg[30]_i_577_n_2
    SLICE_X53Y17         LUT3 (Prop_lut3_I0_O)        0.329    21.726 r  dut/core0/u_divider/out_res[30]_i_608/O
                         net (fo=1, routed)           0.000    21.726    dut/core0/u_divider/out_res[30]_i_608_n_0
    SLICE_X53Y17         CARRY4 (Prop_carry4_S[1]_CO[3])
                                                      0.550    22.276 r  dut/core0/u_divider/out_res_reg[30]_i_569/CO[3]
                         net (fo=1, routed)           0.000    22.276    dut/core0/u_divider/out_res_reg[30]_i_569_n_0
    SLICE_X53Y18         CARRY4 (Prop_carry4_CI_CO[3])
                                                      0.114    22.390 r  dut/core0/u_divider/out_res_reg[30]_i_564/CO[3]
                         net (fo=1, routed)           0.000    22.390    dut/core0/u_divider/out_res_reg[30]_i_564_n_0
    SLICE_X53Y19         CARRY4 (Prop_carry4_CI_CO[3])
                                                      0.114    22.504 r  dut/core0/u_divider/out_res_reg[30]_i_559/CO[3]
                         net (fo=1, routed)           0.000    22.504    dut/core0/u_divider/out_res_reg[30]_i_559_n_0
    SLICE_X53Y20         CARRY4 (Prop_carry4_CI_CO[3])
                                                      0.114    22.618 r  dut/core0/u_divider/out_res_reg[30]_i_554/CO[3]
                         net (fo=1, routed)           0.000    22.618    dut/core0/u_divider/out_res_reg[30]_i_554_n_0
    SLICE_X53Y21         CARRY4 (Prop_carry4_CI_CO[3])
                                                      0.114    22.732 r  dut/core0/u_divider/out_res_reg[30]_i_549/CO[3]
                         net (fo=1, routed)           0.000    22.732    dut/core0/u_divider/out_res_reg[30]_i_549_n_0
    SLICE_X53Y22         CARRY4 (Prop_carry4_CI_CO[3])
                                                      0.114    22.846 r  dut/core0/u_divider/out_res_reg[30]_i_546/CO[3]
                         net (fo=1, routed)           0.000    22.846    dut/core0/u_divider/out_res_reg[30]_i_546_n_0
    SLICE_X53Y23         CARRY4 (Prop_carry4_CI_CO[1])
                                                      0.157    23.003 r  dut/core0/u_divider/out_res_reg[30]_i_545/CO[1]
                         net (fo=27, routed)          2.101    25.104    dut/core0/u_divider/out_res_reg[30]_i_545_n_2
    SLICE_X55Y17         LUT3 (Prop_lut3_I0_O)        0.329    25.433 r  dut/core0/u_divider/out_res[30]_i_576/O
                         net (fo=1, routed)           0.000    25.433    dut/core0/u_divider/out_res[30]_i_576_n_0
    SLICE_X55Y17         CARRY4 (Prop_carry4_S[1]_CO[3])
                                                      0.550    25.983 r  dut/core0/u_divider/out_res_reg[30]_i_537/CO[3]
                         net (fo=1, routed)           0.000    25.983    dut/core0/u_divider/out_res_reg[30]_i_537_n_0
    SLICE_X55Y18         CARRY4 (Prop_carry4_CI_CO[3])
                                                      0.114    26.097 r  dut/core0/u_divider/out_res_reg[30]_i_532/CO[3]
                         net (fo=1, routed)           0.000    26.097    dut/core0/u_divider/out_res_reg[30]_i_532_n_0
    SLICE_X55Y19         CARRY4 (Prop_carry4_CI_CO[3])
                                                      0.114    26.211 r  dut/core0/u_divider/out_res_reg[30]_i_527/CO[3]
                         net (fo=1, routed)           0.000    26.211    dut/core0/u_divider/out_res_reg[30]_i_527_n_0
    SLICE_X55Y20         CARRY4 (Prop_carry4_CI_CO[3])
                                                      0.114    26.325 r  dut/core0/u_divider/out_res_reg[30]_i_522/CO[3]
                         net (fo=1, routed)           0.000    26.325    dut/core0/u_divider/out_res_reg[30]_i_522_n_0
    SLICE_X55Y21         CARRY4 (Prop_carry4_CI_CO[3])
                                                      0.114    26.439 r  dut/core0/u_divider/out_res_reg[30]_i_517/CO[3]
                         net (fo=1, routed)           0.000    26.439    dut/core0/u_divider/out_res_reg[30]_i_517_n_0
    SLICE_X55Y22         CARRY4 (Prop_carry4_CI_CO[3])
                                                      0.114    26.553 r  dut/core0/u_divider/out_res_reg[30]_i_514/CO[3]
                         net (fo=1, routed)           0.000    26.553    dut/core0/u_divider/out_res_reg[30]_i_514_n_0
    SLICE_X55Y23         CARRY4 (Prop_carry4_CI_CO[1])
                                                      0.157    26.710 r  dut/core0/u_divider/out_res_reg[30]_i_513/CO[1]
                         net (fo=27, routed)          2.078    28.788    dut/core0/u_divider/out_res_reg[30]_i_513_n_2
    SLICE_X52Y17         LUT3 (Prop_lut3_I0_O)        0.329    29.117 r  dut/core0/u_divider/out_res[30]_i_544/O
                         net (fo=1, routed)           0.000    29.117    dut/core0/u_divider/out_res[30]_i_544_n_0
    SLICE_X52Y17         CARRY4 (Prop_carry4_S[1]_CO[3])
                                                      0.550    29.667 r  dut/core0/u_divider/out_res_reg[30]_i_505/CO[3]
                         net (fo=1, routed)           0.000    29.667    dut/core0/u_divider/out_res_reg[30]_i_505_n_0
    SLICE_X52Y18         CARRY4 (Prop_carry4_CI_CO[3])
                                                      0.114    29.781 r  dut/core0/u_divider/out_res_reg[30]_i_500/CO[3]
                         net (fo=1, routed)           0.000    29.781    dut/core0/u_divider/out_res_reg[30]_i_500_n_0
    SLICE_X52Y19         CARRY4 (Prop_carry4_CI_CO[3])
                                                      0.114    29.895 r  dut/core0/u_divider/out_res_reg[30]_i_495/CO[3]
                         net (fo=1, routed)           0.000    29.895    dut/core0/u_divider/out_res_reg[30]_i_495_n_0
    SLICE_X52Y20         CARRY4 (Prop_carry4_CI_CO[3])
                                                      0.114    30.009 r  dut/core0/u_divider/out_res_reg[30]_i_490/CO[3]
                         net (fo=1, routed)           0.000    30.009    dut/core0/u_divider/out_res_reg[30]_i_490_n_0
    SLICE_X52Y21         CARRY4 (Prop_carry4_CI_CO[3])
                                                      0.114    30.123 r  dut/core0/u_divider/out_res_reg[30]_i_485/CO[3]
                         net (fo=1, routed)           0.000    30.123    dut/core0/u_divider/out_res_reg[30]_i_485_n_0
    SLICE_X52Y22         CARRY4 (Prop_carry4_CI_CO[3])
                                                      0.114    30.237 r  dut/core0/u_divider/out_res_reg[30]_i_482/CO[3]
                         net (fo=1, routed)           0.000    30.237    dut/core0/u_divider/out_res_reg[30]_i_482_n_0
    SLICE_X52Y23         CARRY4 (Prop_carry4_CI_CO[1])
                                                      0.157    30.394 r  dut/core0/u_divider/out_res_reg[30]_i_481/CO[1]
                         net (fo=27, routed)          1.844    32.238    dut/core0/u_divider/out_res_reg[30]_i_481_n_2
    SLICE_X44Y17         LUT3 (Prop_lut3_I0_O)        0.329    32.567 r  dut/core0/u_divider/out_res[30]_i_511/O
                         net (fo=1, routed)           0.000    32.567    dut/core0/u_divider/out_res[30]_i_511_n_0
    SLICE_X44Y17         CARRY4 (Prop_carry4_S[2]_CO[3])
                                                      0.398    32.965 r  dut/core0/u_divider/out_res_reg[30]_i_473/CO[3]
                         net (fo=1, routed)           0.000    32.965    dut/core0/u_divider/out_res_reg[30]_i_473_n_0
    SLICE_X44Y18         CARRY4 (Prop_carry4_CI_CO[3])
                                                      0.114    33.079 r  dut/core0/u_divider/out_res_reg[30]_i_468/CO[3]
                         net (fo=1, routed)           0.000    33.079    dut/core0/u_divider/out_res_reg[30]_i_468_n_0
    SLICE_X44Y19         CARRY4 (Prop_carry4_CI_CO[3])
                                                      0.114    33.193 r  dut/core0/u_divider/out_res_reg[30]_i_463/CO[3]
                         net (fo=1, routed)           0.000    33.193    dut/core0/u_divider/out_res_reg[30]_i_463_n_0
    SLICE_X44Y20         CARRY4 (Prop_carry4_CI_CO[3])
                                                      0.114    33.307 r  dut/core0/u_divider/out_res_reg[30]_i_458/CO[3]
                         net (fo=1, routed)           0.000    33.307    dut/core0/u_divider/out_res_reg[30]_i_458_n_0
    SLICE_X44Y21         CARRY4 (Prop_carry4_CI_CO[3])
                                                      0.114    33.421 r  dut/core0/u_divider/out_res_reg[30]_i_453/CO[3]
                         net (fo=1, routed)           0.000    33.421    dut/core0/u_divider/out_res_reg[30]_i_453_n_0
    SLICE_X44Y22         CARRY4 (Prop_carry4_CI_CO[3])
                                                      0.114    33.535 r  dut/core0/u_divider/out_res_reg[30]_i_450/CO[3]
                         net (fo=1, routed)           0.000    33.535    dut/core0/u_divider/out_res_reg[30]_i_450_n_0
    SLICE_X44Y23         CARRY4 (Prop_carry4_CI_CO[1])
                                                      0.157    33.692 r  dut/core0/u_divider/out_res_reg[30]_i_449/CO[1]
                         net (fo=27, routed)          1.557    35.249    dut/core0/u_divider/out_res_reg[30]_i_449_n_2
    SLICE_X45Y17         LUT3 (Prop_lut3_I0_O)        0.329    35.578 r  dut/core0/u_divider/out_res[30]_i_480/O
                         net (fo=1, routed)           0.000    35.578    dut/core0/u_divider/out_res[30]_i_480_n_0
    SLICE_X45Y17         CARRY4 (Prop_carry4_S[1]_CO[3])
                                                      0.550    36.128 r  dut/core0/u_divider/out_res_reg[30]_i_441/CO[3]
                         net (fo=1, routed)           0.000    36.128    dut/core0/u_divider/out_res_reg[30]_i_441_n_0
    SLICE_X45Y18         CARRY4 (Prop_carry4_CI_CO[3])
                                                      0.114    36.242 r  dut/core0/u_divider/out_res_reg[30]_i_436/CO[3]
                         net (fo=1, routed)           0.000    36.242    dut/core0/u_divider/out_res_reg[30]_i_436_n_0
    SLICE_X45Y19         CARRY4 (Prop_carry4_CI_CO[3])
                                                      0.114    36.356 r  dut/core0/u_divider/out_res_reg[30]_i_431/CO[3]
                         net (fo=1, routed)           0.000    36.356    dut/core0/u_divider/out_res_reg[30]_i_431_n_0
    SLICE_X45Y20         CARRY4 (Prop_carry4_CI_CO[3])
                                                      0.114    36.470 r  dut/core0/u_divider/out_res_reg[30]_i_426/CO[3]
                         net (fo=1, routed)           0.000    36.470    dut/core0/u_divider/out_res_reg[30]_i_426_n_0
    SLICE_X45Y21         CARRY4 (Prop_carry4_CI_CO[3])
                                                      0.114    36.584 r  dut/core0/u_divider/out_res_reg[30]_i_421/CO[3]
                         net (fo=1, routed)           0.000    36.584    dut/core0/u_divider/out_res_reg[30]_i_421_n_0
    SLICE_X45Y22         CARRY4 (Prop_carry4_CI_CO[3])
                                                      0.114    36.698 r  dut/core0/u_divider/out_res_reg[30]_i_418/CO[3]
                         net (fo=1, routed)           0.000    36.698    dut/core0/u_divider/out_res_reg[30]_i_418_n_0
    SLICE_X45Y23         CARRY4 (Prop_carry4_CI_CO[1])
                                                      0.157    36.855 r  dut/core0/u_divider/out_res_reg[30]_i_417/CO[1]
                         net (fo=27, routed)          1.567    38.421    dut/core0/u_divider/out_res_reg[30]_i_417_n_2
    SLICE_X48Y17         LUT3 (Prop_lut3_I0_O)        0.329    38.750 r  dut/core0/u_divider/out_res[30]_i_448/O
                         net (fo=1, routed)           0.000    38.750    dut/core0/u_divider/out_res[30]_i_448_n_0
    SLICE_X48Y17         CARRY4 (Prop_carry4_S[1]_CO[3])
                                                      0.550    39.300 r  dut/core0/u_divider/out_res_reg[30]_i_409/CO[3]
                         net (fo=1, routed)           0.000    39.300    dut/core0/u_divider/out_res_reg[30]_i_409_n_0
    SLICE_X48Y18         CARRY4 (Prop_carry4_CI_CO[3])
                                                      0.114    39.414 r  dut/core0/u_divider/out_res_reg[30]_i_404/CO[3]
                         net (fo=1, routed)           0.000    39.414    dut/core0/u_divider/out_res_reg[30]_i_404_n_0
    SLICE_X48Y19         CARRY4 (Prop_carry4_CI_CO[3])
                                                      0.114    39.528 r  dut/core0/u_divider/out_res_reg[30]_i_399/CO[3]
                         net (fo=1, routed)           0.000    39.528    dut/core0/u_divider/out_res_reg[30]_i_399_n_0
    SLICE_X48Y20         CARRY4 (Prop_carry4_CI_CO[3])
                                                      0.114    39.642 r  dut/core0/u_divider/out_res_reg[30]_i_394/CO[3]
                         net (fo=1, routed)           0.000    39.642    dut/core0/u_divider/out_res_reg[30]_i_394_n_0
    SLICE_X48Y21         CARRY4 (Prop_carry4_CI_CO[3])
                                                      0.114    39.756 r  dut/core0/u_divider/out_res_reg[30]_i_389/CO[3]
                         net (fo=1, routed)           0.000    39.756    dut/core0/u_divider/out_res_reg[30]_i_389_n_0
    SLICE_X48Y22         CARRY4 (Prop_carry4_CI_CO[3])
                                                      0.114    39.870 r  dut/core0/u_divider/out_res_reg[30]_i_386/CO[3]
                         net (fo=1, routed)           0.000    39.870    dut/core0/u_divider/out_res_reg[30]_i_386_n_0
    SLICE_X48Y23         CARRY4 (Prop_carry4_CI_CO[1])
                                                      0.157    40.027 r  dut/core0/u_divider/out_res_reg[30]_i_385/CO[1]
                         net (fo=27, routed)          1.066    41.093    dut/core0/u_divider/out_res_reg[30]_i_385_n_2
    SLICE_X49Y21         LUT3 (Prop_lut3_I0_O)        0.329    41.422 r  dut/core0/u_divider/out_res[30]_i_414/O
                         net (fo=1, routed)           0.000    41.422    dut/core0/u_divider/out_res[30]_i_414_n_0
    SLICE_X49Y21         CARRY4 (Prop_carry4_S[3]_CO[3])
                                                      0.401    41.823 r  dut/core0/u_divider/out_res_reg[30]_i_377/CO[3]
                         net (fo=1, routed)           0.000    41.823    dut/core0/u_divider/out_res_reg[30]_i_377_n_0
    SLICE_X49Y22         CARRY4 (Prop_carry4_CI_CO[3])
                                                      0.114    41.937 r  dut/core0/u_divider/out_res_reg[30]_i_372/CO[3]
                         net (fo=1, routed)           0.000    41.937    dut/core0/u_divider/out_res_reg[30]_i_372_n_0
    SLICE_X49Y23         CARRY4 (Prop_carry4_CI_CO[3])
                                                      0.114    42.051 r  dut/core0/u_divider/out_res_reg[30]_i_367/CO[3]
                         net (fo=1, routed)           0.000    42.051    dut/core0/u_divider/out_res_reg[30]_i_367_n_0
    SLICE_X49Y24         CARRY4 (Prop_carry4_CI_CO[3])
                                                      0.114    42.165 r  dut/core0/u_divider/out_res_reg[30]_i_362/CO[3]
                         net (fo=1, routed)           0.009    42.174    dut/core0/u_divider/out_res_reg[30]_i_362_n_0
    SLICE_X49Y25         CARRY4 (Prop_carry4_CI_CO[3])
                                                      0.114    42.288 r  dut/core0/u_divider/out_res_reg[30]_i_357/CO[3]
                         net (fo=1, routed)           0.000    42.288    dut/core0/u_divider/out_res_reg[30]_i_357_n_0
    SLICE_X49Y26         CARRY4 (Prop_carry4_CI_CO[3])
                                                      0.114    42.402 r  dut/core0/u_divider/out_res_reg[30]_i_354/CO[3]
                         net (fo=1, routed)           0.000    42.402    dut/core0/u_divider/out_res_reg[30]_i_354_n_0
    SLICE_X49Y27         CARRY4 (Prop_carry4_CI_CO[1])
                                                      0.157    42.559 r  dut/core0/u_divider/out_res_reg[30]_i_353/CO[1]
                         net (fo=27, routed)          2.049    44.608    dut/core0/u_divider/out_res_reg[30]_i_353_n_2
    SLICE_X47Y22         LUT3 (Prop_lut3_I0_O)        0.329    44.937 r  dut/core0/u_divider/out_res[30]_i_380/O
                         net (fo=1, routed)           0.000    44.937    dut/core0/u_divider/out_res[30]_i_380_n_0
    SLICE_X47Y22         CARRY4 (Prop_carry4_S[1]_CO[3])
                                                      0.550    45.487 r  dut/core0/u_divider/out_res_reg[30]_i_339/CO[3]
                         net (fo=1, routed)           0.000    45.487    dut/core0/u_divider/out_res_reg[30]_i_339_n_0
    SLICE_X47Y23         CARRY4 (Prop_carry4_CI_CO[3])
                                                      0.114    45.601 r  dut/core0/u_divider/out_res_reg[30]_i_334/CO[3]
                         net (fo=1, routed)           0.000    45.601    dut/core0/u_divider/out_res_reg[30]_i_334_n_0
    SLICE_X47Y24         CARRY4 (Prop_carry4_CI_CO[3])
                                                      0.114    45.715 r  dut/core0/u_divider/out_res_reg[30]_i_329/CO[3]
                         net (fo=1, routed)           0.009    45.724    dut/core0/u_divider/out_res_reg[30]_i_329_n_0
    SLICE_X47Y25         CARRY4 (Prop_carry4_CI_CO[3])
                                                      0.114    45.838 r  dut/core0/u_divider/out_res_reg[30]_i_324/CO[3]
                         net (fo=1, routed)           0.000    45.838    dut/core0/u_divider/out_res_reg[30]_i_324_n_0
    SLICE_X47Y26         CARRY4 (Prop_carry4_CI_CO[3])
                                                      0.114    45.952 r  dut/core0/u_divider/out_res_reg[30]_i_321/CO[3]
                         net (fo=1, routed)           0.000    45.952    dut/core0/u_divider/out_res_reg[30]_i_321_n_0
    SLICE_X47Y27         CARRY4 (Prop_carry4_CI_CO[1])
                                                      0.157    46.109 r  dut/core0/u_divider/out_res_reg[30]_i_320/CO[1]
                         net (fo=27, routed)          2.185    48.294    dut/core0/u_divider/out_res_reg[30]_i_320_n_2
    SLICE_X43Y21         LUT3 (Prop_lut3_I0_O)        0.329    48.623 r  dut/core0/u_divider/out_res[30]_i_351/O
                         net (fo=1, routed)           0.000    48.623    dut/core0/u_divider/out_res[30]_i_351_n_0
    SLICE_X43Y21         CARRY4 (Prop_carry4_S[1]_CO[3])
                                                      0.550    49.173 r  dut/core0/u_divider/out_res_reg[30]_i_311/CO[3]
                         net (fo=1, routed)           0.000    49.173    dut/core0/u_divider/out_res_reg[30]_i_311_n_0
    SLICE_X43Y22         CARRY4 (Prop_carry4_CI_CO[3])
                                                      0.114    49.287 r  dut/core0/u_divider/out_res_reg[30]_i_306/CO[3]
                         net (fo=1, routed)           0.000    49.287    dut/core0/u_divider/out_res_reg[30]_i_306_n_0
    SLICE_X43Y23         CARRY4 (Prop_carry4_CI_CO[3])
                                                      0.114    49.401 r  dut/core0/u_divider/out_res_reg[30]_i_301/CO[3]
                         net (fo=1, routed)           0.000    49.401    dut/core0/u_divider/out_res_reg[30]_i_301_n_0
    SLICE_X43Y24         CARRY4 (Prop_carry4_CI_CO[3])
                                                      0.114    49.515 r  dut/core0/u_divider/out_res_reg[30]_i_296/CO[3]
                         net (fo=1, routed)           0.009    49.524    dut/core0/u_divider/out_res_reg[30]_i_296_n_0
    SLICE_X43Y25         CARRY4 (Prop_carry4_CI_CO[3])
                                                      0.114    49.638 r  dut/core0/u_divider/out_res_reg[30]_i_291/CO[3]
                         net (fo=1, routed)           0.000    49.638    dut/core0/u_divider/out_res_reg[30]_i_291_n_0
    SLICE_X43Y26         CARRY4 (Prop_carry4_CI_CO[3])
                                                      0.114    49.752 r  dut/core0/u_divider/out_res_reg[30]_i_288/CO[3]
                         net (fo=1, routed)           0.000    49.752    dut/core0/u_divider/out_res_reg[30]_i_288_n_0
    SLICE_X43Y27         CARRY4 (Prop_carry4_CI_CO[1])
                                                      0.157    49.909 r  dut/core0/u_divider/out_res_reg[30]_i_287/CO[1]
                         net (fo=27, routed)          1.751    51.661    dut/core0/u_divider/out_res_reg[30]_i_287_n_2
    SLICE_X41Y23         LUT3 (Prop_lut3_I0_O)        0.329    51.990 r  dut/core0/u_divider/out_res[30]_i_316/O
                         net (fo=1, routed)           0.000    51.990    dut/core0/u_divider/out_res[30]_i_316_n_0
    SLICE_X41Y23         CARRY4 (Prop_carry4_S[3]_CO[3])
                                                      0.401    52.391 r  dut/core0/u_divider/out_res_reg[30]_i_278/CO[3]
                         net (fo=1, routed)           0.000    52.391    dut/core0/u_divider/out_res_reg[30]_i_278_n_0
    SLICE_X41Y24         CARRY4 (Prop_carry4_CI_CO[3])
                                                      0.114    52.505 r  dut/core0/u_divider/out_res_reg[30]_i_273/CO[3]
                         net (fo=1, routed)           0.009    52.514    dut/core0/u_divider/out_res_reg[30]_i_273_n_0
    SLICE_X41Y25         CARRY4 (Prop_carry4_CI_CO[3])
                                                      0.114    52.628 r  dut/core0/u_divider/out_res_reg[30]_i_268/CO[3]
                         net (fo=1, routed)           0.000    52.628    dut/core0/u_divider/out_res_reg[30]_i_268_n_0
    SLICE_X41Y26         CARRY4 (Prop_carry4_CI_CO[3])
                                                      0.114    52.742 r  dut/core0/u_divider/out_res_reg[30]_i_263/CO[3]
                         net (fo=1, routed)           0.000    52.742    dut/core0/u_divider/out_res_reg[30]_i_263_n_0
    SLICE_X41Y27         CARRY4 (Prop_carry4_CI_CO[3])
                                                      0.114    52.856 r  dut/core0/u_divider/out_res_reg[30]_i_258/CO[3]
                         net (fo=1, routed)           0.000    52.856    dut/core0/u_divider/out_res_reg[30]_i_258_n_0
    SLICE_X41Y28         CARRY4 (Prop_carry4_CI_CO[3])
                                                      0.114    52.970 r  dut/core0/u_divider/out_res_reg[30]_i_255/CO[3]
                         net (fo=1, routed)           0.000    52.970    dut/core0/u_divider/out_res_reg[30]_i_255_n_0
    SLICE_X41Y29         CARRY4 (Prop_carry4_CI_CO[1])
                                                      0.157    53.127 r  dut/core0/u_divider/out_res_reg[30]_i_254/CO[1]
                         net (fo=27, routed)          1.773    54.899    dut/core0/u_divider/out_res_reg[30]_i_254_n_2
    SLICE_X40Y23         LUT3 (Prop_lut3_I0_O)        0.329    55.228 r  dut/core0/u_divider/out_res[30]_i_285/O
                         net (fo=1, routed)           0.000    55.228    dut/core0/u_divider/out_res[30]_i_285_n_0
    SLICE_X40Y23         CARRY4 (Prop_carry4_S[1]_CO[3])
                                                      0.550    55.778 r  dut/core0/u_divider/out_res_reg[30]_i_245/CO[3]
                         net (fo=1, routed)           0.000    55.778    dut/core0/u_divider/out_res_reg[30]_i_245_n_0
    SLICE_X40Y24         CARRY4 (Prop_carry4_CI_CO[3])
                                                      0.114    55.892 r  dut/core0/u_divider/out_res_reg[30]_i_240/CO[3]
                         net (fo=1, routed)           0.009    55.901    dut/core0/u_divider/out_res_reg[30]_i_240_n_0
    SLICE_X40Y25         CARRY4 (Prop_carry4_CI_CO[3])
                                                      0.114    56.015 r  dut/core0/u_divider/out_res_reg[30]_i_235/CO[3]
                         net (fo=1, routed)           0.000    56.015    dut/core0/u_divider/out_res_reg[30]_i_235_n_0
    SLICE_X40Y26         CARRY4 (Prop_carry4_CI_CO[3])
                                                      0.114    56.129 r  dut/core0/u_divider/out_res_reg[30]_i_230/CO[3]
                         net (fo=1, routed)           0.000    56.129    dut/core0/u_divider/out_res_reg[30]_i_230_n_0
    SLICE_X40Y27         CARRY4 (Prop_carry4_CI_CO[3])
                                                      0.114    56.243 r  dut/core0/u_divider/out_res_reg[30]_i_225/CO[3]
                         net (fo=1, routed)           0.000    56.243    dut/core0/u_divider/out_res_reg[30]_i_225_n_0
    SLICE_X40Y28         CARRY4 (Prop_carry4_CI_CO[3])
                                                      0.114    56.357 r  dut/core0/u_divider/out_res_reg[30]_i_222/CO[3]
                         net (fo=1, routed)           0.000    56.357    dut/core0/u_divider/out_res_reg[30]_i_222_n_0
    SLICE_X40Y29         CARRY4 (Prop_carry4_CI_CO[1])
                                                      0.157    56.514 r  dut/core0/u_divider/out_res_reg[30]_i_221/CO[1]
                         net (fo=27, routed)          2.225    58.740    dut/core0/u_divider/out_res_reg[30]_i_221_n_2
    SLICE_X36Y21         LUT3 (Prop_lut3_I0_O)        0.329    59.069 r  dut/core0/u_divider/out_res[30]_i_251/O
                         net (fo=1, routed)           0.000    59.069    dut/core0/u_divider/out_res[30]_i_251_n_0
    SLICE_X36Y21         CARRY4 (Prop_carry4_S[2]_CO[3])
                                                      0.380    59.449 r  dut/core0/u_divider/out_res_reg[30]_i_212/CO[3]
                         net (fo=1, routed)           0.000    59.449    dut/core0/u_divider/out_res_reg[30]_i_212_n_0
    SLICE_X36Y22         CARRY4 (Prop_carry4_CI_CO[3])
                                                      0.117    59.566 r  dut/core0/u_divider/out_res_reg[30]_i_207/CO[3]
                         net (fo=1, routed)           0.000    59.566    dut/core0/u_divider/out_res_reg[30]_i_207_n_0
    SLICE_X36Y23         CARRY4 (Prop_carry4_CI_CO[3])
                                                      0.117    59.683 r  dut/core0/u_divider/out_res_reg[30]_i_202/CO[3]
                         net (fo=1, routed)           0.000    59.683    dut/core0/u_divider/out_res_reg[30]_i_202_n_0
    SLICE_X36Y24         CARRY4 (Prop_carry4_CI_CO[3])
                                                      0.117    59.800 r  dut/core0/u_divider/out_res_reg[30]_i_197/CO[3]
                         net (fo=1, routed)           0.009    59.809    dut/core0/u_divider/out_res_reg[30]_i_197_n_0
    SLICE_X36Y25         CARRY4 (Prop_carry4_CI_CO[3])
                                                      0.117    59.926 r  dut/core0/u_divider/out_res_reg[30]_i_192/CO[3]
                         net (fo=1, routed)           0.000    59.926    dut/core0/u_divider/out_res_reg[30]_i_192_n_0
    SLICE_X36Y26         CARRY4 (Prop_carry4_CI_CO[3])
                                                      0.117    60.043 r  dut/core0/u_divider/out_res_reg[30]_i_189/CO[3]
                         net (fo=1, routed)           0.000    60.043    dut/core0/u_divider/out_res_reg[30]_i_189_n_0
    SLICE_X36Y27         CARRY4 (Prop_carry4_CI_CO[1])
                                                      0.157    60.200 r  dut/core0/u_divider/out_res_reg[30]_i_188/CO[1]
                         net (fo=27, routed)          2.078    62.278    dut/core0/u_divider/out_res_reg[30]_i_188_n_2
    SLICE_X35Y21         LUT3 (Prop_lut3_I0_O)        0.332    62.610 r  dut/core0/u_divider/out_res[30]_i_219/O
                         net (fo=1, routed)           0.000    62.610    dut/core0/u_divider/out_res[30]_i_219_n_0
    SLICE_X35Y21         CARRY4 (Prop_carry4_S[1]_CO[3])
                                                      0.550    63.160 r  dut/core0/u_divider/out_res_reg[30]_i_179/CO[3]
                         net (fo=1, routed)           0.000    63.160    dut/core0/u_divider/out_res_reg[30]_i_179_n_0
    SLICE_X35Y22         CARRY4 (Prop_carry4_CI_CO[3])
                                                      0.114    63.274 r  dut/core0/u_divider/out_res_reg[30]_i_174/CO[3]
                         net (fo=1, routed)           0.000    63.274    dut/core0/u_divider/out_res_reg[30]_i_174_n_0
    SLICE_X35Y23         CARRY4 (Prop_carry4_CI_CO[3])
                                                      0.114    63.388 r  dut/core0/u_divider/out_res_reg[30]_i_169/CO[3]
                         net (fo=1, routed)           0.000    63.388    dut/core0/u_divider/out_res_reg[30]_i_169_n_0
    SLICE_X35Y24         CARRY4 (Prop_carry4_CI_CO[3])
                                                      0.114    63.502 r  dut/core0/u_divider/out_res_reg[30]_i_164/CO[3]
                         net (fo=1, routed)           0.009    63.511    dut/core0/u_divider/out_res_reg[30]_i_164_n_0
    SLICE_X35Y25         CARRY4 (Prop_carry4_CI_CO[3])
                                                      0.114    63.625 r  dut/core0/u_divider/out_res_reg[30]_i_159/CO[3]
                         net (fo=1, routed)           0.000    63.625    dut/core0/u_divider/out_res_reg[30]_i_159_n_0
    SLICE_X35Y26         CARRY4 (Prop_carry4_CI_CO[3])
                                                      0.114    63.739 r  dut/core0/u_divider/out_res_reg[30]_i_156/CO[3]
                         net (fo=1, routed)           0.000    63.739    dut/core0/u_divider/out_res_reg[30]_i_156_n_0
    SLICE_X35Y27         CARRY4 (Prop_carry4_CI_CO[1])
                                                      0.157    63.896 r  dut/core0/u_divider/out_res_reg[30]_i_155/CO[1]
                         net (fo=27, routed)          1.602    65.498    dut/core0/u_divider/out_res_reg[30]_i_155_n_2
    SLICE_X37Y22         LUT3 (Prop_lut3_I0_O)        0.329    65.827 r  dut/core0/u_divider/out_res[30]_i_182/O
                         net (fo=1, routed)           0.000    65.827    dut/core0/u_divider/out_res[30]_i_182_n_0
    SLICE_X37Y22         CARRY4 (Prop_carry4_S[1]_CO[3])
                                                      0.550    66.377 r  dut/core0/u_divider/out_res_reg[30]_i_141/CO[3]
                         net (fo=1, routed)           0.000    66.377    dut/core0/u_divider/out_res_reg[30]_i_141_n_0
    SLICE_X37Y23         CARRY4 (Prop_carry4_CI_CO[3])
                                                      0.114    66.491 r  dut/core0/u_divider/out_res_reg[30]_i_136/CO[3]
                         net (fo=1, routed)           0.000    66.491    dut/core0/u_divider/out_res_reg[30]_i_136_n_0
    SLICE_X37Y24         CARRY4 (Prop_carry4_CI_CO[3])
                                                      0.114    66.605 r  dut/core0/u_divider/out_res_reg[30]_i_131/CO[3]
                         net (fo=1, routed)           0.009    66.614    dut/core0/u_divider/out_res_reg[30]_i_131_n_0
    SLICE_X37Y25         CARRY4 (Prop_carry4_CI_CO[3])
                                                      0.114    66.728 r  dut/core0/u_divider/out_res_reg[30]_i_126/CO[3]
                         net (fo=1, routed)           0.000    66.728    dut/core0/u_divider/out_res_reg[30]_i_126_n_0
    SLICE_X37Y26         CARRY4 (Prop_carry4_CI_CO[3])
                                                      0.114    66.842 r  dut/core0/u_divider/out_res_reg[30]_i_123/CO[3]
                         net (fo=1, routed)           0.000    66.842    dut/core0/u_divider/out_res_reg[30]_i_123_n_0
    SLICE_X37Y27         CARRY4 (Prop_carry4_CI_CO[1])
                                                      0.157    66.999 r  dut/core0/u_divider/out_res_reg[30]_i_122/CO[1]
                         net (fo=27, routed)          2.334    69.333    dut/core0/u_divider/out_res_reg[30]_i_122_n_2
    SLICE_X38Y14         LUT3 (Prop_lut3_I0_O)        0.329    69.662 r  dut/core0/u_divider/out_res[30]_i_153/O
                         net (fo=1, routed)           0.000    69.662    dut/core0/u_divider/out_res[30]_i_153_n_0
    SLICE_X38Y14         CARRY4 (Prop_carry4_S[1]_CO[3])
                                                      0.533    70.195 r  dut/core0/u_divider/out_res_reg[30]_i_116/CO[3]
                         net (fo=1, routed)           0.000    70.195    dut/core0/u_divider/out_res_reg[30]_i_116_n_0
    SLICE_X38Y15         CARRY4 (Prop_carry4_CI_CO[3])
                                                      0.117    70.312 r  dut/core0/u_divider/out_res_reg[30]_i_111/CO[3]
                         net (fo=1, routed)           0.000    70.312    dut/core0/u_divider/out_res_reg[30]_i_111_n_0
    SLICE_X38Y16         CARRY4 (Prop_carry4_CI_CO[3])
                                                      0.117    70.429 r  dut/core0/u_divider/out_res_reg[30]_i_106/CO[3]
                         net (fo=1, routed)           0.000    70.429    dut/core0/u_divider/out_res_reg[30]_i_106_n_0
    SLICE_X38Y17         CARRY4 (Prop_carry4_CI_CO[3])
                                                      0.117    70.546 r  dut/core0/u_divider/out_res_reg[30]_i_101/CO[3]
                         net (fo=1, routed)           0.000    70.546    dut/core0/u_divider/out_res_reg[30]_i_101_n_0
    SLICE_X38Y18         CARRY4 (Prop_carry4_CI_CO[3])
                                                      0.117    70.663 r  dut/core0/u_divider/out_res_reg[30]_i_96/CO[3]
                         net (fo=1, routed)           0.000    70.663    dut/core0/u_divider/out_res_reg[30]_i_96_n_0
    SLICE_X38Y19         CARRY4 (Prop_carry4_CI_CO[3])
                                                      0.117    70.780 r  dut/core0/u_divider/out_res_reg[30]_i_93/CO[3]
                         net (fo=1, routed)           0.000    70.780    dut/core0/u_divider/out_res_reg[30]_i_93_n_0
    SLICE_X38Y20         CARRY4 (Prop_carry4_CI_CO[1])
                                                      0.157    70.937 r  dut/core0/u_divider/out_res_reg[30]_i_92/CO[1]
                         net (fo=27, routed)          1.858    72.795    dut/core0/u_divider/out_res_reg[30]_i_92_n_2
    SLICE_X39Y14         LUT3 (Prop_lut3_I0_O)        0.332    73.127 r  dut/core0/u_divider/out_res[30]_i_119/O
                         net (fo=1, routed)           0.000    73.127    dut/core0/u_divider/out_res[30]_i_119_n_0
    SLICE_X39Y14         CARRY4 (Prop_carry4_S[1]_CO[3])
                                                      0.550    73.677 r  dut/core0/u_divider/out_res_reg[30]_i_86/CO[3]
                         net (fo=1, routed)           0.000    73.677    dut/core0/u_divider/out_res_reg[30]_i_86_n_0
    SLICE_X39Y15         CARRY4 (Prop_carry4_CI_CO[3])
                                                      0.114    73.791 r  dut/core0/u_divider/out_res_reg[30]_i_81/CO[3]
                         net (fo=1, routed)           0.000    73.791    dut/core0/u_divider/out_res_reg[30]_i_81_n_0
    SLICE_X39Y16         CARRY4 (Prop_carry4_CI_CO[3])
                                                      0.114    73.905 r  dut/core0/u_divider/out_res_reg[30]_i_76/CO[3]
                         net (fo=1, routed)           0.000    73.905    dut/core0/u_divider/out_res_reg[30]_i_76_n_0
    SLICE_X39Y17         CARRY4 (Prop_carry4_CI_CO[3])
                                                      0.114    74.019 r  dut/core0/u_divider/out_res_reg[30]_i_71/CO[3]
                         net (fo=1, routed)           0.000    74.019    dut/core0/u_divider/out_res_reg[30]_i_71_n_0
    SLICE_X39Y18         CARRY4 (Prop_carry4_CI_CO[3])
                                                      0.114    74.133 r  dut/core0/u_divider/out_res_reg[30]_i_68/CO[3]
                         net (fo=1, routed)           0.000    74.133    dut/core0/u_divider/out_res_reg[30]_i_68_n_0
    SLICE_X39Y19         CARRY4 (Prop_carry4_CI_CO[1])
                                                      0.157    74.290 r  dut/core0/u_divider/out_res_reg[30]_i_67/CO[1]
                         net (fo=27, routed)          1.738    76.029    dut/core0/u_divider/out_res_reg[30]_i_67_n_2
    SLICE_X37Y14         LUT3 (Prop_lut3_I0_O)        0.329    76.358 r  dut/core0/u_divider/i__carry_i_146/O
                         net (fo=1, routed)           0.000    76.358    dut/core0/u_divider/i__carry_i_146_n_0
    SLICE_X37Y14         CARRY4 (Prop_carry4_S[1]_CO[3])
                                                      0.550    76.908 r  dut/core0/u_divider/i__carry_i_119/CO[3]
                         net (fo=1, routed)           0.000    76.908    dut/core0/u_divider/i__carry_i_119_n_0
    SLICE_X37Y15         CARRY4 (Prop_carry4_CI_CO[3])
                                                      0.114    77.022 r  dut/core0/u_divider/i__carry_i_93/CO[3]
                         net (fo=1, routed)           0.000    77.022    dut/core0/u_divider/i__carry_i_93_n_0
    SLICE_X37Y16         CARRY4 (Prop_carry4_CI_CO[3])
                                                      0.114    77.136 r  dut/core0/u_divider/out_res_reg[30]_i_61/CO[3]
                         net (fo=1, routed)           0.000    77.136    dut/core0/u_divider/out_res_reg[30]_i_61_n_0
    SLICE_X37Y17         CARRY4 (Prop_carry4_CI_CO[3])
                                                      0.114    77.250 r  dut/core0/u_divider/out_res_reg[30]_i_56/CO[3]
                         net (fo=1, routed)           0.000    77.250    dut/core0/u_divider/out_res_reg[30]_i_56_n_0
    SLICE_X37Y18         CARRY4 (Prop_carry4_CI_CO[3])
                                                      0.114    77.364 r  dut/core0/u_divider/out_res_reg[30]_i_51/CO[3]
                         net (fo=1, routed)           0.000    77.364    dut/core0/u_divider/out_res_reg[30]_i_51_n_0
    SLICE_X37Y19         CARRY4 (Prop_carry4_CI_CO[3])
                                                      0.114    77.478 r  dut/core0/u_divider/out_res_reg[30]_i_48/CO[3]
                         net (fo=1, routed)           0.000    77.478    dut/core0/u_divider/out_res_reg[30]_i_48_n_0
    SLICE_X37Y20         CARRY4 (Prop_carry4_CI_CO[1])
                                                      0.157    77.635 r  dut/core0/u_divider/out_res_reg[30]_i_47/CO[1]
                         net (fo=27, routed)          2.012    79.647    dut/core0/u_divider/out_res_reg[30]_i_47_n_2
    SLICE_X31Y15         LUT3 (Prop_lut3_I0_O)        0.329    79.976 r  dut/core0/u_divider/i__carry_i_122/O
                         net (fo=1, routed)           0.000    79.976    dut/core0/u_divider/i__carry_i_122_n_0
    SLICE_X31Y15         CARRY4 (Prop_carry4_S[1]_CO[3])
                                                      0.550    80.526 r  dut/core0/u_divider/i__carry_i_88/CO[3]
                         net (fo=1, routed)           0.000    80.526    dut/core0/u_divider/i__carry_i_88_n_0
    SLICE_X31Y16         CARRY4 (Prop_carry4_CI_CO[3])
                                                      0.114    80.640 r  dut/core0/u_divider/i__carry_i_67/CO[3]
                         net (fo=1, routed)           0.000    80.640    dut/core0/u_divider/i__carry_i_67_n_0
    SLICE_X31Y17         CARRY4 (Prop_carry4_CI_CO[3])
                                                      0.114    80.754 r  dut/core0/u_divider/out_res_reg[30]_i_41/CO[3]
                         net (fo=1, routed)           0.000    80.754    dut/core0/u_divider/out_res_reg[30]_i_41_n_0
    SLICE_X31Y18         CARRY4 (Prop_carry4_CI_CO[3])
                                                      0.114    80.868 r  dut/core0/u_divider/out_res_reg[30]_i_36/CO[3]
                         net (fo=1, routed)           0.000    80.868    dut/core0/u_divider/out_res_reg[30]_i_36_n_0
    SLICE_X31Y19         CARRY4 (Prop_carry4_CI_CO[3])
                                                      0.114    80.982 r  dut/core0/u_divider/out_res_reg[30]_i_33/CO[3]
                         net (fo=1, routed)           0.000    80.982    dut/core0/u_divider/out_res_reg[30]_i_33_n_0
    SLICE_X31Y20         CARRY4 (Prop_carry4_CI_CO[1])
                                                      0.157    81.139 r  dut/core0/u_divider/out_res_reg[30]_i_32/CO[1]
                         net (fo=27, routed)          1.791    82.930    dut/core0/u_divider/out_res_reg[30]_i_32_n_2
    SLICE_X32Y23         LUT3 (Prop_lut3_I0_O)        0.329    83.259 r  dut/core0/u_divider/i__carry_i_71/O
                         net (fo=1, routed)           0.000    83.259    dut/core0/u_divider/i__carry_i_71_n_0
    SLICE_X32Y23         CARRY4 (Prop_carry4_S[0]_CO[3])
                                                      0.513    83.772 r  dut/core0/u_divider/i__carry_i_46/CO[3]
                         net (fo=1, routed)           0.000    83.772    dut/core0/u_divider/i__carry_i_46_n_0
    SLICE_X32Y24         CARRY4 (Prop_carry4_CI_CO[3])
                                                      0.117    83.889 r  dut/core0/u_divider/out_res_reg[30]_i_26/CO[3]
                         net (fo=1, routed)           0.009    83.898    dut/core0/u_divider/out_res_reg[30]_i_26_n_0
    SLICE_X32Y25         CARRY4 (Prop_carry4_CI_CO[3])
                                                      0.117    84.015 r  dut/core0/u_divider/out_res_reg[30]_i_23/CO[3]
                         net (fo=1, routed)           0.000    84.015    dut/core0/u_divider/out_res_reg[30]_i_23_n_0
    SLICE_X32Y26         CARRY4 (Prop_carry4_CI_CO[1])
                                                      0.157    84.172 r  dut/core0/u_divider/out_res_reg[30]_i_22/CO[1]
                         net (fo=27, routed)          2.210    86.381    dut/core0/u_divider/out_res_reg[30]_i_22_n_2
    SLICE_X39Y20         LUT3 (Prop_lut3_I0_O)        0.332    86.713 r  dut/core0/u_divider/i__carry_i_137/O
                         net (fo=1, routed)           0.000    86.713    dut/core0/u_divider/i__carry_i_137_n_0
    SLICE_X39Y20         CARRY4 (Prop_carry4_S[1]_CO[3])
                                                      0.550    87.263 r  dut/core0/u_divider/i__carry_i_104/CO[3]
                         net (fo=1, routed)           0.000    87.263    dut/core0/u_divider/i__carry_i_104_n_0
    SLICE_X39Y21         CARRY4 (Prop_carry4_CI_CO[3])
                                                      0.114    87.377 r  dut/core0/u_divider/i__carry_i_78/CO[3]
                         net (fo=1, routed)           0.000    87.377    dut/core0/u_divider/i__carry_i_78_n_0
    SLICE_X39Y22         CARRY4 (Prop_carry4_CI_CO[3])
                                                      0.114    87.491 r  dut/core0/u_divider/i__carry_i_57/CO[3]
                         net (fo=1, routed)           0.000    87.491    dut/core0/u_divider/i__carry_i_57_n_0
    SLICE_X39Y23         CARRY4 (Prop_carry4_CI_CO[3])
                                                      0.114    87.605 r  dut/core0/u_divider/i__carry_i_41/CO[3]
                         net (fo=1, routed)           0.000    87.605    dut/core0/u_divider/i__carry_i_41_n_0
    SLICE_X39Y24         CARRY4 (Prop_carry4_CI_CO[3])
                                                      0.114    87.719 r  dut/core0/u_divider/i__carry_i_30/CO[3]
                         net (fo=1, routed)           0.009    87.728    dut/core0/u_divider/i__carry_i_30_n_0
    SLICE_X39Y25         CARRY4 (Prop_carry4_CI_CO[3])
                                                      0.114    87.842 r  dut/core0/u_divider/out_res_reg[30]_i_15/CO[3]
                         net (fo=1, routed)           0.000    87.842    dut/core0/u_divider/out_res_reg[30]_i_15_n_0
    SLICE_X39Y26         CARRY4 (Prop_carry4_CI_CO[1])
                                                      0.157    87.999 r  dut/core0/u_divider/out_res_reg[30]_i_14/CO[1]
                         net (fo=27, routed)          2.052    90.051    dut/core0/execute_unit/u_fpu/u_divider/out_res_reg[30]_i_8_0[1]
    SLICE_X39Y33         LUT3 (Prop_lut3_I0_O)        0.329    90.380 r  dut/core0/execute_unit/u_fpu/u_divider/out_res[30]_i_17/O
                         net (fo=1, routed)           0.000    90.380    dut/core0/execute_unit/u_fpu/u_divider/out_res[30]_i_17_n_0
    SLICE_X39Y33         CARRY4 (Prop_carry4_S[0]_CO[1])
                                                      0.457    90.837 r  dut/core0/execute_unit/u_fpu/u_divider/out_res_reg[30]_i_8/CO[1]
                         net (fo=70, routed)          2.017    92.854    dut/core0/execute_unit_n_53
    SLICE_X31Y26         LUT3 (Prop_lut3_I0_O)        0.329    93.183 r  dut/core0/u_divider/i__carry_i_100/O
                         net (fo=1, routed)           0.000    93.183    dut/core0/u_divider/i__carry_i_100_n_0
    SLICE_X31Y26         CARRY4 (Prop_carry4_S[3]_CO[3])
                                                      0.401    93.584 r  dut/core0/u_divider/i__carry_i_72/CO[3]
                         net (fo=1, routed)           0.000    93.584    dut/core0/u_divider/i__carry_i_72_n_0
    SLICE_X31Y27         CARRY4 (Prop_carry4_CI_CO[3])
                                                      0.114    93.698 r  dut/core0/u_divider/i__carry_i_51/CO[3]
                         net (fo=1, routed)           0.000    93.698    dut/core0/u_divider/i__carry_i_51_n_0
    SLICE_X31Y28         CARRY4 (Prop_carry4_CI_CO[3])
                                                      0.114    93.812 r  dut/core0/u_divider/i__carry_i_35/CO[3]
                         net (fo=1, routed)           0.000    93.812    dut/core0/u_divider/i__carry_i_35_n_0
    SLICE_X31Y29         CARRY4 (Prop_carry4_CI_CO[3])
                                                      0.114    93.926 r  dut/core0/u_divider/i__carry_i_24/CO[3]
                         net (fo=1, routed)           0.000    93.926    dut/core0/u_divider/i__carry_i_24_n_0
    SLICE_X31Y30         CARRY4 (Prop_carry4_CI_CO[3])
                                                      0.114    94.040 r  dut/core0/u_divider/i__carry_i_14/CO[3]
                         net (fo=1, routed)           0.000    94.040    dut/core0/u_divider/i__carry_i_14_n_0
    SLICE_X31Y31         CARRY4 (Prop_carry4_CI_CO[1])
                                                      0.157    94.197 r  dut/core0/u_divider/i__carry_i_11/CO[1]
                         net (fo=39, routed)          1.652    95.849    dut/core0/u_divider/i__carry_i_11_n_2
    SLICE_X30Y24         LUT3 (Prop_lut3_I0_O)        0.329    96.178 r  dut/core0/u_divider/out_res[21]_i_42/O
                         net (fo=1, routed)           0.000    96.178    dut/core0/u_divider/out_res[21]_i_42_n_0
    SLICE_X30Y24         CARRY4 (Prop_carry4_S[3]_CO[3])
                                                      0.376    96.554 r  dut/core0/u_divider/out_res_reg[21]_i_35/CO[3]
                         net (fo=1, routed)           0.009    96.563    dut/core0/u_divider/out_res_reg[21]_i_35_n_0
    SLICE_X30Y25         CARRY4 (Prop_carry4_CI_CO[3])
                                                      0.117    96.680 r  dut/core0/u_divider/out_res_reg[21]_i_29/CO[3]
                         net (fo=1, routed)           0.000    96.680    dut/core0/u_divider/out_res_reg[21]_i_29_n_0
    SLICE_X30Y26         CARRY4 (Prop_carry4_CI_CO[3])
                                                      0.117    96.797 r  dut/core0/u_divider/out_res_reg[21]_i_23/CO[3]
                         net (fo=1, routed)           0.000    96.797    dut/core0/u_divider/out_res_reg[21]_i_23_n_0
    SLICE_X30Y27         CARRY4 (Prop_carry4_CI_CO[3])
                                                      0.117    96.914 r  dut/core0/u_divider/out_res_reg[21]_i_17/CO[3]
                         net (fo=1, routed)           0.000    96.914    dut/core0/u_divider/out_res_reg[21]_i_17_n_0
    SLICE_X30Y28         CARRY4 (Prop_carry4_CI_CO[3])
                                                      0.117    97.031 r  dut/core0/u_divider/out_res_reg[21]_i_11/CO[3]
                         net (fo=1, routed)           0.000    97.031    dut/core0/u_divider/out_res_reg[21]_i_11_n_0
    SLICE_X30Y29         CARRY4 (Prop_carry4_CI_CO[3])
                                                      0.117    97.148 r  dut/core0/u_divider/out_res_reg[21]_i_7/CO[3]
                         net (fo=1, routed)           0.000    97.148    dut/core0/u_divider/out_res_reg[21]_i_7_n_0
    SLICE_X30Y30         CARRY4 (Prop_carry4_CI_CO[1])
                                                      0.157    97.305 r  dut/core0/u_divider/out_res_reg[21]_i_5/CO[1]
                         net (fo=32, routed)          2.084    99.389    dut/core0/execute_unit/u_fpu/u_divider/out_res_reg[21]_0[0]
    SLICE_X33Y21         LUT5 (Prop_lut5_I0_O)        0.332    99.721 r  dut/core0/execute_unit/u_fpu/u_divider/i__carry_i_18__4/O
                         net (fo=3, routed)           0.677   100.397    dut/core0/execute_unit/u_fpu/u_divider/i__carry_i_18__4_n_0
    SLICE_X33Y21         LUT6 (Prop_lut6_I0_O)        0.124   100.521 r  dut/core0/execute_unit/u_fpu/u_divider/i__carry_i_13__11/O
                         net (fo=33, routed)          0.788   101.309    dut/core0/execute_unit/u_fpu/u_divider/i__carry_i_13__11_n_0
    SLICE_X33Y23         LUT4 (Prop_lut4_I3_O)        0.124   101.433 r  dut/core0/execute_unit/u_fpu/u_divider/i__carry_i_8__20/O
                         net (fo=1, routed)           0.000   101.433    dut/core0/execute_unit/u_fpu/u_divider/i__carry_i_8__20_n_0
    SLICE_X33Y23         CARRY4 (Prop_carry4_S[0]_CO[3])
                                                      0.532   101.965 r  dut/core0/execute_unit/u_fpu/u_divider/exp_norm0_inferred__0/i__carry/CO[3]
                         net (fo=1, routed)           0.000   101.965    dut/core0/execute_unit/u_fpu/u_divider/exp_norm0_inferred__0/i__carry_n_0
    SLICE_X33Y24         CARRY4 (Prop_carry4_CI_O[3])
                                                      0.313   102.278 f  dut/core0/execute_unit/u_fpu/u_divider/exp_norm0_inferred__0/i__carry__0/O[3]
                         net (fo=3, routed)           1.287   103.565    dut/core0/execute_unit/u_fpu/u_divider/exp_norm[7]
    SLICE_X29Y24         LUT6 (Prop_lut6_I2_O)        0.306   103.871 f  dut/core0/execute_unit/u_fpu/u_divider/i__carry_i_12__14/O
                         net (fo=1, routed)           0.789   104.660    dut/core0/execute_unit/u_fpu/u_divider/i__carry_i_12__14_n_0
    SLICE_X31Y24         LUT6 (Prop_lut6_I1_O)        0.124   104.784 r  dut/core0/execute_unit/u_fpu/u_divider/i__carry_i_11__12/O
                         net (fo=4, routed)           0.318   105.102    dut/core0/execute_unit/u_fpu/u_divider/i__carry_i_11__12_n_0
    SLICE_X31Y23         LUT6 (Prop_lut6_I5_O)        0.124   105.226 r  dut/core0/execute_unit/u_fpu/u_divider/i__carry_i_5__19/O
                         net (fo=32, routed)          1.415   106.641    dut/core0/execute_unit/u_fpu/u_divider/i__carry_i_5__19_n_0
    SLICE_X24Y28         LUT2 (Prop_lut2_I1_O)        0.124   106.765 r  dut/core0/execute_unit/u_fpu/u_divider/i__carry_i_4__0/O
                         net (fo=1, routed)           0.000   106.765    dut/core0/execute_unit/u_fpu/u_divider/i__carry_i_4__0_n_0
    SLICE_X24Y28         CARRY4 (Prop_carry4_S[0]_CO[3])
                                                      0.532   107.297 r  dut/core0/execute_unit/u_fpu/u_divider/exp_norm0_inferred__1/i__carry/CO[3]
                         net (fo=1, routed)           0.000   107.297    dut/core0/execute_unit/u_fpu/u_divider/exp_norm0_inferred__1/i__carry_n_0
    SLICE_X24Y29         CARRY4 (Prop_carry4_CI_CO[3])
                                                      0.114   107.411 r  dut/core0/execute_unit/u_fpu/u_divider/exp_norm0_inferred__1/i__carry__0/CO[3]
                         net (fo=1, routed)           0.000   107.411    dut/core0/execute_unit/u_fpu/u_divider/exp_norm0_inferred__1/i__carry__0_n_0
    SLICE_X24Y30         CARRY4 (Prop_carry4_CI_O[0])
                                                      0.222   107.633 f  dut/core0/execute_unit/u_fpu/u_divider/exp_norm0_inferred__1/i__carry__1/O[0]
                         net (fo=3, routed)           1.193   108.826    dut/core0/execute_unit/u_fpu/u_divider/exp_norm0_inferred__1/i__carry__1_n_7
    SLICE_X22Y28         LUT6 (Prop_lut6_I1_O)        0.299   109.125 f  dut/core0/execute_unit/u_fpu/u_divider/i__carry_i_8__14/O
                         net (fo=1, routed)           0.162   109.287    dut/core0/execute_unit/u_fpu/u_divider/i__carry_i_8__14_n_0
    SLICE_X22Y28         LUT6 (Prop_lut6_I1_O)        0.124   109.411 r  dut/core0/execute_unit/u_fpu/u_divider/i__carry_i_7__14/O
                         net (fo=2, routed)           0.961   110.372    dut/core0/execute_unit/u_fpu/u_divider/i__carry_i_7__14_n_0
    SLICE_X29Y24         LUT6 (Prop_lut6_I5_O)        0.124   110.496 r  dut/core0/execute_unit/u_fpu/u_divider/i__carry_i_5__18/O
                         net (fo=30, routed)          1.373   111.869    dut/core0/execute_unit/u_fpu/u_divider/i__carry_i_5__18_n_0
    SLICE_X20Y27         LUT2 (Prop_lut2_I1_O)        0.124   111.993 r  dut/core0/execute_unit/u_fpu/u_divider/i__carry_i_4__1/O
                         net (fo=1, routed)           0.000   111.993    dut/core0/execute_unit/u_fpu/u_divider/i__carry_i_4__1_n_0
    SLICE_X20Y27         CARRY4 (Prop_carry4_S[0]_CO[3])
                                                      0.513   112.506 r  dut/core0/execute_unit/u_fpu/u_divider/exp_norm0_inferred__2/i__carry/CO[3]
                         net (fo=1, routed)           0.000   112.506    dut/core0/execute_unit/u_fpu/u_divider/exp_norm0_inferred__2/i__carry_n_0
    SLICE_X20Y28         CARRY4 (Prop_carry4_CI_O[2])
                                                      0.239   112.745 f  dut/core0/execute_unit/u_fpu/u_divider/exp_norm0_inferred__2/i__carry__0/O[2]
                         net (fo=3, routed)           0.828   113.573    dut/core0/execute_unit/u_fpu/u_divider/exp_norm0_inferred__2/i__carry__0_n_5
    SLICE_X21Y28         LUT6 (Prop_lut6_I1_O)        0.301   113.874 f  dut/core0/execute_unit/u_fpu/u_divider/i__carry_i_12__15/O
                         net (fo=1, routed)           0.264   114.139    dut/core0/execute_unit/u_fpu/u_divider/i__carry_i_12__15_n_0
    SLICE_X21Y28         LUT6 (Prop_lut6_I1_O)        0.124   114.263 r  dut/core0/execute_unit/u_fpu/u_divider/i__carry_i_9__6/O
                         net (fo=3, routed)           1.257   115.520    dut/core0/execute_unit/u_fpu/u_divider/i__carry_i_9__6_n_0
    SLICE_X29Y23         LUT6 (Prop_lut6_I5_O)        0.124   115.644 r  dut/core0/execute_unit/u_fpu/u_divider/i__carry_i_5__17/O
                         net (fo=28, routed)          1.329   116.972    dut/core0/execute_unit/u_fpu/u_divider/i__carry_i_5__17_n_0
    SLICE_X18Y24         LUT2 (Prop_lut2_I1_O)        0.124   117.096 r  dut/core0/execute_unit/u_fpu/u_divider/i__carry_i_4__2/O
                         net (fo=1, routed)           0.000   117.096    dut/core0/execute_unit/u_fpu/u_divider/i__carry_i_4__2_n_0
    SLICE_X18Y24         CARRY4 (Prop_carry4_S[0]_CO[3])
                                                      0.513   117.609 r  dut/core0/execute_unit/u_fpu/u_divider/exp_norm0_inferred__3/i__carry/CO[3]
                         net (fo=1, routed)           0.009   117.618    dut/core0/execute_unit/u_fpu/u_divider/exp_norm0_inferred__3/i__carry_n_0
    SLICE_X18Y25         CARRY4 (Prop_carry4_CI_O[2])
                                                      0.239   117.857 f  dut/core0/execute_unit/u_fpu/u_divider/exp_norm0_inferred__3/i__carry__0/O[2]
                         net (fo=3, routed)           0.843   118.701    dut/core0/execute_unit/u_fpu/u_divider/exp_norm0_inferred__3/i__carry__0_n_5
    SLICE_X16Y24         LUT6 (Prop_lut6_I1_O)        0.301   119.002 f  dut/core0/execute_unit/u_fpu/u_divider/i__carry_i_11__13/O
                         net (fo=1, routed)           0.670   119.672    dut/core0/execute_unit/u_fpu/u_divider/i__carry_i_11__13_n_0
    SLICE_X16Y24         LUT6 (Prop_lut6_I1_O)        0.124   119.796 r  dut/core0/execute_unit/u_fpu/u_divider/i__carry_i_9__7/O
                         net (fo=1, routed)           1.196   120.992    dut/core0/execute_unit/u_fpu/u_divider/i__carry_i_9__7_n_0
    SLICE_X28Y24         LUT6 (Prop_lut6_I5_O)        0.124   121.116 r  dut/core0/execute_unit/u_fpu/u_divider/i__carry_i_5__16/O
                         net (fo=29, routed)          0.944   122.060    dut/core0/execute_unit/u_fpu/u_divider/i__carry_i_5__16_n_0
    SLICE_X17Y23         LUT2 (Prop_lut2_I1_O)        0.124   122.184 r  dut/core0/execute_unit/u_fpu/u_divider/i__carry_i_4__3/O
                         net (fo=1, routed)           0.000   122.184    dut/core0/execute_unit/u_fpu/u_divider/i__carry_i_4__3_n_0
    SLICE_X17Y23         CARRY4 (Prop_carry4_S[0]_CO[3])
                                                      0.532   122.716 r  dut/core0/execute_unit/u_fpu/u_divider/exp_norm0_inferred__4/i__carry/CO[3]
                         net (fo=1, routed)           0.000   122.716    dut/core0/execute_unit/u_fpu/u_divider/exp_norm0_inferred__4/i__carry_n_0
    SLICE_X17Y24         CARRY4 (Prop_carry4_CI_O[0])
                                                      0.222   122.938 f  dut/core0/execute_unit/u_fpu/u_divider/exp_norm0_inferred__4/i__carry__0/O[0]
                         net (fo=3, routed)           0.986   123.924    dut/core0/execute_unit/u_fpu/u_divider/exp_norm0_inferred__4/i__carry__0_n_7
    SLICE_X18Y23         LUT6 (Prop_lut6_I4_O)        0.299   124.223 f  dut/core0/execute_unit/u_fpu/u_divider/i__carry_i_10__15/O
                         net (fo=1, routed)           0.161   124.384    dut/core0/execute_unit/u_fpu/u_divider/i__carry_i_10__15_n_0
    SLICE_X18Y23         LUT6 (Prop_lut6_I1_O)        0.124   124.508 r  dut/core0/execute_unit/u_fpu/u_divider/i__carry_i_8__15/O
                         net (fo=4, routed)           1.084   125.592    dut/core0/execute_unit/u_fpu/u_divider/i__carry_i_8__15_n_0
    SLICE_X27Y23         LUT4 (Prop_lut4_I3_O)        0.124   125.716 r  dut/core0/execute_unit/u_fpu/u_divider/i__carry_i_5__15/O
                         net (fo=26, routed)          0.717   126.432    dut/core0/execute_unit/u_fpu/u_divider/i__carry_i_5__15_n_0
    SLICE_X19Y23         LUT2 (Prop_lut2_I1_O)        0.124   126.556 r  dut/core0/execute_unit/u_fpu/u_divider/i__carry_i_4__4/O
                         net (fo=1, routed)           0.000   126.556    dut/core0/execute_unit/u_fpu/u_divider/i__carry_i_4__4_n_0
    SLICE_X19Y23         CARRY4 (Prop_carry4_S[0]_CO[3])
                                                      0.532   127.088 r  dut/core0/execute_unit/u_fpu/u_divider/exp_norm0_inferred__5/i__carry/CO[3]
                         net (fo=1, routed)           0.000   127.088    dut/core0/execute_unit/u_fpu/u_divider/exp_norm0_inferred__5/i__carry_n_0
    SLICE_X19Y24         CARRY4 (Prop_carry4_CI_O[3])
                                                      0.313   127.401 f  dut/core0/execute_unit/u_fpu/u_divider/exp_norm0_inferred__5/i__carry__0/O[3]
                         net (fo=3, routed)           1.037   128.438    dut/core0/execute_unit/u_fpu/u_divider/exp_norm0_inferred__5/i__carry__0_n_4
    SLICE_X18Y23         LUT6 (Prop_lut6_I2_O)        0.306   128.744 f  dut/core0/execute_unit/u_fpu/u_divider/i__carry_i_9__8/O
                         net (fo=1, routed)           0.884   129.628    dut/core0/execute_unit/u_fpu/u_divider/i__carry_i_9__8_n_0
    SLICE_X16Y24         LUT6 (Prop_lut6_I1_O)        0.124   129.752 r  dut/core0/execute_unit/u_fpu/u_divider/i__carry_i_7__15/O
                         net (fo=1, routed)           0.584   130.336    dut/core0/execute_unit/u_fpu/u_divider/i__carry_i_7__15_n_0
    SLICE_X24Y24         LUT6 (Prop_lut6_I5_O)        0.124   130.460 r  dut/core0/execute_unit/u_fpu/u_divider/i__carry_i_5__14/O
                         net (fo=27, routed)          0.588   131.048    dut/core0/execute_unit/u_fpu/u_divider/i__carry_i_5__14_n_0
    SLICE_X20Y24         LUT2 (Prop_lut2_I1_O)        0.124   131.172 r  dut/core0/execute_unit/u_fpu/u_divider/i__carry_i_4__5/O
                         net (fo=1, routed)           0.000   131.172    dut/core0/execute_unit/u_fpu/u_divider/i__carry_i_4__5_n_0
    SLICE_X20Y24         CARRY4 (Prop_carry4_S[0]_CO[3])
                                                      0.513   131.685 r  dut/core0/execute_unit/u_fpu/u_divider/exp_norm0_inferred__6/i__carry/CO[3]
                         net (fo=1, routed)           0.009   131.694    dut/core0/execute_unit/u_fpu/u_divider/exp_norm0_inferred__6/i__carry_n_0
    SLICE_X20Y25         CARRY4 (Prop_carry4_CI_O[3])
                                                      0.315   132.009 f  dut/core0/execute_unit/u_fpu/u_divider/exp_norm0_inferred__6/i__carry__0/O[3]
                         net (fo=3, routed)           1.146   133.154    dut/core0/execute_unit/u_fpu/u_divider/exp_norm0_inferred__6/i__carry__0_n_4
    SLICE_X24Y24         LUT6 (Prop_lut6_I2_O)        0.307   133.461 f  dut/core0/execute_unit/u_fpu/u_divider/i__carry_i_13__12/O
                         net (fo=1, routed)           0.161   133.622    dut/core0/execute_unit/u_fpu/u_divider/i__carry_i_13__12_n_0
    SLICE_X24Y24         LUT6 (Prop_lut6_I1_O)        0.124   133.746 r  dut/core0/execute_unit/u_fpu/u_divider/i__carry_i_9__9/O
                         net (fo=4, routed)           1.049   134.795    dut/core0/execute_unit/u_fpu/u_divider/i__carry_i_9__9_n_0
    SLICE_X24Y23         LUT6 (Prop_lut6_I5_O)        0.124   134.919 r  dut/core0/execute_unit/u_fpu/u_divider/i__carry_i_5__13/O
                         net (fo=27, routed)          0.349   135.269    dut/core0/execute_unit/u_fpu/u_divider/i__carry_i_5__13_n_0
    SLICE_X24Y25         LUT2 (Prop_lut2_I1_O)        0.124   135.393 r  dut/core0/execute_unit/u_fpu/u_divider/i__carry_i_4__6/O
                         net (fo=1, routed)           0.000   135.393    dut/core0/execute_unit/u_fpu/u_divider/i__carry_i_4__6_n_0
    SLICE_X24Y25         CARRY4 (Prop_carry4_S[0]_CO[3])
                                                      0.532   135.925 r  dut/core0/execute_unit/u_fpu/u_divider/exp_norm0_inferred__7/i__carry/CO[3]
                         net (fo=1, routed)           0.000   135.925    dut/core0/execute_unit/u_fpu/u_divider/exp_norm0_inferred__7/i__carry_n_0
    SLICE_X24Y26         CARRY4 (Prop_carry4_CI_O[3])
                                                      0.313   136.238 f  dut/core0/execute_unit/u_fpu/u_divider/exp_norm0_inferred__7/i__carry__0/O[3]
                         net (fo=3, routed)           1.838   138.076    dut/core0/execute_unit/u_fpu/u_divider/exp_norm0_inferred__7/i__carry__0_n_4
    SLICE_X24Y23         LUT6 (Prop_lut6_I2_O)        0.306   138.382 f  dut/core0/execute_unit/u_fpu/u_divider/i__carry_i_10__16/O
                         net (fo=1, routed)           0.161   138.543    dut/core0/execute_unit/u_fpu/u_divider/i__carry_i_10__16_n_0
    SLICE_X24Y23         LUT6 (Prop_lut6_I1_O)        0.124   138.667 r  dut/core0/execute_unit/u_fpu/u_divider/i__carry_i_8__16/O
                         net (fo=2, routed)           0.963   139.630    dut/core0/execute_unit/u_fpu/u_divider/i__carry_i_8__16_n_0
    SLICE_X21Y19         LUT4 (Prop_lut4_I3_O)        0.150   139.780 r  dut/core0/execute_unit/u_fpu/u_divider/i__carry_i_5__12/O
                         net (fo=29, routed)          0.371   140.151    dut/core0/execute_unit/u_fpu/u_divider/i__carry_i_5__12_n_0
    SLICE_X23Y20         LUT2 (Prop_lut2_I1_O)        0.326   140.477 r  dut/core0/execute_unit/u_fpu/u_divider/i__carry_i_4__7/O
                         net (fo=1, routed)           0.000   140.477    dut/core0/execute_unit/u_fpu/u_divider/i__carry_i_4__7_n_0
    SLICE_X23Y20         CARRY4 (Prop_carry4_S[0]_CO[3])
                                                      0.532   141.009 r  dut/core0/execute_unit/u_fpu/u_divider/exp_norm0_inferred__8/i__carry/CO[3]
                         net (fo=1, routed)           0.000   141.009    dut/core0/execute_unit/u_fpu/u_divider/exp_norm0_inferred__8/i__carry_n_0
    SLICE_X23Y21         CARRY4 (Prop_carry4_CI_CO[3])
                                                      0.114   141.123 r  dut/core0/execute_unit/u_fpu/u_divider/exp_norm0_inferred__8/i__carry__0/CO[3]
                         net (fo=1, routed)           0.000   141.123    dut/core0/execute_unit/u_fpu/u_divider/exp_norm0_inferred__8/i__carry__0_n_0
    SLICE_X23Y22         CARRY4 (Prop_carry4_CI_O[1])
                                                      0.334   141.457 f  dut/core0/execute_unit/u_fpu/u_divider/exp_norm0_inferred__8/i__carry__1/O[1]
                         net (fo=3, routed)           1.239   142.696    dut/core0/execute_unit/u_fpu/u_divider/exp_norm0_inferred__8/i__carry__1_n_6
    SLICE_X21Y20         LUT6 (Prop_lut6_I3_O)        0.303   142.999 r  dut/core0/execute_unit/u_fpu/u_divider/i__carry_i_7__16/O
                         net (fo=3, routed)           0.827   143.826    dut/core0/execute_unit/u_fpu/u_divider/i__carry_i_7__16_n_0
    SLICE_X21Y19         LUT6 (Prop_lut6_I5_O)        0.124   143.950 r  dut/core0/execute_unit/u_fpu/u_divider/i__carry_i_5__11/O
                         net (fo=26, routed)          0.753   144.703    dut/core0/execute_unit/u_fpu/u_divider/i__carry_i_5__11_n_0
    SLICE_X19Y20         LUT2 (Prop_lut2_I1_O)        0.124   144.827 r  dut/core0/execute_unit/u_fpu/u_divider/i__carry_i_4__8/O
                         net (fo=1, routed)           0.000   144.827    dut/core0/execute_unit/u_fpu/u_divider/i__carry_i_4__8_n_0
    SLICE_X19Y20         CARRY4 (Prop_carry4_S[0]_CO[3])
                                                      0.532   145.359 r  dut/core0/execute_unit/u_fpu/u_divider/exp_norm0_inferred__9/i__carry/CO[3]
                         net (fo=1, routed)           0.000   145.359    dut/core0/execute_unit/u_fpu/u_divider/exp_norm0_inferred__9/i__carry_n_0
    SLICE_X19Y21         CARRY4 (Prop_carry4_CI_O[1])
                                                      0.334   145.693 f  dut/core0/execute_unit/u_fpu/u_divider/exp_norm0_inferred__9/i__carry__0/O[1]
                         net (fo=3, routed)           1.001   146.694    dut/core0/execute_unit/u_fpu/u_divider/exp_norm0_inferred__9/i__carry__0_n_6
    SLICE_X19Y19         LUT6 (Prop_lut6_I0_O)        0.303   146.997 f  dut/core0/execute_unit/u_fpu/u_divider/i__carry_i_11__14/O
                         net (fo=1, routed)           1.093   148.090    dut/core0/execute_unit/u_fpu/u_divider/i__carry_i_11__14_n_0
    SLICE_X18Y22         LUT6 (Prop_lut6_I1_O)        0.124   148.214 r  dut/core0/execute_unit/u_fpu/u_divider/i__carry_i_9__11/O
                         net (fo=1, routed)           1.011   149.225    dut/core0/execute_unit/u_fpu/u_divider/i__carry_i_9__11_n_0
    SLICE_X21Y19         LUT6 (Prop_lut6_I5_O)        0.124   149.349 r  dut/core0/execute_unit/u_fpu/u_divider/i__carry_i_5__10/O
                         net (fo=30, routed)          0.645   149.994    dut/core0/execute_unit/u_fpu/u_divider/i__carry_i_5__10_n_0
    SLICE_X18Y19         LUT2 (Prop_lut2_I1_O)        0.124   150.118 r  dut/core0/execute_unit/u_fpu/u_divider/i__carry_i_4__9/O
                         net (fo=1, routed)           0.000   150.118    dut/core0/execute_unit/u_fpu/u_divider/i__carry_i_4__9_n_0
    SLICE_X18Y19         CARRY4 (Prop_carry4_S[0]_CO[3])
                                                      0.513   150.631 r  dut/core0/execute_unit/u_fpu/u_divider/exp_norm0_inferred__10/i__carry/CO[3]
                         net (fo=1, routed)           0.000   150.631    dut/core0/execute_unit/u_fpu/u_divider/exp_norm0_inferred__10/i__carry_n_0
    SLICE_X18Y20         CARRY4 (Prop_carry4_CI_CO[3])
                                                      0.117   150.748 r  dut/core0/execute_unit/u_fpu/u_divider/exp_norm0_inferred__10/i__carry__0/CO[3]
                         net (fo=1, routed)           0.000   150.748    dut/core0/execute_unit/u_fpu/u_divider/exp_norm0_inferred__10/i__carry__0_n_0
    SLICE_X18Y21         CARRY4 (Prop_carry4_CI_O[0])
                                                      0.219   150.967 f  dut/core0/execute_unit/u_fpu/u_divider/exp_norm0_inferred__10/i__carry__1/O[0]
                         net (fo=3, routed)           1.149   152.116    dut/core0/execute_unit/u_fpu/u_divider/exp_norm0_inferred__10/i__carry__1_n_7
    SLICE_X19Y18         LUT6 (Prop_lut6_I1_O)        0.295   152.411 f  dut/core0/execute_unit/u_fpu/u_divider/i__carry_i_10__17/O
                         net (fo=1, routed)           0.264   152.675    dut/core0/execute_unit/u_fpu/u_divider/i__carry_i_10__17_n_0
    SLICE_X19Y18         LUT6 (Prop_lut6_I1_O)        0.124   152.799 r  dut/core0/execute_unit/u_fpu/u_divider/i__carry_i_8__17/O
                         net (fo=4, routed)           1.130   153.929    dut/core0/execute_unit/u_fpu/u_divider/i__carry_i_8__17_n_0
    SLICE_X23Y17         LUT4 (Prop_lut4_I3_O)        0.124   154.053 r  dut/core0/execute_unit/u_fpu/u_divider/i__carry_i_5__9/O
                         net (fo=27, routed)          0.856   154.910    dut/core0/execute_unit/u_fpu/u_divider/i__carry_i_5__9_n_0
    SLICE_X18Y16         LUT2 (Prop_lut2_I1_O)        0.124   155.034 r  dut/core0/execute_unit/u_fpu/u_divider/i__carry_i_4__10/O
                         net (fo=1, routed)           0.000   155.034    dut/core0/execute_unit/u_fpu/u_divider/i__carry_i_4__10_n_0
    SLICE_X18Y16         CARRY4 (Prop_carry4_S[0]_CO[3])
                                                      0.513   155.547 r  dut/core0/execute_unit/u_fpu/u_divider/exp_norm0_inferred__11/i__carry/CO[3]
                         net (fo=1, routed)           0.000   155.547    dut/core0/execute_unit/u_fpu/u_divider/exp_norm0_inferred__11/i__carry_n_0
    SLICE_X18Y17         CARRY4 (Prop_carry4_CI_CO[3])
                                                      0.117   155.664 r  dut/core0/execute_unit/u_fpu/u_divider/exp_norm0_inferred__11/i__carry__0/CO[3]
                         net (fo=1, routed)           0.000   155.664    dut/core0/execute_unit/u_fpu/u_divider/exp_norm0_inferred__11/i__carry__0_n_0
    SLICE_X18Y18         CARRY4 (Prop_carry4_CI_O[0])
                                                      0.219   155.883 f  dut/core0/execute_unit/u_fpu/u_divider/exp_norm0_inferred__11/i__carry__1/O[0]
                         net (fo=3, routed)           1.014   156.897    dut/core0/execute_unit/u_fpu/u_divider/exp_norm0_inferred__11/i__carry__1_n_7
    SLICE_X18Y15         LUT6 (Prop_lut6_I1_O)        0.295   157.192 f  dut/core0/execute_unit/u_fpu/u_divider/i__carry_i_9__12/O
                         net (fo=1, routed)           0.788   157.979    dut/core0/execute_unit/u_fpu/u_divider/i__carry_i_9__12_n_0
    SLICE_X17Y17         LUT6 (Prop_lut6_I1_O)        0.124   158.103 r  dut/core0/execute_unit/u_fpu/u_divider/i__carry_i_7__17/O
                         net (fo=1, routed)           0.969   159.072    dut/core0/execute_unit/u_fpu/u_divider/i__carry_i_7__17_n_0
    SLICE_X23Y17         LUT6 (Prop_lut6_I5_O)        0.124   159.196 r  dut/core0/execute_unit/u_fpu/u_divider/i__carry_i_5__8/O
                         net (fo=28, routed)          1.145   160.341    dut/core0/execute_unit/u_fpu/u_divider/i__carry_i_5__8_n_0
    SLICE_X19Y15         LUT2 (Prop_lut2_I1_O)        0.124   160.465 r  dut/core0/execute_unit/u_fpu/u_divider/i__carry_i_4__11/O
                         net (fo=1, routed)           0.000   160.465    dut/core0/execute_unit/u_fpu/u_divider/i__carry_i_4__11_n_0
    SLICE_X19Y15         CARRY4 (Prop_carry4_S[0]_CO[3])
                                                      0.532   160.997 r  dut/core0/execute_unit/u_fpu/u_divider/exp_norm0_inferred__12/i__carry/CO[3]
                         net (fo=1, routed)           0.000   160.997    dut/core0/execute_unit/u_fpu/u_divider/exp_norm0_inferred__12/i__carry_n_0
    SLICE_X19Y16         CARRY4 (Prop_carry4_CI_O[1])
                                                      0.334   161.331 f  dut/core0/execute_unit/u_fpu/u_divider/exp_norm0_inferred__12/i__carry__0/O[1]
                         net (fo=3, routed)           1.143   162.474    dut/core0/execute_unit/u_fpu/u_divider/exp_norm0_inferred__12/i__carry__0_n_6
    SLICE_X23Y16         LUT6 (Prop_lut6_I0_O)        0.303   162.777 f  dut/core0/execute_unit/u_fpu/u_divider/i__carry_i_11__15/O
                         net (fo=1, routed)           0.642   163.420    dut/core0/execute_unit/u_fpu/u_divider/i__carry_i_11__15_n_0
    SLICE_X23Y16         LUT6 (Prop_lut6_I1_O)        0.124   163.544 r  dut/core0/execute_unit/u_fpu/u_divider/i__carry_i_9__13/O
                         net (fo=4, routed)           0.166   163.710    dut/core0/execute_unit/u_fpu/u_divider/i__carry_i_9__13_n_0
    SLICE_X23Y16         LUT6 (Prop_lut6_I5_O)        0.124   163.834 r  dut/core0/execute_unit/u_fpu/u_divider/i__carry_i_5__7/O
                         net (fo=27, routed)          0.951   164.785    dut/core0/execute_unit/u_fpu/u_divider/i__carry_i_5__7_n_0
    SLICE_X23Y13         LUT2 (Prop_lut2_I1_O)        0.124   164.909 r  dut/core0/execute_unit/u_fpu/u_divider/i__carry_i_4__12/O
                         net (fo=1, routed)           0.000   164.909    dut/core0/execute_unit/u_fpu/u_divider/i__carry_i_4__12_n_0
    SLICE_X23Y13         CARRY4 (Prop_carry4_S[0]_CO[3])
                                                      0.532   165.441 r  dut/core0/execute_unit/u_fpu/u_divider/exp_norm0_inferred__13/i__carry/CO[3]
                         net (fo=1, routed)           0.000   165.441    dut/core0/execute_unit/u_fpu/u_divider/exp_norm0_inferred__13/i__carry_n_0
    SLICE_X23Y14         CARRY4 (Prop_carry4_CI_O[0])
                                                      0.222   165.663 f  dut/core0/execute_unit/u_fpu/u_divider/exp_norm0_inferred__13/i__carry__0/O[0]
                         net (fo=3, routed)           1.217   166.880    dut/core0/execute_unit/u_fpu/u_divider/exp_norm0_inferred__13/i__carry__0_n_7
    SLICE_X19Y13         LUT6 (Prop_lut6_I4_O)        0.299   167.179 f  dut/core0/execute_unit/u_fpu/u_divider/i__carry_i_10__18/O
                         net (fo=1, routed)           0.154   167.333    dut/core0/execute_unit/u_fpu/u_divider/i__carry_i_10__18_n_0
    SLICE_X19Y13         LUT6 (Prop_lut6_I1_O)        0.124   167.457 r  dut/core0/execute_unit/u_fpu/u_divider/i__carry_i_8__18/O
                         net (fo=2, routed)           0.676   168.133    dut/core0/execute_unit/u_fpu/u_divider/i__carry_i_8__18_n_0
    SLICE_X19Y13         LUT4 (Prop_lut4_I3_O)        0.124   168.257 r  dut/core0/execute_unit/u_fpu/u_divider/i__carry_i_5__6/O
                         net (fo=29, routed)          0.820   169.077    dut/core0/execute_unit/u_fpu/u_divider/i__carry_i_5__6_n_0
    SLICE_X18Y9          LUT2 (Prop_lut2_I1_O)        0.124   169.201 r  dut/core0/execute_unit/u_fpu/u_divider/i__carry_i_4__13/O
                         net (fo=1, routed)           0.000   169.201    dut/core0/execute_unit/u_fpu/u_divider/i__carry_i_4__13_n_0
    SLICE_X18Y9          CARRY4 (Prop_carry4_S[0]_CO[3])
                                                      0.513   169.714 r  dut/core0/execute_unit/u_fpu/u_divider/exp_norm0_inferred__14/i__carry/CO[3]
                         net (fo=1, routed)           0.000   169.714    dut/core0/execute_unit/u_fpu/u_divider/exp_norm0_inferred__14/i__carry_n_0
    SLICE_X18Y10         CARRY4 (Prop_carry4_CI_O[0])
                                                      0.219   169.933 f  dut/core0/execute_unit/u_fpu/u_divider/exp_norm0_inferred__14/i__carry__0/O[0]
                         net (fo=3, routed)           0.960   170.893    dut/core0/execute_unit/u_fpu/u_divider/exp_norm0_inferred__14/i__carry__0_n_7
    SLICE_X17Y9          LUT6 (Prop_lut6_I4_O)        0.295   171.188 f  dut/core0/execute_unit/u_fpu/u_divider/i__carry_i_9__14/O
                         net (fo=1, routed)           0.433   171.621    dut/core0/execute_unit/u_fpu/u_divider/i__carry_i_9__14_n_0
    SLICE_X17Y9          LUT6 (Prop_lut6_I1_O)        0.124   171.745 r  dut/core0/execute_unit/u_fpu/u_divider/i__carry_i_7__18/O
                         net (fo=3, routed)           1.253   172.998    dut/core0/execute_unit/u_fpu/u_divider/i__carry_i_7__18_n_0
    SLICE_X19Y13         LUT6 (Prop_lut6_I5_O)        0.124   173.122 r  dut/core0/execute_unit/u_fpu/u_divider/i__carry_i_5__5/O
                         net (fo=26, routed)          1.397   174.519    dut/core0/execute_unit/u_fpu/u_divider/i__carry_i_5__5_n_0
    SLICE_X19Y7          LUT2 (Prop_lut2_I1_O)        0.124   174.643 r  dut/core0/execute_unit/u_fpu/u_divider/i__carry_i_4__14/O
                         net (fo=1, routed)           0.000   174.643    dut/core0/execute_unit/u_fpu/u_divider/i__carry_i_4__14_n_0
    SLICE_X19Y7          CARRY4 (Prop_carry4_S[0]_CO[3])
                                                      0.532   175.175 r  dut/core0/execute_unit/u_fpu/u_divider/exp_norm0_inferred__15/i__carry/CO[3]
                         net (fo=1, routed)           0.000   175.175    dut/core0/execute_unit/u_fpu/u_divider/exp_norm0_inferred__15/i__carry_n_0
    SLICE_X19Y8          CARRY4 (Prop_carry4_CI_CO[3])
                                                      0.114   175.289 r  dut/core0/execute_unit/u_fpu/u_divider/exp_norm0_inferred__15/i__carry__0/CO[3]
                         net (fo=1, routed)           0.000   175.289    dut/core0/execute_unit/u_fpu/u_divider/exp_norm0_inferred__15/i__carry__0_n_0
    SLICE_X19Y9          CARRY4 (Prop_carry4_CI_O[0])
                                                      0.222   175.511 f  dut/core0/execute_unit/u_fpu/u_divider/exp_norm0_inferred__15/i__carry__1/O[0]
                         net (fo=3, routed)           0.980   176.492    dut/core0/execute_unit/u_fpu/u_divider/exp_norm0_inferred__15/i__carry__1_n_7
    SLICE_X20Y8          LUT6 (Prop_lut6_I1_O)        0.299   176.791 f  dut/core0/execute_unit/u_fpu/u_divider/i__carry_i_11__16/O
                         net (fo=1, routed)           0.286   177.077    dut/core0/execute_unit/u_fpu/u_divider/i__carry_i_11__16_n_0
    SLICE_X20Y8          LUT6 (Prop_lut6_I1_O)        0.124   177.201 r  dut/core0/execute_unit/u_fpu/u_divider/i__carry_i_9__15/O
                         net (fo=4, routed)           0.968   178.169    dut/core0/execute_unit/u_fpu/u_divider/i__carry_i_9__15_n_0
    SLICE_X19Y11         LUT6 (Prop_lut6_I5_O)        0.124   178.293 r  dut/core0/execute_unit/u_fpu/u_divider/i__carry_i_5__4/O
                         net (fo=28, routed)          1.369   179.662    dut/core0/execute_unit/u_fpu/u_divider/i__carry_i_5__4_n_0
    SLICE_X23Y7          LUT2 (Prop_lut2_I1_O)        0.124   179.786 r  dut/core0/execute_unit/u_fpu/u_divider/i__carry_i_4__15/O
                         net (fo=1, routed)           0.000   179.786    dut/core0/execute_unit/u_fpu/u_divider/i__carry_i_4__15_n_0
    SLICE_X23Y7          CARRY4 (Prop_carry4_S[0]_CO[3])
                                                      0.532   180.318 r  dut/core0/execute_unit/u_fpu/u_divider/exp_norm0_inferred__16/i__carry/CO[3]
                         net (fo=1, routed)           0.000   180.318    dut/core0/execute_unit/u_fpu/u_divider/exp_norm0_inferred__16/i__carry_n_0
    SLICE_X23Y8          CARRY4 (Prop_carry4_CI_O[0])
                                                      0.222   180.540 f  dut/core0/execute_unit/u_fpu/u_divider/exp_norm0_inferred__16/i__carry__0/O[0]
                         net (fo=3, routed)           0.983   181.523    dut/core0/execute_unit/u_fpu/u_divider/exp_norm0_inferred__16/i__carry__0_n_7
    SLICE_X22Y9          LUT6 (Prop_lut6_I4_O)        0.299   181.822 f  dut/core0/execute_unit/u_fpu/u_divider/i__carry_i_10__19/O
                         net (fo=1, routed)           0.670   182.492    dut/core0/execute_unit/u_fpu/u_divider/i__carry_i_10__19_n_0
    SLICE_X22Y9          LUT6 (Prop_lut6_I1_O)        0.124   182.616 r  dut/core0/execute_unit/u_fpu/u_divider/i__carry_i_8__19/O
                         net (fo=4, routed)           0.812   183.429    dut/core0/execute_unit/u_fpu/u_divider/i__carry_i_8__19_n_0
    SLICE_X22Y8          LUT4 (Prop_lut4_I3_O)        0.124   183.553 r  dut/core0/execute_unit/u_fpu/u_divider/i__carry_i_5__3/O
                         net (fo=28, routed)          0.673   184.226    dut/core0/execute_unit/u_fpu/u_divider/i__carry_i_5__3_n_0
    SLICE_X23Y10         LUT2 (Prop_lut2_I1_O)        0.124   184.350 r  dut/core0/execute_unit/u_fpu/u_divider/i__carry_i_4__16/O
                         net (fo=1, routed)           0.000   184.350    dut/core0/execute_unit/u_fpu/u_divider/i__carry_i_4__16_n_0
    SLICE_X23Y10         CARRY4 (Prop_carry4_S[0]_CO[3])
                                                      0.532   184.882 r  dut/core0/execute_unit/u_fpu/u_divider/exp_norm0_inferred__17/i__carry/CO[3]
                         net (fo=1, routed)           0.000   184.882    dut/core0/execute_unit/u_fpu/u_divider/exp_norm0_inferred__17/i__carry_n_0
    SLICE_X23Y11         CARRY4 (Prop_carry4_CI_O[2])
                                                      0.239   185.121 f  dut/core0/execute_unit/u_fpu/u_divider/exp_norm0_inferred__17/i__carry__0/O[2]
                         net (fo=3, routed)           0.990   186.111    dut/core0/execute_unit/u_fpu/u_divider/exp_norm0_inferred__17/i__carry__0_n_5
    SLICE_X22Y9          LUT6 (Prop_lut6_I1_O)        0.302   186.413 f  dut/core0/execute_unit/u_fpu/u_divider/i__carry_i_9__16/O
                         net (fo=1, routed)           0.670   187.083    dut/core0/execute_unit/u_fpu/u_divider/i__carry_i_9__16_n_0
    SLICE_X22Y9          LUT6 (Prop_lut6_I1_O)        0.124   187.207 r  dut/core0/execute_unit/u_fpu/u_divider/i__carry_i_7__19/O
                         net (fo=3, routed)           0.323   187.530    dut/core0/execute_unit/u_fpu/u_divider/i__carry_i_7__19_n_0
    SLICE_X22Y8          LUT6 (Prop_lut6_I5_O)        0.124   187.654 r  dut/core0/execute_unit/u_fpu/u_divider/i__carry_i_5__2/O
                         net (fo=26, routed)          0.332   187.986    dut/core0/execute_unit/u_fpu/u_divider/i__carry_i_5__2_n_0
    SLICE_X22Y10         LUT2 (Prop_lut2_I1_O)        0.124   188.110 r  dut/core0/execute_unit/u_fpu/u_divider/i__carry_i_4__17/O
                         net (fo=1, routed)           0.000   188.110    dut/core0/execute_unit/u_fpu/u_divider/i__carry_i_4__17_n_0
    SLICE_X22Y10         CARRY4 (Prop_carry4_S[0]_CO[3])
                                                      0.513   188.623 r  dut/core0/execute_unit/u_fpu/u_divider/exp_norm0_inferred__18/i__carry/CO[3]
                         net (fo=1, routed)           0.000   188.623    dut/core0/execute_unit/u_fpu/u_divider/exp_norm0_inferred__18/i__carry_n_0
    SLICE_X22Y11         CARRY4 (Prop_carry4_CI_CO[3])
                                                      0.117   188.740 r  dut/core0/execute_unit/u_fpu/u_divider/exp_norm0_inferred__18/i__carry__0/CO[3]
                         net (fo=1, routed)           0.000   188.740    dut/core0/execute_unit/u_fpu/u_divider/exp_norm0_inferred__18/i__carry__0_n_0
    SLICE_X22Y12         CARRY4 (Prop_carry4_CI_O[1])
                                                      0.323   189.063 f  dut/core0/execute_unit/u_fpu/u_divider/exp_norm0_inferred__18/i__carry__1/O[1]
                         net (fo=3, routed)           1.604   190.667    dut/core0/execute_unit/u_fpu/u_divider/exp_norm0_inferred__18/i__carry__1_n_6
    SLICE_X30Y10         LUT6 (Prop_lut6_I3_O)        0.306   190.973 r  dut/core0/execute_unit/u_fpu/u_divider/i__carry_i_9__17/O
                         net (fo=5, routed)           1.005   191.978    dut/core0/execute_unit/u_fpu/u_divider/i__carry_i_9__17_n_0
    SLICE_X22Y8          LUT6 (Prop_lut6_I5_O)        0.124   192.102 r  dut/core0/execute_unit/u_fpu/u_divider/i__carry_i_5__1/O
                         net (fo=26, routed)          1.317   193.419    dut/core0/execute_unit/u_fpu/u_divider/i__carry_i_5__1_n_0
    SLICE_X31Y10         LUT2 (Prop_lut2_I1_O)        0.124   193.543 r  dut/core0/execute_unit/u_fpu/u_divider/i__carry_i_4__18/O
                         net (fo=1, routed)           0.000   193.543    dut/core0/execute_unit/u_fpu/u_divider/i__carry_i_4__18_n_0
    SLICE_X31Y10         CARRY4 (Prop_carry4_S[0]_CO[3])
                                                      0.532   194.075 r  dut/core0/execute_unit/u_fpu/u_divider/exp_norm0_inferred__19/i__carry/CO[3]
                         net (fo=1, routed)           0.000   194.075    dut/core0/execute_unit/u_fpu/u_divider/exp_norm0_inferred__19/i__carry_n_0
    SLICE_X31Y11         CARRY4 (Prop_carry4_CI_O[2])
                                                      0.239   194.314 f  dut/core0/execute_unit/u_fpu/u_divider/exp_norm0_inferred__19/i__carry__0/O[2]
                         net (fo=3, routed)           1.141   195.456    dut/core0/execute_unit/u_fpu/u_divider/exp_norm0_inferred__19/i__carry__0_n_5
    SLICE_X33Y13         LUT6 (Prop_lut6_I1_O)        0.302   195.758 f  dut/core0/execute_unit/u_fpu/u_divider/i__carry_i_9__18/O
                         net (fo=1, routed)           0.473   196.231    dut/core0/execute_unit/u_fpu/u_divider/i__carry_i_9__18_n_0
    SLICE_X33Y13         LUT6 (Prop_lut6_I1_O)        0.124   196.355 r  dut/core0/execute_unit/u_fpu/u_divider/i__carry_i_6__20/O
                         net (fo=6, routed)           0.917   197.272    dut/core0/execute_unit/u_fpu/u_divider/i__carry_i_6__20_n_0
    SLICE_X34Y15         LUT4 (Prop_lut4_I0_O)        0.124   197.396 r  dut/core0/execute_unit/u_fpu/u_divider/i__carry_i_5__0/O
                         net (fo=24, routed)          1.000   198.397    dut/core0/execute_unit/u_fpu/u_divider/i__carry_i_5__0_n_0
    SLICE_X32Y13         LUT2 (Prop_lut2_I1_O)        0.124   198.521 r  dut/core0/execute_unit/u_fpu/u_divider/i__carry_i_4__19/O
                         net (fo=1, routed)           0.000   198.521    dut/core0/execute_unit/u_fpu/u_divider/i__carry_i_4__19_n_0
    SLICE_X32Y13         CARRY4 (Prop_carry4_S[0]_CO[3])
                                                      0.513   199.034 r  dut/core0/execute_unit/u_fpu/u_divider/exp_norm0_inferred__20/i__carry/CO[3]
                         net (fo=1, routed)           0.000   199.034    dut/core0/execute_unit/u_fpu/u_divider/exp_norm0_inferred__20/i__carry_n_0
    SLICE_X32Y14         CARRY4 (Prop_carry4_CI_O[2])
                                                      0.239   199.273 r  dut/core0/execute_unit/u_fpu/u_divider/exp_norm0_inferred__20/i__carry__0/O[2]
                         net (fo=3, routed)           1.282   200.555    dut/core0/execute_unit/u_fpu/u_divider/exp_norm0_inferred__20/i__carry__0_n_5
    SLICE_X33Y13         LUT6 (Prop_lut6_I2_O)        0.301   200.856 r  dut/core0/execute_unit/u_fpu/u_divider/i__carry_i_9__19/O
                         net (fo=1, routed)           0.466   201.322    dut/core0/execute_unit/u_fpu/u_divider/i__carry_i_9__19_n_0
    SLICE_X34Y15         LUT6 (Prop_lut6_I1_O)        0.124   201.446 f  dut/core0/execute_unit/u_fpu/u_divider/i__carry_i_7__20/O
                         net (fo=12, routed)          0.691   202.137    dut/core0/execute_unit/u_fpu/u_divider/i__carry_i_7__20_n_0
    SLICE_X34Y16         LUT2 (Prop_lut2_I1_O)        0.124   202.261 r  dut/core0/execute_unit/u_fpu/u_divider/i__carry_i_5/O
                         net (fo=24, routed)          0.981   203.242    dut/core0/execute_unit/u_fpu/u_divider/i__carry_i_5_n_0
    SLICE_X33Y14         LUT2 (Prop_lut2_I1_O)        0.124   203.366 r  dut/core0/execute_unit/u_fpu/u_divider/i__carry_i_4__20/O
                         net (fo=1, routed)           0.000   203.366    dut/core0/execute_unit/u_fpu/u_divider/i__carry_i_4__20_n_0
    SLICE_X33Y14         CARRY4 (Prop_carry4_S[0]_CO[3])
                                                      0.532   203.898 r  dut/core0/execute_unit/u_fpu/u_divider/exp_norm0_inferred__21/i__carry/CO[3]
                         net (fo=1, routed)           0.000   203.898    dut/core0/execute_unit/u_fpu/u_divider/exp_norm0_inferred__21/i__carry_n_0
    SLICE_X33Y15         CARRY4 (Prop_carry4_CI_O[0])
                                                      0.222   204.120 f  dut/core0/execute_unit/u_fpu/u_divider/exp_norm0_inferred__21/i__carry__0/O[0]
                         net (fo=4, routed)           0.986   205.106    dut/core0/execute_unit/u_fpu/u_divider/exp_norm0_inferred__21/i__carry__0_n_7
    SLICE_X35Y15         LUT6 (Prop_lut6_I0_O)        0.299   205.405 r  dut/core0/execute_unit/u_fpu/u_divider/out_res[30]_i_10/O
                         net (fo=8, routed)           0.682   206.087    dut/core0/execute_unit/u_fpu/u_divider/out_res[30]_i_10_n_0
    SLICE_X35Y16         LUT6 (Prop_lut6_I3_O)        0.124   206.211 r  dut/core0/execute_unit/u_fpu/u_divider/out_res[30]_i_21/O
                         net (fo=9, routed)           1.439   207.650    dut/core0/execute_unit/u_fpu/u_divider/out_res[30]_i_21_n_0
    SLICE_X40Y13         LUT6 (Prop_lut6_I3_O)        0.124   207.774 r  dut/core0/execute_unit/u_fpu/u_divider/out_res[29]_i_16/O
                         net (fo=2, routed)           1.139   208.913    dut/core0/execute_unit/u_fpu/u_divider/out_res[29]_i_16_n_0
    SLICE_X41Y16         LUT6 (Prop_lut6_I3_O)        0.124   209.037 r  dut/core0/execute_unit/u_fpu/u_divider/out_res[29]_i_13/O
                         net (fo=2, routed)           0.809   209.845    dut/core0/execute_unit/u_fpu/u_divider/out_res[29]_i_13_n_0
    SLICE_X41Y15         LUT6 (Prop_lut6_I0_O)        0.124   209.969 r  dut/core0/execute_unit/u_fpu/u_divider/out_res[22]_i_3/O
                         net (fo=23, routed)          2.164   212.133    dut/core0/execute_unit/u_fpu/u_divider/out_res[22]_i_3_n_0
    SLICE_X30Y20         LUT6 (Prop_lut6_I3_O)        0.124   212.257 r  dut/core0/execute_unit/u_fpu/u_divider/out_res[15]_i_1/O
                         net (fo=1, routed)           0.000   212.257    dut/core0/execute_unit/u_fpu/u_divider/out_res[15]_i_1_n_0
    SLICE_X30Y20         FDCE                                         r  dut/core0/execute_unit/u_fpu/u_divider/out_res_reg[15]/D
  -------------------------------------------------------------------    -------------------

Slack:                    inf
  Source:                 dut/core1/ex_mem/RD_F_M_reg[1]/C
                            (rising edge-triggered cell FDRE)
  Destination:            dut/core1/execute_unit/u_fpu/u_divider/out_res_reg[12]/D
  Path Group:             (none)
  Path Type:              Max at Slow Process Corner
  Data Path Delay:        212.245ns  (logic 72.691ns (34.249%)  route 139.553ns (65.751%))
  Logic Levels:           338  (CARRY4=217 FDRE=1 LUT2=23 LUT3=23 LUT4=7 LUT5=3 LUT6=64)

    Location             Delay type                Incr(ns)  Path(ns)    Netlist Resource(s)
  -------------------------------------------------------------------    -------------------
    SLICE_X52Y80         FDRE                         0.000     0.000 r  dut/core1/ex_mem/RD_F_M_reg[1]/C
    SLICE_X52Y80         FDRE (Prop_fdre_C_Q)         0.456     0.456 f  dut/core1/ex_mem/RD_F_M_reg[1]/Q
                         net (fo=9, routed)           2.131     2.587    dut/core1/ex_mem/RD_F_M[1]
    SLICE_X39Y81         LUT6 (Prop_lut6_I0_O)        0.124     2.711 f  dut/core1/ex_mem/A_r[31]_i_13/O
                         net (fo=2, routed)           0.636     3.347    dut/core1/ex_mem/A_r[31]_i_13_n_0
    SLICE_X37Y81         LUT6 (Prop_lut6_I0_O)        0.124     3.471 f  dut/core1/ex_mem/A_r[31]_i_8/O
                         net (fo=65, routed)          0.841     4.312    dut/core1/id_ex/A_r_reg[31][0]
    SLICE_X37Y80         LUT3 (Prop_lut3_I2_O)        0.124     4.436 r  dut/core1/id_ex/A_r[31]_i_7/O
                         net (fo=64, routed)          1.682     6.118    dut/core1/id_ex/ForwardAE[0]
    SLICE_X45Y82         LUT5 (Prop_lut5_I1_O)        0.124     6.242 r  dut/core1/id_ex/forward_a_mux/A_r[26]_i_3/O
                         net (fo=8, routed)           3.358     9.600    dut/core1/id_ex/execute_unit/SrcA_Forwarded[26]
    SLICE_X81Y118        LUT3 (Prop_lut3_I2_O)        0.124     9.724 r  dut/core1/id_ex/A_r[26]_i_1/O
                         net (fo=82, routed)          4.034    13.758    dut/core1/id_ex/FPU_RS1_Input[26]
    SLICE_X64Y124        LUT5 (Prop_lut5_I1_O)        0.124    13.882 r  dut/core1/id_ex/out_res[31]_i_3/O
                         net (fo=4, routed)           1.403    15.285    dut/core1/mem_wb/exp_norm20_in[0]
    SLICE_X56Y133        LUT2 (Prop_lut2_I1_O)        0.124    15.409 r  dut/core1/mem_wb/out_res[30]_i_687/O
                         net (fo=1, routed)           0.000    15.409    dut/core1/mem_wb_n_58
    SLICE_X56Y133        CARRY4 (Prop_carry4_S[0]_CO[3])
                                                      0.532    15.941 r  dut/core1/u_divider/out_res_reg[30]_i_633/CO[3]
                         net (fo=1, routed)           0.000    15.941    dut/core1/u_divider/out_res_reg[30]_i_633_n_0
    SLICE_X56Y134        CARRY4 (Prop_carry4_CI_CO[3])
                                                      0.114    16.055 r  dut/core1/u_divider/out_res_reg[30]_i_628/CO[3]
                         net (fo=1, routed)           0.000    16.055    dut/core1/u_divider/out_res_reg[30]_i_628_n_0
    SLICE_X56Y135        CARRY4 (Prop_carry4_CI_CO[3])
                                                      0.114    16.169 r  dut/core1/u_divider/out_res_reg[30]_i_623/CO[3]
                         net (fo=1, routed)           0.000    16.169    dut/core1/u_divider/out_res_reg[30]_i_623_n_0
    SLICE_X56Y136        CARRY4 (Prop_carry4_CI_CO[3])
                                                      0.114    16.283 r  dut/core1/u_divider/out_res_reg[30]_i_618/CO[3]
                         net (fo=1, routed)           0.000    16.283    dut/core1/u_divider/out_res_reg[30]_i_618_n_0
    SLICE_X56Y137        CARRY4 (Prop_carry4_CI_CO[3])
                                                      0.114    16.397 r  dut/core1/u_divider/out_res_reg[30]_i_613/CO[3]
                         net (fo=1, routed)           0.000    16.397    dut/core1/u_divider/out_res_reg[30]_i_613_n_0
    SLICE_X56Y138        CARRY4 (Prop_carry4_CI_CO[3])
                                                      0.114    16.511 r  dut/core1/u_divider/out_res_reg[30]_i_610/CO[3]
                         net (fo=1, routed)           0.000    16.511    dut/core1/u_divider/out_res_reg[30]_i_610_n_0
    SLICE_X56Y139        CARRY4 (Prop_carry4_CI_CO[0])
                                                      0.271    16.782 r  dut/core1/u_divider/out_res_reg[30]_i_609/CO[0]
                         net (fo=27, routed)          2.223    19.005    dut/core1/u_divider/out_res_reg[30]_i_609_n_3
    SLICE_X55Y131        LUT3 (Prop_lut3_I0_O)        0.373    19.378 r  dut/core1/u_divider/out_res[30]_i_640/O
                         net (fo=1, routed)           0.000    19.378    dut/core1/u_divider/out_res[30]_i_640_n_0
    SLICE_X55Y131        CARRY4 (Prop_carry4_S[1]_CO[3])
                                                      0.550    19.928 r  dut/core1/u_divider/out_res_reg[30]_i_601/CO[3]
                         net (fo=1, routed)           0.000    19.928    dut/core1/u_divider/out_res_reg[30]_i_601_n_0
    SLICE_X55Y132        CARRY4 (Prop_carry4_CI_CO[3])
                                                      0.114    20.042 r  dut/core1/u_divider/out_res_reg[30]_i_596/CO[3]
                         net (fo=1, routed)           0.000    20.042    dut/core1/u_divider/out_res_reg[30]_i_596_n_0
    SLICE_X55Y133        CARRY4 (Prop_carry4_CI_CO[3])
                                                      0.114    20.156 r  dut/core1/u_divider/out_res_reg[30]_i_591/CO[3]
                         net (fo=1, routed)           0.000    20.156    dut/core1/u_divider/out_res_reg[30]_i_591_n_0
    SLICE_X55Y134        CARRY4 (Prop_carry4_CI_CO[3])
                                                      0.114    20.270 r  dut/core1/u_divider/out_res_reg[30]_i_586/CO[3]
                         net (fo=1, routed)           0.000    20.270    dut/core1/u_divider/out_res_reg[30]_i_586_n_0
    SLICE_X55Y135        CARRY4 (Prop_carry4_CI_CO[3])
                                                      0.114    20.384 r  dut/core1/u_divider/out_res_reg[30]_i_581/CO[3]
                         net (fo=1, routed)           0.000    20.384    dut/core1/u_divider/out_res_reg[30]_i_581_n_0
    SLICE_X55Y136        CARRY4 (Prop_carry4_CI_CO[3])
                                                      0.114    20.498 r  dut/core1/u_divider/out_res_reg[30]_i_578/CO[3]
                         net (fo=1, routed)           0.000    20.498    dut/core1/u_divider/out_res_reg[30]_i_578_n_0
    SLICE_X55Y137        CARRY4 (Prop_carry4_CI_CO[1])
                                                      0.157    20.655 r  dut/core1/u_divider/out_res_reg[30]_i_577/CO[1]
                         net (fo=27, routed)          2.249    22.904    dut/core1/u_divider/out_res_reg[30]_i_577_n_2
    SLICE_X53Y129        LUT3 (Prop_lut3_I0_O)        0.329    23.233 r  dut/core1/u_divider/out_res[30]_i_608/O
                         net (fo=1, routed)           0.000    23.233    dut/core1/u_divider/out_res[30]_i_608_n_0
    SLICE_X53Y129        CARRY4 (Prop_carry4_S[1]_CO[3])
                                                      0.550    23.783 r  dut/core1/u_divider/out_res_reg[30]_i_569/CO[3]
                         net (fo=1, routed)           0.000    23.783    dut/core1/u_divider/out_res_reg[30]_i_569_n_0
    SLICE_X53Y130        CARRY4 (Prop_carry4_CI_CO[3])
                                                      0.114    23.897 r  dut/core1/u_divider/out_res_reg[30]_i_564/CO[3]
                         net (fo=1, routed)           0.000    23.897    dut/core1/u_divider/out_res_reg[30]_i_564_n_0
    SLICE_X53Y131        CARRY4 (Prop_carry4_CI_CO[3])
                                                      0.114    24.011 r  dut/core1/u_divider/out_res_reg[30]_i_559/CO[3]
                         net (fo=1, routed)           0.000    24.011    dut/core1/u_divider/out_res_reg[30]_i_559_n_0
    SLICE_X53Y132        CARRY4 (Prop_carry4_CI_CO[3])
                                                      0.114    24.125 r  dut/core1/u_divider/out_res_reg[30]_i_554/CO[3]
                         net (fo=1, routed)           0.000    24.125    dut/core1/u_divider/out_res_reg[30]_i_554_n_0
    SLICE_X53Y133        CARRY4 (Prop_carry4_CI_CO[3])
                                                      0.114    24.239 r  dut/core1/u_divider/out_res_reg[30]_i_549/CO[3]
                         net (fo=1, routed)           0.000    24.239    dut/core1/u_divider/out_res_reg[30]_i_549_n_0
    SLICE_X53Y134        CARRY4 (Prop_carry4_CI_CO[3])
                                                      0.114    24.353 r  dut/core1/u_divider/out_res_reg[30]_i_546/CO[3]
                         net (fo=1, routed)           0.000    24.353    dut/core1/u_divider/out_res_reg[30]_i_546_n_0
    SLICE_X53Y135        CARRY4 (Prop_carry4_CI_CO[1])
                                                      0.157    24.510 r  dut/core1/u_divider/out_res_reg[30]_i_545/CO[1]
                         net (fo=27, routed)          1.533    26.043    dut/core1/u_divider/out_res_reg[30]_i_545_n_2
    SLICE_X52Y128        LUT3 (Prop_lut3_I0_O)        0.329    26.372 r  dut/core1/u_divider/out_res[30]_i_576/O
                         net (fo=1, routed)           0.000    26.372    dut/core1/u_divider/out_res[30]_i_576_n_0
    SLICE_X52Y128        CARRY4 (Prop_carry4_S[1]_CO[3])
                                                      0.550    26.922 r  dut/core1/u_divider/out_res_reg[30]_i_537/CO[3]
                         net (fo=1, routed)           0.000    26.922    dut/core1/u_divider/out_res_reg[30]_i_537_n_0
    SLICE_X52Y129        CARRY4 (Prop_carry4_CI_CO[3])
                                                      0.114    27.036 r  dut/core1/u_divider/out_res_reg[30]_i_532/CO[3]
                         net (fo=1, routed)           0.000    27.036    dut/core1/u_divider/out_res_reg[30]_i_532_n_0
    SLICE_X52Y130        CARRY4 (Prop_carry4_CI_CO[3])
                                                      0.114    27.150 r  dut/core1/u_divider/out_res_reg[30]_i_527/CO[3]
                         net (fo=1, routed)           0.000    27.150    dut/core1/u_divider/out_res_reg[30]_i_527_n_0
    SLICE_X52Y131        CARRY4 (Prop_carry4_CI_CO[3])
                                                      0.114    27.264 r  dut/core1/u_divider/out_res_reg[30]_i_522/CO[3]
                         net (fo=1, routed)           0.000    27.264    dut/core1/u_divider/out_res_reg[30]_i_522_n_0
    SLICE_X52Y132        CARRY4 (Prop_carry4_CI_CO[3])
                                                      0.114    27.378 r  dut/core1/u_divider/out_res_reg[30]_i_517/CO[3]
                         net (fo=1, routed)           0.000    27.378    dut/core1/u_divider/out_res_reg[30]_i_517_n_0
    SLICE_X52Y133        CARRY4 (Prop_carry4_CI_CO[3])
                                                      0.114    27.492 r  dut/core1/u_divider/out_res_reg[30]_i_514/CO[3]
                         net (fo=1, routed)           0.000    27.492    dut/core1/u_divider/out_res_reg[30]_i_514_n_0
    SLICE_X52Y134        CARRY4 (Prop_carry4_CI_CO[1])
                                                      0.157    27.649 r  dut/core1/u_divider/out_res_reg[30]_i_513/CO[1]
                         net (fo=27, routed)          1.847    29.496    dut/core1/u_divider/out_res_reg[30]_i_513_n_2
    SLICE_X51Y128        LUT3 (Prop_lut3_I0_O)        0.329    29.825 r  dut/core1/u_divider/out_res[30]_i_544/O
                         net (fo=1, routed)           0.000    29.825    dut/core1/u_divider/out_res[30]_i_544_n_0
    SLICE_X51Y128        CARRY4 (Prop_carry4_S[1]_CO[3])
                                                      0.550    30.375 r  dut/core1/u_divider/out_res_reg[30]_i_505/CO[3]
                         net (fo=1, routed)           0.000    30.375    dut/core1/u_divider/out_res_reg[30]_i_505_n_0
    SLICE_X51Y129        CARRY4 (Prop_carry4_CI_CO[3])
                                                      0.114    30.489 r  dut/core1/u_divider/out_res_reg[30]_i_500/CO[3]
                         net (fo=1, routed)           0.000    30.489    dut/core1/u_divider/out_res_reg[30]_i_500_n_0
    SLICE_X51Y130        CARRY4 (Prop_carry4_CI_CO[3])
                                                      0.114    30.603 r  dut/core1/u_divider/out_res_reg[30]_i_495/CO[3]
                         net (fo=1, routed)           0.000    30.603    dut/core1/u_divider/out_res_reg[30]_i_495_n_0
    SLICE_X51Y131        CARRY4 (Prop_carry4_CI_CO[3])
                                                      0.114    30.717 r  dut/core1/u_divider/out_res_reg[30]_i_490/CO[3]
                         net (fo=1, routed)           0.000    30.717    dut/core1/u_divider/out_res_reg[30]_i_490_n_0
    SLICE_X51Y132        CARRY4 (Prop_carry4_CI_CO[3])
                                                      0.114    30.831 r  dut/core1/u_divider/out_res_reg[30]_i_485/CO[3]
                         net (fo=1, routed)           0.000    30.831    dut/core1/u_divider/out_res_reg[30]_i_485_n_0
    SLICE_X51Y133        CARRY4 (Prop_carry4_CI_CO[3])
                                                      0.114    30.945 r  dut/core1/u_divider/out_res_reg[30]_i_482/CO[3]
                         net (fo=1, routed)           0.000    30.945    dut/core1/u_divider/out_res_reg[30]_i_482_n_0
    SLICE_X51Y134        CARRY4 (Prop_carry4_CI_CO[1])
                                                      0.157    31.102 r  dut/core1/u_divider/out_res_reg[30]_i_481/CO[1]
                         net (fo=27, routed)          1.537    32.639    dut/core1/u_divider/out_res_reg[30]_i_481_n_2
    SLICE_X50Y128        LUT3 (Prop_lut3_I0_O)        0.329    32.968 r  dut/core1/u_divider/out_res[30]_i_511/O
                         net (fo=1, routed)           0.000    32.968    dut/core1/u_divider/out_res[30]_i_511_n_0
    SLICE_X50Y128        CARRY4 (Prop_carry4_S[2]_CO[3])
                                                      0.380    33.348 r  dut/core1/u_divider/out_res_reg[30]_i_473/CO[3]
                         net (fo=1, routed)           0.000    33.348    dut/core1/u_divider/out_res_reg[30]_i_473_n_0
    SLICE_X50Y129        CARRY4 (Prop_carry4_CI_CO[3])
                                                      0.117    33.465 r  dut/core1/u_divider/out_res_reg[30]_i_468/CO[3]
                         net (fo=1, routed)           0.000    33.465    dut/core1/u_divider/out_res_reg[30]_i_468_n_0
    SLICE_X50Y130        CARRY4 (Prop_carry4_CI_CO[3])
                                                      0.117    33.582 r  dut/core1/u_divider/out_res_reg[30]_i_463/CO[3]
                         net (fo=1, routed)           0.000    33.582    dut/core1/u_divider/out_res_reg[30]_i_463_n_0
    SLICE_X50Y131        CARRY4 (Prop_carry4_CI_CO[3])
                                                      0.117    33.699 r  dut/core1/u_divider/out_res_reg[30]_i_458/CO[3]
                         net (fo=1, routed)           0.000    33.699    dut/core1/u_divider/out_res_reg[30]_i_458_n_0
    SLICE_X50Y132        CARRY4 (Prop_carry4_CI_CO[3])
                                                      0.117    33.816 r  dut/core1/u_divider/out_res_reg[30]_i_453/CO[3]
                         net (fo=1, routed)           0.000    33.816    dut/core1/u_divider/out_res_reg[30]_i_453_n_0
    SLICE_X50Y133        CARRY4 (Prop_carry4_CI_CO[3])
                                                      0.117    33.933 r  dut/core1/u_divider/out_res_reg[30]_i_450/CO[3]
                         net (fo=1, routed)           0.000    33.933    dut/core1/u_divider/out_res_reg[30]_i_450_n_0
    SLICE_X50Y134        CARRY4 (Prop_carry4_CI_CO[1])
                                                      0.157    34.090 r  dut/core1/u_divider/out_res_reg[30]_i_449/CO[1]
                         net (fo=27, routed)          2.011    36.102    dut/core1/u_divider/out_res_reg[30]_i_449_n_2
    SLICE_X47Y128        LUT3 (Prop_lut3_I0_O)        0.332    36.434 r  dut/core1/u_divider/out_res[30]_i_478/O
                         net (fo=1, routed)           0.000    36.434    dut/core1/u_divider/out_res[30]_i_478_n_0
    SLICE_X47Y128        CARRY4 (Prop_carry4_S[3]_CO[3])
                                                      0.401    36.835 r  dut/core1/u_divider/out_res_reg[30]_i_441/CO[3]
                         net (fo=1, routed)           0.000    36.835    dut/core1/u_divider/out_res_reg[30]_i_441_n_0
    SLICE_X47Y129        CARRY4 (Prop_carry4_CI_CO[3])
                                                      0.114    36.949 r  dut/core1/u_divider/out_res_reg[30]_i_436/CO[3]
                         net (fo=1, routed)           0.000    36.949    dut/core1/u_divider/out_res_reg[30]_i_436_n_0
    SLICE_X47Y130        CARRY4 (Prop_carry4_CI_CO[3])
                                                      0.114    37.063 r  dut/core1/u_divider/out_res_reg[30]_i_431/CO[3]
                         net (fo=1, routed)           0.000    37.063    dut/core1/u_divider/out_res_reg[30]_i_431_n_0
    SLICE_X47Y131        CARRY4 (Prop_carry4_CI_CO[3])
                                                      0.114    37.177 r  dut/core1/u_divider/out_res_reg[30]_i_426/CO[3]
                         net (fo=1, routed)           0.000    37.177    dut/core1/u_divider/out_res_reg[30]_i_426_n_0
    SLICE_X47Y132        CARRY4 (Prop_carry4_CI_CO[3])
                                                      0.114    37.291 r  dut/core1/u_divider/out_res_reg[30]_i_421/CO[3]
                         net (fo=1, routed)           0.000    37.291    dut/core1/u_divider/out_res_reg[30]_i_421_n_0
    SLICE_X47Y133        CARRY4 (Prop_carry4_CI_CO[3])
                                                      0.114    37.405 r  dut/core1/u_divider/out_res_reg[30]_i_418/CO[3]
                         net (fo=1, routed)           0.000    37.405    dut/core1/u_divider/out_res_reg[30]_i_418_n_0
    SLICE_X47Y134        CARRY4 (Prop_carry4_CI_CO[1])
                                                      0.157    37.562 r  dut/core1/u_divider/out_res_reg[30]_i_417/CO[1]
                         net (fo=27, routed)          1.865    39.427    dut/core1/u_divider/out_res_reg[30]_i_417_n_2
    SLICE_X45Y129        LUT3 (Prop_lut3_I0_O)        0.329    39.756 r  dut/core1/u_divider/out_res[30]_i_446/O
                         net (fo=1, routed)           0.000    39.756    dut/core1/u_divider/out_res[30]_i_446_n_0
    SLICE_X45Y129        CARRY4 (Prop_carry4_S[3]_CO[3])
                                                      0.401    40.157 r  dut/core1/u_divider/out_res_reg[30]_i_409/CO[3]
                         net (fo=1, routed)           0.000    40.157    dut/core1/u_divider/out_res_reg[30]_i_409_n_0
    SLICE_X45Y130        CARRY4 (Prop_carry4_CI_CO[3])
                                                      0.114    40.271 r  dut/core1/u_divider/out_res_reg[30]_i_404/CO[3]
                         net (fo=1, routed)           0.000    40.271    dut/core1/u_divider/out_res_reg[30]_i_404_n_0
    SLICE_X45Y131        CARRY4 (Prop_carry4_CI_CO[3])
                                                      0.114    40.385 r  dut/core1/u_divider/out_res_reg[30]_i_399/CO[3]
                         net (fo=1, routed)           0.000    40.385    dut/core1/u_divider/out_res_reg[30]_i_399_n_0
    SLICE_X45Y132        CARRY4 (Prop_carry4_CI_CO[3])
                                                      0.114    40.499 r  dut/core1/u_divider/out_res_reg[30]_i_394/CO[3]
                         net (fo=1, routed)           0.000    40.499    dut/core1/u_divider/out_res_reg[30]_i_394_n_0
    SLICE_X45Y133        CARRY4 (Prop_carry4_CI_CO[3])
                                                      0.114    40.613 r  dut/core1/u_divider/out_res_reg[30]_i_389/CO[3]
                         net (fo=1, routed)           0.000    40.613    dut/core1/u_divider/out_res_reg[30]_i_389_n_0
    SLICE_X45Y134        CARRY4 (Prop_carry4_CI_CO[3])
                                                      0.114    40.727 r  dut/core1/u_divider/out_res_reg[30]_i_386/CO[3]
                         net (fo=1, routed)           0.000    40.727    dut/core1/u_divider/out_res_reg[30]_i_386_n_0
    SLICE_X45Y135        CARRY4 (Prop_carry4_CI_CO[1])
                                                      0.157    40.884 r  dut/core1/u_divider/out_res_reg[30]_i_385/CO[1]
                         net (fo=27, routed)          2.270    43.155    dut/core1/u_divider/out_res_reg[30]_i_385_n_2
    SLICE_X45Y120        LUT3 (Prop_lut3_I0_O)        0.329    43.484 r  dut/core1/u_divider/out_res[30]_i_416/O
                         net (fo=1, routed)           0.000    43.484    dut/core1/u_divider/out_res[30]_i_416_n_0
    SLICE_X45Y120        CARRY4 (Prop_carry4_S[1]_CO[3])
                                                      0.550    44.034 r  dut/core1/u_divider/out_res_reg[30]_i_377/CO[3]
                         net (fo=1, routed)           0.000    44.034    dut/core1/u_divider/out_res_reg[30]_i_377_n_0
    SLICE_X45Y121        CARRY4 (Prop_carry4_CI_CO[3])
                                                      0.114    44.148 r  dut/core1/u_divider/out_res_reg[30]_i_372/CO[3]
                         net (fo=1, routed)           0.000    44.148    dut/core1/u_divider/out_res_reg[30]_i_372_n_0
    SLICE_X45Y122        CARRY4 (Prop_carry4_CI_CO[3])
                                                      0.114    44.262 r  dut/core1/u_divider/out_res_reg[30]_i_367/CO[3]
                         net (fo=1, routed)           0.000    44.262    dut/core1/u_divider/out_res_reg[30]_i_367_n_0
    SLICE_X45Y123        CARRY4 (Prop_carry4_CI_CO[3])
                                                      0.114    44.376 r  dut/core1/u_divider/out_res_reg[30]_i_362/CO[3]
                         net (fo=1, routed)           0.000    44.376    dut/core1/u_divider/out_res_reg[30]_i_362_n_0
    SLICE_X45Y124        CARRY4 (Prop_carry4_CI_CO[3])
                                                      0.114    44.490 r  dut/core1/u_divider/out_res_reg[30]_i_357/CO[3]
                         net (fo=1, routed)           0.009    44.499    dut/core1/u_divider/out_res_reg[30]_i_357_n_0
    SLICE_X45Y125        CARRY4 (Prop_carry4_CI_CO[3])
                                                      0.114    44.613 r  dut/core1/u_divider/out_res_reg[30]_i_354/CO[3]
                         net (fo=1, routed)           0.000    44.613    dut/core1/u_divider/out_res_reg[30]_i_354_n_0
    SLICE_X45Y126        CARRY4 (Prop_carry4_CI_CO[1])
                                                      0.157    44.770 r  dut/core1/u_divider/out_res_reg[30]_i_353/CO[1]
                         net (fo=27, routed)          1.636    46.406    dut/core1/u_divider/out_res_reg[30]_i_353_n_2
    SLICE_X46Y120        CARRY4 (Prop_carry4_CYINIT_CO[3])
                                                      0.800    47.206 r  dut/core1/u_divider/out_res_reg[30]_i_344/CO[3]
                         net (fo=1, routed)           0.000    47.206    dut/core1/u_divider/out_res_reg[30]_i_344_n_0
    SLICE_X46Y121        CARRY4 (Prop_carry4_CI_CO[3])
                                                      0.117    47.323 r  dut/core1/u_divider/out_res_reg[30]_i_339/CO[3]
                         net (fo=1, routed)           0.000    47.323    dut/core1/u_divider/out_res_reg[30]_i_339_n_0
    SLICE_X46Y122        CARRY4 (Prop_carry4_CI_CO[3])
                                                      0.117    47.440 r  dut/core1/u_divider/out_res_reg[30]_i_334/CO[3]
                         net (fo=1, routed)           0.000    47.440    dut/core1/u_divider/out_res_reg[30]_i_334_n_0
    SLICE_X46Y123        CARRY4 (Prop_carry4_CI_CO[3])
                                                      0.117    47.557 r  dut/core1/u_divider/out_res_reg[30]_i_329/CO[3]
                         net (fo=1, routed)           0.000    47.557    dut/core1/u_divider/out_res_reg[30]_i_329_n_0
    SLICE_X46Y124        CARRY4 (Prop_carry4_CI_CO[3])
                                                      0.117    47.674 r  dut/core1/u_divider/out_res_reg[30]_i_324/CO[3]
                         net (fo=1, routed)           0.009    47.683    dut/core1/u_divider/out_res_reg[30]_i_324_n_0
    SLICE_X46Y125        CARRY4 (Prop_carry4_CI_CO[3])
                                                      0.117    47.800 r  dut/core1/u_divider/out_res_reg[30]_i_321/CO[3]
                         net (fo=1, routed)           0.000    47.800    dut/core1/u_divider/out_res_reg[30]_i_321_n_0
    SLICE_X46Y126        CARRY4 (Prop_carry4_CI_CO[1])
                                                      0.157    47.957 r  dut/core1/u_divider/out_res_reg[30]_i_320/CO[1]
                         net (fo=27, routed)          1.474    49.431    dut/core1/u_divider/out_res_reg[30]_i_320_n_2
    SLICE_X49Y122        LUT3 (Prop_lut3_I0_O)        0.332    49.763 r  dut/core1/u_divider/out_res[30]_i_351/O
                         net (fo=1, routed)           0.000    49.763    dut/core1/u_divider/out_res[30]_i_351_n_0
    SLICE_X49Y122        CARRY4 (Prop_carry4_S[1]_CO[3])
                                                      0.550    50.313 r  dut/core1/u_divider/out_res_reg[30]_i_311/CO[3]
                         net (fo=1, routed)           0.000    50.313    dut/core1/u_divider/out_res_reg[30]_i_311_n_0
    SLICE_X49Y123        CARRY4 (Prop_carry4_CI_CO[3])
                                                      0.114    50.427 r  dut/core1/u_divider/out_res_reg[30]_i_306/CO[3]
                         net (fo=1, routed)           0.000    50.427    dut/core1/u_divider/out_res_reg[30]_i_306_n_0
    SLICE_X49Y124        CARRY4 (Prop_carry4_CI_CO[3])
                                                      0.114    50.541 r  dut/core1/u_divider/out_res_reg[30]_i_301/CO[3]
                         net (fo=1, routed)           0.009    50.550    dut/core1/u_divider/out_res_reg[30]_i_301_n_0
    SLICE_X49Y125        CARRY4 (Prop_carry4_CI_CO[3])
                                                      0.114    50.664 r  dut/core1/u_divider/out_res_reg[30]_i_296/CO[3]
                         net (fo=1, routed)           0.000    50.664    dut/core1/u_divider/out_res_reg[30]_i_296_n_0
    SLICE_X49Y126        CARRY4 (Prop_carry4_CI_CO[3])
                                                      0.114    50.778 r  dut/core1/u_divider/out_res_reg[30]_i_291/CO[3]
                         net (fo=1, routed)           0.000    50.778    dut/core1/u_divider/out_res_reg[30]_i_291_n_0
    SLICE_X49Y127        CARRY4 (Prop_carry4_CI_CO[3])
                                                      0.114    50.892 r  dut/core1/u_divider/out_res_reg[30]_i_288/CO[3]
                         net (fo=1, routed)           0.000    50.892    dut/core1/u_divider/out_res_reg[30]_i_288_n_0
    SLICE_X49Y128        CARRY4 (Prop_carry4_CI_CO[1])
                                                      0.157    51.049 r  dut/core1/u_divider/out_res_reg[30]_i_287/CO[1]
                         net (fo=27, routed)          2.158    53.207    dut/core1/u_divider/out_res_reg[30]_i_287_n_2
    SLICE_X58Y122        LUT3 (Prop_lut3_I0_O)        0.329    53.536 r  dut/core1/u_divider/out_res[30]_i_318/O
                         net (fo=1, routed)           0.000    53.536    dut/core1/u_divider/out_res[30]_i_318_n_0
    SLICE_X58Y122        CARRY4 (Prop_carry4_S[1]_CO[3])
                                                      0.533    54.069 r  dut/core1/u_divider/out_res_reg[30]_i_278/CO[3]
                         net (fo=1, routed)           0.000    54.069    dut/core1/u_divider/out_res_reg[30]_i_278_n_0
    SLICE_X58Y123        CARRY4 (Prop_carry4_CI_CO[3])
                                                      0.117    54.186 r  dut/core1/u_divider/out_res_reg[30]_i_273/CO[3]
                         net (fo=1, routed)           0.000    54.186    dut/core1/u_divider/out_res_reg[30]_i_273_n_0
    SLICE_X58Y124        CARRY4 (Prop_carry4_CI_CO[3])
                                                      0.117    54.303 r  dut/core1/u_divider/out_res_reg[30]_i_268/CO[3]
                         net (fo=1, routed)           0.009    54.312    dut/core1/u_divider/out_res_reg[30]_i_268_n_0
    SLICE_X58Y125        CARRY4 (Prop_carry4_CI_CO[3])
                                                      0.117    54.429 r  dut/core1/u_divider/out_res_reg[30]_i_263/CO[3]
                         net (fo=1, routed)           0.000    54.429    dut/core1/u_divider/out_res_reg[30]_i_263_n_0
    SLICE_X58Y126        CARRY4 (Prop_carry4_CI_CO[3])
                                                      0.117    54.546 r  dut/core1/u_divider/out_res_reg[30]_i_258/CO[3]
                         net (fo=1, routed)           0.000    54.546    dut/core1/u_divider/out_res_reg[30]_i_258_n_0
    SLICE_X58Y127        CARRY4 (Prop_carry4_CI_CO[3])
                                                      0.117    54.663 r  dut/core1/u_divider/out_res_reg[30]_i_255/CO[3]
                         net (fo=1, routed)           0.000    54.663    dut/core1/u_divider/out_res_reg[30]_i_255_n_0
    SLICE_X58Y128        CARRY4 (Prop_carry4_CI_CO[1])
                                                      0.157    54.820 r  dut/core1/u_divider/out_res_reg[30]_i_254/CO[1]
                         net (fo=27, routed)          1.560    56.380    dut/core1/u_divider/out_res_reg[30]_i_254_n_2
    SLICE_X55Y124        LUT3 (Prop_lut3_I0_O)        0.332    56.712 r  dut/core1/u_divider/out_res[30]_i_283/O
                         net (fo=1, routed)           0.000    56.712    dut/core1/u_divider/out_res[30]_i_283_n_0
    SLICE_X55Y124        CARRY4 (Prop_carry4_S[3]_CO[3])
                                                      0.401    57.113 r  dut/core1/u_divider/out_res_reg[30]_i_245/CO[3]
                         net (fo=1, routed)           0.009    57.122    dut/core1/u_divider/out_res_reg[30]_i_245_n_0
    SLICE_X55Y125        CARRY4 (Prop_carry4_CI_CO[3])
                                                      0.114    57.236 r  dut/core1/u_divider/out_res_reg[30]_i_240/CO[3]
                         net (fo=1, routed)           0.000    57.236    dut/core1/u_divider/out_res_reg[30]_i_240_n_0
    SLICE_X55Y126        CARRY4 (Prop_carry4_CI_CO[3])
                                                      0.114    57.350 r  dut/core1/u_divider/out_res_reg[30]_i_235/CO[3]
                         net (fo=1, routed)           0.000    57.350    dut/core1/u_divider/out_res_reg[30]_i_235_n_0
    SLICE_X55Y127        CARRY4 (Prop_carry4_CI_CO[3])
                                                      0.114    57.464 r  dut/core1/u_divider/out_res_reg[30]_i_230/CO[3]
                         net (fo=1, routed)           0.000    57.464    dut/core1/u_divider/out_res_reg[30]_i_230_n_0
    SLICE_X55Y128        CARRY4 (Prop_carry4_CI_CO[3])
                                                      0.114    57.578 r  dut/core1/u_divider/out_res_reg[30]_i_225/CO[3]
                         net (fo=1, routed)           0.000    57.578    dut/core1/u_divider/out_res_reg[30]_i_225_n_0
    SLICE_X55Y129        CARRY4 (Prop_carry4_CI_CO[3])
                                                      0.114    57.692 r  dut/core1/u_divider/out_res_reg[30]_i_222/CO[3]
                         net (fo=1, routed)           0.000    57.692    dut/core1/u_divider/out_res_reg[30]_i_222_n_0
    SLICE_X55Y130        CARRY4 (Prop_carry4_CI_CO[1])
                                                      0.157    57.849 r  dut/core1/u_divider/out_res_reg[30]_i_221/CO[1]
                         net (fo=27, routed)          2.021    59.871    dut/core1/u_divider/out_res_reg[30]_i_221_n_2
    SLICE_X57Y125        LUT3 (Prop_lut3_I0_O)        0.329    60.200 r  dut/core1/u_divider/out_res[30]_i_252/O
                         net (fo=1, routed)           0.000    60.200    dut/core1/u_divider/out_res[30]_i_252_n_0
    SLICE_X57Y125        CARRY4 (Prop_carry4_S[1]_CO[3])
                                                      0.550    60.750 r  dut/core1/u_divider/out_res_reg[30]_i_212/CO[3]
                         net (fo=1, routed)           0.000    60.750    dut/core1/u_divider/out_res_reg[30]_i_212_n_0
    SLICE_X57Y126        CARRY4 (Prop_carry4_CI_CO[3])
                                                      0.114    60.864 r  dut/core1/u_divider/out_res_reg[30]_i_207/CO[3]
                         net (fo=1, routed)           0.000    60.864    dut/core1/u_divider/out_res_reg[30]_i_207_n_0
    SLICE_X57Y127        CARRY4 (Prop_carry4_CI_CO[3])
                                                      0.114    60.978 r  dut/core1/u_divider/out_res_reg[30]_i_202/CO[3]
                         net (fo=1, routed)           0.000    60.978    dut/core1/u_divider/out_res_reg[30]_i_202_n_0
    SLICE_X57Y128        CARRY4 (Prop_carry4_CI_CO[3])
                                                      0.114    61.092 r  dut/core1/u_divider/out_res_reg[30]_i_197/CO[3]
                         net (fo=1, routed)           0.000    61.092    dut/core1/u_divider/out_res_reg[30]_i_197_n_0
    SLICE_X57Y129        CARRY4 (Prop_carry4_CI_CO[3])
                                                      0.114    61.206 r  dut/core1/u_divider/out_res_reg[30]_i_192/CO[3]
                         net (fo=1, routed)           0.000    61.206    dut/core1/u_divider/out_res_reg[30]_i_192_n_0
    SLICE_X57Y130        CARRY4 (Prop_carry4_CI_CO[3])
                                                      0.114    61.320 r  dut/core1/u_divider/out_res_reg[30]_i_189/CO[3]
                         net (fo=1, routed)           0.000    61.320    dut/core1/u_divider/out_res_reg[30]_i_189_n_0
    SLICE_X57Y131        CARRY4 (Prop_carry4_CI_CO[1])
                                                      0.157    61.477 r  dut/core1/u_divider/out_res_reg[30]_i_188/CO[1]
                         net (fo=27, routed)          1.834    63.311    dut/core1/u_divider/out_res_reg[30]_i_188_n_2
    SLICE_X56Y125        LUT3 (Prop_lut3_I0_O)        0.329    63.640 r  dut/core1/u_divider/out_res[30]_i_215/O
                         net (fo=1, routed)           0.000    63.640    dut/core1/u_divider/out_res[30]_i_215_n_0
    SLICE_X56Y125        CARRY4 (Prop_carry4_S[1]_CO[3])
                                                      0.550    64.190 r  dut/core1/u_divider/out_res_reg[30]_i_174/CO[3]
                         net (fo=1, routed)           0.000    64.190    dut/core1/u_divider/out_res_reg[30]_i_174_n_0
    SLICE_X56Y126        CARRY4 (Prop_carry4_CI_CO[3])
                                                      0.114    64.304 r  dut/core1/u_divider/out_res_reg[30]_i_169/CO[3]
                         net (fo=1, routed)           0.000    64.304    dut/core1/u_divider/out_res_reg[30]_i_169_n_0
    SLICE_X56Y127        CARRY4 (Prop_carry4_CI_CO[3])
                                                      0.114    64.418 r  dut/core1/u_divider/out_res_reg[30]_i_164/CO[3]
                         net (fo=1, routed)           0.000    64.418    dut/core1/u_divider/out_res_reg[30]_i_164_n_0
    SLICE_X56Y128        CARRY4 (Prop_carry4_CI_CO[3])
                                                      0.114    64.532 r  dut/core1/u_divider/out_res_reg[30]_i_159/CO[3]
                         net (fo=1, routed)           0.000    64.532    dut/core1/u_divider/out_res_reg[30]_i_159_n_0
    SLICE_X56Y129        CARRY4 (Prop_carry4_CI_CO[3])
                                                      0.114    64.646 r  dut/core1/u_divider/out_res_reg[30]_i_156/CO[3]
                         net (fo=1, routed)           0.000    64.646    dut/core1/u_divider/out_res_reg[30]_i_156_n_0
    SLICE_X56Y130        CARRY4 (Prop_carry4_CI_CO[1])
                                                      0.157    64.803 r  dut/core1/u_divider/out_res_reg[30]_i_155/CO[1]
                         net (fo=27, routed)          2.475    67.277    dut/core1/u_divider/out_res_reg[30]_i_155_n_2
    SLICE_X54Y123        LUT3 (Prop_lut3_I0_O)        0.329    67.606 r  dut/core1/u_divider/out_res[30]_i_182/O
                         net (fo=1, routed)           0.000    67.606    dut/core1/u_divider/out_res[30]_i_182_n_0
    SLICE_X54Y123        CARRY4 (Prop_carry4_S[1]_CO[3])
                                                      0.533    68.139 r  dut/core1/u_divider/out_res_reg[30]_i_141/CO[3]
                         net (fo=1, routed)           0.000    68.139    dut/core1/u_divider/out_res_reg[30]_i_141_n_0
    SLICE_X54Y124        CARRY4 (Prop_carry4_CI_CO[3])
                                                      0.117    68.256 r  dut/core1/u_divider/out_res_reg[30]_i_136/CO[3]
                         net (fo=1, routed)           0.009    68.265    dut/core1/u_divider/out_res_reg[30]_i_136_n_0
    SLICE_X54Y125        CARRY4 (Prop_carry4_CI_CO[3])
                                                      0.117    68.382 r  dut/core1/u_divider/out_res_reg[30]_i_131/CO[3]
                         net (fo=1, routed)           0.000    68.382    dut/core1/u_divider/out_res_reg[30]_i_131_n_0
    SLICE_X54Y126        CARRY4 (Prop_carry4_CI_CO[3])
                                                      0.117    68.499 r  dut/core1/u_divider/out_res_reg[30]_i_126/CO[3]
                         net (fo=1, routed)           0.000    68.499    dut/core1/u_divider/out_res_reg[30]_i_126_n_0
    SLICE_X54Y127        CARRY4 (Prop_carry4_CI_CO[3])
                                                      0.117    68.616 r  dut/core1/u_divider/out_res_reg[30]_i_123/CO[3]
                         net (fo=1, routed)           0.000    68.616    dut/core1/u_divider/out_res_reg[30]_i_123_n_0
    SLICE_X54Y128        CARRY4 (Prop_carry4_CI_CO[1])
                                                      0.157    68.773 r  dut/core1/u_divider/out_res_reg[30]_i_122/CO[1]
                         net (fo=27, routed)          2.287    71.060    dut/core1/u_divider/out_res_reg[30]_i_122_n_2
    SLICE_X48Y121        LUT3 (Prop_lut3_I0_O)        0.332    71.392 r  dut/core1/u_divider/out_res[30]_i_152/O
                         net (fo=1, routed)           0.000    71.392    dut/core1/u_divider/out_res[30]_i_152_n_0
    SLICE_X48Y121        CARRY4 (Prop_carry4_S[2]_CO[3])
                                                      0.398    71.790 r  dut/core1/u_divider/out_res_reg[30]_i_116/CO[3]
                         net (fo=1, routed)           0.000    71.790    dut/core1/u_divider/out_res_reg[30]_i_116_n_0
    SLICE_X48Y122        CARRY4 (Prop_carry4_CI_CO[3])
                                                      0.114    71.904 r  dut/core1/u_divider/out_res_reg[30]_i_111/CO[3]
                         net (fo=1, routed)           0.000    71.904    dut/core1/u_divider/out_res_reg[30]_i_111_n_0
    SLICE_X48Y123        CARRY4 (Prop_carry4_CI_CO[3])
                                                      0.114    72.018 r  dut/core1/u_divider/out_res_reg[30]_i_106/CO[3]
                         net (fo=1, routed)           0.000    72.018    dut/core1/u_divider/out_res_reg[30]_i_106_n_0
    SLICE_X48Y124        CARRY4 (Prop_carry4_CI_CO[3])
                                                      0.114    72.132 r  dut/core1/u_divider/out_res_reg[30]_i_101/CO[3]
                         net (fo=1, routed)           0.009    72.141    dut/core1/u_divider/out_res_reg[30]_i_101_n_0
    SLICE_X48Y125        CARRY4 (Prop_carry4_CI_CO[3])
                                                      0.114    72.255 r  dut/core1/u_divider/out_res_reg[30]_i_96/CO[3]
                         net (fo=1, routed)           0.000    72.255    dut/core1/u_divider/out_res_reg[30]_i_96_n_0
    SLICE_X48Y126        CARRY4 (Prop_carry4_CI_CO[3])
                                                      0.114    72.369 r  dut/core1/u_divider/out_res_reg[30]_i_93/CO[3]
                         net (fo=1, routed)           0.000    72.369    dut/core1/u_divider/out_res_reg[30]_i_93_n_0
    SLICE_X48Y127        CARRY4 (Prop_carry4_CI_CO[1])
                                                      0.157    72.526 r  dut/core1/u_divider/out_res_reg[30]_i_92/CO[1]
                         net (fo=27, routed)          1.945    74.471    dut/core1/u_divider/out_res_reg[30]_i_92_n_2
    SLICE_X47Y119        LUT3 (Prop_lut3_I0_O)        0.329    74.800 r  dut/core1/u_divider/i__carry_i_148/O
                         net (fo=1, routed)           0.000    74.800    dut/core1/u_divider/i__carry_i_148_n_0
    SLICE_X47Y119        CARRY4 (Prop_carry4_S[2]_CO[3])
                                                      0.398    75.198 r  dut/core1/u_divider/i__carry_i_124/CO[3]
                         net (fo=1, routed)           0.000    75.198    dut/core1/u_divider/i__carry_i_124_n_0
    SLICE_X47Y120        CARRY4 (Prop_carry4_CI_CO[3])
                                                      0.114    75.312 r  dut/core1/u_divider/out_res_reg[30]_i_86/CO[3]
                         net (fo=1, routed)           0.000    75.312    dut/core1/u_divider/out_res_reg[30]_i_86_n_0
    SLICE_X47Y121        CARRY4 (Prop_carry4_CI_CO[3])
                                                      0.114    75.426 r  dut/core1/u_divider/out_res_reg[30]_i_81/CO[3]
                         net (fo=1, routed)           0.000    75.426    dut/core1/u_divider/out_res_reg[30]_i_81_n_0
    SLICE_X47Y122        CARRY4 (Prop_carry4_CI_CO[3])
                                                      0.114    75.540 r  dut/core1/u_divider/out_res_reg[30]_i_76/CO[3]
                         net (fo=1, routed)           0.000    75.540    dut/core1/u_divider/out_res_reg[30]_i_76_n_0
    SLICE_X47Y123        CARRY4 (Prop_carry4_CI_CO[3])
                                                      0.114    75.654 r  dut/core1/u_divider/out_res_reg[30]_i_71/CO[3]
                         net (fo=1, routed)           0.000    75.654    dut/core1/u_divider/out_res_reg[30]_i_71_n_0
    SLICE_X47Y124        CARRY4 (Prop_carry4_CI_CO[3])
                                                      0.114    75.768 r  dut/core1/u_divider/out_res_reg[30]_i_68/CO[3]
                         net (fo=1, routed)           0.009    75.777    dut/core1/u_divider/out_res_reg[30]_i_68_n_0
    SLICE_X47Y125        CARRY4 (Prop_carry4_CI_CO[1])
                                                      0.157    75.934 r  dut/core1/u_divider/out_res_reg[30]_i_67/CO[1]
                         net (fo=27, routed)          1.425    77.359    dut/core1/u_divider/out_res_reg[30]_i_67_n_2
    SLICE_X50Y119        CARRY4 (Prop_carry4_CYINIT_CO[3])
                                                      0.800    78.159 r  dut/core1/u_divider/i__carry_i_119/CO[3]
                         net (fo=1, routed)           0.000    78.159    dut/core1/u_divider/i__carry_i_119_n_0
    SLICE_X50Y120        CARRY4 (Prop_carry4_CI_CO[3])
                                                      0.117    78.276 r  dut/core1/u_divider/i__carry_i_93/CO[3]
                         net (fo=1, routed)           0.000    78.276    dut/core1/u_divider/i__carry_i_93_n_0
    SLICE_X50Y121        CARRY4 (Prop_carry4_CI_CO[3])
                                                      0.117    78.393 r  dut/core1/u_divider/out_res_reg[30]_i_61/CO[3]
                         net (fo=1, routed)           0.000    78.393    dut/core1/u_divider/out_res_reg[30]_i_61_n_0
    SLICE_X50Y122        CARRY4 (Prop_carry4_CI_CO[3])
                                                      0.117    78.510 r  dut/core1/u_divider/out_res_reg[30]_i_56/CO[3]
                         net (fo=1, routed)           0.000    78.510    dut/core1/u_divider/out_res_reg[30]_i_56_n_0
    SLICE_X50Y123        CARRY4 (Prop_carry4_CI_CO[3])
                                                      0.117    78.627 r  dut/core1/u_divider/out_res_reg[30]_i_51/CO[3]
                         net (fo=1, routed)           0.000    78.627    dut/core1/u_divider/out_res_reg[30]_i_51_n_0
    SLICE_X50Y124        CARRY4 (Prop_carry4_CI_CO[3])
                                                      0.117    78.744 r  dut/core1/u_divider/out_res_reg[30]_i_48/CO[3]
                         net (fo=1, routed)           0.009    78.753    dut/core1/u_divider/out_res_reg[30]_i_48_n_0
    SLICE_X50Y125        CARRY4 (Prop_carry4_CI_CO[1])
                                                      0.157    78.910 r  dut/core1/u_divider/out_res_reg[30]_i_47/CO[1]
                         net (fo=27, routed)          1.640    80.550    dut/core1/u_divider/out_res_reg[30]_i_47_n_2
    SLICE_X52Y119        CARRY4 (Prop_carry4_CYINIT_CO[3])
                                                      0.788    81.338 r  dut/core1/u_divider/i__carry_i_114/CO[3]
                         net (fo=1, routed)           0.000    81.338    dut/core1/u_divider/i__carry_i_114_n_0
    SLICE_X52Y120        CARRY4 (Prop_carry4_CI_CO[3])
                                                      0.114    81.452 r  dut/core1/u_divider/i__carry_i_88/CO[3]
                         net (fo=1, routed)           0.000    81.452    dut/core1/u_divider/i__carry_i_88_n_0
    SLICE_X52Y121        CARRY4 (Prop_carry4_CI_CO[3])
                                                      0.114    81.566 r  dut/core1/u_divider/i__carry_i_67/CO[3]
                         net (fo=1, routed)           0.000    81.566    dut/core1/u_divider/i__carry_i_67_n_0
    SLICE_X52Y122        CARRY4 (Prop_carry4_CI_CO[3])
                                                      0.114    81.680 r  dut/core1/u_divider/out_res_reg[30]_i_41/CO[3]
                         net (fo=1, routed)           0.000    81.680    dut/core1/u_divider/out_res_reg[30]_i_41_n_0
    SLICE_X52Y123        CARRY4 (Prop_carry4_CI_CO[3])
                                                      0.114    81.794 r  dut/core1/u_divider/out_res_reg[30]_i_36/CO[3]
                         net (fo=1, routed)           0.000    81.794    dut/core1/u_divider/out_res_reg[30]_i_36_n_0
    SLICE_X52Y124        CARRY4 (Prop_carry4_CI_CO[3])
                                                      0.114    81.908 r  dut/core1/u_divider/out_res_reg[30]_i_33/CO[3]
                         net (fo=1, routed)           0.009    81.917    dut/core1/u_divider/out_res_reg[30]_i_33_n_0
    SLICE_X52Y125        CARRY4 (Prop_carry4_CI_CO[1])
                                                      0.157    82.074 r  dut/core1/u_divider/out_res_reg[30]_i_32/CO[1]
                         net (fo=27, routed)          1.739    83.814    dut/core1/u_divider/out_res_reg[30]_i_32_n_2
    SLICE_X53Y119        LUT3 (Prop_lut3_I0_O)        0.329    84.143 r  dut/core1/u_divider/i__carry_i_139/O
                         net (fo=1, routed)           0.000    84.143    dut/core1/u_divider/i__carry_i_139_n_0
    SLICE_X53Y119        CARRY4 (Prop_carry4_S[2]_CO[3])
                                                      0.398    84.541 r  dut/core1/u_divider/i__carry_i_109/CO[3]
                         net (fo=1, routed)           0.000    84.541    dut/core1/u_divider/i__carry_i_109_n_0
    SLICE_X53Y120        CARRY4 (Prop_carry4_CI_CO[3])
                                                      0.114    84.655 r  dut/core1/u_divider/i__carry_i_83/CO[3]
                         net (fo=1, routed)           0.000    84.655    dut/core1/u_divider/i__carry_i_83_n_0
    SLICE_X53Y121        CARRY4 (Prop_carry4_CI_CO[3])
                                                      0.114    84.769 r  dut/core1/u_divider/i__carry_i_62/CO[3]
                         net (fo=1, routed)           0.000    84.769    dut/core1/u_divider/i__carry_i_62_n_0
    SLICE_X53Y122        CARRY4 (Prop_carry4_CI_CO[3])
                                                      0.114    84.883 r  dut/core1/u_divider/i__carry_i_46/CO[3]
                         net (fo=1, routed)           0.000    84.883    dut/core1/u_divider/i__carry_i_46_n_0
    SLICE_X53Y123        CARRY4 (Prop_carry4_CI_CO[3])
                                                      0.114    84.997 r  dut/core1/u_divider/out_res_reg[30]_i_26/CO[3]
                         net (fo=1, routed)           0.000    84.997    dut/core1/u_divider/out_res_reg[30]_i_26_n_0
    SLICE_X53Y124        CARRY4 (Prop_carry4_CI_CO[3])
                                                      0.114    85.111 r  dut/core1/u_divider/out_res_reg[30]_i_23/CO[3]
                         net (fo=1, routed)           0.009    85.120    dut/core1/u_divider/out_res_reg[30]_i_23_n_0
    SLICE_X53Y125        CARRY4 (Prop_carry4_CI_CO[1])
                                                      0.157    85.277 r  dut/core1/u_divider/out_res_reg[30]_i_22/CO[1]
                         net (fo=27, routed)          2.313    87.590    dut/core1/u_divider/out_res_reg[30]_i_22_n_2
    SLICE_X55Y117        LUT3 (Prop_lut3_I0_O)        0.329    87.919 r  dut/core1/u_divider/i__carry_i_135/O
                         net (fo=1, routed)           0.000    87.919    dut/core1/u_divider/i__carry_i_135_n_0
    SLICE_X55Y117        CARRY4 (Prop_carry4_S[3]_CO[3])
                                                      0.401    88.320 r  dut/core1/u_divider/i__carry_i_104/CO[3]
                         net (fo=1, routed)           0.000    88.320    dut/core1/u_divider/i__carry_i_104_n_0
    SLICE_X55Y118        CARRY4 (Prop_carry4_CI_CO[3])
                                                      0.114    88.434 r  dut/core1/u_divider/i__carry_i_78/CO[3]
                         net (fo=1, routed)           0.000    88.434    dut/core1/u_divider/i__carry_i_78_n_0
    SLICE_X55Y119        CARRY4 (Prop_carry4_CI_CO[3])
                                                      0.114    88.548 r  dut/core1/u_divider/i__carry_i_57/CO[3]
                         net (fo=1, routed)           0.000    88.548    dut/core1/u_divider/i__carry_i_57_n_0
    SLICE_X55Y120        CARRY4 (Prop_carry4_CI_CO[3])
                                                      0.114    88.662 r  dut/core1/u_divider/i__carry_i_41/CO[3]
                         net (fo=1, routed)           0.000    88.662    dut/core1/u_divider/i__carry_i_41_n_0
    SLICE_X55Y121        CARRY4 (Prop_carry4_CI_CO[3])
                                                      0.114    88.776 r  dut/core1/u_divider/i__carry_i_30/CO[3]
                         net (fo=1, routed)           0.000    88.776    dut/core1/u_divider/i__carry_i_30_n_0
    SLICE_X55Y122        CARRY4 (Prop_carry4_CI_CO[3])
                                                      0.114    88.890 r  dut/core1/u_divider/out_res_reg[30]_i_15/CO[3]
                         net (fo=1, routed)           0.000    88.890    dut/core1/u_divider/out_res_reg[30]_i_15_n_0
    SLICE_X55Y123        CARRY4 (Prop_carry4_CI_CO[1])
                                                      0.157    89.047 r  dut/core1/u_divider/out_res_reg[30]_i_14/CO[1]
                         net (fo=27, routed)          1.678    90.725    dut/core1/u_divider/out_res_reg[30]_i_14_n_2
    SLICE_X56Y117        LUT3 (Prop_lut3_I0_O)        0.329    91.054 r  dut/core1/u_divider/i__carry_i_134/O
                         net (fo=1, routed)           0.000    91.054    dut/core1/u_divider/i__carry_i_134_n_0
    SLICE_X56Y117        CARRY4 (Prop_carry4_S[1]_CO[3])
                                                      0.550    91.604 r  dut/core1/u_divider/i__carry_i_99/CO[3]
                         net (fo=1, routed)           0.000    91.604    dut/core1/u_divider/i__carry_i_99_n_0
    SLICE_X56Y118        CARRY4 (Prop_carry4_CI_CO[3])
                                                      0.114    91.718 r  dut/core1/u_divider/i__carry_i_73/CO[3]
                         net (fo=1, routed)           0.000    91.718    dut/core1/u_divider/i__carry_i_73_n_0
    SLICE_X56Y119        CARRY4 (Prop_carry4_CI_CO[3])
                                                      0.114    91.832 r  dut/core1/u_divider/i__carry_i_52/CO[3]
                         net (fo=1, routed)           0.000    91.832    dut/core1/u_divider/i__carry_i_52_n_0
    SLICE_X56Y120        CARRY4 (Prop_carry4_CI_CO[3])
                                                      0.114    91.946 r  dut/core1/u_divider/i__carry_i_36/CO[3]
                         net (fo=1, routed)           0.000    91.946    dut/core1/u_divider/i__carry_i_36_n_0
    SLICE_X56Y121        CARRY4 (Prop_carry4_CI_CO[3])
                                                      0.114    92.060 r  dut/core1/u_divider/i__carry_i_25/CO[3]
                         net (fo=1, routed)           0.000    92.060    dut/core1/u_divider/i__carry_i_25_n_0
    SLICE_X56Y122        CARRY4 (Prop_carry4_CI_CO[3])
                                                      0.114    92.174 r  dut/core1/u_divider/i__carry_i_15/CO[3]
                         net (fo=1, routed)           0.000    92.174    dut/core1/execute_unit/u_fpu/u_divider/u_divider/i__carry_i_16[0]
    SLICE_X56Y123        CARRY4 (Prop_carry4_CI_CO[1])
                                                      0.157    92.331 r  dut/core1/execute_unit/u_fpu/u_divider/out_res_reg[30]_i_8/CO[1]
                         net (fo=70, routed)          1.425    93.756    dut/core1/execute_unit_n_53
    SLICE_X57Y119        LUT3 (Prop_lut3_I0_O)        0.329    94.085 r  dut/core1/u_divider/i__carry_i_102/O
                         net (fo=1, routed)           0.000    94.085    dut/core1/u_divider/i__carry_i_102_n_0
    SLICE_X57Y119        CARRY4 (Prop_carry4_S[1]_CO[3])
                                                      0.550    94.635 r  dut/core1/u_divider/i__carry_i_72/CO[3]
                         net (fo=1, routed)           0.000    94.635    dut/core1/u_divider/i__carry_i_72_n_0
    SLICE_X57Y120        CARRY4 (Prop_carry4_CI_CO[3])
                                                      0.114    94.749 r  dut/core1/u_divider/i__carry_i_51/CO[3]
                         net (fo=1, routed)           0.000    94.749    dut/core1/u_divider/i__carry_i_51_n_0
    SLICE_X57Y121        CARRY4 (Prop_carry4_CI_CO[3])
                                                      0.114    94.863 r  dut/core1/u_divider/i__carry_i_35/CO[3]
                         net (fo=1, routed)           0.000    94.863    dut/core1/u_divider/i__carry_i_35_n_0
    SLICE_X57Y122        CARRY4 (Prop_carry4_CI_CO[3])
                                                      0.114    94.977 r  dut/core1/u_divider/i__carry_i_24/CO[3]
                         net (fo=1, routed)           0.000    94.977    dut/core1/u_divider/i__carry_i_24_n_0
    SLICE_X57Y123        CARRY4 (Prop_carry4_CI_CO[3])
                                                      0.114    95.091 r  dut/core1/u_divider/i__carry_i_14/CO[3]
                         net (fo=1, routed)           0.000    95.091    dut/core1/u_divider/i__carry_i_14_n_0
    SLICE_X57Y124        CARRY4 (Prop_carry4_CI_CO[1])
                                                      0.157    95.248 r  dut/core1/u_divider/i__carry_i_11/CO[1]
                         net (fo=39, routed)          1.572    96.820    dut/core1/u_divider/i__carry_i_11_n_2
    SLICE_X59Y120        LUT3 (Prop_lut3_I0_O)        0.329    97.149 r  dut/core1/u_divider/out_res[21]_i_38/O
                         net (fo=1, routed)           0.000    97.149    dut/core1/u_divider/out_res[21]_i_38_n_0
    SLICE_X59Y120        CARRY4 (Prop_carry4_S[1]_CO[3])
                                                      0.550    97.699 r  dut/core1/u_divider/out_res_reg[21]_i_29/CO[3]
                         net (fo=1, routed)           0.000    97.699    dut/core1/u_divider/out_res_reg[21]_i_29_n_0
    SLICE_X59Y121        CARRY4 (Prop_carry4_CI_CO[3])
                                                      0.114    97.813 r  dut/core1/u_divider/out_res_reg[21]_i_23/CO[3]
                         net (fo=1, routed)           0.000    97.813    dut/core1/u_divider/out_res_reg[21]_i_23_n_0
    SLICE_X59Y122        CARRY4 (Prop_carry4_CI_CO[3])
                                                      0.114    97.927 r  dut/core1/u_divider/out_res_reg[21]_i_17/CO[3]
                         net (fo=1, routed)           0.000    97.927    dut/core1/u_divider/out_res_reg[21]_i_17_n_0
    SLICE_X59Y123        CARRY4 (Prop_carry4_CI_CO[3])
                                                      0.114    98.041 r  dut/core1/u_divider/out_res_reg[21]_i_11/CO[3]
                         net (fo=1, routed)           0.000    98.041    dut/core1/u_divider/out_res_reg[21]_i_11_n_0
    SLICE_X59Y124        CARRY4 (Prop_carry4_CI_CO[3])
                                                      0.114    98.155 r  dut/core1/u_divider/out_res_reg[21]_i_7/CO[3]
                         net (fo=1, routed)           0.009    98.164    dut/core1/u_divider/out_res_reg[21]_i_7_n_0
    SLICE_X59Y125        CARRY4 (Prop_carry4_CI_CO[1])
                                                      0.157    98.321 r  dut/core1/u_divider/out_res_reg[21]_i_5/CO[1]
                         net (fo=32, routed)          2.734   101.055    dut/core1/execute_unit/u_fpu/u_divider/out_res_reg[21]_0[0]
    SLICE_X59Y106        LUT5 (Prop_lut5_I0_O)        0.329   101.384 r  dut/core1/execute_unit/u_fpu/u_divider/i__carry_i_18__4/O
                         net (fo=3, routed)           0.592   101.976    dut/core1/execute_unit/u_fpu/u_divider/i__carry_i_18__4_n_0
    SLICE_X59Y105        LUT6 (Prop_lut6_I0_O)        0.124   102.100 r  dut/core1/execute_unit/u_fpu/u_divider/i__carry_i_13__11/O
                         net (fo=33, routed)          0.817   102.916    dut/core1/execute_unit/u_fpu/u_divider/i__carry_i_13__11_n_0
    SLICE_X57Y106        LUT4 (Prop_lut4_I3_O)        0.124   103.040 r  dut/core1/execute_unit/u_fpu/u_divider/i__carry_i_8__20/O
                         net (fo=1, routed)           0.000   103.040    dut/core1/execute_unit/u_fpu/u_divider/i__carry_i_8__20_n_0
    SLICE_X57Y106        CARRY4 (Prop_carry4_S[0]_CO[3])
                                                      0.532   103.572 r  dut/core1/execute_unit/u_fpu/u_divider/exp_norm0_inferred__0/i__carry/CO[3]
                         net (fo=1, routed)           0.000   103.572    dut/core1/execute_unit/u_fpu/u_divider/exp_norm0_inferred__0/i__carry_n_0
    SLICE_X57Y107        CARRY4 (Prop_carry4_CI_O[2])
                                                      0.239   103.811 f  dut/core1/execute_unit/u_fpu/u_divider/exp_norm0_inferred__0/i__carry__0/O[2]
                         net (fo=3, routed)           1.158   104.969    dut/core1/execute_unit/u_fpu/u_divider/exp_norm[6]
    SLICE_X60Y107        LUT6 (Prop_lut6_I1_O)        0.302   105.271 f  dut/core1/execute_unit/u_fpu/u_divider/i__carry_i_12__14/O
                         net (fo=1, routed)           0.444   105.715    dut/core1/execute_unit/u_fpu/u_divider/i__carry_i_12__14_n_0
    SLICE_X60Y107        LUT6 (Prop_lut6_I1_O)        0.124   105.839 r  dut/core1/execute_unit/u_fpu/u_divider/i__carry_i_11__12/O
                         net (fo=4, routed)           0.666   106.504    dut/core1/execute_unit/u_fpu/u_divider/i__carry_i_11__12_n_0
    SLICE_X60Y107        LUT6 (Prop_lut6_I5_O)        0.124   106.628 r  dut/core1/execute_unit/u_fpu/u_divider/i__carry_i_5__19/O
                         net (fo=32, routed)          0.568   107.196    dut/core1/execute_unit/u_fpu/u_divider/i__carry_i_5__19_n_0
    SLICE_X61Y106        LUT2 (Prop_lut2_I1_O)        0.124   107.320 r  dut/core1/execute_unit/u_fpu/u_divider/i__carry_i_4__0/O
                         net (fo=1, routed)           0.000   107.320    dut/core1/execute_unit/u_fpu/u_divider/i__carry_i_4__0_n_0
    SLICE_X61Y106        CARRY4 (Prop_carry4_S[0]_CO[3])
                                                      0.532   107.852 r  dut/core1/execute_unit/u_fpu/u_divider/exp_norm0_inferred__1/i__carry/CO[3]
                         net (fo=1, routed)           0.000   107.852    dut/core1/execute_unit/u_fpu/u_divider/exp_norm0_inferred__1/i__carry_n_0
    SLICE_X61Y107        CARRY4 (Prop_carry4_CI_CO[3])
                                                      0.114   107.966 r  dut/core1/execute_unit/u_fpu/u_divider/exp_norm0_inferred__1/i__carry__0/CO[3]
                         net (fo=1, routed)           0.000   107.966    dut/core1/execute_unit/u_fpu/u_divider/exp_norm0_inferred__1/i__carry__0_n_0
    SLICE_X61Y108        CARRY4 (Prop_carry4_CI_O[0])
                                                      0.222   108.188 f  dut/core1/execute_unit/u_fpu/u_divider/exp_norm0_inferred__1/i__carry__1/O[0]
                         net (fo=3, routed)           0.824   109.012    dut/core1/execute_unit/u_fpu/u_divider/exp_norm0_inferred__1/i__carry__1_n_7
    SLICE_X63Y107        LUT6 (Prop_lut6_I1_O)        0.299   109.311 f  dut/core1/execute_unit/u_fpu/u_divider/i__carry_i_8__14/O
                         net (fo=1, routed)           0.151   109.462    dut/core1/execute_unit/u_fpu/u_divider/i__carry_i_8__14_n_0
    SLICE_X63Y107        LUT6 (Prop_lut6_I1_O)        0.124   109.586 r  dut/core1/execute_unit/u_fpu/u_divider/i__carry_i_7__14/O
                         net (fo=2, routed)           0.445   110.031    dut/core1/execute_unit/u_fpu/u_divider/i__carry_i_7__14_n_0
    SLICE_X63Y107        LUT6 (Prop_lut6_I5_O)        0.124   110.155 r  dut/core1/execute_unit/u_fpu/u_divider/i__carry_i_5__18/O
                         net (fo=30, routed)          0.976   111.131    dut/core1/execute_unit/u_fpu/u_divider/i__carry_i_5__18_n_0
    SLICE_X67Y106        LUT2 (Prop_lut2_I1_O)        0.124   111.255 r  dut/core1/execute_unit/u_fpu/u_divider/i__carry_i_4__1/O
                         net (fo=1, routed)           0.000   111.255    dut/core1/execute_unit/u_fpu/u_divider/i__carry_i_4__1_n_0
    SLICE_X67Y106        CARRY4 (Prop_carry4_S[0]_CO[3])
                                                      0.532   111.787 r  dut/core1/execute_unit/u_fpu/u_divider/exp_norm0_inferred__2/i__carry/CO[3]
                         net (fo=1, routed)           0.000   111.787    dut/core1/execute_unit/u_fpu/u_divider/exp_norm0_inferred__2/i__carry_n_0
    SLICE_X67Y107        CARRY4 (Prop_carry4_CI_O[3])
                                                      0.313   112.100 f  dut/core1/execute_unit/u_fpu/u_divider/exp_norm0_inferred__2/i__carry__0/O[3]
                         net (fo=3, routed)           0.974   113.074    dut/core1/execute_unit/u_fpu/u_divider/exp_norm0_inferred__2/i__carry__0_n_4
    SLICE_X66Y109        LUT6 (Prop_lut6_I2_O)        0.306   113.380 f  dut/core1/execute_unit/u_fpu/u_divider/i__carry_i_12__15/O
                         net (fo=1, routed)           0.658   114.039    dut/core1/execute_unit/u_fpu/u_divider/i__carry_i_12__15_n_0
    SLICE_X66Y109        LUT6 (Prop_lut6_I1_O)        0.124   114.163 r  dut/core1/execute_unit/u_fpu/u_divider/i__carry_i_9__6/O
                         net (fo=3, routed)           0.817   114.979    dut/core1/execute_unit/u_fpu/u_divider/i__carry_i_9__6_n_0
    SLICE_X64Y106        LUT6 (Prop_lut6_I5_O)        0.124   115.103 r  dut/core1/execute_unit/u_fpu/u_divider/i__carry_i_5__17/O
                         net (fo=28, routed)          1.125   116.228    dut/core1/execute_unit/u_fpu/u_divider/i__carry_i_5__17_n_0
    SLICE_X80Y110        LUT2 (Prop_lut2_I1_O)        0.124   116.352 r  dut/core1/execute_unit/u_fpu/u_divider/i__carry_i_4__2/O
                         net (fo=1, routed)           0.000   116.352    dut/core1/execute_unit/u_fpu/u_divider/i__carry_i_4__2_n_0
    SLICE_X80Y110        CARRY4 (Prop_carry4_S[0]_CO[3])
                                                      0.532   116.884 r  dut/core1/execute_unit/u_fpu/u_divider/exp_norm0_inferred__3/i__carry/CO[3]
                         net (fo=1, routed)           0.000   116.884    dut/core1/execute_unit/u_fpu/u_divider/exp_norm0_inferred__3/i__carry_n_0
    SLICE_X80Y111        CARRY4 (Prop_carry4_CI_O[3])
                                                      0.313   117.197 f  dut/core1/execute_unit/u_fpu/u_divider/exp_norm0_inferred__3/i__carry__0/O[3]
                         net (fo=3, routed)           0.825   118.022    dut/core1/execute_unit/u_fpu/u_divider/exp_norm0_inferred__3/i__carry__0_n_4
    SLICE_X80Y113        LUT6 (Prop_lut6_I2_O)        0.306   118.328 f  dut/core1/execute_unit/u_fpu/u_divider/i__carry_i_11__13/O
                         net (fo=1, routed)           0.798   119.126    dut/core1/execute_unit/u_fpu/u_divider/i__carry_i_11__13_n_0
    SLICE_X80Y114        LUT6 (Prop_lut6_I1_O)        0.124   119.250 r  dut/core1/execute_unit/u_fpu/u_divider/i__carry_i_9__7/O
                         net (fo=1, routed)           0.795   120.046    dut/core1/execute_unit/u_fpu/u_divider/i__carry_i_9__7_n_0
    SLICE_X66Y109        LUT6 (Prop_lut6_I5_O)        0.124   120.170 r  dut/core1/execute_unit/u_fpu/u_divider/i__carry_i_5__16/O
                         net (fo=29, routed)          1.323   121.492    dut/core1/execute_unit/u_fpu/u_divider/i__carry_i_5__16_n_0
    SLICE_X81Y112        LUT2 (Prop_lut2_I1_O)        0.124   121.616 r  dut/core1/execute_unit/u_fpu/u_divider/i__carry_i_4__3/O
                         net (fo=1, routed)           0.000   121.616    dut/core1/execute_unit/u_fpu/u_divider/i__carry_i_4__3_n_0
    SLICE_X81Y112        CARRY4 (Prop_carry4_S[0]_CO[3])
                                                      0.532   122.148 r  dut/core1/execute_unit/u_fpu/u_divider/exp_norm0_inferred__4/i__carry/CO[3]
                         net (fo=1, routed)           0.000   122.148    dut/core1/execute_unit/u_fpu/u_divider/exp_norm0_inferred__4/i__carry_n_0
    SLICE_X81Y113        CARRY4 (Prop_carry4_CI_O[0])
                                                      0.222   122.370 f  dut/core1/execute_unit/u_fpu/u_divider/exp_norm0_inferred__4/i__carry__0/O[0]
                         net (fo=3, routed)           0.883   123.253    dut/core1/execute_unit/u_fpu/u_divider/exp_norm0_inferred__4/i__carry__0_n_7
    SLICE_X80Y113        LUT6 (Prop_lut6_I4_O)        0.299   123.552 f  dut/core1/execute_unit/u_fpu/u_divider/i__carry_i_10__15/O
                         net (fo=1, routed)           0.669   124.221    dut/core1/execute_unit/u_fpu/u_divider/i__carry_i_10__15_n_0
    SLICE_X80Y113        LUT6 (Prop_lut6_I1_O)        0.124   124.345 r  dut/core1/execute_unit/u_fpu/u_divider/i__carry_i_8__15/O
                         net (fo=4, routed)           1.010   125.355    dut/core1/execute_unit/u_fpu/u_divider/i__carry_i_8__15_n_0
    SLICE_X83Y111        LUT4 (Prop_lut4_I3_O)        0.124   125.479 r  dut/core1/execute_unit/u_fpu/u_divider/i__carry_i_5__15/O
                         net (fo=26, routed)          0.576   126.054    dut/core1/execute_unit/u_fpu/u_divider/i__carry_i_5__15_n_0
    SLICE_X81Y109        LUT2 (Prop_lut2_I1_O)        0.124   126.178 r  dut/core1/execute_unit/u_fpu/u_divider/i__carry_i_4__4/O
                         net (fo=1, routed)           0.000   126.178    dut/core1/execute_unit/u_fpu/u_divider/i__carry_i_4__4_n_0
    SLICE_X81Y109        CARRY4 (Prop_carry4_S[0]_CO[3])
                                                      0.532   126.710 r  dut/core1/execute_unit/u_fpu/u_divider/exp_norm0_inferred__5/i__carry/CO[3]
                         net (fo=1, routed)           0.000   126.710    dut/core1/execute_unit/u_fpu/u_divider/exp_norm0_inferred__5/i__carry_n_0
    SLICE_X81Y110        CARRY4 (Prop_carry4_CI_O[2])
                                                      0.239   126.949 f  dut/core1/execute_unit/u_fpu/u_divider/exp_norm0_inferred__5/i__carry__0/O[2]
                         net (fo=3, routed)           1.279   128.228    dut/core1/execute_unit/u_fpu/u_divider/exp_norm0_inferred__5/i__carry__0_n_5
    SLICE_X85Y109        LUT6 (Prop_lut6_I1_O)        0.302   128.530 f  dut/core1/execute_unit/u_fpu/u_divider/i__carry_i_9__8/O
                         net (fo=1, routed)           0.589   129.119    dut/core1/execute_unit/u_fpu/u_divider/i__carry_i_9__8_n_0
    SLICE_X84Y111        LUT6 (Prop_lut6_I1_O)        0.124   129.243 r  dut/core1/execute_unit/u_fpu/u_divider/i__carry_i_7__15/O
                         net (fo=1, routed)           0.788   130.032    dut/core1/execute_unit/u_fpu/u_divider/i__carry_i_7__15_n_0
    SLICE_X83Y111        LUT6 (Prop_lut6_I5_O)        0.124   130.156 r  dut/core1/execute_unit/u_fpu/u_divider/i__carry_i_5__14/O
                         net (fo=27, routed)          0.569   130.725    dut/core1/execute_unit/u_fpu/u_divider/i__carry_i_5__14_n_0
    SLICE_X85Y110        LUT2 (Prop_lut2_I1_O)        0.124   130.849 r  dut/core1/execute_unit/u_fpu/u_divider/i__carry_i_4__5/O
                         net (fo=1, routed)           0.000   130.849    dut/core1/execute_unit/u_fpu/u_divider/i__carry_i_4__5_n_0
    SLICE_X85Y110        CARRY4 (Prop_carry4_S[0]_CO[3])
                                                      0.532   131.381 r  dut/core1/execute_unit/u_fpu/u_divider/exp_norm0_inferred__6/i__carry/CO[3]
                         net (fo=1, routed)           0.000   131.381    dut/core1/execute_unit/u_fpu/u_divider/exp_norm0_inferred__6/i__carry_n_0
    SLICE_X85Y111        CARRY4 (Prop_carry4_CI_O[0])
                                                      0.222   131.603 f  dut/core1/execute_unit/u_fpu/u_divider/exp_norm0_inferred__6/i__carry__0/O[0]
                         net (fo=3, routed)           0.854   132.456    dut/core1/execute_unit/u_fpu/u_divider/exp_norm0_inferred__6/i__carry__0_n_7
    SLICE_X84Y110        LUT6 (Prop_lut6_I4_O)        0.299   132.755 f  dut/core1/execute_unit/u_fpu/u_divider/i__carry_i_13__12/O
                         net (fo=1, routed)           0.421   133.176    dut/core1/execute_unit/u_fpu/u_divider/i__carry_i_13__12_n_0
    SLICE_X84Y111        LUT6 (Prop_lut6_I1_O)        0.124   133.300 r  dut/core1/execute_unit/u_fpu/u_divider/i__carry_i_9__9/O
                         net (fo=4, routed)           0.792   134.092    dut/core1/execute_unit/u_fpu/u_divider/i__carry_i_9__9_n_0
    SLICE_X83Y113        LUT6 (Prop_lut6_I5_O)        0.124   134.216 r  dut/core1/execute_unit/u_fpu/u_divider/i__carry_i_5__13/O
                         net (fo=27, routed)          1.264   135.480    dut/core1/execute_unit/u_fpu/u_divider/i__carry_i_5__13_n_0
    SLICE_X87Y110        LUT2 (Prop_lut2_I1_O)        0.124   135.604 r  dut/core1/execute_unit/u_fpu/u_divider/i__carry_i_4__6/O
                         net (fo=1, routed)           0.000   135.604    dut/core1/execute_unit/u_fpu/u_divider/i__carry_i_4__6_n_0
    SLICE_X87Y110        CARRY4 (Prop_carry4_S[0]_CO[3])
                                                      0.532   136.136 r  dut/core1/execute_unit/u_fpu/u_divider/exp_norm0_inferred__7/i__carry/CO[3]
                         net (fo=1, routed)           0.000   136.136    dut/core1/execute_unit/u_fpu/u_divider/exp_norm0_inferred__7/i__carry_n_0
    SLICE_X87Y111        CARRY4 (Prop_carry4_CI_O[3])
                                                      0.313   136.449 f  dut/core1/execute_unit/u_fpu/u_divider/exp_norm0_inferred__7/i__carry__0/O[3]
                         net (fo=3, routed)           1.252   137.701    dut/core1/execute_unit/u_fpu/u_divider/exp_norm0_inferred__7/i__carry__0_n_4
    SLICE_X88Y113        LUT6 (Prop_lut6_I2_O)        0.306   138.007 f  dut/core1/execute_unit/u_fpu/u_divider/i__carry_i_10__16/O
                         net (fo=1, routed)           0.279   138.286    dut/core1/execute_unit/u_fpu/u_divider/i__carry_i_10__16_n_0
    SLICE_X88Y113        LUT6 (Prop_lut6_I1_O)        0.124   138.410 r  dut/core1/execute_unit/u_fpu/u_divider/i__carry_i_8__16/O
                         net (fo=2, routed)           0.656   139.066    dut/core1/execute_unit/u_fpu/u_divider/i__carry_i_8__16_n_0
    SLICE_X89Y113        LUT4 (Prop_lut4_I3_O)        0.124   139.190 r  dut/core1/execute_unit/u_fpu/u_divider/i__carry_i_5__12/O
                         net (fo=29, routed)          0.648   139.838    dut/core1/execute_unit/u_fpu/u_divider/i__carry_i_5__12_n_0
    SLICE_X87Y113        LUT2 (Prop_lut2_I1_O)        0.124   139.962 r  dut/core1/execute_unit/u_fpu/u_divider/i__carry_i_4__7/O
                         net (fo=1, routed)           0.000   139.962    dut/core1/execute_unit/u_fpu/u_divider/i__carry_i_4__7_n_0
    SLICE_X87Y113        CARRY4 (Prop_carry4_S[0]_CO[3])
                                                      0.532   140.494 r  dut/core1/execute_unit/u_fpu/u_divider/exp_norm0_inferred__8/i__carry/CO[3]
                         net (fo=1, routed)           0.000   140.494    dut/core1/execute_unit/u_fpu/u_divider/exp_norm0_inferred__8/i__carry_n_0
    SLICE_X87Y114        CARRY4 (Prop_carry4_CI_O[0])
                                                      0.222   140.716 f  dut/core1/execute_unit/u_fpu/u_divider/exp_norm0_inferred__8/i__carry__0/O[0]
                         net (fo=3, routed)           0.816   141.531    dut/core1/execute_unit/u_fpu/u_divider/exp_norm0_inferred__8/i__carry__0_n_7
    SLICE_X86Y115        LUT6 (Prop_lut6_I4_O)        0.299   141.830 f  dut/core1/execute_unit/u_fpu/u_divider/i__carry_i_9__10/O
                         net (fo=1, routed)           0.162   141.992    dut/core1/execute_unit/u_fpu/u_divider/i__carry_i_9__10_n_0
    SLICE_X86Y115        LUT6 (Prop_lut6_I1_O)        0.124   142.116 r  dut/core1/execute_unit/u_fpu/u_divider/i__carry_i_7__16/O
                         net (fo=3, routed)           0.721   142.838    dut/core1/execute_unit/u_fpu/u_divider/i__carry_i_7__16_n_0
    SLICE_X89Y113        LUT6 (Prop_lut6_I5_O)        0.124   142.962 r  dut/core1/execute_unit/u_fpu/u_divider/i__carry_i_5__11/O
                         net (fo=26, routed)          0.330   143.292    dut/core1/execute_unit/u_fpu/u_divider/i__carry_i_5__11_n_0
    SLICE_X85Y113        LUT2 (Prop_lut2_I1_O)        0.124   143.416 r  dut/core1/execute_unit/u_fpu/u_divider/i__carry_i_4__8/O
                         net (fo=1, routed)           0.000   143.416    dut/core1/execute_unit/u_fpu/u_divider/i__carry_i_4__8_n_0
    SLICE_X85Y113        CARRY4 (Prop_carry4_S[0]_CO[3])
                                                      0.532   143.948 r  dut/core1/execute_unit/u_fpu/u_divider/exp_norm0_inferred__9/i__carry/CO[3]
                         net (fo=1, routed)           0.000   143.948    dut/core1/execute_unit/u_fpu/u_divider/exp_norm0_inferred__9/i__carry_n_0
    SLICE_X85Y114        CARRY4 (Prop_carry4_CI_O[1])
                                                      0.334   144.282 f  dut/core1/execute_unit/u_fpu/u_divider/exp_norm0_inferred__9/i__carry__0/O[1]
                         net (fo=3, routed)           1.043   145.324    dut/core1/execute_unit/u_fpu/u_divider/exp_norm0_inferred__9/i__carry__0_n_6
    SLICE_X84Y114        LUT6 (Prop_lut6_I0_O)        0.303   145.627 f  dut/core1/execute_unit/u_fpu/u_divider/i__carry_i_11__14/O
                         net (fo=1, routed)           0.847   146.475    dut/core1/execute_unit/u_fpu/u_divider/i__carry_i_11__14_n_0
    SLICE_X86Y115        LUT6 (Prop_lut6_I1_O)        0.124   146.599 r  dut/core1/execute_unit/u_fpu/u_divider/i__carry_i_9__11/O
                         net (fo=1, routed)           1.162   147.761    dut/core1/execute_unit/u_fpu/u_divider/i__carry_i_9__11_n_0
    SLICE_X89Y113        LUT6 (Prop_lut6_I5_O)        0.124   147.885 r  dut/core1/execute_unit/u_fpu/u_divider/i__carry_i_5__10/O
                         net (fo=30, routed)          0.596   148.481    dut/core1/execute_unit/u_fpu/u_divider/i__carry_i_5__10_n_0
    SLICE_X88Y114        LUT2 (Prop_lut2_I1_O)        0.124   148.605 r  dut/core1/execute_unit/u_fpu/u_divider/i__carry_i_4__9/O
                         net (fo=1, routed)           0.000   148.605    dut/core1/execute_unit/u_fpu/u_divider/i__carry_i_4__9_n_0
    SLICE_X88Y114        CARRY4 (Prop_carry4_S[0]_CO[3])
                                                      0.532   149.137 r  dut/core1/execute_unit/u_fpu/u_divider/exp_norm0_inferred__10/i__carry/CO[3]
                         net (fo=1, routed)           0.000   149.137    dut/core1/execute_unit/u_fpu/u_divider/exp_norm0_inferred__10/i__carry_n_0
    SLICE_X88Y115        CARRY4 (Prop_carry4_CI_O[1])
                                                      0.334   149.471 f  dut/core1/execute_unit/u_fpu/u_divider/exp_norm0_inferred__10/i__carry__0/O[1]
                         net (fo=3, routed)           1.023   150.494    dut/core1/execute_unit/u_fpu/u_divider/exp_norm0_inferred__10/i__carry__0_n_6
    SLICE_X86Y115        LUT6 (Prop_lut6_I0_O)        0.303   150.797 f  dut/core1/execute_unit/u_fpu/u_divider/i__carry_i_10__17/O
                         net (fo=1, routed)           0.516   151.312    dut/core1/execute_unit/u_fpu/u_divider/i__carry_i_10__17_n_0
    SLICE_X86Y116        LUT6 (Prop_lut6_I1_O)        0.124   151.436 r  dut/core1/execute_unit/u_fpu/u_divider/i__carry_i_8__17/O
                         net (fo=4, routed)           0.829   152.266    dut/core1/execute_unit/u_fpu/u_divider/i__carry_i_8__17_n_0
    SLICE_X87Y116        LUT4 (Prop_lut4_I3_O)        0.124   152.390 r  dut/core1/execute_unit/u_fpu/u_divider/i__carry_i_5__9/O
                         net (fo=27, routed)          0.948   153.338    dut/core1/execute_unit/u_fpu/u_divider/i__carry_i_5__9_n_0
    SLICE_X89Y114        LUT2 (Prop_lut2_I1_O)        0.124   153.462 r  dut/core1/execute_unit/u_fpu/u_divider/i__carry_i_4__10/O
                         net (fo=1, routed)           0.000   153.462    dut/core1/execute_unit/u_fpu/u_divider/i__carry_i_4__10_n_0
    SLICE_X89Y114        CARRY4 (Prop_carry4_S[0]_CO[3])
                                                      0.532   153.994 r  dut/core1/execute_unit/u_fpu/u_divider/exp_norm0_inferred__11/i__carry/CO[3]
                         net (fo=1, routed)           0.000   153.994    dut/core1/execute_unit/u_fpu/u_divider/exp_norm0_inferred__11/i__carry_n_0
    SLICE_X89Y115        CARRY4 (Prop_carry4_CI_O[2])
                                                      0.239   154.233 f  dut/core1/execute_unit/u_fpu/u_divider/exp_norm0_inferred__11/i__carry__0/O[2]
                         net (fo=3, routed)           1.090   155.322    dut/core1/execute_unit/u_fpu/u_divider/exp_norm0_inferred__11/i__carry__0_n_5
    SLICE_X87Y116        LUT6 (Prop_lut6_I2_O)        0.302   155.624 f  dut/core1/execute_unit/u_fpu/u_divider/i__carry_i_9__12/O
                         net (fo=1, routed)           0.263   155.887    dut/core1/execute_unit/u_fpu/u_divider/i__carry_i_9__12_n_0
    SLICE_X87Y116        LUT6 (Prop_lut6_I1_O)        0.124   156.011 r  dut/core1/execute_unit/u_fpu/u_divider/i__carry_i_7__17/O
                         net (fo=1, routed)           0.473   156.484    dut/core1/execute_unit/u_fpu/u_divider/i__carry_i_7__17_n_0
    SLICE_X87Y116        LUT6 (Prop_lut6_I5_O)        0.124   156.608 r  dut/core1/execute_unit/u_fpu/u_divider/i__carry_i_5__8/O
                         net (fo=28, routed)          0.587   157.196    dut/core1/execute_unit/u_fpu/u_divider/i__carry_i_5__8_n_0
    SLICE_X89Y117        LUT2 (Prop_lut2_I1_O)        0.124   157.320 r  dut/core1/execute_unit/u_fpu/u_divider/i__carry_i_4__11/O
                         net (fo=1, routed)           0.000   157.320    dut/core1/execute_unit/u_fpu/u_divider/i__carry_i_4__11_n_0
    SLICE_X89Y117        CARRY4 (Prop_carry4_S[0]_CO[3])
                                                      0.532   157.852 r  dut/core1/execute_unit/u_fpu/u_divider/exp_norm0_inferred__12/i__carry/CO[3]
                         net (fo=1, routed)           0.000   157.852    dut/core1/execute_unit/u_fpu/u_divider/exp_norm0_inferred__12/i__carry_n_0
    SLICE_X89Y118        CARRY4 (Prop_carry4_CI_O[1])
                                                      0.334   158.186 f  dut/core1/execute_unit/u_fpu/u_divider/exp_norm0_inferred__12/i__carry__0/O[1]
                         net (fo=3, routed)           0.828   159.014    dut/core1/execute_unit/u_fpu/u_divider/exp_norm0_inferred__12/i__carry__0_n_6
    SLICE_X88Y117        LUT6 (Prop_lut6_I0_O)        0.303   159.317 f  dut/core1/execute_unit/u_fpu/u_divider/i__carry_i_11__15/O
                         net (fo=1, routed)           0.161   159.478    dut/core1/execute_unit/u_fpu/u_divider/i__carry_i_11__15_n_0
    SLICE_X88Y117        LUT6 (Prop_lut6_I1_O)        0.124   159.602 r  dut/core1/execute_unit/u_fpu/u_divider/i__carry_i_9__13/O
                         net (fo=4, routed)           0.563   160.165    dut/core1/execute_unit/u_fpu/u_divider/i__carry_i_9__13_n_0
    SLICE_X90Y116        LUT6 (Prop_lut6_I5_O)        0.124   160.289 r  dut/core1/execute_unit/u_fpu/u_divider/i__carry_i_5__7/O
                         net (fo=27, routed)          0.686   160.974    dut/core1/execute_unit/u_fpu/u_divider/i__carry_i_5__7_n_0
    SLICE_X88Y118        LUT2 (Prop_lut2_I1_O)        0.124   161.098 r  dut/core1/execute_unit/u_fpu/u_divider/i__carry_i_4__12/O
                         net (fo=1, routed)           0.000   161.098    dut/core1/execute_unit/u_fpu/u_divider/i__carry_i_4__12_n_0
    SLICE_X88Y118        CARRY4 (Prop_carry4_S[0]_CO[3])
                                                      0.532   161.630 r  dut/core1/execute_unit/u_fpu/u_divider/exp_norm0_inferred__13/i__carry/CO[3]
                         net (fo=1, routed)           0.000   161.630    dut/core1/execute_unit/u_fpu/u_divider/exp_norm0_inferred__13/i__carry_n_0
    SLICE_X88Y119        CARRY4 (Prop_carry4_CI_O[2])
                                                      0.239   161.869 f  dut/core1/execute_unit/u_fpu/u_divider/exp_norm0_inferred__13/i__carry__0/O[2]
                         net (fo=3, routed)           1.126   162.995    dut/core1/execute_unit/u_fpu/u_divider/exp_norm0_inferred__13/i__carry__0_n_5
    SLICE_X88Y121        LUT6 (Prop_lut6_I1_O)        0.302   163.297 f  dut/core1/execute_unit/u_fpu/u_divider/i__carry_i_10__18/O
                         net (fo=1, routed)           0.158   163.455    dut/core1/execute_unit/u_fpu/u_divider/i__carry_i_10__18_n_0
    SLICE_X88Y121        LUT6 (Prop_lut6_I1_O)        0.124   163.579 r  dut/core1/execute_unit/u_fpu/u_divider/i__carry_i_8__18/O
                         net (fo=2, routed)           1.137   164.717    dut/core1/execute_unit/u_fpu/u_divider/i__carry_i_8__18_n_0
    SLICE_X88Y117        LUT4 (Prop_lut4_I3_O)        0.124   164.841 r  dut/core1/execute_unit/u_fpu/u_divider/i__carry_i_5__6/O
                         net (fo=29, routed)          0.729   165.569    dut/core1/execute_unit/u_fpu/u_divider/i__carry_i_5__6_n_0
    SLICE_X87Y119        LUT2 (Prop_lut2_I1_O)        0.124   165.693 r  dut/core1/execute_unit/u_fpu/u_divider/i__carry_i_4__13/O
                         net (fo=1, routed)           0.000   165.693    dut/core1/execute_unit/u_fpu/u_divider/i__carry_i_4__13_n_0
    SLICE_X87Y119        CARRY4 (Prop_carry4_S[0]_CO[3])
                                                      0.532   166.225 r  dut/core1/execute_unit/u_fpu/u_divider/exp_norm0_inferred__14/i__carry/CO[3]
                         net (fo=1, routed)           0.000   166.225    dut/core1/execute_unit/u_fpu/u_divider/exp_norm0_inferred__14/i__carry_n_0
    SLICE_X87Y120        CARRY4 (Prop_carry4_CI_O[3])
                                                      0.313   166.538 f  dut/core1/execute_unit/u_fpu/u_divider/exp_norm0_inferred__14/i__carry__0/O[3]
                         net (fo=3, routed)           0.970   167.508    dut/core1/execute_unit/u_fpu/u_divider/exp_norm0_inferred__14/i__carry__0_n_4
    SLICE_X88Y121        LUT6 (Prop_lut6_I2_O)        0.306   167.814 f  dut/core1/execute_unit/u_fpu/u_divider/i__carry_i_9__14/O
                         net (fo=1, routed)           0.580   168.395    dut/core1/execute_unit/u_fpu/u_divider/i__carry_i_9__14_n_0
    SLICE_X87Y122        LUT6 (Prop_lut6_I1_O)        0.124   168.519 r  dut/core1/execute_unit/u_fpu/u_divider/i__carry_i_7__18/O
                         net (fo=3, routed)           1.049   169.568    dut/core1/execute_unit/u_fpu/u_divider/i__carry_i_7__18_n_0
    SLICE_X88Y117        LUT6 (Prop_lut6_I5_O)        0.124   169.692 r  dut/core1/execute_unit/u_fpu/u_divider/i__carry_i_5__5/O
                         net (fo=26, routed)          1.457   171.148    dut/core1/execute_unit/u_fpu/u_divider/i__carry_i_5__5_n_0
    SLICE_X86Y121        LUT2 (Prop_lut2_I1_O)        0.124   171.272 r  dut/core1/execute_unit/u_fpu/u_divider/i__carry_i_4__14/O
                         net (fo=1, routed)           0.000   171.272    dut/core1/execute_unit/u_fpu/u_divider/i__carry_i_4__14_n_0
    SLICE_X86Y121        CARRY4 (Prop_carry4_S[0]_CO[3])
                                                      0.513   171.785 r  dut/core1/execute_unit/u_fpu/u_divider/exp_norm0_inferred__15/i__carry/CO[3]
                         net (fo=1, routed)           0.000   171.785    dut/core1/execute_unit/u_fpu/u_divider/exp_norm0_inferred__15/i__carry_n_0
    SLICE_X86Y122        CARRY4 (Prop_carry4_CI_CO[3])
                                                      0.117   171.902 r  dut/core1/execute_unit/u_fpu/u_divider/exp_norm0_inferred__15/i__carry__0/CO[3]
                         net (fo=1, routed)           0.000   171.902    dut/core1/execute_unit/u_fpu/u_divider/exp_norm0_inferred__15/i__carry__0_n_0
    SLICE_X86Y123        CARRY4 (Prop_carry4_CI_O[0])
                                                      0.219   172.121 f  dut/core1/execute_unit/u_fpu/u_divider/exp_norm0_inferred__15/i__carry__1/O[0]
                         net (fo=3, routed)           0.986   173.107    dut/core1/execute_unit/u_fpu/u_divider/exp_norm0_inferred__15/i__carry__1_n_7
    SLICE_X85Y122        LUT6 (Prop_lut6_I1_O)        0.295   173.402 f  dut/core1/execute_unit/u_fpu/u_divider/i__carry_i_11__16/O
                         net (fo=1, routed)           0.264   173.667    dut/core1/execute_unit/u_fpu/u_divider/i__carry_i_11__16_n_0
    SLICE_X85Y122        LUT6 (Prop_lut6_I1_O)        0.124   173.791 r  dut/core1/execute_unit/u_fpu/u_divider/i__carry_i_9__15/O
                         net (fo=4, routed)           0.823   174.614    dut/core1/execute_unit/u_fpu/u_divider/i__carry_i_9__15_n_0
    SLICE_X89Y122        LUT6 (Prop_lut6_I5_O)        0.124   174.738 r  dut/core1/execute_unit/u_fpu/u_divider/i__carry_i_5__4/O
                         net (fo=28, routed)          0.838   175.576    dut/core1/execute_unit/u_fpu/u_divider/i__carry_i_5__4_n_0
    SLICE_X84Y121        LUT2 (Prop_lut2_I1_O)        0.124   175.700 r  dut/core1/execute_unit/u_fpu/u_divider/i__carry_i_4__15/O
                         net (fo=1, routed)           0.000   175.700    dut/core1/execute_unit/u_fpu/u_divider/i__carry_i_4__15_n_0
    SLICE_X84Y121        CARRY4 (Prop_carry4_S[0]_CO[3])
                                                      0.532   176.232 r  dut/core1/execute_unit/u_fpu/u_divider/exp_norm0_inferred__16/i__carry/CO[3]
                         net (fo=1, routed)           0.000   176.232    dut/core1/execute_unit/u_fpu/u_divider/exp_norm0_inferred__16/i__carry_n_0
    SLICE_X84Y122        CARRY4 (Prop_carry4_CI_O[3])
                                                      0.313   176.545 f  dut/core1/execute_unit/u_fpu/u_divider/exp_norm0_inferred__16/i__carry__0/O[3]
                         net (fo=3, routed)           0.835   177.380    dut/core1/execute_unit/u_fpu/u_divider/exp_norm0_inferred__16/i__carry__0_n_4
    SLICE_X87Y122        LUT6 (Prop_lut6_I2_O)        0.306   177.686 f  dut/core1/execute_unit/u_fpu/u_divider/i__carry_i_10__19/O
                         net (fo=1, routed)           0.154   177.840    dut/core1/execute_unit/u_fpu/u_divider/i__carry_i_10__19_n_0
    SLICE_X87Y122        LUT6 (Prop_lut6_I1_O)        0.124   177.964 r  dut/core1/execute_unit/u_fpu/u_divider/i__carry_i_8__19/O
                         net (fo=4, routed)           0.625   178.589    dut/core1/execute_unit/u_fpu/u_divider/i__carry_i_8__19_n_0
    SLICE_X88Y122        LUT4 (Prop_lut4_I3_O)        0.124   178.713 r  dut/core1/execute_unit/u_fpu/u_divider/i__carry_i_5__3/O
                         net (fo=28, routed)          1.818   180.531    dut/core1/execute_unit/u_fpu/u_divider/i__carry_i_5__3_n_0
    SLICE_X86Y118        LUT2 (Prop_lut2_I1_O)        0.124   180.655 r  dut/core1/execute_unit/u_fpu/u_divider/i__carry_i_4__16/O
                         net (fo=1, routed)           0.000   180.655    dut/core1/execute_unit/u_fpu/u_divider/i__carry_i_4__16_n_0
    SLICE_X86Y118        CARRY4 (Prop_carry4_S[0]_CO[3])
                                                      0.513   181.168 r  dut/core1/execute_unit/u_fpu/u_divider/exp_norm0_inferred__17/i__carry/CO[3]
                         net (fo=1, routed)           0.000   181.168    dut/core1/execute_unit/u_fpu/u_divider/exp_norm0_inferred__17/i__carry_n_0
    SLICE_X86Y119        CARRY4 (Prop_carry4_CI_O[2])
                                                      0.239   181.407 f  dut/core1/execute_unit/u_fpu/u_divider/exp_norm0_inferred__17/i__carry__0/O[2]
                         net (fo=3, routed)           0.820   182.228    dut/core1/execute_unit/u_fpu/u_divider/exp_norm0_inferred__17/i__carry__0_n_5
    SLICE_X87Y118        LUT6 (Prop_lut6_I1_O)        0.301   182.529 f  dut/core1/execute_unit/u_fpu/u_divider/i__carry_i_9__16/O
                         net (fo=1, routed)           0.877   183.405    dut/core1/execute_unit/u_fpu/u_divider/i__carry_i_9__16_n_0
    SLICE_X87Y118        LUT6 (Prop_lut6_I1_O)        0.124   183.529 r  dut/core1/execute_unit/u_fpu/u_divider/i__carry_i_7__19/O
                         net (fo=3, routed)           1.402   184.932    dut/core1/execute_unit/u_fpu/u_divider/i__carry_i_7__19_n_0
    SLICE_X88Y122        LUT6 (Prop_lut6_I5_O)        0.124   185.056 r  dut/core1/execute_unit/u_fpu/u_divider/i__carry_i_5__2/O
                         net (fo=26, routed)          0.536   185.591    dut/core1/execute_unit/u_fpu/u_divider/i__carry_i_5__2_n_0
    SLICE_X84Y117        LUT2 (Prop_lut2_I1_O)        0.124   185.715 r  dut/core1/execute_unit/u_fpu/u_divider/i__carry_i_4__17/O
                         net (fo=1, routed)           0.000   185.715    dut/core1/execute_unit/u_fpu/u_divider/i__carry_i_4__17_n_0
    SLICE_X84Y117        CARRY4 (Prop_carry4_S[0]_CO[3])
                                                      0.532   186.247 r  dut/core1/execute_unit/u_fpu/u_divider/exp_norm0_inferred__18/i__carry/CO[3]
                         net (fo=1, routed)           0.000   186.247    dut/core1/execute_unit/u_fpu/u_divider/exp_norm0_inferred__18/i__carry_n_0
    SLICE_X84Y118        CARRY4 (Prop_carry4_CI_CO[3])
                                                      0.114   186.361 r  dut/core1/execute_unit/u_fpu/u_divider/exp_norm0_inferred__18/i__carry__0/CO[3]
                         net (fo=1, routed)           0.000   186.361    dut/core1/execute_unit/u_fpu/u_divider/exp_norm0_inferred__18/i__carry__0_n_0
    SLICE_X84Y119        CARRY4 (Prop_carry4_CI_O[1])
                                                      0.334   186.695 f  dut/core1/execute_unit/u_fpu/u_divider/exp_norm0_inferred__18/i__carry__1/O[1]
                         net (fo=3, routed)           1.175   187.870    dut/core1/execute_unit/u_fpu/u_divider/exp_norm0_inferred__18/i__carry__1_n_6
    SLICE_X81Y117        LUT6 (Prop_lut6_I3_O)        0.303   188.173 r  dut/core1/execute_unit/u_fpu/u_divider/i__carry_i_9__17/O
                         net (fo=5, routed)           1.248   189.421    dut/core1/execute_unit/u_fpu/u_divider/i__carry_i_9__17_n_0
    SLICE_X88Y122        LUT6 (Prop_lut6_I5_O)        0.124   189.545 r  dut/core1/execute_unit/u_fpu/u_divider/i__carry_i_5__1/O
                         net (fo=26, routed)          1.988   191.533    dut/core1/execute_unit/u_fpu/u_divider/i__carry_i_5__1_n_0
    SLICE_X67Y112        LUT2 (Prop_lut2_I1_O)        0.124   191.657 r  dut/core1/execute_unit/u_fpu/u_divider/i__carry_i_4__18/O
                         net (fo=1, routed)           0.000   191.657    dut/core1/execute_unit/u_fpu/u_divider/i__carry_i_4__18_n_0
    SLICE_X67Y112        CARRY4 (Prop_carry4_S[0]_O[3])
                                                      0.606   192.263 f  dut/core1/execute_unit/u_fpu/u_divider/exp_norm0_inferred__19/i__carry/O[3]
                         net (fo=3, routed)           1.308   193.571    dut/core1/execute_unit/u_fpu/u_divider/exp_norm0_inferred__19/i__carry_n_4
    SLICE_X81Y115        LUT6 (Prop_lut6_I3_O)        0.306   193.877 f  dut/core1/execute_unit/u_fpu/u_divider/i__carry_i_9__18/O
                         net (fo=1, routed)           0.633   194.510    dut/core1/execute_unit/u_fpu/u_divider/i__carry_i_9__18_n_0
    SLICE_X81Y116        LUT6 (Prop_lut6_I1_O)        0.124   194.634 r  dut/core1/execute_unit/u_fpu/u_divider/i__carry_i_6__20/O
                         net (fo=6, routed)           0.788   195.421    dut/core1/execute_unit/u_fpu/u_divider/i__carry_i_6__20_n_0
    SLICE_X81Y121        LUT4 (Prop_lut4_I0_O)        0.124   195.545 r  dut/core1/execute_unit/u_fpu/u_divider/i__carry_i_5__0/O
                         net (fo=24, routed)          1.790   197.335    dut/core1/execute_unit/u_fpu/u_divider/i__carry_i_5__0_n_0
    SLICE_X80Y115        LUT2 (Prop_lut2_I1_O)        0.124   197.459 r  dut/core1/execute_unit/u_fpu/u_divider/i__carry_i_4__19/O
                         net (fo=1, routed)           0.000   197.459    dut/core1/execute_unit/u_fpu/u_divider/i__carry_i_4__19_n_0
    SLICE_X80Y115        CARRY4 (Prop_carry4_S[0]_CO[3])
                                                      0.532   197.991 r  dut/core1/execute_unit/u_fpu/u_divider/exp_norm0_inferred__20/i__carry/CO[3]
                         net (fo=1, routed)           0.000   197.991    dut/core1/execute_unit/u_fpu/u_divider/exp_norm0_inferred__20/i__carry_n_0
    SLICE_X80Y116        CARRY4 (Prop_carry4_CI_O[2])
                                                      0.239   198.230 r  dut/core1/execute_unit/u_fpu/u_divider/exp_norm0_inferred__20/i__carry__0/O[2]
                         net (fo=3, routed)           0.974   199.204    dut/core1/execute_unit/u_fpu/u_divider/exp_norm0_inferred__20/i__carry__0_n_5
    SLICE_X81Y115        LUT6 (Prop_lut6_I2_O)        0.302   199.506 r  dut/core1/execute_unit/u_fpu/u_divider/i__carry_i_9__19/O
                         net (fo=1, routed)           0.154   199.661    dut/core1/execute_unit/u_fpu/u_divider/i__carry_i_9__19_n_0
    SLICE_X81Y115        LUT6 (Prop_lut6_I1_O)        0.124   199.785 f  dut/core1/execute_unit/u_fpu/u_divider/i__carry_i_7__20/O
                         net (fo=12, routed)          0.777   200.562    dut/core1/execute_unit/u_fpu/u_divider/i__carry_i_7__20_n_0
    SLICE_X81Y121        LUT2 (Prop_lut2_I1_O)        0.124   200.686 r  dut/core1/execute_unit/u_fpu/u_divider/i__carry_i_5/O
                         net (fo=24, routed)          1.004   201.690    dut/core1/execute_unit/u_fpu/u_divider/i__carry_i_5_n_0
    SLICE_X67Y109        LUT2 (Prop_lut2_I1_O)        0.124   201.814 r  dut/core1/execute_unit/u_fpu/u_divider/i__carry_i_4__20/O
                         net (fo=1, routed)           0.000   201.814    dut/core1/execute_unit/u_fpu/u_divider/i__carry_i_4__20_n_0
    SLICE_X67Y109        CARRY4 (Prop_carry4_S[0]_CO[3])
                                                      0.532   202.346 r  dut/core1/execute_unit/u_fpu/u_divider/exp_norm0_inferred__21/i__carry/CO[3]
                         net (fo=1, routed)           0.000   202.346    dut/core1/execute_unit/u_fpu/u_divider/exp_norm0_inferred__21/i__carry_n_0
    SLICE_X67Y110        CARRY4 (Prop_carry4_CI_O[0])
                                                      0.222   202.568 f  dut/core1/execute_unit/u_fpu/u_divider/exp_norm0_inferred__21/i__carry__0/O[0]
                         net (fo=4, routed)           0.831   203.399    dut/core1/execute_unit/u_fpu/u_divider/exp_norm0_inferred__21/i__carry__0_n_7
    SLICE_X63Y110        LUT6 (Prop_lut6_I0_O)        0.299   203.698 r  dut/core1/execute_unit/u_fpu/u_divider/out_res[30]_i_10/O
                         net (fo=8, routed)           0.599   204.297    dut/core1/execute_unit/u_fpu/u_divider/out_res[30]_i_10_n_0
    SLICE_X62Y112        LUT6 (Prop_lut6_I3_O)        0.124   204.421 r  dut/core1/execute_unit/u_fpu/u_divider/out_res[30]_i_21/O
                         net (fo=9, routed)           1.334   205.755    dut/core1/execute_unit/u_fpu/u_divider/out_res[30]_i_21_n_0
    SLICE_X80Y121        LUT6 (Prop_lut6_I5_O)        0.124   205.879 r  dut/core1/execute_unit/u_fpu/u_divider/out_res[30]_i_9/O
                         net (fo=33, routed)          2.445   208.323    dut/core1/execute_unit/u_fpu/u_divider/out_res[30]_i_9_n_0
    SLICE_X59Y106        LUT6 (Prop_lut6_I2_O)        0.124   208.447 r  dut/core1/execute_unit/u_fpu/u_divider/out_res[29]_i_5/O
                         net (fo=3, routed)           0.998   209.445    dut/core1/execute_unit/u_fpu/u_divider/out_res[29]_i_5_n_0
    SLICE_X59Y108        LUT6 (Prop_lut6_I5_O)        0.124   209.569 f  dut/core1/execute_unit/u_fpu/u_divider/out_res[21]_i_2/O
                         net (fo=22, routed)          2.551   212.120    dut/core1/execute_unit/u_fpu/u_divider/out_res[21]_i_2_n_0
    SLICE_X49Y117        LUT6 (Prop_lut6_I0_O)        0.124   212.244 r  dut/core1/execute_unit/u_fpu/u_divider/out_res[12]_i_1/O
                         net (fo=1, routed)           0.000   212.244    dut/core1/execute_unit/u_fpu/u_divider/out_res[12]_i_1_n_0
    SLICE_X49Y117        FDCE                                         r  dut/core1/execute_unit/u_fpu/u_divider/out_res_reg[12]/D
  -------------------------------------------------------------------    -------------------

Slack:                    inf
  Source:                 dut/core0/ex_mem/RD_F_M_reg[2]/C
                            (rising edge-triggered cell FDRE)
  Destination:            dut/core0/execute_unit/u_fpu/u_divider/out_res_reg[14]/D
  Path Group:             (none)
  Path Type:              Max at Slow Process Corner
  Data Path Delay:        212.205ns  (logic 71.863ns (33.865%)  route 140.341ns (66.135%))
  Logic Levels:           332  (CARRY4=211 FDRE=1 LUT1=1 LUT2=22 LUT3=25 LUT4=7 LUT5=2 LUT6=63)

    Location             Delay type                Incr(ns)  Path(ns)    Netlist Resource(s)
  -------------------------------------------------------------------    -------------------
    SLICE_X59Y31         FDRE                         0.000     0.000 r  dut/core0/ex_mem/RD_F_M_reg[2]/C
    SLICE_X59Y31         FDRE (Prop_fdre_C_Q)         0.456     0.456 r  dut/core0/ex_mem/RD_F_M_reg[2]/Q
                         net (fo=5, routed)           0.990     1.446    dut/core0/id_ex/RD_F_M[2]
    SLICE_X61Y29         LUT6 (Prop_lut6_I4_O)        0.124     1.570 f  dut/core0/id_ex/B_r[31]_i_6/O
                         net (fo=3, routed)           1.048     2.618    dut/core0/ex_mem/B_r[31]_i_2
    SLICE_X59Y29         LUT6 (Prop_lut6_I5_O)        0.124     2.742 r  dut/core0/ex_mem/B_r[31]_i_4/O
                         net (fo=1, routed)           0.805     3.547    dut/core0/mem_wb/B_r_reg[0]
    SLICE_X61Y29         LUT3 (Prop_lut3_I1_O)        0.124     3.671 r  dut/core0/mem_wb/B_r[31]_i_2/O
                         net (fo=34, routed)          4.860     8.531    dut/core0/mem_wb/ForwardBE_F[0]
    SLICE_X29Y38         LUT5 (Prop_lut5_I1_O)        0.124     8.655 f  dut/core0/mem_wb/forward_fb_mux/B_r[3]_i_1/O
                         net (fo=138, routed)         6.026    14.681    dut/core0/mem_wb/SrcB_F_Forwarded[3]
    SLICE_X56Y17         LUT1 (Prop_lut1_I0_O)        0.124    14.805 r  dut/core0/mem_wb/u_divider/out_res[30]_i_684/O
                         net (fo=1, routed)           0.000    14.805    dut/core0/mem_wb_n_55
    SLICE_X56Y17         CARRY4 (Prop_carry4_S[3]_CO[3])
                                                      0.401    15.206 r  dut/core0/u_divider/out_res_reg[30]_i_633/CO[3]
                         net (fo=1, routed)           0.000    15.206    dut/core0/u_divider/out_res_reg[30]_i_633_n_0
    SLICE_X56Y18         CARRY4 (Prop_carry4_CI_CO[3])
                                                      0.114    15.320 r  dut/core0/u_divider/out_res_reg[30]_i_628/CO[3]
                         net (fo=1, routed)           0.000    15.320    dut/core0/u_divider/out_res_reg[30]_i_628_n_0
    SLICE_X56Y19         CARRY4 (Prop_carry4_CI_CO[3])
                                                      0.114    15.434 r  dut/core0/u_divider/out_res_reg[30]_i_623/CO[3]
                         net (fo=1, routed)           0.000    15.434    dut/core0/u_divider/out_res_reg[30]_i_623_n_0
    SLICE_X56Y20         CARRY4 (Prop_carry4_CI_CO[3])
                                                      0.114    15.548 r  dut/core0/u_divider/out_res_reg[30]_i_618/CO[3]
                         net (fo=1, routed)           0.000    15.548    dut/core0/u_divider/out_res_reg[30]_i_618_n_0
    SLICE_X56Y21         CARRY4 (Prop_carry4_CI_CO[3])
                                                      0.114    15.662 r  dut/core0/u_divider/out_res_reg[30]_i_613/CO[3]
                         net (fo=1, routed)           0.000    15.662    dut/core0/u_divider/out_res_reg[30]_i_613_n_0
    SLICE_X56Y22         CARRY4 (Prop_carry4_CI_CO[3])
                                                      0.114    15.776 r  dut/core0/u_divider/out_res_reg[30]_i_610/CO[3]
                         net (fo=1, routed)           0.000    15.776    dut/core0/u_divider/out_res_reg[30]_i_610_n_0
    SLICE_X56Y23         CARRY4 (Prop_carry4_CI_CO[0])
                                                      0.271    16.047 r  dut/core0/u_divider/out_res_reg[30]_i_609/CO[0]
                         net (fo=27, routed)          1.561    17.608    dut/core0/u_divider/out_res_reg[30]_i_609_n_3
    SLICE_X57Y17         LUT3 (Prop_lut3_I0_O)        0.373    17.981 r  dut/core0/u_divider/out_res[30]_i_640/O
                         net (fo=1, routed)           0.000    17.981    dut/core0/u_divider/out_res[30]_i_640_n_0
    SLICE_X57Y17         CARRY4 (Prop_carry4_S[1]_CO[3])
                                                      0.550    18.531 r  dut/core0/u_divider/out_res_reg[30]_i_601/CO[3]
                         net (fo=1, routed)           0.000    18.531    dut/core0/u_divider/out_res_reg[30]_i_601_n_0
    SLICE_X57Y18         CARRY4 (Prop_carry4_CI_CO[3])
                                                      0.114    18.645 r  dut/core0/u_divider/out_res_reg[30]_i_596/CO[3]
                         net (fo=1, routed)           0.000    18.645    dut/core0/u_divider/out_res_reg[30]_i_596_n_0
    SLICE_X57Y19         CARRY4 (Prop_carry4_CI_CO[3])
                                                      0.114    18.759 r  dut/core0/u_divider/out_res_reg[30]_i_591/CO[3]
                         net (fo=1, routed)           0.000    18.759    dut/core0/u_divider/out_res_reg[30]_i_591_n_0
    SLICE_X57Y20         CARRY4 (Prop_carry4_CI_CO[3])
                                                      0.114    18.873 r  dut/core0/u_divider/out_res_reg[30]_i_586/CO[3]
                         net (fo=1, routed)           0.000    18.873    dut/core0/u_divider/out_res_reg[30]_i_586_n_0
    SLICE_X57Y21         CARRY4 (Prop_carry4_CI_CO[3])
                                                      0.114    18.987 r  dut/core0/u_divider/out_res_reg[30]_i_581/CO[3]
                         net (fo=1, routed)           0.000    18.987    dut/core0/u_divider/out_res_reg[30]_i_581_n_0
    SLICE_X57Y22         CARRY4 (Prop_carry4_CI_CO[3])
                                                      0.114    19.101 r  dut/core0/u_divider/out_res_reg[30]_i_578/CO[3]
                         net (fo=1, routed)           0.000    19.101    dut/core0/u_divider/out_res_reg[30]_i_578_n_0
    SLICE_X57Y23         CARRY4 (Prop_carry4_CI_CO[1])
                                                      0.157    19.258 r  dut/core0/u_divider/out_res_reg[30]_i_577/CO[1]
                         net (fo=27, routed)          2.139    21.397    dut/core0/u_divider/out_res_reg[30]_i_577_n_2
    SLICE_X53Y17         LUT3 (Prop_lut3_I0_O)        0.329    21.726 r  dut/core0/u_divider/out_res[30]_i_608/O
                         net (fo=1, routed)           0.000    21.726    dut/core0/u_divider/out_res[30]_i_608_n_0
    SLICE_X53Y17         CARRY4 (Prop_carry4_S[1]_CO[3])
                                                      0.550    22.276 r  dut/core0/u_divider/out_res_reg[30]_i_569/CO[3]
                         net (fo=1, routed)           0.000    22.276    dut/core0/u_divider/out_res_reg[30]_i_569_n_0
    SLICE_X53Y18         CARRY4 (Prop_carry4_CI_CO[3])
                                                      0.114    22.390 r  dut/core0/u_divider/out_res_reg[30]_i_564/CO[3]
                         net (fo=1, routed)           0.000    22.390    dut/core0/u_divider/out_res_reg[30]_i_564_n_0
    SLICE_X53Y19         CARRY4 (Prop_carry4_CI_CO[3])
                                                      0.114    22.504 r  dut/core0/u_divider/out_res_reg[30]_i_559/CO[3]
                         net (fo=1, routed)           0.000    22.504    dut/core0/u_divider/out_res_reg[30]_i_559_n_0
    SLICE_X53Y20         CARRY4 (Prop_carry4_CI_CO[3])
                                                      0.114    22.618 r  dut/core0/u_divider/out_res_reg[30]_i_554/CO[3]
                         net (fo=1, routed)           0.000    22.618    dut/core0/u_divider/out_res_reg[30]_i_554_n_0
    SLICE_X53Y21         CARRY4 (Prop_carry4_CI_CO[3])
                                                      0.114    22.732 r  dut/core0/u_divider/out_res_reg[30]_i_549/CO[3]
                         net (fo=1, routed)           0.000    22.732    dut/core0/u_divider/out_res_reg[30]_i_549_n_0
    SLICE_X53Y22         CARRY4 (Prop_carry4_CI_CO[3])
                                                      0.114    22.846 r  dut/core0/u_divider/out_res_reg[30]_i_546/CO[3]
                         net (fo=1, routed)           0.000    22.846    dut/core0/u_divider/out_res_reg[30]_i_546_n_0
    SLICE_X53Y23         CARRY4 (Prop_carry4_CI_CO[1])
                                                      0.157    23.003 r  dut/core0/u_divider/out_res_reg[30]_i_545/CO[1]
                         net (fo=27, routed)          2.101    25.104    dut/core0/u_divider/out_res_reg[30]_i_545_n_2
    SLICE_X55Y17         LUT3 (Prop_lut3_I0_O)        0.329    25.433 r  dut/core0/u_divider/out_res[30]_i_576/O
                         net (fo=1, routed)           0.000    25.433    dut/core0/u_divider/out_res[30]_i_576_n_0
    SLICE_X55Y17         CARRY4 (Prop_carry4_S[1]_CO[3])
                                                      0.550    25.983 r  dut/core0/u_divider/out_res_reg[30]_i_537/CO[3]
                         net (fo=1, routed)           0.000    25.983    dut/core0/u_divider/out_res_reg[30]_i_537_n_0
    SLICE_X55Y18         CARRY4 (Prop_carry4_CI_CO[3])
                                                      0.114    26.097 r  dut/core0/u_divider/out_res_reg[30]_i_532/CO[3]
                         net (fo=1, routed)           0.000    26.097    dut/core0/u_divider/out_res_reg[30]_i_532_n_0
    SLICE_X55Y19         CARRY4 (Prop_carry4_CI_CO[3])
                                                      0.114    26.211 r  dut/core0/u_divider/out_res_reg[30]_i_527/CO[3]
                         net (fo=1, routed)           0.000    26.211    dut/core0/u_divider/out_res_reg[30]_i_527_n_0
    SLICE_X55Y20         CARRY4 (Prop_carry4_CI_CO[3])
                                                      0.114    26.325 r  dut/core0/u_divider/out_res_reg[30]_i_522/CO[3]
                         net (fo=1, routed)           0.000    26.325    dut/core0/u_divider/out_res_reg[30]_i_522_n_0
    SLICE_X55Y21         CARRY4 (Prop_carry4_CI_CO[3])
                                                      0.114    26.439 r  dut/core0/u_divider/out_res_reg[30]_i_517/CO[3]
                         net (fo=1, routed)           0.000    26.439    dut/core0/u_divider/out_res_reg[30]_i_517_n_0
    SLICE_X55Y22         CARRY4 (Prop_carry4_CI_CO[3])
                                                      0.114    26.553 r  dut/core0/u_divider/out_res_reg[30]_i_514/CO[3]
                         net (fo=1, routed)           0.000    26.553    dut/core0/u_divider/out_res_reg[30]_i_514_n_0
    SLICE_X55Y23         CARRY4 (Prop_carry4_CI_CO[1])
                                                      0.157    26.710 r  dut/core0/u_divider/out_res_reg[30]_i_513/CO[1]
                         net (fo=27, routed)          2.078    28.788    dut/core0/u_divider/out_res_reg[30]_i_513_n_2
    SLICE_X52Y17         LUT3 (Prop_lut3_I0_O)        0.329    29.117 r  dut/core0/u_divider/out_res[30]_i_544/O
                         net (fo=1, routed)           0.000    29.117    dut/core0/u_divider/out_res[30]_i_544_n_0
    SLICE_X52Y17         CARRY4 (Prop_carry4_S[1]_CO[3])
                                                      0.550    29.667 r  dut/core0/u_divider/out_res_reg[30]_i_505/CO[3]
                         net (fo=1, routed)           0.000    29.667    dut/core0/u_divider/out_res_reg[30]_i_505_n_0
    SLICE_X52Y18         CARRY4 (Prop_carry4_CI_CO[3])
                                                      0.114    29.781 r  dut/core0/u_divider/out_res_reg[30]_i_500/CO[3]
                         net (fo=1, routed)           0.000    29.781    dut/core0/u_divider/out_res_reg[30]_i_500_n_0
    SLICE_X52Y19         CARRY4 (Prop_carry4_CI_CO[3])
                                                      0.114    29.895 r  dut/core0/u_divider/out_res_reg[30]_i_495/CO[3]
                         net (fo=1, routed)           0.000    29.895    dut/core0/u_divider/out_res_reg[30]_i_495_n_0
    SLICE_X52Y20         CARRY4 (Prop_carry4_CI_CO[3])
                                                      0.114    30.009 r  dut/core0/u_divider/out_res_reg[30]_i_490/CO[3]
                         net (fo=1, routed)           0.000    30.009    dut/core0/u_divider/out_res_reg[30]_i_490_n_0
    SLICE_X52Y21         CARRY4 (Prop_carry4_CI_CO[3])
                                                      0.114    30.123 r  dut/core0/u_divider/out_res_reg[30]_i_485/CO[3]
                         net (fo=1, routed)           0.000    30.123    dut/core0/u_divider/out_res_reg[30]_i_485_n_0
    SLICE_X52Y22         CARRY4 (Prop_carry4_CI_CO[3])
                                                      0.114    30.237 r  dut/core0/u_divider/out_res_reg[30]_i_482/CO[3]
                         net (fo=1, routed)           0.000    30.237    dut/core0/u_divider/out_res_reg[30]_i_482_n_0
    SLICE_X52Y23         CARRY4 (Prop_carry4_CI_CO[1])
                                                      0.157    30.394 r  dut/core0/u_divider/out_res_reg[30]_i_481/CO[1]
                         net (fo=27, routed)          1.844    32.238    dut/core0/u_divider/out_res_reg[30]_i_481_n_2
    SLICE_X44Y17         LUT3 (Prop_lut3_I0_O)        0.329    32.567 r  dut/core0/u_divider/out_res[30]_i_511/O
                         net (fo=1, routed)           0.000    32.567    dut/core0/u_divider/out_res[30]_i_511_n_0
    SLICE_X44Y17         CARRY4 (Prop_carry4_S[2]_CO[3])
                                                      0.398    32.965 r  dut/core0/u_divider/out_res_reg[30]_i_473/CO[3]
                         net (fo=1, routed)           0.000    32.965    dut/core0/u_divider/out_res_reg[30]_i_473_n_0
    SLICE_X44Y18         CARRY4 (Prop_carry4_CI_CO[3])
                                                      0.114    33.079 r  dut/core0/u_divider/out_res_reg[30]_i_468/CO[3]
                         net (fo=1, routed)           0.000    33.079    dut/core0/u_divider/out_res_reg[30]_i_468_n_0
    SLICE_X44Y19         CARRY4 (Prop_carry4_CI_CO[3])
                                                      0.114    33.193 r  dut/core0/u_divider/out_res_reg[30]_i_463/CO[3]
                         net (fo=1, routed)           0.000    33.193    dut/core0/u_divider/out_res_reg[30]_i_463_n_0
    SLICE_X44Y20         CARRY4 (Prop_carry4_CI_CO[3])
                                                      0.114    33.307 r  dut/core0/u_divider/out_res_reg[30]_i_458/CO[3]
                         net (fo=1, routed)           0.000    33.307    dut/core0/u_divider/out_res_reg[30]_i_458_n_0
    SLICE_X44Y21         CARRY4 (Prop_carry4_CI_CO[3])
                                                      0.114    33.421 r  dut/core0/u_divider/out_res_reg[30]_i_453/CO[3]
                         net (fo=1, routed)           0.000    33.421    dut/core0/u_divider/out_res_reg[30]_i_453_n_0
    SLICE_X44Y22         CARRY4 (Prop_carry4_CI_CO[3])
                                                      0.114    33.535 r  dut/core0/u_divider/out_res_reg[30]_i_450/CO[3]
                         net (fo=1, routed)           0.000    33.535    dut/core0/u_divider/out_res_reg[30]_i_450_n_0
    SLICE_X44Y23         CARRY4 (Prop_carry4_CI_CO[1])
                                                      0.157    33.692 r  dut/core0/u_divider/out_res_reg[30]_i_449/CO[1]
                         net (fo=27, routed)          1.557    35.249    dut/core0/u_divider/out_res_reg[30]_i_449_n_2
    SLICE_X45Y17         LUT3 (Prop_lut3_I0_O)        0.329    35.578 r  dut/core0/u_divider/out_res[30]_i_480/O
                         net (fo=1, routed)           0.000    35.578    dut/core0/u_divider/out_res[30]_i_480_n_0
    SLICE_X45Y17         CARRY4 (Prop_carry4_S[1]_CO[3])
                                                      0.550    36.128 r  dut/core0/u_divider/out_res_reg[30]_i_441/CO[3]
                         net (fo=1, routed)           0.000    36.128    dut/core0/u_divider/out_res_reg[30]_i_441_n_0
    SLICE_X45Y18         CARRY4 (Prop_carry4_CI_CO[3])
                                                      0.114    36.242 r  dut/core0/u_divider/out_res_reg[30]_i_436/CO[3]
                         net (fo=1, routed)           0.000    36.242    dut/core0/u_divider/out_res_reg[30]_i_436_n_0
    SLICE_X45Y19         CARRY4 (Prop_carry4_CI_CO[3])
                                                      0.114    36.356 r  dut/core0/u_divider/out_res_reg[30]_i_431/CO[3]
                         net (fo=1, routed)           0.000    36.356    dut/core0/u_divider/out_res_reg[30]_i_431_n_0
    SLICE_X45Y20         CARRY4 (Prop_carry4_CI_CO[3])
                                                      0.114    36.470 r  dut/core0/u_divider/out_res_reg[30]_i_426/CO[3]
                         net (fo=1, routed)           0.000    36.470    dut/core0/u_divider/out_res_reg[30]_i_426_n_0
    SLICE_X45Y21         CARRY4 (Prop_carry4_CI_CO[3])
                                                      0.114    36.584 r  dut/core0/u_divider/out_res_reg[30]_i_421/CO[3]
                         net (fo=1, routed)           0.000    36.584    dut/core0/u_divider/out_res_reg[30]_i_421_n_0
    SLICE_X45Y22         CARRY4 (Prop_carry4_CI_CO[3])
                                                      0.114    36.698 r  dut/core0/u_divider/out_res_reg[30]_i_418/CO[3]
                         net (fo=1, routed)           0.000    36.698    dut/core0/u_divider/out_res_reg[30]_i_418_n_0
    SLICE_X45Y23         CARRY4 (Prop_carry4_CI_CO[1])
                                                      0.157    36.855 r  dut/core0/u_divider/out_res_reg[30]_i_417/CO[1]
                         net (fo=27, routed)          1.567    38.421    dut/core0/u_divider/out_res_reg[30]_i_417_n_2
    SLICE_X48Y17         LUT3 (Prop_lut3_I0_O)        0.329    38.750 r  dut/core0/u_divider/out_res[30]_i_448/O
                         net (fo=1, routed)           0.000    38.750    dut/core0/u_divider/out_res[30]_i_448_n_0
    SLICE_X48Y17         CARRY4 (Prop_carry4_S[1]_CO[3])
                                                      0.550    39.300 r  dut/core0/u_divider/out_res_reg[30]_i_409/CO[3]
                         net (fo=1, routed)           0.000    39.300    dut/core0/u_divider/out_res_reg[30]_i_409_n_0
    SLICE_X48Y18         CARRY4 (Prop_carry4_CI_CO[3])
                                                      0.114    39.414 r  dut/core0/u_divider/out_res_reg[30]_i_404/CO[3]
                         net (fo=1, routed)           0.000    39.414    dut/core0/u_divider/out_res_reg[30]_i_404_n_0
    SLICE_X48Y19         CARRY4 (Prop_carry4_CI_CO[3])
                                                      0.114    39.528 r  dut/core0/u_divider/out_res_reg[30]_i_399/CO[3]
                         net (fo=1, routed)           0.000    39.528    dut/core0/u_divider/out_res_reg[30]_i_399_n_0
    SLICE_X48Y20         CARRY4 (Prop_carry4_CI_CO[3])
                                                      0.114    39.642 r  dut/core0/u_divider/out_res_reg[30]_i_394/CO[3]
                         net (fo=1, routed)           0.000    39.642    dut/core0/u_divider/out_res_reg[30]_i_394_n_0
    SLICE_X48Y21         CARRY4 (Prop_carry4_CI_CO[3])
                                                      0.114    39.756 r  dut/core0/u_divider/out_res_reg[30]_i_389/CO[3]
                         net (fo=1, routed)           0.000    39.756    dut/core0/u_divider/out_res_reg[30]_i_389_n_0
    SLICE_X48Y22         CARRY4 (Prop_carry4_CI_CO[3])
                                                      0.114    39.870 r  dut/core0/u_divider/out_res_reg[30]_i_386/CO[3]
                         net (fo=1, routed)           0.000    39.870    dut/core0/u_divider/out_res_reg[30]_i_386_n_0
    SLICE_X48Y23         CARRY4 (Prop_carry4_CI_CO[1])
                                                      0.157    40.027 r  dut/core0/u_divider/out_res_reg[30]_i_385/CO[1]
                         net (fo=27, routed)          1.066    41.093    dut/core0/u_divider/out_res_reg[30]_i_385_n_2
    SLICE_X49Y21         LUT3 (Prop_lut3_I0_O)        0.329    41.422 r  dut/core0/u_divider/out_res[30]_i_414/O
                         net (fo=1, routed)           0.000    41.422    dut/core0/u_divider/out_res[30]_i_414_n_0
    SLICE_X49Y21         CARRY4 (Prop_carry4_S[3]_CO[3])
                                                      0.401    41.823 r  dut/core0/u_divider/out_res_reg[30]_i_377/CO[3]
                         net (fo=1, routed)           0.000    41.823    dut/core0/u_divider/out_res_reg[30]_i_377_n_0
    SLICE_X49Y22         CARRY4 (Prop_carry4_CI_CO[3])
                                                      0.114    41.937 r  dut/core0/u_divider/out_res_reg[30]_i_372/CO[3]
                         net (fo=1, routed)           0.000    41.937    dut/core0/u_divider/out_res_reg[30]_i_372_n_0
    SLICE_X49Y23         CARRY4 (Prop_carry4_CI_CO[3])
                                                      0.114    42.051 r  dut/core0/u_divider/out_res_reg[30]_i_367/CO[3]
                         net (fo=1, routed)           0.000    42.051    dut/core0/u_divider/out_res_reg[30]_i_367_n_0
    SLICE_X49Y24         CARRY4 (Prop_carry4_CI_CO[3])
                                                      0.114    42.165 r  dut/core0/u_divider/out_res_reg[30]_i_362/CO[3]
                         net (fo=1, routed)           0.009    42.174    dut/core0/u_divider/out_res_reg[30]_i_362_n_0
    SLICE_X49Y25         CARRY4 (Prop_carry4_CI_CO[3])
                                                      0.114    42.288 r  dut/core0/u_divider/out_res_reg[30]_i_357/CO[3]
                         net (fo=1, routed)           0.000    42.288    dut/core0/u_divider/out_res_reg[30]_i_357_n_0
    SLICE_X49Y26         CARRY4 (Prop_carry4_CI_CO[3])
                                                      0.114    42.402 r  dut/core0/u_divider/out_res_reg[30]_i_354/CO[3]
                         net (fo=1, routed)           0.000    42.402    dut/core0/u_divider/out_res_reg[30]_i_354_n_0
    SLICE_X49Y27         CARRY4 (Prop_carry4_CI_CO[1])
                                                      0.157    42.559 r  dut/core0/u_divider/out_res_reg[30]_i_353/CO[1]
                         net (fo=27, routed)          2.049    44.608    dut/core0/u_divider/out_res_reg[30]_i_353_n_2
    SLICE_X47Y22         LUT3 (Prop_lut3_I0_O)        0.329    44.937 r  dut/core0/u_divider/out_res[30]_i_380/O
                         net (fo=1, routed)           0.000    44.937    dut/core0/u_divider/out_res[30]_i_380_n_0
    SLICE_X47Y22         CARRY4 (Prop_carry4_S[1]_CO[3])
                                                      0.550    45.487 r  dut/core0/u_divider/out_res_reg[30]_i_339/CO[3]
                         net (fo=1, routed)           0.000    45.487    dut/core0/u_divider/out_res_reg[30]_i_339_n_0
    SLICE_X47Y23         CARRY4 (Prop_carry4_CI_CO[3])
                                                      0.114    45.601 r  dut/core0/u_divider/out_res_reg[30]_i_334/CO[3]
                         net (fo=1, routed)           0.000    45.601    dut/core0/u_divider/out_res_reg[30]_i_334_n_0
    SLICE_X47Y24         CARRY4 (Prop_carry4_CI_CO[3])
                                                      0.114    45.715 r  dut/core0/u_divider/out_res_reg[30]_i_329/CO[3]
                         net (fo=1, routed)           0.009    45.724    dut/core0/u_divider/out_res_reg[30]_i_329_n_0
    SLICE_X47Y25         CARRY4 (Prop_carry4_CI_CO[3])
                                                      0.114    45.838 r  dut/core0/u_divider/out_res_reg[30]_i_324/CO[3]
                         net (fo=1, routed)           0.000    45.838    dut/core0/u_divider/out_res_reg[30]_i_324_n_0
    SLICE_X47Y26         CARRY4 (Prop_carry4_CI_CO[3])
                                                      0.114    45.952 r  dut/core0/u_divider/out_res_reg[30]_i_321/CO[3]
                         net (fo=1, routed)           0.000    45.952    dut/core0/u_divider/out_res_reg[30]_i_321_n_0
    SLICE_X47Y27         CARRY4 (Prop_carry4_CI_CO[1])
                                                      0.157    46.109 r  dut/core0/u_divider/out_res_reg[30]_i_320/CO[1]
                         net (fo=27, routed)          2.185    48.294    dut/core0/u_divider/out_res_reg[30]_i_320_n_2
    SLICE_X43Y21         LUT3 (Prop_lut3_I0_O)        0.329    48.623 r  dut/core0/u_divider/out_res[30]_i_351/O
                         net (fo=1, routed)           0.000    48.623    dut/core0/u_divider/out_res[30]_i_351_n_0
    SLICE_X43Y21         CARRY4 (Prop_carry4_S[1]_CO[3])
                                                      0.550    49.173 r  dut/core0/u_divider/out_res_reg[30]_i_311/CO[3]
                         net (fo=1, routed)           0.000    49.173    dut/core0/u_divider/out_res_reg[30]_i_311_n_0
    SLICE_X43Y22         CARRY4 (Prop_carry4_CI_CO[3])
                                                      0.114    49.287 r  dut/core0/u_divider/out_res_reg[30]_i_306/CO[3]
                         net (fo=1, routed)           0.000    49.287    dut/core0/u_divider/out_res_reg[30]_i_306_n_0
    SLICE_X43Y23         CARRY4 (Prop_carry4_CI_CO[3])
                                                      0.114    49.401 r  dut/core0/u_divider/out_res_reg[30]_i_301/CO[3]
                         net (fo=1, routed)           0.000    49.401    dut/core0/u_divider/out_res_reg[30]_i_301_n_0
    SLICE_X43Y24         CARRY4 (Prop_carry4_CI_CO[3])
                                                      0.114    49.515 r  dut/core0/u_divider/out_res_reg[30]_i_296/CO[3]
                         net (fo=1, routed)           0.009    49.524    dut/core0/u_divider/out_res_reg[30]_i_296_n_0
    SLICE_X43Y25         CARRY4 (Prop_carry4_CI_CO[3])
                                                      0.114    49.638 r  dut/core0/u_divider/out_res_reg[30]_i_291/CO[3]
                         net (fo=1, routed)           0.000    49.638    dut/core0/u_divider/out_res_reg[30]_i_291_n_0
    SLICE_X43Y26         CARRY4 (Prop_carry4_CI_CO[3])
                                                      0.114    49.752 r  dut/core0/u_divider/out_res_reg[30]_i_288/CO[3]
                         net (fo=1, routed)           0.000    49.752    dut/core0/u_divider/out_res_reg[30]_i_288_n_0
    SLICE_X43Y27         CARRY4 (Prop_carry4_CI_CO[1])
                                                      0.157    49.909 r  dut/core0/u_divider/out_res_reg[30]_i_287/CO[1]
                         net (fo=27, routed)          1.751    51.661    dut/core0/u_divider/out_res_reg[30]_i_287_n_2
    SLICE_X41Y23         LUT3 (Prop_lut3_I0_O)        0.329    51.990 r  dut/core0/u_divider/out_res[30]_i_316/O
                         net (fo=1, routed)           0.000    51.990    dut/core0/u_divider/out_res[30]_i_316_n_0
    SLICE_X41Y23         CARRY4 (Prop_carry4_S[3]_CO[3])
                                                      0.401    52.391 r  dut/core0/u_divider/out_res_reg[30]_i_278/CO[3]
                         net (fo=1, routed)           0.000    52.391    dut/core0/u_divider/out_res_reg[30]_i_278_n_0
    SLICE_X41Y24         CARRY4 (Prop_carry4_CI_CO[3])
                                                      0.114    52.505 r  dut/core0/u_divider/out_res_reg[30]_i_273/CO[3]
                         net (fo=1, routed)           0.009    52.514    dut/core0/u_divider/out_res_reg[30]_i_273_n_0
    SLICE_X41Y25         CARRY4 (Prop_carry4_CI_CO[3])
                                                      0.114    52.628 r  dut/core0/u_divider/out_res_reg[30]_i_268/CO[3]
                         net (fo=1, routed)           0.000    52.628    dut/core0/u_divider/out_res_reg[30]_i_268_n_0
    SLICE_X41Y26         CARRY4 (Prop_carry4_CI_CO[3])
                                                      0.114    52.742 r  dut/core0/u_divider/out_res_reg[30]_i_263/CO[3]
                         net (fo=1, routed)           0.000    52.742    dut/core0/u_divider/out_res_reg[30]_i_263_n_0
    SLICE_X41Y27         CARRY4 (Prop_carry4_CI_CO[3])
                                                      0.114    52.856 r  dut/core0/u_divider/out_res_reg[30]_i_258/CO[3]
                         net (fo=1, routed)           0.000    52.856    dut/core0/u_divider/out_res_reg[30]_i_258_n_0
    SLICE_X41Y28         CARRY4 (Prop_carry4_CI_CO[3])
                                                      0.114    52.970 r  dut/core0/u_divider/out_res_reg[30]_i_255/CO[3]
                         net (fo=1, routed)           0.000    52.970    dut/core0/u_divider/out_res_reg[30]_i_255_n_0
    SLICE_X41Y29         CARRY4 (Prop_carry4_CI_CO[1])
                                                      0.157    53.127 r  dut/core0/u_divider/out_res_reg[30]_i_254/CO[1]
                         net (fo=27, routed)          1.773    54.899    dut/core0/u_divider/out_res_reg[30]_i_254_n_2
    SLICE_X40Y23         LUT3 (Prop_lut3_I0_O)        0.329    55.228 r  dut/core0/u_divider/out_res[30]_i_285/O
                         net (fo=1, routed)           0.000    55.228    dut/core0/u_divider/out_res[30]_i_285_n_0
    SLICE_X40Y23         CARRY4 (Prop_carry4_S[1]_CO[3])
                                                      0.550    55.778 r  dut/core0/u_divider/out_res_reg[30]_i_245/CO[3]
                         net (fo=1, routed)           0.000    55.778    dut/core0/u_divider/out_res_reg[30]_i_245_n_0
    SLICE_X40Y24         CARRY4 (Prop_carry4_CI_CO[3])
                                                      0.114    55.892 r  dut/core0/u_divider/out_res_reg[30]_i_240/CO[3]
                         net (fo=1, routed)           0.009    55.901    dut/core0/u_divider/out_res_reg[30]_i_240_n_0
    SLICE_X40Y25         CARRY4 (Prop_carry4_CI_CO[3])
                                                      0.114    56.015 r  dut/core0/u_divider/out_res_reg[30]_i_235/CO[3]
                         net (fo=1, routed)           0.000    56.015    dut/core0/u_divider/out_res_reg[30]_i_235_n_0
    SLICE_X40Y26         CARRY4 (Prop_carry4_CI_CO[3])
                                                      0.114    56.129 r  dut/core0/u_divider/out_res_reg[30]_i_230/CO[3]
                         net (fo=1, routed)           0.000    56.129    dut/core0/u_divider/out_res_reg[30]_i_230_n_0
    SLICE_X40Y27         CARRY4 (Prop_carry4_CI_CO[3])
                                                      0.114    56.243 r  dut/core0/u_divider/out_res_reg[30]_i_225/CO[3]
                         net (fo=1, routed)           0.000    56.243    dut/core0/u_divider/out_res_reg[30]_i_225_n_0
    SLICE_X40Y28         CARRY4 (Prop_carry4_CI_CO[3])
                                                      0.114    56.357 r  dut/core0/u_divider/out_res_reg[30]_i_222/CO[3]
                         net (fo=1, routed)           0.000    56.357    dut/core0/u_divider/out_res_reg[30]_i_222_n_0
    SLICE_X40Y29         CARRY4 (Prop_carry4_CI_CO[1])
                                                      0.157    56.514 r  dut/core0/u_divider/out_res_reg[30]_i_221/CO[1]
                         net (fo=27, routed)          2.225    58.740    dut/core0/u_divider/out_res_reg[30]_i_221_n_2
    SLICE_X36Y21         LUT3 (Prop_lut3_I0_O)        0.329    59.069 r  dut/core0/u_divider/out_res[30]_i_251/O
                         net (fo=1, routed)           0.000    59.069    dut/core0/u_divider/out_res[30]_i_251_n_0
    SLICE_X36Y21         CARRY4 (Prop_carry4_S[2]_CO[3])
                                                      0.380    59.449 r  dut/core0/u_divider/out_res_reg[30]_i_212/CO[3]
                         net (fo=1, routed)           0.000    59.449    dut/core0/u_divider/out_res_reg[30]_i_212_n_0
    SLICE_X36Y22         CARRY4 (Prop_carry4_CI_CO[3])
                                                      0.117    59.566 r  dut/core0/u_divider/out_res_reg[30]_i_207/CO[3]
                         net (fo=1, routed)           0.000    59.566    dut/core0/u_divider/out_res_reg[30]_i_207_n_0
    SLICE_X36Y23         CARRY4 (Prop_carry4_CI_CO[3])
                                                      0.117    59.683 r  dut/core0/u_divider/out_res_reg[30]_i_202/CO[3]
                         net (fo=1, routed)           0.000    59.683    dut/core0/u_divider/out_res_reg[30]_i_202_n_0
    SLICE_X36Y24         CARRY4 (Prop_carry4_CI_CO[3])
                                                      0.117    59.800 r  dut/core0/u_divider/out_res_reg[30]_i_197/CO[3]
                         net (fo=1, routed)           0.009    59.809    dut/core0/u_divider/out_res_reg[30]_i_197_n_0
    SLICE_X36Y25         CARRY4 (Prop_carry4_CI_CO[3])
                                                      0.117    59.926 r  dut/core0/u_divider/out_res_reg[30]_i_192/CO[3]
                         net (fo=1, routed)           0.000    59.926    dut/core0/u_divider/out_res_reg[30]_i_192_n_0
    SLICE_X36Y26         CARRY4 (Prop_carry4_CI_CO[3])
                                                      0.117    60.043 r  dut/core0/u_divider/out_res_reg[30]_i_189/CO[3]
                         net (fo=1, routed)           0.000    60.043    dut/core0/u_divider/out_res_reg[30]_i_189_n_0
    SLICE_X36Y27         CARRY4 (Prop_carry4_CI_CO[1])
                                                      0.157    60.200 r  dut/core0/u_divider/out_res_reg[30]_i_188/CO[1]
                         net (fo=27, routed)          2.078    62.278    dut/core0/u_divider/out_res_reg[30]_i_188_n_2
    SLICE_X35Y21         LUT3 (Prop_lut3_I0_O)        0.332    62.610 r  dut/core0/u_divider/out_res[30]_i_219/O
                         net (fo=1, routed)           0.000    62.610    dut/core0/u_divider/out_res[30]_i_219_n_0
    SLICE_X35Y21         CARRY4 (Prop_carry4_S[1]_CO[3])
                                                      0.550    63.160 r  dut/core0/u_divider/out_res_reg[30]_i_179/CO[3]
                         net (fo=1, routed)           0.000    63.160    dut/core0/u_divider/out_res_reg[30]_i_179_n_0
    SLICE_X35Y22         CARRY4 (Prop_carry4_CI_CO[3])
                                                      0.114    63.274 r  dut/core0/u_divider/out_res_reg[30]_i_174/CO[3]
                         net (fo=1, routed)           0.000    63.274    dut/core0/u_divider/out_res_reg[30]_i_174_n_0
    SLICE_X35Y23         CARRY4 (Prop_carry4_CI_CO[3])
                                                      0.114    63.388 r  dut/core0/u_divider/out_res_reg[30]_i_169/CO[3]
                         net (fo=1, routed)           0.000    63.388    dut/core0/u_divider/out_res_reg[30]_i_169_n_0
    SLICE_X35Y24         CARRY4 (Prop_carry4_CI_CO[3])
                                                      0.114    63.502 r  dut/core0/u_divider/out_res_reg[30]_i_164/CO[3]
                         net (fo=1, routed)           0.009    63.511    dut/core0/u_divider/out_res_reg[30]_i_164_n_0
    SLICE_X35Y25         CARRY4 (Prop_carry4_CI_CO[3])
                                                      0.114    63.625 r  dut/core0/u_divider/out_res_reg[30]_i_159/CO[3]
                         net (fo=1, routed)           0.000    63.625    dut/core0/u_divider/out_res_reg[30]_i_159_n_0
    SLICE_X35Y26         CARRY4 (Prop_carry4_CI_CO[3])
                                                      0.114    63.739 r  dut/core0/u_divider/out_res_reg[30]_i_156/CO[3]
                         net (fo=1, routed)           0.000    63.739    dut/core0/u_divider/out_res_reg[30]_i_156_n_0
    SLICE_X35Y27         CARRY4 (Prop_carry4_CI_CO[1])
                                                      0.157    63.896 r  dut/core0/u_divider/out_res_reg[30]_i_155/CO[1]
                         net (fo=27, routed)          1.602    65.498    dut/core0/u_divider/out_res_reg[30]_i_155_n_2
    SLICE_X37Y22         LUT3 (Prop_lut3_I0_O)        0.329    65.827 r  dut/core0/u_divider/out_res[30]_i_182/O
                         net (fo=1, routed)           0.000    65.827    dut/core0/u_divider/out_res[30]_i_182_n_0
    SLICE_X37Y22         CARRY4 (Prop_carry4_S[1]_CO[3])
                                                      0.550    66.377 r  dut/core0/u_divider/out_res_reg[30]_i_141/CO[3]
                         net (fo=1, routed)           0.000    66.377    dut/core0/u_divider/out_res_reg[30]_i_141_n_0
    SLICE_X37Y23         CARRY4 (Prop_carry4_CI_CO[3])
                                                      0.114    66.491 r  dut/core0/u_divider/out_res_reg[30]_i_136/CO[3]
                         net (fo=1, routed)           0.000    66.491    dut/core0/u_divider/out_res_reg[30]_i_136_n_0
    SLICE_X37Y24         CARRY4 (Prop_carry4_CI_CO[3])
                                                      0.114    66.605 r  dut/core0/u_divider/out_res_reg[30]_i_131/CO[3]
                         net (fo=1, routed)           0.009    66.614    dut/core0/u_divider/out_res_reg[30]_i_131_n_0
    SLICE_X37Y25         CARRY4 (Prop_carry4_CI_CO[3])
                                                      0.114    66.728 r  dut/core0/u_divider/out_res_reg[30]_i_126/CO[3]
                         net (fo=1, routed)           0.000    66.728    dut/core0/u_divider/out_res_reg[30]_i_126_n_0
    SLICE_X37Y26         CARRY4 (Prop_carry4_CI_CO[3])
                                                      0.114    66.842 r  dut/core0/u_divider/out_res_reg[30]_i_123/CO[3]
                         net (fo=1, routed)           0.000    66.842    dut/core0/u_divider/out_res_reg[30]_i_123_n_0
    SLICE_X37Y27         CARRY4 (Prop_carry4_CI_CO[1])
                                                      0.157    66.999 r  dut/core0/u_divider/out_res_reg[30]_i_122/CO[1]
                         net (fo=27, routed)          2.334    69.333    dut/core0/u_divider/out_res_reg[30]_i_122_n_2
    SLICE_X38Y14         LUT3 (Prop_lut3_I0_O)        0.329    69.662 r  dut/core0/u_divider/out_res[30]_i_153/O
                         net (fo=1, routed)           0.000    69.662    dut/core0/u_divider/out_res[30]_i_153_n_0
    SLICE_X38Y14         CARRY4 (Prop_carry4_S[1]_CO[3])
                                                      0.533    70.195 r  dut/core0/u_divider/out_res_reg[30]_i_116/CO[3]
                         net (fo=1, routed)           0.000    70.195    dut/core0/u_divider/out_res_reg[30]_i_116_n_0
    SLICE_X38Y15         CARRY4 (Prop_carry4_CI_CO[3])
                                                      0.117    70.312 r  dut/core0/u_divider/out_res_reg[30]_i_111/CO[3]
                         net (fo=1, routed)           0.000    70.312    dut/core0/u_divider/out_res_reg[30]_i_111_n_0
    SLICE_X38Y16         CARRY4 (Prop_carry4_CI_CO[3])
                                                      0.117    70.429 r  dut/core0/u_divider/out_res_reg[30]_i_106/CO[3]
                         net (fo=1, routed)           0.000    70.429    dut/core0/u_divider/out_res_reg[30]_i_106_n_0
    SLICE_X38Y17         CARRY4 (Prop_carry4_CI_CO[3])
                                                      0.117    70.546 r  dut/core0/u_divider/out_res_reg[30]_i_101/CO[3]
                         net (fo=1, routed)           0.000    70.546    dut/core0/u_divider/out_res_reg[30]_i_101_n_0
    SLICE_X38Y18         CARRY4 (Prop_carry4_CI_CO[3])
                                                      0.117    70.663 r  dut/core0/u_divider/out_res_reg[30]_i_96/CO[3]
                         net (fo=1, routed)           0.000    70.663    dut/core0/u_divider/out_res_reg[30]_i_96_n_0
    SLICE_X38Y19         CARRY4 (Prop_carry4_CI_CO[3])
                                                      0.117    70.780 r  dut/core0/u_divider/out_res_reg[30]_i_93/CO[3]
                         net (fo=1, routed)           0.000    70.780    dut/core0/u_divider/out_res_reg[30]_i_93_n_0
    SLICE_X38Y20         CARRY4 (Prop_carry4_CI_CO[1])
                                                      0.157    70.937 r  dut/core0/u_divider/out_res_reg[30]_i_92/CO[1]
                         net (fo=27, routed)          1.858    72.795    dut/core0/u_divider/out_res_reg[30]_i_92_n_2
    SLICE_X39Y14         LUT3 (Prop_lut3_I0_O)        0.332    73.127 r  dut/core0/u_divider/out_res[30]_i_119/O
                         net (fo=1, routed)           0.000    73.127    dut/core0/u_divider/out_res[30]_i_119_n_0
    SLICE_X39Y14         CARRY4 (Prop_carry4_S[1]_CO[3])
                                                      0.550    73.677 r  dut/core0/u_divider/out_res_reg[30]_i_86/CO[3]
                         net (fo=1, routed)           0.000    73.677    dut/core0/u_divider/out_res_reg[30]_i_86_n_0
    SLICE_X39Y15         CARRY4 (Prop_carry4_CI_CO[3])
                                                      0.114    73.791 r  dut/core0/u_divider/out_res_reg[30]_i_81/CO[3]
                         net (fo=1, routed)           0.000    73.791    dut/core0/u_divider/out_res_reg[30]_i_81_n_0
    SLICE_X39Y16         CARRY4 (Prop_carry4_CI_CO[3])
                                                      0.114    73.905 r  dut/core0/u_divider/out_res_reg[30]_i_76/CO[3]
                         net (fo=1, routed)           0.000    73.905    dut/core0/u_divider/out_res_reg[30]_i_76_n_0
    SLICE_X39Y17         CARRY4 (Prop_carry4_CI_CO[3])
                                                      0.114    74.019 r  dut/core0/u_divider/out_res_reg[30]_i_71/CO[3]
                         net (fo=1, routed)           0.000    74.019    dut/core0/u_divider/out_res_reg[30]_i_71_n_0
    SLICE_X39Y18         CARRY4 (Prop_carry4_CI_CO[3])
                                                      0.114    74.133 r  dut/core0/u_divider/out_res_reg[30]_i_68/CO[3]
                         net (fo=1, routed)           0.000    74.133    dut/core0/u_divider/out_res_reg[30]_i_68_n_0
    SLICE_X39Y19         CARRY4 (Prop_carry4_CI_CO[1])
                                                      0.157    74.290 r  dut/core0/u_divider/out_res_reg[30]_i_67/CO[1]
                         net (fo=27, routed)          1.738    76.029    dut/core0/u_divider/out_res_reg[30]_i_67_n_2
    SLICE_X37Y14         LUT3 (Prop_lut3_I0_O)        0.329    76.358 r  dut/core0/u_divider/i__carry_i_146/O
                         net (fo=1, routed)           0.000    76.358    dut/core0/u_divider/i__carry_i_146_n_0
    SLICE_X37Y14         CARRY4 (Prop_carry4_S[1]_CO[3])
                                                      0.550    76.908 r  dut/core0/u_divider/i__carry_i_119/CO[3]
                         net (fo=1, routed)           0.000    76.908    dut/core0/u_divider/i__carry_i_119_n_0
    SLICE_X37Y15         CARRY4 (Prop_carry4_CI_CO[3])
                                                      0.114    77.022 r  dut/core0/u_divider/i__carry_i_93/CO[3]
                         net (fo=1, routed)           0.000    77.022    dut/core0/u_divider/i__carry_i_93_n_0
    SLICE_X37Y16         CARRY4 (Prop_carry4_CI_CO[3])
                                                      0.114    77.136 r  dut/core0/u_divider/out_res_reg[30]_i_61/CO[3]
                         net (fo=1, routed)           0.000    77.136    dut/core0/u_divider/out_res_reg[30]_i_61_n_0
    SLICE_X37Y17         CARRY4 (Prop_carry4_CI_CO[3])
                                                      0.114    77.250 r  dut/core0/u_divider/out_res_reg[30]_i_56/CO[3]
                         net (fo=1, routed)           0.000    77.250    dut/core0/u_divider/out_res_reg[30]_i_56_n_0
    SLICE_X37Y18         CARRY4 (Prop_carry4_CI_CO[3])
                                                      0.114    77.364 r  dut/core0/u_divider/out_res_reg[30]_i_51/CO[3]
                         net (fo=1, routed)           0.000    77.364    dut/core0/u_divider/out_res_reg[30]_i_51_n_0
    SLICE_X37Y19         CARRY4 (Prop_carry4_CI_CO[3])
                                                      0.114    77.478 r  dut/core0/u_divider/out_res_reg[30]_i_48/CO[3]
                         net (fo=1, routed)           0.000    77.478    dut/core0/u_divider/out_res_reg[30]_i_48_n_0
    SLICE_X37Y20         CARRY4 (Prop_carry4_CI_CO[1])
                                                      0.157    77.635 r  dut/core0/u_divider/out_res_reg[30]_i_47/CO[1]
                         net (fo=27, routed)          2.012    79.647    dut/core0/u_divider/out_res_reg[30]_i_47_n_2
    SLICE_X31Y15         LUT3 (Prop_lut3_I0_O)        0.329    79.976 r  dut/core0/u_divider/i__carry_i_122/O
                         net (fo=1, routed)           0.000    79.976    dut/core0/u_divider/i__carry_i_122_n_0
    SLICE_X31Y15         CARRY4 (Prop_carry4_S[1]_CO[3])
                                                      0.550    80.526 r  dut/core0/u_divider/i__carry_i_88/CO[3]
                         net (fo=1, routed)           0.000    80.526    dut/core0/u_divider/i__carry_i_88_n_0
    SLICE_X31Y16         CARRY4 (Prop_carry4_CI_CO[3])
                                                      0.114    80.640 r  dut/core0/u_divider/i__carry_i_67/CO[3]
                         net (fo=1, routed)           0.000    80.640    dut/core0/u_divider/i__carry_i_67_n_0
    SLICE_X31Y17         CARRY4 (Prop_carry4_CI_CO[3])
                                                      0.114    80.754 r  dut/core0/u_divider/out_res_reg[30]_i_41/CO[3]
                         net (fo=1, routed)           0.000    80.754    dut/core0/u_divider/out_res_reg[30]_i_41_n_0
    SLICE_X31Y18         CARRY4 (Prop_carry4_CI_CO[3])
                                                      0.114    80.868 r  dut/core0/u_divider/out_res_reg[30]_i_36/CO[3]
                         net (fo=1, routed)           0.000    80.868    dut/core0/u_divider/out_res_reg[30]_i_36_n_0
    SLICE_X31Y19         CARRY4 (Prop_carry4_CI_CO[3])
                                                      0.114    80.982 r  dut/core0/u_divider/out_res_reg[30]_i_33/CO[3]
                         net (fo=1, routed)           0.000    80.982    dut/core0/u_divider/out_res_reg[30]_i_33_n_0
    SLICE_X31Y20         CARRY4 (Prop_carry4_CI_CO[1])
                                                      0.157    81.139 r  dut/core0/u_divider/out_res_reg[30]_i_32/CO[1]
                         net (fo=27, routed)          1.791    82.930    dut/core0/u_divider/out_res_reg[30]_i_32_n_2
    SLICE_X32Y23         LUT3 (Prop_lut3_I0_O)        0.329    83.259 r  dut/core0/u_divider/i__carry_i_71/O
                         net (fo=1, routed)           0.000    83.259    dut/core0/u_divider/i__carry_i_71_n_0
    SLICE_X32Y23         CARRY4 (Prop_carry4_S[0]_CO[3])
                                                      0.513    83.772 r  dut/core0/u_divider/i__carry_i_46/CO[3]
                         net (fo=1, routed)           0.000    83.772    dut/core0/u_divider/i__carry_i_46_n_0
    SLICE_X32Y24         CARRY4 (Prop_carry4_CI_CO[3])
                                                      0.117    83.889 r  dut/core0/u_divider/out_res_reg[30]_i_26/CO[3]
                         net (fo=1, routed)           0.009    83.898    dut/core0/u_divider/out_res_reg[30]_i_26_n_0
    SLICE_X32Y25         CARRY4 (Prop_carry4_CI_CO[3])
                                                      0.117    84.015 r  dut/core0/u_divider/out_res_reg[30]_i_23/CO[3]
                         net (fo=1, routed)           0.000    84.015    dut/core0/u_divider/out_res_reg[30]_i_23_n_0
    SLICE_X32Y26         CARRY4 (Prop_carry4_CI_CO[1])
                                                      0.157    84.172 r  dut/core0/u_divider/out_res_reg[30]_i_22/CO[1]
                         net (fo=27, routed)          2.210    86.381    dut/core0/u_divider/out_res_reg[30]_i_22_n_2
    SLICE_X39Y20         LUT3 (Prop_lut3_I0_O)        0.332    86.713 r  dut/core0/u_divider/i__carry_i_137/O
                         net (fo=1, routed)           0.000    86.713    dut/core0/u_divider/i__carry_i_137_n_0
    SLICE_X39Y20         CARRY4 (Prop_carry4_S[1]_CO[3])
                                                      0.550    87.263 r  dut/core0/u_divider/i__carry_i_104/CO[3]
                         net (fo=1, routed)           0.000    87.263    dut/core0/u_divider/i__carry_i_104_n_0
    SLICE_X39Y21         CARRY4 (Prop_carry4_CI_CO[3])
                                                      0.114    87.377 r  dut/core0/u_divider/i__carry_i_78/CO[3]
                         net (fo=1, routed)           0.000    87.377    dut/core0/u_divider/i__carry_i_78_n_0
    SLICE_X39Y22         CARRY4 (Prop_carry4_CI_CO[3])
                                                      0.114    87.491 r  dut/core0/u_divider/i__carry_i_57/CO[3]
                         net (fo=1, routed)           0.000    87.491    dut/core0/u_divider/i__carry_i_57_n_0
    SLICE_X39Y23         CARRY4 (Prop_carry4_CI_CO[3])
                                                      0.114    87.605 r  dut/core0/u_divider/i__carry_i_41/CO[3]
                         net (fo=1, routed)           0.000    87.605    dut/core0/u_divider/i__carry_i_41_n_0
    SLICE_X39Y24         CARRY4 (Prop_carry4_CI_CO[3])
                                                      0.114    87.719 r  dut/core0/u_divider/i__carry_i_30/CO[3]
                         net (fo=1, routed)           0.009    87.728    dut/core0/u_divider/i__carry_i_30_n_0
    SLICE_X39Y25         CARRY4 (Prop_carry4_CI_CO[3])
                                                      0.114    87.842 r  dut/core0/u_divider/out_res_reg[30]_i_15/CO[3]
                         net (fo=1, routed)           0.000    87.842    dut/core0/u_divider/out_res_reg[30]_i_15_n_0
    SLICE_X39Y26         CARRY4 (Prop_carry4_CI_CO[1])
                                                      0.157    87.999 r  dut/core0/u_divider/out_res_reg[30]_i_14/CO[1]
                         net (fo=27, routed)          2.052    90.051    dut/core0/execute_unit/u_fpu/u_divider/out_res_reg[30]_i_8_0[1]
    SLICE_X39Y33         LUT3 (Prop_lut3_I0_O)        0.329    90.380 r  dut/core0/execute_unit/u_fpu/u_divider/out_res[30]_i_17/O
                         net (fo=1, routed)           0.000    90.380    dut/core0/execute_unit/u_fpu/u_divider/out_res[30]_i_17_n_0
    SLICE_X39Y33         CARRY4 (Prop_carry4_S[0]_CO[1])
                                                      0.457    90.837 r  dut/core0/execute_unit/u_fpu/u_divider/out_res_reg[30]_i_8/CO[1]
                         net (fo=70, routed)          2.017    92.854    dut/core0/execute_unit_n_53
    SLICE_X31Y26         LUT3 (Prop_lut3_I0_O)        0.329    93.183 r  dut/core0/u_divider/i__carry_i_100/O
                         net (fo=1, routed)           0.000    93.183    dut/core0/u_divider/i__carry_i_100_n_0
    SLICE_X31Y26         CARRY4 (Prop_carry4_S[3]_CO[3])
                                                      0.401    93.584 r  dut/core0/u_divider/i__carry_i_72/CO[3]
                         net (fo=1, routed)           0.000    93.584    dut/core0/u_divider/i__carry_i_72_n_0
    SLICE_X31Y27         CARRY4 (Prop_carry4_CI_CO[3])
                                                      0.114    93.698 r  dut/core0/u_divider/i__carry_i_51/CO[3]
                         net (fo=1, routed)           0.000    93.698    dut/core0/u_divider/i__carry_i_51_n_0
    SLICE_X31Y28         CARRY4 (Prop_carry4_CI_CO[3])
                                                      0.114    93.812 r  dut/core0/u_divider/i__carry_i_35/CO[3]
                         net (fo=1, routed)           0.000    93.812    dut/core0/u_divider/i__carry_i_35_n_0
    SLICE_X31Y29         CARRY4 (Prop_carry4_CI_CO[3])
                                                      0.114    93.926 r  dut/core0/u_divider/i__carry_i_24/CO[3]
                         net (fo=1, routed)           0.000    93.926    dut/core0/u_divider/i__carry_i_24_n_0
    SLICE_X31Y30         CARRY4 (Prop_carry4_CI_CO[3])
                                                      0.114    94.040 r  dut/core0/u_divider/i__carry_i_14/CO[3]
                         net (fo=1, routed)           0.000    94.040    dut/core0/u_divider/i__carry_i_14_n_0
    SLICE_X31Y31         CARRY4 (Prop_carry4_CI_CO[1])
                                                      0.157    94.197 r  dut/core0/u_divider/i__carry_i_11/CO[1]
                         net (fo=39, routed)          1.652    95.849    dut/core0/u_divider/i__carry_i_11_n_2
    SLICE_X30Y24         LUT3 (Prop_lut3_I0_O)        0.329    96.178 r  dut/core0/u_divider/out_res[21]_i_42/O
                         net (fo=1, routed)           0.000    96.178    dut/core0/u_divider/out_res[21]_i_42_n_0
    SLICE_X30Y24         CARRY4 (Prop_carry4_S[3]_CO[3])
                                                      0.376    96.554 r  dut/core0/u_divider/out_res_reg[21]_i_35/CO[3]
                         net (fo=1, routed)           0.009    96.563    dut/core0/u_divider/out_res_reg[21]_i_35_n_0
    SLICE_X30Y25         CARRY4 (Prop_carry4_CI_CO[3])
                                                      0.117    96.680 r  dut/core0/u_divider/out_res_reg[21]_i_29/CO[3]
                         net (fo=1, routed)           0.000    96.680    dut/core0/u_divider/out_res_reg[21]_i_29_n_0
    SLICE_X30Y26         CARRY4 (Prop_carry4_CI_CO[3])
                                                      0.117    96.797 r  dut/core0/u_divider/out_res_reg[21]_i_23/CO[3]
                         net (fo=1, routed)           0.000    96.797    dut/core0/u_divider/out_res_reg[21]_i_23_n_0
    SLICE_X30Y27         CARRY4 (Prop_carry4_CI_CO[3])
                                                      0.117    96.914 r  dut/core0/u_divider/out_res_reg[21]_i_17/CO[3]
                         net (fo=1, routed)           0.000    96.914    dut/core0/u_divider/out_res_reg[21]_i_17_n_0
    SLICE_X30Y28         CARRY4 (Prop_carry4_CI_CO[3])
                                                      0.117    97.031 r  dut/core0/u_divider/out_res_reg[21]_i_11/CO[3]
                         net (fo=1, routed)           0.000    97.031    dut/core0/u_divider/out_res_reg[21]_i_11_n_0
    SLICE_X30Y29         CARRY4 (Prop_carry4_CI_CO[3])
                                                      0.117    97.148 r  dut/core0/u_divider/out_res_reg[21]_i_7/CO[3]
                         net (fo=1, routed)           0.000    97.148    dut/core0/u_divider/out_res_reg[21]_i_7_n_0
    SLICE_X30Y30         CARRY4 (Prop_carry4_CI_CO[1])
                                                      0.157    97.305 r  dut/core0/u_divider/out_res_reg[21]_i_5/CO[1]
                         net (fo=32, routed)          2.084    99.389    dut/core0/execute_unit/u_fpu/u_divider/out_res_reg[21]_0[0]
    SLICE_X33Y21         LUT5 (Prop_lut5_I0_O)        0.332    99.721 r  dut/core0/execute_unit/u_fpu/u_divider/i__carry_i_18__4/O
                         net (fo=3, routed)           0.677   100.397    dut/core0/execute_unit/u_fpu/u_divider/i__carry_i_18__4_n_0
    SLICE_X33Y21         LUT6 (Prop_lut6_I0_O)        0.124   100.521 r  dut/core0/execute_unit/u_fpu/u_divider/i__carry_i_13__11/O
                         net (fo=33, routed)          0.788   101.309    dut/core0/execute_unit/u_fpu/u_divider/i__carry_i_13__11_n_0
    SLICE_X33Y23         LUT4 (Prop_lut4_I3_O)        0.124   101.433 r  dut/core0/execute_unit/u_fpu/u_divider/i__carry_i_8__20/O
                         net (fo=1, routed)           0.000   101.433    dut/core0/execute_unit/u_fpu/u_divider/i__carry_i_8__20_n_0
    SLICE_X33Y23         CARRY4 (Prop_carry4_S[0]_CO[3])
                                                      0.532   101.965 r  dut/core0/execute_unit/u_fpu/u_divider/exp_norm0_inferred__0/i__carry/CO[3]
                         net (fo=1, routed)           0.000   101.965    dut/core0/execute_unit/u_fpu/u_divider/exp_norm0_inferred__0/i__carry_n_0
    SLICE_X33Y24         CARRY4 (Prop_carry4_CI_O[3])
                                                      0.313   102.278 f  dut/core0/execute_unit/u_fpu/u_divider/exp_norm0_inferred__0/i__carry__0/O[3]
                         net (fo=3, routed)           1.287   103.565    dut/core0/execute_unit/u_fpu/u_divider/exp_norm[7]
    SLICE_X29Y24         LUT6 (Prop_lut6_I2_O)        0.306   103.871 f  dut/core0/execute_unit/u_fpu/u_divider/i__carry_i_12__14/O
                         net (fo=1, routed)           0.789   104.660    dut/core0/execute_unit/u_fpu/u_divider/i__carry_i_12__14_n_0
    SLICE_X31Y24         LUT6 (Prop_lut6_I1_O)        0.124   104.784 r  dut/core0/execute_unit/u_fpu/u_divider/i__carry_i_11__12/O
                         net (fo=4, routed)           0.318   105.102    dut/core0/execute_unit/u_fpu/u_divider/i__carry_i_11__12_n_0
    SLICE_X31Y23         LUT6 (Prop_lut6_I5_O)        0.124   105.226 r  dut/core0/execute_unit/u_fpu/u_divider/i__carry_i_5__19/O
                         net (fo=32, routed)          1.415   106.641    dut/core0/execute_unit/u_fpu/u_divider/i__carry_i_5__19_n_0
    SLICE_X24Y28         LUT2 (Prop_lut2_I1_O)        0.124   106.765 r  dut/core0/execute_unit/u_fpu/u_divider/i__carry_i_4__0/O
                         net (fo=1, routed)           0.000   106.765    dut/core0/execute_unit/u_fpu/u_divider/i__carry_i_4__0_n_0
    SLICE_X24Y28         CARRY4 (Prop_carry4_S[0]_CO[3])
                                                      0.532   107.297 r  dut/core0/execute_unit/u_fpu/u_divider/exp_norm0_inferred__1/i__carry/CO[3]
                         net (fo=1, routed)           0.000   107.297    dut/core0/execute_unit/u_fpu/u_divider/exp_norm0_inferred__1/i__carry_n_0
    SLICE_X24Y29         CARRY4 (Prop_carry4_CI_CO[3])
                                                      0.114   107.411 r  dut/core0/execute_unit/u_fpu/u_divider/exp_norm0_inferred__1/i__carry__0/CO[3]
                         net (fo=1, routed)           0.000   107.411    dut/core0/execute_unit/u_fpu/u_divider/exp_norm0_inferred__1/i__carry__0_n_0
    SLICE_X24Y30         CARRY4 (Prop_carry4_CI_O[0])
                                                      0.222   107.633 f  dut/core0/execute_unit/u_fpu/u_divider/exp_norm0_inferred__1/i__carry__1/O[0]
                         net (fo=3, routed)           1.193   108.826    dut/core0/execute_unit/u_fpu/u_divider/exp_norm0_inferred__1/i__carry__1_n_7
    SLICE_X22Y28         LUT6 (Prop_lut6_I1_O)        0.299   109.125 f  dut/core0/execute_unit/u_fpu/u_divider/i__carry_i_8__14/O
                         net (fo=1, routed)           0.162   109.287    dut/core0/execute_unit/u_fpu/u_divider/i__carry_i_8__14_n_0
    SLICE_X22Y28         LUT6 (Prop_lut6_I1_O)        0.124   109.411 r  dut/core0/execute_unit/u_fpu/u_divider/i__carry_i_7__14/O
                         net (fo=2, routed)           0.961   110.372    dut/core0/execute_unit/u_fpu/u_divider/i__carry_i_7__14_n_0
    SLICE_X29Y24         LUT6 (Prop_lut6_I5_O)        0.124   110.496 r  dut/core0/execute_unit/u_fpu/u_divider/i__carry_i_5__18/O
                         net (fo=30, routed)          1.373   111.869    dut/core0/execute_unit/u_fpu/u_divider/i__carry_i_5__18_n_0
    SLICE_X20Y27         LUT2 (Prop_lut2_I1_O)        0.124   111.993 r  dut/core0/execute_unit/u_fpu/u_divider/i__carry_i_4__1/O
                         net (fo=1, routed)           0.000   111.993    dut/core0/execute_unit/u_fpu/u_divider/i__carry_i_4__1_n_0
    SLICE_X20Y27         CARRY4 (Prop_carry4_S[0]_CO[3])
                                                      0.513   112.506 r  dut/core0/execute_unit/u_fpu/u_divider/exp_norm0_inferred__2/i__carry/CO[3]
                         net (fo=1, routed)           0.000   112.506    dut/core0/execute_unit/u_fpu/u_divider/exp_norm0_inferred__2/i__carry_n_0
    SLICE_X20Y28         CARRY4 (Prop_carry4_CI_O[2])
                                                      0.239   112.745 f  dut/core0/execute_unit/u_fpu/u_divider/exp_norm0_inferred__2/i__carry__0/O[2]
                         net (fo=3, routed)           0.828   113.573    dut/core0/execute_unit/u_fpu/u_divider/exp_norm0_inferred__2/i__carry__0_n_5
    SLICE_X21Y28         LUT6 (Prop_lut6_I1_O)        0.301   113.874 f  dut/core0/execute_unit/u_fpu/u_divider/i__carry_i_12__15/O
                         net (fo=1, routed)           0.264   114.139    dut/core0/execute_unit/u_fpu/u_divider/i__carry_i_12__15_n_0
    SLICE_X21Y28         LUT6 (Prop_lut6_I1_O)        0.124   114.263 r  dut/core0/execute_unit/u_fpu/u_divider/i__carry_i_9__6/O
                         net (fo=3, routed)           1.257   115.520    dut/core0/execute_unit/u_fpu/u_divider/i__carry_i_9__6_n_0
    SLICE_X29Y23         LUT6 (Prop_lut6_I5_O)        0.124   115.644 r  dut/core0/execute_unit/u_fpu/u_divider/i__carry_i_5__17/O
                         net (fo=28, routed)          1.329   116.972    dut/core0/execute_unit/u_fpu/u_divider/i__carry_i_5__17_n_0
    SLICE_X18Y24         LUT2 (Prop_lut2_I1_O)        0.124   117.096 r  dut/core0/execute_unit/u_fpu/u_divider/i__carry_i_4__2/O
                         net (fo=1, routed)           0.000   117.096    dut/core0/execute_unit/u_fpu/u_divider/i__carry_i_4__2_n_0
    SLICE_X18Y24         CARRY4 (Prop_carry4_S[0]_CO[3])
                                                      0.513   117.609 r  dut/core0/execute_unit/u_fpu/u_divider/exp_norm0_inferred__3/i__carry/CO[3]
                         net (fo=1, routed)           0.009   117.618    dut/core0/execute_unit/u_fpu/u_divider/exp_norm0_inferred__3/i__carry_n_0
    SLICE_X18Y25         CARRY4 (Prop_carry4_CI_O[2])
                                                      0.239   117.857 f  dut/core0/execute_unit/u_fpu/u_divider/exp_norm0_inferred__3/i__carry__0/O[2]
                         net (fo=3, routed)           0.843   118.701    dut/core0/execute_unit/u_fpu/u_divider/exp_norm0_inferred__3/i__carry__0_n_5
    SLICE_X16Y24         LUT6 (Prop_lut6_I1_O)        0.301   119.002 f  dut/core0/execute_unit/u_fpu/u_divider/i__carry_i_11__13/O
                         net (fo=1, routed)           0.670   119.672    dut/core0/execute_unit/u_fpu/u_divider/i__carry_i_11__13_n_0
    SLICE_X16Y24         LUT6 (Prop_lut6_I1_O)        0.124   119.796 r  dut/core0/execute_unit/u_fpu/u_divider/i__carry_i_9__7/O
                         net (fo=1, routed)           1.196   120.992    dut/core0/execute_unit/u_fpu/u_divider/i__carry_i_9__7_n_0
    SLICE_X28Y24         LUT6 (Prop_lut6_I5_O)        0.124   121.116 r  dut/core0/execute_unit/u_fpu/u_divider/i__carry_i_5__16/O
                         net (fo=29, routed)          0.944   122.060    dut/core0/execute_unit/u_fpu/u_divider/i__carry_i_5__16_n_0
    SLICE_X17Y23         LUT2 (Prop_lut2_I1_O)        0.124   122.184 r  dut/core0/execute_unit/u_fpu/u_divider/i__carry_i_4__3/O
                         net (fo=1, routed)           0.000   122.184    dut/core0/execute_unit/u_fpu/u_divider/i__carry_i_4__3_n_0
    SLICE_X17Y23         CARRY4 (Prop_carry4_S[0]_CO[3])
                                                      0.532   122.716 r  dut/core0/execute_unit/u_fpu/u_divider/exp_norm0_inferred__4/i__carry/CO[3]
                         net (fo=1, routed)           0.000   122.716    dut/core0/execute_unit/u_fpu/u_divider/exp_norm0_inferred__4/i__carry_n_0
    SLICE_X17Y24         CARRY4 (Prop_carry4_CI_O[0])
                                                      0.222   122.938 f  dut/core0/execute_unit/u_fpu/u_divider/exp_norm0_inferred__4/i__carry__0/O[0]
                         net (fo=3, routed)           0.986   123.924    dut/core0/execute_unit/u_fpu/u_divider/exp_norm0_inferred__4/i__carry__0_n_7
    SLICE_X18Y23         LUT6 (Prop_lut6_I4_O)        0.299   124.223 f  dut/core0/execute_unit/u_fpu/u_divider/i__carry_i_10__15/O
                         net (fo=1, routed)           0.161   124.384    dut/core0/execute_unit/u_fpu/u_divider/i__carry_i_10__15_n_0
    SLICE_X18Y23         LUT6 (Prop_lut6_I1_O)        0.124   124.508 r  dut/core0/execute_unit/u_fpu/u_divider/i__carry_i_8__15/O
                         net (fo=4, routed)           1.084   125.592    dut/core0/execute_unit/u_fpu/u_divider/i__carry_i_8__15_n_0
    SLICE_X27Y23         LUT4 (Prop_lut4_I3_O)        0.124   125.716 r  dut/core0/execute_unit/u_fpu/u_divider/i__carry_i_5__15/O
                         net (fo=26, routed)          0.717   126.432    dut/core0/execute_unit/u_fpu/u_divider/i__carry_i_5__15_n_0
    SLICE_X19Y23         LUT2 (Prop_lut2_I1_O)        0.124   126.556 r  dut/core0/execute_unit/u_fpu/u_divider/i__carry_i_4__4/O
                         net (fo=1, routed)           0.000   126.556    dut/core0/execute_unit/u_fpu/u_divider/i__carry_i_4__4_n_0
    SLICE_X19Y23         CARRY4 (Prop_carry4_S[0]_CO[3])
                                                      0.532   127.088 r  dut/core0/execute_unit/u_fpu/u_divider/exp_norm0_inferred__5/i__carry/CO[3]
                         net (fo=1, routed)           0.000   127.088    dut/core0/execute_unit/u_fpu/u_divider/exp_norm0_inferred__5/i__carry_n_0
    SLICE_X19Y24         CARRY4 (Prop_carry4_CI_O[3])
                                                      0.313   127.401 f  dut/core0/execute_unit/u_fpu/u_divider/exp_norm0_inferred__5/i__carry__0/O[3]
                         net (fo=3, routed)           1.037   128.438    dut/core0/execute_unit/u_fpu/u_divider/exp_norm0_inferred__5/i__carry__0_n_4
    SLICE_X18Y23         LUT6 (Prop_lut6_I2_O)        0.306   128.744 f  dut/core0/execute_unit/u_fpu/u_divider/i__carry_i_9__8/O
                         net (fo=1, routed)           0.884   129.628    dut/core0/execute_unit/u_fpu/u_divider/i__carry_i_9__8_n_0
    SLICE_X16Y24         LUT6 (Prop_lut6_I1_O)        0.124   129.752 r  dut/core0/execute_unit/u_fpu/u_divider/i__carry_i_7__15/O
                         net (fo=1, routed)           0.584   130.336    dut/core0/execute_unit/u_fpu/u_divider/i__carry_i_7__15_n_0
    SLICE_X24Y24         LUT6 (Prop_lut6_I5_O)        0.124   130.460 r  dut/core0/execute_unit/u_fpu/u_divider/i__carry_i_5__14/O
                         net (fo=27, routed)          0.588   131.048    dut/core0/execute_unit/u_fpu/u_divider/i__carry_i_5__14_n_0
    SLICE_X20Y24         LUT2 (Prop_lut2_I1_O)        0.124   131.172 r  dut/core0/execute_unit/u_fpu/u_divider/i__carry_i_4__5/O
                         net (fo=1, routed)           0.000   131.172    dut/core0/execute_unit/u_fpu/u_divider/i__carry_i_4__5_n_0
    SLICE_X20Y24         CARRY4 (Prop_carry4_S[0]_CO[3])
                                                      0.513   131.685 r  dut/core0/execute_unit/u_fpu/u_divider/exp_norm0_inferred__6/i__carry/CO[3]
                         net (fo=1, routed)           0.009   131.694    dut/core0/execute_unit/u_fpu/u_divider/exp_norm0_inferred__6/i__carry_n_0
    SLICE_X20Y25         CARRY4 (Prop_carry4_CI_O[3])
                                                      0.315   132.009 f  dut/core0/execute_unit/u_fpu/u_divider/exp_norm0_inferred__6/i__carry__0/O[3]
                         net (fo=3, routed)           1.146   133.154    dut/core0/execute_unit/u_fpu/u_divider/exp_norm0_inferred__6/i__carry__0_n_4
    SLICE_X24Y24         LUT6 (Prop_lut6_I2_O)        0.307   133.461 f  dut/core0/execute_unit/u_fpu/u_divider/i__carry_i_13__12/O
                         net (fo=1, routed)           0.161   133.622    dut/core0/execute_unit/u_fpu/u_divider/i__carry_i_13__12_n_0
    SLICE_X24Y24         LUT6 (Prop_lut6_I1_O)        0.124   133.746 r  dut/core0/execute_unit/u_fpu/u_divider/i__carry_i_9__9/O
                         net (fo=4, routed)           1.049   134.795    dut/core0/execute_unit/u_fpu/u_divider/i__carry_i_9__9_n_0
    SLICE_X24Y23         LUT6 (Prop_lut6_I5_O)        0.124   134.919 r  dut/core0/execute_unit/u_fpu/u_divider/i__carry_i_5__13/O
                         net (fo=27, routed)          0.349   135.269    dut/core0/execute_unit/u_fpu/u_divider/i__carry_i_5__13_n_0
    SLICE_X24Y25         LUT2 (Prop_lut2_I1_O)        0.124   135.393 r  dut/core0/execute_unit/u_fpu/u_divider/i__carry_i_4__6/O
                         net (fo=1, routed)           0.000   135.393    dut/core0/execute_unit/u_fpu/u_divider/i__carry_i_4__6_n_0
    SLICE_X24Y25         CARRY4 (Prop_carry4_S[0]_CO[3])
                                                      0.532   135.925 r  dut/core0/execute_unit/u_fpu/u_divider/exp_norm0_inferred__7/i__carry/CO[3]
                         net (fo=1, routed)           0.000   135.925    dut/core0/execute_unit/u_fpu/u_divider/exp_norm0_inferred__7/i__carry_n_0
    SLICE_X24Y26         CARRY4 (Prop_carry4_CI_O[3])
                                                      0.313   136.238 f  dut/core0/execute_unit/u_fpu/u_divider/exp_norm0_inferred__7/i__carry__0/O[3]
                         net (fo=3, routed)           1.838   138.076    dut/core0/execute_unit/u_fpu/u_divider/exp_norm0_inferred__7/i__carry__0_n_4
    SLICE_X24Y23         LUT6 (Prop_lut6_I2_O)        0.306   138.382 f  dut/core0/execute_unit/u_fpu/u_divider/i__carry_i_10__16/O
                         net (fo=1, routed)           0.161   138.543    dut/core0/execute_unit/u_fpu/u_divider/i__carry_i_10__16_n_0
    SLICE_X24Y23         LUT6 (Prop_lut6_I1_O)        0.124   138.667 r  dut/core0/execute_unit/u_fpu/u_divider/i__carry_i_8__16/O
                         net (fo=2, routed)           0.963   139.630    dut/core0/execute_unit/u_fpu/u_divider/i__carry_i_8__16_n_0
    SLICE_X21Y19         LUT4 (Prop_lut4_I3_O)        0.150   139.780 r  dut/core0/execute_unit/u_fpu/u_divider/i__carry_i_5__12/O
                         net (fo=29, routed)          0.371   140.151    dut/core0/execute_unit/u_fpu/u_divider/i__carry_i_5__12_n_0
    SLICE_X23Y20         LUT2 (Prop_lut2_I1_O)        0.326   140.477 r  dut/core0/execute_unit/u_fpu/u_divider/i__carry_i_4__7/O
                         net (fo=1, routed)           0.000   140.477    dut/core0/execute_unit/u_fpu/u_divider/i__carry_i_4__7_n_0
    SLICE_X23Y20         CARRY4 (Prop_carry4_S[0]_CO[3])
                                                      0.532   141.009 r  dut/core0/execute_unit/u_fpu/u_divider/exp_norm0_inferred__8/i__carry/CO[3]
                         net (fo=1, routed)           0.000   141.009    dut/core0/execute_unit/u_fpu/u_divider/exp_norm0_inferred__8/i__carry_n_0
    SLICE_X23Y21         CARRY4 (Prop_carry4_CI_CO[3])
                                                      0.114   141.123 r  dut/core0/execute_unit/u_fpu/u_divider/exp_norm0_inferred__8/i__carry__0/CO[3]
                         net (fo=1, routed)           0.000   141.123    dut/core0/execute_unit/u_fpu/u_divider/exp_norm0_inferred__8/i__carry__0_n_0
    SLICE_X23Y22         CARRY4 (Prop_carry4_CI_O[1])
                                                      0.334   141.457 f  dut/core0/execute_unit/u_fpu/u_divider/exp_norm0_inferred__8/i__carry__1/O[1]
                         net (fo=3, routed)           1.239   142.696    dut/core0/execute_unit/u_fpu/u_divider/exp_norm0_inferred__8/i__carry__1_n_6
    SLICE_X21Y20         LUT6 (Prop_lut6_I3_O)        0.303   142.999 r  dut/core0/execute_unit/u_fpu/u_divider/i__carry_i_7__16/O
                         net (fo=3, routed)           0.827   143.826    dut/core0/execute_unit/u_fpu/u_divider/i__carry_i_7__16_n_0
    SLICE_X21Y19         LUT6 (Prop_lut6_I5_O)        0.124   143.950 r  dut/core0/execute_unit/u_fpu/u_divider/i__carry_i_5__11/O
                         net (fo=26, routed)          0.753   144.703    dut/core0/execute_unit/u_fpu/u_divider/i__carry_i_5__11_n_0
    SLICE_X19Y20         LUT2 (Prop_lut2_I1_O)        0.124   144.827 r  dut/core0/execute_unit/u_fpu/u_divider/i__carry_i_4__8/O
                         net (fo=1, routed)           0.000   144.827    dut/core0/execute_unit/u_fpu/u_divider/i__carry_i_4__8_n_0
    SLICE_X19Y20         CARRY4 (Prop_carry4_S[0]_CO[3])
                                                      0.532   145.359 r  dut/core0/execute_unit/u_fpu/u_divider/exp_norm0_inferred__9/i__carry/CO[3]
                         net (fo=1, routed)           0.000   145.359    dut/core0/execute_unit/u_fpu/u_divider/exp_norm0_inferred__9/i__carry_n_0
    SLICE_X19Y21         CARRY4 (Prop_carry4_CI_O[1])
                                                      0.334   145.693 f  dut/core0/execute_unit/u_fpu/u_divider/exp_norm0_inferred__9/i__carry__0/O[1]
                         net (fo=3, routed)           1.001   146.694    dut/core0/execute_unit/u_fpu/u_divider/exp_norm0_inferred__9/i__carry__0_n_6
    SLICE_X19Y19         LUT6 (Prop_lut6_I0_O)        0.303   146.997 f  dut/core0/execute_unit/u_fpu/u_divider/i__carry_i_11__14/O
                         net (fo=1, routed)           1.093   148.090    dut/core0/execute_unit/u_fpu/u_divider/i__carry_i_11__14_n_0
    SLICE_X18Y22         LUT6 (Prop_lut6_I1_O)        0.124   148.214 r  dut/core0/execute_unit/u_fpu/u_divider/i__carry_i_9__11/O
                         net (fo=1, routed)           1.011   149.225    dut/core0/execute_unit/u_fpu/u_divider/i__carry_i_9__11_n_0
    SLICE_X21Y19         LUT6 (Prop_lut6_I5_O)        0.124   149.349 r  dut/core0/execute_unit/u_fpu/u_divider/i__carry_i_5__10/O
                         net (fo=30, routed)          0.645   149.994    dut/core0/execute_unit/u_fpu/u_divider/i__carry_i_5__10_n_0
    SLICE_X18Y19         LUT2 (Prop_lut2_I1_O)        0.124   150.118 r  dut/core0/execute_unit/u_fpu/u_divider/i__carry_i_4__9/O
                         net (fo=1, routed)           0.000   150.118    dut/core0/execute_unit/u_fpu/u_divider/i__carry_i_4__9_n_0
    SLICE_X18Y19         CARRY4 (Prop_carry4_S[0]_CO[3])
                                                      0.513   150.631 r  dut/core0/execute_unit/u_fpu/u_divider/exp_norm0_inferred__10/i__carry/CO[3]
                         net (fo=1, routed)           0.000   150.631    dut/core0/execute_unit/u_fpu/u_divider/exp_norm0_inferred__10/i__carry_n_0
    SLICE_X18Y20         CARRY4 (Prop_carry4_CI_CO[3])
                                                      0.117   150.748 r  dut/core0/execute_unit/u_fpu/u_divider/exp_norm0_inferred__10/i__carry__0/CO[3]
                         net (fo=1, routed)           0.000   150.748    dut/core0/execute_unit/u_fpu/u_divider/exp_norm0_inferred__10/i__carry__0_n_0
    SLICE_X18Y21         CARRY4 (Prop_carry4_CI_O[0])
                                                      0.219   150.967 f  dut/core0/execute_unit/u_fpu/u_divider/exp_norm0_inferred__10/i__carry__1/O[0]
                         net (fo=3, routed)           1.149   152.116    dut/core0/execute_unit/u_fpu/u_divider/exp_norm0_inferred__10/i__carry__1_n_7
    SLICE_X19Y18         LUT6 (Prop_lut6_I1_O)        0.295   152.411 f  dut/core0/execute_unit/u_fpu/u_divider/i__carry_i_10__17/O
                         net (fo=1, routed)           0.264   152.675    dut/core0/execute_unit/u_fpu/u_divider/i__carry_i_10__17_n_0
    SLICE_X19Y18         LUT6 (Prop_lut6_I1_O)        0.124   152.799 r  dut/core0/execute_unit/u_fpu/u_divider/i__carry_i_8__17/O
                         net (fo=4, routed)           1.130   153.929    dut/core0/execute_unit/u_fpu/u_divider/i__carry_i_8__17_n_0
    SLICE_X23Y17         LUT4 (Prop_lut4_I3_O)        0.124   154.053 r  dut/core0/execute_unit/u_fpu/u_divider/i__carry_i_5__9/O
                         net (fo=27, routed)          0.856   154.910    dut/core0/execute_unit/u_fpu/u_divider/i__carry_i_5__9_n_0
    SLICE_X18Y16         LUT2 (Prop_lut2_I1_O)        0.124   155.034 r  dut/core0/execute_unit/u_fpu/u_divider/i__carry_i_4__10/O
                         net (fo=1, routed)           0.000   155.034    dut/core0/execute_unit/u_fpu/u_divider/i__carry_i_4__10_n_0
    SLICE_X18Y16         CARRY4 (Prop_carry4_S[0]_CO[3])
                                                      0.513   155.547 r  dut/core0/execute_unit/u_fpu/u_divider/exp_norm0_inferred__11/i__carry/CO[3]
                         net (fo=1, routed)           0.000   155.547    dut/core0/execute_unit/u_fpu/u_divider/exp_norm0_inferred__11/i__carry_n_0
    SLICE_X18Y17         CARRY4 (Prop_carry4_CI_CO[3])
                                                      0.117   155.664 r  dut/core0/execute_unit/u_fpu/u_divider/exp_norm0_inferred__11/i__carry__0/CO[3]
                         net (fo=1, routed)           0.000   155.664    dut/core0/execute_unit/u_fpu/u_divider/exp_norm0_inferred__11/i__carry__0_n_0
    SLICE_X18Y18         CARRY4 (Prop_carry4_CI_O[0])
                                                      0.219   155.883 f  dut/core0/execute_unit/u_fpu/u_divider/exp_norm0_inferred__11/i__carry__1/O[0]
                         net (fo=3, routed)           1.014   156.897    dut/core0/execute_unit/u_fpu/u_divider/exp_norm0_inferred__11/i__carry__1_n_7
    SLICE_X18Y15         LUT6 (Prop_lut6_I1_O)        0.295   157.192 f  dut/core0/execute_unit/u_fpu/u_divider/i__carry_i_9__12/O
                         net (fo=1, routed)           0.788   157.979    dut/core0/execute_unit/u_fpu/u_divider/i__carry_i_9__12_n_0
    SLICE_X17Y17         LUT6 (Prop_lut6_I1_O)        0.124   158.103 r  dut/core0/execute_unit/u_fpu/u_divider/i__carry_i_7__17/O
                         net (fo=1, routed)           0.969   159.072    dut/core0/execute_unit/u_fpu/u_divider/i__carry_i_7__17_n_0
    SLICE_X23Y17         LUT6 (Prop_lut6_I5_O)        0.124   159.196 r  dut/core0/execute_unit/u_fpu/u_divider/i__carry_i_5__8/O
                         net (fo=28, routed)          1.145   160.341    dut/core0/execute_unit/u_fpu/u_divider/i__carry_i_5__8_n_0
    SLICE_X19Y15         LUT2 (Prop_lut2_I1_O)        0.124   160.465 r  dut/core0/execute_unit/u_fpu/u_divider/i__carry_i_4__11/O
                         net (fo=1, routed)           0.000   160.465    dut/core0/execute_unit/u_fpu/u_divider/i__carry_i_4__11_n_0
    SLICE_X19Y15         CARRY4 (Prop_carry4_S[0]_CO[3])
                                                      0.532   160.997 r  dut/core0/execute_unit/u_fpu/u_divider/exp_norm0_inferred__12/i__carry/CO[3]
                         net (fo=1, routed)           0.000   160.997    dut/core0/execute_unit/u_fpu/u_divider/exp_norm0_inferred__12/i__carry_n_0
    SLICE_X19Y16         CARRY4 (Prop_carry4_CI_O[1])
                                                      0.334   161.331 f  dut/core0/execute_unit/u_fpu/u_divider/exp_norm0_inferred__12/i__carry__0/O[1]
                         net (fo=3, routed)           1.143   162.474    dut/core0/execute_unit/u_fpu/u_divider/exp_norm0_inferred__12/i__carry__0_n_6
    SLICE_X23Y16         LUT6 (Prop_lut6_I0_O)        0.303   162.777 f  dut/core0/execute_unit/u_fpu/u_divider/i__carry_i_11__15/O
                         net (fo=1, routed)           0.642   163.420    dut/core0/execute_unit/u_fpu/u_divider/i__carry_i_11__15_n_0
    SLICE_X23Y16         LUT6 (Prop_lut6_I1_O)        0.124   163.544 r  dut/core0/execute_unit/u_fpu/u_divider/i__carry_i_9__13/O
                         net (fo=4, routed)           0.166   163.710    dut/core0/execute_unit/u_fpu/u_divider/i__carry_i_9__13_n_0
    SLICE_X23Y16         LUT6 (Prop_lut6_I5_O)        0.124   163.834 r  dut/core0/execute_unit/u_fpu/u_divider/i__carry_i_5__7/O
                         net (fo=27, routed)          0.951   164.785    dut/core0/execute_unit/u_fpu/u_divider/i__carry_i_5__7_n_0
    SLICE_X23Y13         LUT2 (Prop_lut2_I1_O)        0.124   164.909 r  dut/core0/execute_unit/u_fpu/u_divider/i__carry_i_4__12/O
                         net (fo=1, routed)           0.000   164.909    dut/core0/execute_unit/u_fpu/u_divider/i__carry_i_4__12_n_0
    SLICE_X23Y13         CARRY4 (Prop_carry4_S[0]_CO[3])
                                                      0.532   165.441 r  dut/core0/execute_unit/u_fpu/u_divider/exp_norm0_inferred__13/i__carry/CO[3]
                         net (fo=1, routed)           0.000   165.441    dut/core0/execute_unit/u_fpu/u_divider/exp_norm0_inferred__13/i__carry_n_0
    SLICE_X23Y14         CARRY4 (Prop_carry4_CI_O[0])
                                                      0.222   165.663 f  dut/core0/execute_unit/u_fpu/u_divider/exp_norm0_inferred__13/i__carry__0/O[0]
                         net (fo=3, routed)           1.217   166.880    dut/core0/execute_unit/u_fpu/u_divider/exp_norm0_inferred__13/i__carry__0_n_7
    SLICE_X19Y13         LUT6 (Prop_lut6_I4_O)        0.299   167.179 f  dut/core0/execute_unit/u_fpu/u_divider/i__carry_i_10__18/O
                         net (fo=1, routed)           0.154   167.333    dut/core0/execute_unit/u_fpu/u_divider/i__carry_i_10__18_n_0
    SLICE_X19Y13         LUT6 (Prop_lut6_I1_O)        0.124   167.457 r  dut/core0/execute_unit/u_fpu/u_divider/i__carry_i_8__18/O
                         net (fo=2, routed)           0.676   168.133    dut/core0/execute_unit/u_fpu/u_divider/i__carry_i_8__18_n_0
    SLICE_X19Y13         LUT4 (Prop_lut4_I3_O)        0.124   168.257 r  dut/core0/execute_unit/u_fpu/u_divider/i__carry_i_5__6/O
                         net (fo=29, routed)          0.820   169.077    dut/core0/execute_unit/u_fpu/u_divider/i__carry_i_5__6_n_0
    SLICE_X18Y9          LUT2 (Prop_lut2_I1_O)        0.124   169.201 r  dut/core0/execute_unit/u_fpu/u_divider/i__carry_i_4__13/O
                         net (fo=1, routed)           0.000   169.201    dut/core0/execute_unit/u_fpu/u_divider/i__carry_i_4__13_n_0
    SLICE_X18Y9          CARRY4 (Prop_carry4_S[0]_CO[3])
                                                      0.513   169.714 r  dut/core0/execute_unit/u_fpu/u_divider/exp_norm0_inferred__14/i__carry/CO[3]
                         net (fo=1, routed)           0.000   169.714    dut/core0/execute_unit/u_fpu/u_divider/exp_norm0_inferred__14/i__carry_n_0
    SLICE_X18Y10         CARRY4 (Prop_carry4_CI_O[0])
                                                      0.219   169.933 f  dut/core0/execute_unit/u_fpu/u_divider/exp_norm0_inferred__14/i__carry__0/O[0]
                         net (fo=3, routed)           0.960   170.893    dut/core0/execute_unit/u_fpu/u_divider/exp_norm0_inferred__14/i__carry__0_n_7
    SLICE_X17Y9          LUT6 (Prop_lut6_I4_O)        0.295   171.188 f  dut/core0/execute_unit/u_fpu/u_divider/i__carry_i_9__14/O
                         net (fo=1, routed)           0.433   171.621    dut/core0/execute_unit/u_fpu/u_divider/i__carry_i_9__14_n_0
    SLICE_X17Y9          LUT6 (Prop_lut6_I1_O)        0.124   171.745 r  dut/core0/execute_unit/u_fpu/u_divider/i__carry_i_7__18/O
                         net (fo=3, routed)           1.253   172.998    dut/core0/execute_unit/u_fpu/u_divider/i__carry_i_7__18_n_0
    SLICE_X19Y13         LUT6 (Prop_lut6_I5_O)        0.124   173.122 r  dut/core0/execute_unit/u_fpu/u_divider/i__carry_i_5__5/O
                         net (fo=26, routed)          1.397   174.519    dut/core0/execute_unit/u_fpu/u_divider/i__carry_i_5__5_n_0
    SLICE_X19Y7          LUT2 (Prop_lut2_I1_O)        0.124   174.643 r  dut/core0/execute_unit/u_fpu/u_divider/i__carry_i_4__14/O
                         net (fo=1, routed)           0.000   174.643    dut/core0/execute_unit/u_fpu/u_divider/i__carry_i_4__14_n_0
    SLICE_X19Y7          CARRY4 (Prop_carry4_S[0]_CO[3])
                                                      0.532   175.175 r  dut/core0/execute_unit/u_fpu/u_divider/exp_norm0_inferred__15/i__carry/CO[3]
                         net (fo=1, routed)           0.000   175.175    dut/core0/execute_unit/u_fpu/u_divider/exp_norm0_inferred__15/i__carry_n_0
    SLICE_X19Y8          CARRY4 (Prop_carry4_CI_CO[3])
                                                      0.114   175.289 r  dut/core0/execute_unit/u_fpu/u_divider/exp_norm0_inferred__15/i__carry__0/CO[3]
                         net (fo=1, routed)           0.000   175.289    dut/core0/execute_unit/u_fpu/u_divider/exp_norm0_inferred__15/i__carry__0_n_0
    SLICE_X19Y9          CARRY4 (Prop_carry4_CI_O[0])
                                                      0.222   175.511 f  dut/core0/execute_unit/u_fpu/u_divider/exp_norm0_inferred__15/i__carry__1/O[0]
                         net (fo=3, routed)           0.980   176.492    dut/core0/execute_unit/u_fpu/u_divider/exp_norm0_inferred__15/i__carry__1_n_7
    SLICE_X20Y8          LUT6 (Prop_lut6_I1_O)        0.299   176.791 f  dut/core0/execute_unit/u_fpu/u_divider/i__carry_i_11__16/O
                         net (fo=1, routed)           0.286   177.077    dut/core0/execute_unit/u_fpu/u_divider/i__carry_i_11__16_n_0
    SLICE_X20Y8          LUT6 (Prop_lut6_I1_O)        0.124   177.201 r  dut/core0/execute_unit/u_fpu/u_divider/i__carry_i_9__15/O
                         net (fo=4, routed)           0.968   178.169    dut/core0/execute_unit/u_fpu/u_divider/i__carry_i_9__15_n_0
    SLICE_X19Y11         LUT6 (Prop_lut6_I5_O)        0.124   178.293 r  dut/core0/execute_unit/u_fpu/u_divider/i__carry_i_5__4/O
                         net (fo=28, routed)          1.369   179.662    dut/core0/execute_unit/u_fpu/u_divider/i__carry_i_5__4_n_0
    SLICE_X23Y7          LUT2 (Prop_lut2_I1_O)        0.124   179.786 r  dut/core0/execute_unit/u_fpu/u_divider/i__carry_i_4__15/O
                         net (fo=1, routed)           0.000   179.786    dut/core0/execute_unit/u_fpu/u_divider/i__carry_i_4__15_n_0
    SLICE_X23Y7          CARRY4 (Prop_carry4_S[0]_CO[3])
                                                      0.532   180.318 r  dut/core0/execute_unit/u_fpu/u_divider/exp_norm0_inferred__16/i__carry/CO[3]
                         net (fo=1, routed)           0.000   180.318    dut/core0/execute_unit/u_fpu/u_divider/exp_norm0_inferred__16/i__carry_n_0
    SLICE_X23Y8          CARRY4 (Prop_carry4_CI_O[0])
                                                      0.222   180.540 f  dut/core0/execute_unit/u_fpu/u_divider/exp_norm0_inferred__16/i__carry__0/O[0]
                         net (fo=3, routed)           0.983   181.523    dut/core0/execute_unit/u_fpu/u_divider/exp_norm0_inferred__16/i__carry__0_n_7
    SLICE_X22Y9          LUT6 (Prop_lut6_I4_O)        0.299   181.822 f  dut/core0/execute_unit/u_fpu/u_divider/i__carry_i_10__19/O
                         net (fo=1, routed)           0.670   182.492    dut/core0/execute_unit/u_fpu/u_divider/i__carry_i_10__19_n_0
    SLICE_X22Y9          LUT6 (Prop_lut6_I1_O)        0.124   182.616 r  dut/core0/execute_unit/u_fpu/u_divider/i__carry_i_8__19/O
                         net (fo=4, routed)           0.812   183.429    dut/core0/execute_unit/u_fpu/u_divider/i__carry_i_8__19_n_0
    SLICE_X22Y8          LUT4 (Prop_lut4_I3_O)        0.124   183.553 r  dut/core0/execute_unit/u_fpu/u_divider/i__carry_i_5__3/O
                         net (fo=28, routed)          0.673   184.226    dut/core0/execute_unit/u_fpu/u_divider/i__carry_i_5__3_n_0
    SLICE_X23Y10         LUT2 (Prop_lut2_I1_O)        0.124   184.350 r  dut/core0/execute_unit/u_fpu/u_divider/i__carry_i_4__16/O
                         net (fo=1, routed)           0.000   184.350    dut/core0/execute_unit/u_fpu/u_divider/i__carry_i_4__16_n_0
    SLICE_X23Y10         CARRY4 (Prop_carry4_S[0]_CO[3])
                                                      0.532   184.882 r  dut/core0/execute_unit/u_fpu/u_divider/exp_norm0_inferred__17/i__carry/CO[3]
                         net (fo=1, routed)           0.000   184.882    dut/core0/execute_unit/u_fpu/u_divider/exp_norm0_inferred__17/i__carry_n_0
    SLICE_X23Y11         CARRY4 (Prop_carry4_CI_O[2])
                                                      0.239   185.121 f  dut/core0/execute_unit/u_fpu/u_divider/exp_norm0_inferred__17/i__carry__0/O[2]
                         net (fo=3, routed)           0.990   186.111    dut/core0/execute_unit/u_fpu/u_divider/exp_norm0_inferred__17/i__carry__0_n_5
    SLICE_X22Y9          LUT6 (Prop_lut6_I1_O)        0.302   186.413 f  dut/core0/execute_unit/u_fpu/u_divider/i__carry_i_9__16/O
                         net (fo=1, routed)           0.670   187.083    dut/core0/execute_unit/u_fpu/u_divider/i__carry_i_9__16_n_0
    SLICE_X22Y9          LUT6 (Prop_lut6_I1_O)        0.124   187.207 r  dut/core0/execute_unit/u_fpu/u_divider/i__carry_i_7__19/O
                         net (fo=3, routed)           0.323   187.530    dut/core0/execute_unit/u_fpu/u_divider/i__carry_i_7__19_n_0
    SLICE_X22Y8          LUT6 (Prop_lut6_I5_O)        0.124   187.654 r  dut/core0/execute_unit/u_fpu/u_divider/i__carry_i_5__2/O
                         net (fo=26, routed)          0.332   187.986    dut/core0/execute_unit/u_fpu/u_divider/i__carry_i_5__2_n_0
    SLICE_X22Y10         LUT2 (Prop_lut2_I1_O)        0.124   188.110 r  dut/core0/execute_unit/u_fpu/u_divider/i__carry_i_4__17/O
                         net (fo=1, routed)           0.000   188.110    dut/core0/execute_unit/u_fpu/u_divider/i__carry_i_4__17_n_0
    SLICE_X22Y10         CARRY4 (Prop_carry4_S[0]_CO[3])
                                                      0.513   188.623 r  dut/core0/execute_unit/u_fpu/u_divider/exp_norm0_inferred__18/i__carry/CO[3]
                         net (fo=1, routed)           0.000   188.623    dut/core0/execute_unit/u_fpu/u_divider/exp_norm0_inferred__18/i__carry_n_0
    SLICE_X22Y11         CARRY4 (Prop_carry4_CI_CO[3])
                                                      0.117   188.740 r  dut/core0/execute_unit/u_fpu/u_divider/exp_norm0_inferred__18/i__carry__0/CO[3]
                         net (fo=1, routed)           0.000   188.740    dut/core0/execute_unit/u_fpu/u_divider/exp_norm0_inferred__18/i__carry__0_n_0
    SLICE_X22Y12         CARRY4 (Prop_carry4_CI_O[1])
                                                      0.323   189.063 f  dut/core0/execute_unit/u_fpu/u_divider/exp_norm0_inferred__18/i__carry__1/O[1]
                         net (fo=3, routed)           1.604   190.667    dut/core0/execute_unit/u_fpu/u_divider/exp_norm0_inferred__18/i__carry__1_n_6
    SLICE_X30Y10         LUT6 (Prop_lut6_I3_O)        0.306   190.973 r  dut/core0/execute_unit/u_fpu/u_divider/i__carry_i_9__17/O
                         net (fo=5, routed)           1.005   191.978    dut/core0/execute_unit/u_fpu/u_divider/i__carry_i_9__17_n_0
    SLICE_X22Y8          LUT6 (Prop_lut6_I5_O)        0.124   192.102 r  dut/core0/execute_unit/u_fpu/u_divider/i__carry_i_5__1/O
                         net (fo=26, routed)          1.317   193.419    dut/core0/execute_unit/u_fpu/u_divider/i__carry_i_5__1_n_0
    SLICE_X31Y10         LUT2 (Prop_lut2_I1_O)        0.124   193.543 r  dut/core0/execute_unit/u_fpu/u_divider/i__carry_i_4__18/O
                         net (fo=1, routed)           0.000   193.543    dut/core0/execute_unit/u_fpu/u_divider/i__carry_i_4__18_n_0
    SLICE_X31Y10         CARRY4 (Prop_carry4_S[0]_CO[3])
                                                      0.532   194.075 r  dut/core0/execute_unit/u_fpu/u_divider/exp_norm0_inferred__19/i__carry/CO[3]
                         net (fo=1, routed)           0.000   194.075    dut/core0/execute_unit/u_fpu/u_divider/exp_norm0_inferred__19/i__carry_n_0
    SLICE_X31Y11         CARRY4 (Prop_carry4_CI_O[2])
                                                      0.239   194.314 f  dut/core0/execute_unit/u_fpu/u_divider/exp_norm0_inferred__19/i__carry__0/O[2]
                         net (fo=3, routed)           1.141   195.456    dut/core0/execute_unit/u_fpu/u_divider/exp_norm0_inferred__19/i__carry__0_n_5
    SLICE_X33Y13         LUT6 (Prop_lut6_I1_O)        0.302   195.758 f  dut/core0/execute_unit/u_fpu/u_divider/i__carry_i_9__18/O
                         net (fo=1, routed)           0.473   196.231    dut/core0/execute_unit/u_fpu/u_divider/i__carry_i_9__18_n_0
    SLICE_X33Y13         LUT6 (Prop_lut6_I1_O)        0.124   196.355 r  dut/core0/execute_unit/u_fpu/u_divider/i__carry_i_6__20/O
                         net (fo=6, routed)           0.917   197.272    dut/core0/execute_unit/u_fpu/u_divider/i__carry_i_6__20_n_0
    SLICE_X34Y15         LUT4 (Prop_lut4_I0_O)        0.124   197.396 r  dut/core0/execute_unit/u_fpu/u_divider/i__carry_i_5__0/O
                         net (fo=24, routed)          1.000   198.397    dut/core0/execute_unit/u_fpu/u_divider/i__carry_i_5__0_n_0
    SLICE_X32Y13         LUT2 (Prop_lut2_I1_O)        0.124   198.521 r  dut/core0/execute_unit/u_fpu/u_divider/i__carry_i_4__19/O
                         net (fo=1, routed)           0.000   198.521    dut/core0/execute_unit/u_fpu/u_divider/i__carry_i_4__19_n_0
    SLICE_X32Y13         CARRY4 (Prop_carry4_S[0]_CO[3])
                                                      0.513   199.034 r  dut/core0/execute_unit/u_fpu/u_divider/exp_norm0_inferred__20/i__carry/CO[3]
                         net (fo=1, routed)           0.000   199.034    dut/core0/execute_unit/u_fpu/u_divider/exp_norm0_inferred__20/i__carry_n_0
    SLICE_X32Y14         CARRY4 (Prop_carry4_CI_O[2])
                                                      0.239   199.273 r  dut/core0/execute_unit/u_fpu/u_divider/exp_norm0_inferred__20/i__carry__0/O[2]
                         net (fo=3, routed)           1.282   200.555    dut/core0/execute_unit/u_fpu/u_divider/exp_norm0_inferred__20/i__carry__0_n_5
    SLICE_X33Y13         LUT6 (Prop_lut6_I2_O)        0.301   200.856 r  dut/core0/execute_unit/u_fpu/u_divider/i__carry_i_9__19/O
                         net (fo=1, routed)           0.466   201.322    dut/core0/execute_unit/u_fpu/u_divider/i__carry_i_9__19_n_0
    SLICE_X34Y15         LUT6 (Prop_lut6_I1_O)        0.124   201.446 f  dut/core0/execute_unit/u_fpu/u_divider/i__carry_i_7__20/O
                         net (fo=12, routed)          0.691   202.137    dut/core0/execute_unit/u_fpu/u_divider/i__carry_i_7__20_n_0
    SLICE_X34Y16         LUT2 (Prop_lut2_I1_O)        0.124   202.261 r  dut/core0/execute_unit/u_fpu/u_divider/i__carry_i_5/O
                         net (fo=24, routed)          0.981   203.242    dut/core0/execute_unit/u_fpu/u_divider/i__carry_i_5_n_0
    SLICE_X33Y14         LUT2 (Prop_lut2_I1_O)        0.124   203.366 r  dut/core0/execute_unit/u_fpu/u_divider/i__carry_i_4__20/O
                         net (fo=1, routed)           0.000   203.366    dut/core0/execute_unit/u_fpu/u_divider/i__carry_i_4__20_n_0
    SLICE_X33Y14         CARRY4 (Prop_carry4_S[0]_CO[3])
                                                      0.532   203.898 r  dut/core0/execute_unit/u_fpu/u_divider/exp_norm0_inferred__21/i__carry/CO[3]
                         net (fo=1, routed)           0.000   203.898    dut/core0/execute_unit/u_fpu/u_divider/exp_norm0_inferred__21/i__carry_n_0
    SLICE_X33Y15         CARRY4 (Prop_carry4_CI_O[0])
                                                      0.222   204.120 f  dut/core0/execute_unit/u_fpu/u_divider/exp_norm0_inferred__21/i__carry__0/O[0]
                         net (fo=4, routed)           0.986   205.106    dut/core0/execute_unit/u_fpu/u_divider/exp_norm0_inferred__21/i__carry__0_n_7
    SLICE_X35Y15         LUT6 (Prop_lut6_I0_O)        0.299   205.405 r  dut/core0/execute_unit/u_fpu/u_divider/out_res[30]_i_10/O
                         net (fo=8, routed)           0.682   206.087    dut/core0/execute_unit/u_fpu/u_divider/out_res[30]_i_10_n_0
    SLICE_X35Y16         LUT6 (Prop_lut6_I3_O)        0.124   206.211 r  dut/core0/execute_unit/u_fpu/u_divider/out_res[30]_i_21/O
                         net (fo=9, routed)           1.439   207.650    dut/core0/execute_unit/u_fpu/u_divider/out_res[30]_i_21_n_0
    SLICE_X40Y13         LUT6 (Prop_lut6_I3_O)        0.124   207.774 r  dut/core0/execute_unit/u_fpu/u_divider/out_res[29]_i_16/O
                         net (fo=2, routed)           1.139   208.913    dut/core0/execute_unit/u_fpu/u_divider/out_res[29]_i_16_n_0
    SLICE_X41Y16         LUT6 (Prop_lut6_I3_O)        0.124   209.037 r  dut/core0/execute_unit/u_fpu/u_divider/out_res[29]_i_13/O
                         net (fo=2, routed)           0.809   209.845    dut/core0/execute_unit/u_fpu/u_divider/out_res[29]_i_13_n_0
    SLICE_X41Y15         LUT6 (Prop_lut6_I0_O)        0.124   209.969 r  dut/core0/execute_unit/u_fpu/u_divider/out_res[22]_i_3/O
                         net (fo=23, routed)          2.111   212.080    dut/core0/execute_unit/u_fpu/u_divider/out_res[22]_i_3_n_0
    SLICE_X30Y20         LUT6 (Prop_lut6_I3_O)        0.124   212.204 r  dut/core0/execute_unit/u_fpu/u_divider/out_res[14]_i_1/O
                         net (fo=1, routed)           0.000   212.204    dut/core0/execute_unit/u_fpu/u_divider/out_res[14]_i_1_n_0
    SLICE_X30Y20         FDCE                                         r  dut/core0/execute_unit/u_fpu/u_divider/out_res_reg[14]/D
  -------------------------------------------------------------------    -------------------

Slack:                    inf
  Source:                 dut/core1/ex_mem/RD_F_M_reg[1]/C
                            (rising edge-triggered cell FDRE)
  Destination:            dut/core1/execute_unit/u_fpu/u_divider/out_res_reg[20]/D
  Path Group:             (none)
  Path Type:              Max at Slow Process Corner
  Data Path Delay:        212.103ns  (logic 72.691ns (34.271%)  route 139.412ns (65.728%))
  Logic Levels:           338  (CARRY4=217 FDRE=1 LUT2=23 LUT3=23 LUT4=7 LUT5=3 LUT6=64)

    Location             Delay type                Incr(ns)  Path(ns)    Netlist Resource(s)
  -------------------------------------------------------------------    -------------------
    SLICE_X52Y80         FDRE                         0.000     0.000 r  dut/core1/ex_mem/RD_F_M_reg[1]/C
    SLICE_X52Y80         FDRE (Prop_fdre_C_Q)         0.456     0.456 f  dut/core1/ex_mem/RD_F_M_reg[1]/Q
                         net (fo=9, routed)           2.131     2.587    dut/core1/ex_mem/RD_F_M[1]
    SLICE_X39Y81         LUT6 (Prop_lut6_I0_O)        0.124     2.711 f  dut/core1/ex_mem/A_r[31]_i_13/O
                         net (fo=2, routed)           0.636     3.347    dut/core1/ex_mem/A_r[31]_i_13_n_0
    SLICE_X37Y81         LUT6 (Prop_lut6_I0_O)        0.124     3.471 f  dut/core1/ex_mem/A_r[31]_i_8/O
                         net (fo=65, routed)          0.841     4.312    dut/core1/id_ex/A_r_reg[31][0]
    SLICE_X37Y80         LUT3 (Prop_lut3_I2_O)        0.124     4.436 r  dut/core1/id_ex/A_r[31]_i_7/O
                         net (fo=64, routed)          1.682     6.118    dut/core1/id_ex/ForwardAE[0]
    SLICE_X45Y82         LUT5 (Prop_lut5_I1_O)        0.124     6.242 r  dut/core1/id_ex/forward_a_mux/A_r[26]_i_3/O
                         net (fo=8, routed)           3.358     9.600    dut/core1/id_ex/execute_unit/SrcA_Forwarded[26]
    SLICE_X81Y118        LUT3 (Prop_lut3_I2_O)        0.124     9.724 r  dut/core1/id_ex/A_r[26]_i_1/O
                         net (fo=82, routed)          4.034    13.758    dut/core1/id_ex/FPU_RS1_Input[26]
    SLICE_X64Y124        LUT5 (Prop_lut5_I1_O)        0.124    13.882 r  dut/core1/id_ex/out_res[31]_i_3/O
                         net (fo=4, routed)           1.403    15.285    dut/core1/mem_wb/exp_norm20_in[0]
    SLICE_X56Y133        LUT2 (Prop_lut2_I1_O)        0.124    15.409 r  dut/core1/mem_wb/out_res[30]_i_687/O
                         net (fo=1, routed)           0.000    15.409    dut/core1/mem_wb_n_58
    SLICE_X56Y133        CARRY4 (Prop_carry4_S[0]_CO[3])
                                                      0.532    15.941 r  dut/core1/u_divider/out_res_reg[30]_i_633/CO[3]
                         net (fo=1, routed)           0.000    15.941    dut/core1/u_divider/out_res_reg[30]_i_633_n_0
    SLICE_X56Y134        CARRY4 (Prop_carry4_CI_CO[3])
                                                      0.114    16.055 r  dut/core1/u_divider/out_res_reg[30]_i_628/CO[3]
                         net (fo=1, routed)           0.000    16.055    dut/core1/u_divider/out_res_reg[30]_i_628_n_0
    SLICE_X56Y135        CARRY4 (Prop_carry4_CI_CO[3])
                                                      0.114    16.169 r  dut/core1/u_divider/out_res_reg[30]_i_623/CO[3]
                         net (fo=1, routed)           0.000    16.169    dut/core1/u_divider/out_res_reg[30]_i_623_n_0
    SLICE_X56Y136        CARRY4 (Prop_carry4_CI_CO[3])
                                                      0.114    16.283 r  dut/core1/u_divider/out_res_reg[30]_i_618/CO[3]
                         net (fo=1, routed)           0.000    16.283    dut/core1/u_divider/out_res_reg[30]_i_618_n_0
    SLICE_X56Y137        CARRY4 (Prop_carry4_CI_CO[3])
                                                      0.114    16.397 r  dut/core1/u_divider/out_res_reg[30]_i_613/CO[3]
                         net (fo=1, routed)           0.000    16.397    dut/core1/u_divider/out_res_reg[30]_i_613_n_0
    SLICE_X56Y138        CARRY4 (Prop_carry4_CI_CO[3])
                                                      0.114    16.511 r  dut/core1/u_divider/out_res_reg[30]_i_610/CO[3]
                         net (fo=1, routed)           0.000    16.511    dut/core1/u_divider/out_res_reg[30]_i_610_n_0
    SLICE_X56Y139        CARRY4 (Prop_carry4_CI_CO[0])
                                                      0.271    16.782 r  dut/core1/u_divider/out_res_reg[30]_i_609/CO[0]
                         net (fo=27, routed)          2.223    19.005    dut/core1/u_divider/out_res_reg[30]_i_609_n_3
    SLICE_X55Y131        LUT3 (Prop_lut3_I0_O)        0.373    19.378 r  dut/core1/u_divider/out_res[30]_i_640/O
                         net (fo=1, routed)           0.000    19.378    dut/core1/u_divider/out_res[30]_i_640_n_0
    SLICE_X55Y131        CARRY4 (Prop_carry4_S[1]_CO[3])
                                                      0.550    19.928 r  dut/core1/u_divider/out_res_reg[30]_i_601/CO[3]
                         net (fo=1, routed)           0.000    19.928    dut/core1/u_divider/out_res_reg[30]_i_601_n_0
    SLICE_X55Y132        CARRY4 (Prop_carry4_CI_CO[3])
                                                      0.114    20.042 r  dut/core1/u_divider/out_res_reg[30]_i_596/CO[3]
                         net (fo=1, routed)           0.000    20.042    dut/core1/u_divider/out_res_reg[30]_i_596_n_0
    SLICE_X55Y133        CARRY4 (Prop_carry4_CI_CO[3])
                                                      0.114    20.156 r  dut/core1/u_divider/out_res_reg[30]_i_591/CO[3]
                         net (fo=1, routed)           0.000    20.156    dut/core1/u_divider/out_res_reg[30]_i_591_n_0
    SLICE_X55Y134        CARRY4 (Prop_carry4_CI_CO[3])
                                                      0.114    20.270 r  dut/core1/u_divider/out_res_reg[30]_i_586/CO[3]
                         net (fo=1, routed)           0.000    20.270    dut/core1/u_divider/out_res_reg[30]_i_586_n_0
    SLICE_X55Y135        CARRY4 (Prop_carry4_CI_CO[3])
                                                      0.114    20.384 r  dut/core1/u_divider/out_res_reg[30]_i_581/CO[3]
                         net (fo=1, routed)           0.000    20.384    dut/core1/u_divider/out_res_reg[30]_i_581_n_0
    SLICE_X55Y136        CARRY4 (Prop_carry4_CI_CO[3])
                                                      0.114    20.498 r  dut/core1/u_divider/out_res_reg[30]_i_578/CO[3]
                         net (fo=1, routed)           0.000    20.498    dut/core1/u_divider/out_res_reg[30]_i_578_n_0
    SLICE_X55Y137        CARRY4 (Prop_carry4_CI_CO[1])
                                                      0.157    20.655 r  dut/core1/u_divider/out_res_reg[30]_i_577/CO[1]
                         net (fo=27, routed)          2.249    22.904    dut/core1/u_divider/out_res_reg[30]_i_577_n_2
    SLICE_X53Y129        LUT3 (Prop_lut3_I0_O)        0.329    23.233 r  dut/core1/u_divider/out_res[30]_i_608/O
                         net (fo=1, routed)           0.000    23.233    dut/core1/u_divider/out_res[30]_i_608_n_0
    SLICE_X53Y129        CARRY4 (Prop_carry4_S[1]_CO[3])
                                                      0.550    23.783 r  dut/core1/u_divider/out_res_reg[30]_i_569/CO[3]
                         net (fo=1, routed)           0.000    23.783    dut/core1/u_divider/out_res_reg[30]_i_569_n_0
    SLICE_X53Y130        CARRY4 (Prop_carry4_CI_CO[3])
                                                      0.114    23.897 r  dut/core1/u_divider/out_res_reg[30]_i_564/CO[3]
                         net (fo=1, routed)           0.000    23.897    dut/core1/u_divider/out_res_reg[30]_i_564_n_0
    SLICE_X53Y131        CARRY4 (Prop_carry4_CI_CO[3])
                                                      0.114    24.011 r  dut/core1/u_divider/out_res_reg[30]_i_559/CO[3]
                         net (fo=1, routed)           0.000    24.011    dut/core1/u_divider/out_res_reg[30]_i_559_n_0
    SLICE_X53Y132        CARRY4 (Prop_carry4_CI_CO[3])
                                                      0.114    24.125 r  dut/core1/u_divider/out_res_reg[30]_i_554/CO[3]
                         net (fo=1, routed)           0.000    24.125    dut/core1/u_divider/out_res_reg[30]_i_554_n_0
    SLICE_X53Y133        CARRY4 (Prop_carry4_CI_CO[3])
                                                      0.114    24.239 r  dut/core1/u_divider/out_res_reg[30]_i_549/CO[3]
                         net (fo=1, routed)           0.000    24.239    dut/core1/u_divider/out_res_reg[30]_i_549_n_0
    SLICE_X53Y134        CARRY4 (Prop_carry4_CI_CO[3])
                                                      0.114    24.353 r  dut/core1/u_divider/out_res_reg[30]_i_546/CO[3]
                         net (fo=1, routed)           0.000    24.353    dut/core1/u_divider/out_res_reg[30]_i_546_n_0
    SLICE_X53Y135        CARRY4 (Prop_carry4_CI_CO[1])
                                                      0.157    24.510 r  dut/core1/u_divider/out_res_reg[30]_i_545/CO[1]
                         net (fo=27, routed)          1.533    26.043    dut/core1/u_divider/out_res_reg[30]_i_545_n_2
    SLICE_X52Y128        LUT3 (Prop_lut3_I0_O)        0.329    26.372 r  dut/core1/u_divider/out_res[30]_i_576/O
                         net (fo=1, routed)           0.000    26.372    dut/core1/u_divider/out_res[30]_i_576_n_0
    SLICE_X52Y128        CARRY4 (Prop_carry4_S[1]_CO[3])
                                                      0.550    26.922 r  dut/core1/u_divider/out_res_reg[30]_i_537/CO[3]
                         net (fo=1, routed)           0.000    26.922    dut/core1/u_divider/out_res_reg[30]_i_537_n_0
    SLICE_X52Y129        CARRY4 (Prop_carry4_CI_CO[3])
                                                      0.114    27.036 r  dut/core1/u_divider/out_res_reg[30]_i_532/CO[3]
                         net (fo=1, routed)           0.000    27.036    dut/core1/u_divider/out_res_reg[30]_i_532_n_0
    SLICE_X52Y130        CARRY4 (Prop_carry4_CI_CO[3])
                                                      0.114    27.150 r  dut/core1/u_divider/out_res_reg[30]_i_527/CO[3]
                         net (fo=1, routed)           0.000    27.150    dut/core1/u_divider/out_res_reg[30]_i_527_n_0
    SLICE_X52Y131        CARRY4 (Prop_carry4_CI_CO[3])
                                                      0.114    27.264 r  dut/core1/u_divider/out_res_reg[30]_i_522/CO[3]
                         net (fo=1, routed)           0.000    27.264    dut/core1/u_divider/out_res_reg[30]_i_522_n_0
    SLICE_X52Y132        CARRY4 (Prop_carry4_CI_CO[3])
                                                      0.114    27.378 r  dut/core1/u_divider/out_res_reg[30]_i_517/CO[3]
                         net (fo=1, routed)           0.000    27.378    dut/core1/u_divider/out_res_reg[30]_i_517_n_0
    SLICE_X52Y133        CARRY4 (Prop_carry4_CI_CO[3])
                                                      0.114    27.492 r  dut/core1/u_divider/out_res_reg[30]_i_514/CO[3]
                         net (fo=1, routed)           0.000    27.492    dut/core1/u_divider/out_res_reg[30]_i_514_n_0
    SLICE_X52Y134        CARRY4 (Prop_carry4_CI_CO[1])
                                                      0.157    27.649 r  dut/core1/u_divider/out_res_reg[30]_i_513/CO[1]
                         net (fo=27, routed)          1.847    29.496    dut/core1/u_divider/out_res_reg[30]_i_513_n_2
    SLICE_X51Y128        LUT3 (Prop_lut3_I0_O)        0.329    29.825 r  dut/core1/u_divider/out_res[30]_i_544/O
                         net (fo=1, routed)           0.000    29.825    dut/core1/u_divider/out_res[30]_i_544_n_0
    SLICE_X51Y128        CARRY4 (Prop_carry4_S[1]_CO[3])
                                                      0.550    30.375 r  dut/core1/u_divider/out_res_reg[30]_i_505/CO[3]
                         net (fo=1, routed)           0.000    30.375    dut/core1/u_divider/out_res_reg[30]_i_505_n_0
    SLICE_X51Y129        CARRY4 (Prop_carry4_CI_CO[3])
                                                      0.114    30.489 r  dut/core1/u_divider/out_res_reg[30]_i_500/CO[3]
                         net (fo=1, routed)           0.000    30.489    dut/core1/u_divider/out_res_reg[30]_i_500_n_0
    SLICE_X51Y130        CARRY4 (Prop_carry4_CI_CO[3])
                                                      0.114    30.603 r  dut/core1/u_divider/out_res_reg[30]_i_495/CO[3]
                         net (fo=1, routed)           0.000    30.603    dut/core1/u_divider/out_res_reg[30]_i_495_n_0
    SLICE_X51Y131        CARRY4 (Prop_carry4_CI_CO[3])
                                                      0.114    30.717 r  dut/core1/u_divider/out_res_reg[30]_i_490/CO[3]
                         net (fo=1, routed)           0.000    30.717    dut/core1/u_divider/out_res_reg[30]_i_490_n_0
    SLICE_X51Y132        CARRY4 (Prop_carry4_CI_CO[3])
                                                      0.114    30.831 r  dut/core1/u_divider/out_res_reg[30]_i_485/CO[3]
                         net (fo=1, routed)           0.000    30.831    dut/core1/u_divider/out_res_reg[30]_i_485_n_0
    SLICE_X51Y133        CARRY4 (Prop_carry4_CI_CO[3])
                                                      0.114    30.945 r  dut/core1/u_divider/out_res_reg[30]_i_482/CO[3]
                         net (fo=1, routed)           0.000    30.945    dut/core1/u_divider/out_res_reg[30]_i_482_n_0
    SLICE_X51Y134        CARRY4 (Prop_carry4_CI_CO[1])
                                                      0.157    31.102 r  dut/core1/u_divider/out_res_reg[30]_i_481/CO[1]
                         net (fo=27, routed)          1.537    32.639    dut/core1/u_divider/out_res_reg[30]_i_481_n_2
    SLICE_X50Y128        LUT3 (Prop_lut3_I0_O)        0.329    32.968 r  dut/core1/u_divider/out_res[30]_i_511/O
                         net (fo=1, routed)           0.000    32.968    dut/core1/u_divider/out_res[30]_i_511_n_0
    SLICE_X50Y128        CARRY4 (Prop_carry4_S[2]_CO[3])
                                                      0.380    33.348 r  dut/core1/u_divider/out_res_reg[30]_i_473/CO[3]
                         net (fo=1, routed)           0.000    33.348    dut/core1/u_divider/out_res_reg[30]_i_473_n_0
    SLICE_X50Y129        CARRY4 (Prop_carry4_CI_CO[3])
                                                      0.117    33.465 r  dut/core1/u_divider/out_res_reg[30]_i_468/CO[3]
                         net (fo=1, routed)           0.000    33.465    dut/core1/u_divider/out_res_reg[30]_i_468_n_0
    SLICE_X50Y130        CARRY4 (Prop_carry4_CI_CO[3])
                                                      0.117    33.582 r  dut/core1/u_divider/out_res_reg[30]_i_463/CO[3]
                         net (fo=1, routed)           0.000    33.582    dut/core1/u_divider/out_res_reg[30]_i_463_n_0
    SLICE_X50Y131        CARRY4 (Prop_carry4_CI_CO[3])
                                                      0.117    33.699 r  dut/core1/u_divider/out_res_reg[30]_i_458/CO[3]
                         net (fo=1, routed)           0.000    33.699    dut/core1/u_divider/out_res_reg[30]_i_458_n_0
    SLICE_X50Y132        CARRY4 (Prop_carry4_CI_CO[3])
                                                      0.117    33.816 r  dut/core1/u_divider/out_res_reg[30]_i_453/CO[3]
                         net (fo=1, routed)           0.000    33.816    dut/core1/u_divider/out_res_reg[30]_i_453_n_0
    SLICE_X50Y133        CARRY4 (Prop_carry4_CI_CO[3])
                                                      0.117    33.933 r  dut/core1/u_divider/out_res_reg[30]_i_450/CO[3]
                         net (fo=1, routed)           0.000    33.933    dut/core1/u_divider/out_res_reg[30]_i_450_n_0
    SLICE_X50Y134        CARRY4 (Prop_carry4_CI_CO[1])
                                                      0.157    34.090 r  dut/core1/u_divider/out_res_reg[30]_i_449/CO[1]
                         net (fo=27, routed)          2.011    36.102    dut/core1/u_divider/out_res_reg[30]_i_449_n_2
    SLICE_X47Y128        LUT3 (Prop_lut3_I0_O)        0.332    36.434 r  dut/core1/u_divider/out_res[30]_i_478/O
                         net (fo=1, routed)           0.000    36.434    dut/core1/u_divider/out_res[30]_i_478_n_0
    SLICE_X47Y128        CARRY4 (Prop_carry4_S[3]_CO[3])
                                                      0.401    36.835 r  dut/core1/u_divider/out_res_reg[30]_i_441/CO[3]
                         net (fo=1, routed)           0.000    36.835    dut/core1/u_divider/out_res_reg[30]_i_441_n_0
    SLICE_X47Y129        CARRY4 (Prop_carry4_CI_CO[3])
                                                      0.114    36.949 r  dut/core1/u_divider/out_res_reg[30]_i_436/CO[3]
                         net (fo=1, routed)           0.000    36.949    dut/core1/u_divider/out_res_reg[30]_i_436_n_0
    SLICE_X47Y130        CARRY4 (Prop_carry4_CI_CO[3])
                                                      0.114    37.063 r  dut/core1/u_divider/out_res_reg[30]_i_431/CO[3]
                         net (fo=1, routed)           0.000    37.063    dut/core1/u_divider/out_res_reg[30]_i_431_n_0
    SLICE_X47Y131        CARRY4 (Prop_carry4_CI_CO[3])
                                                      0.114    37.177 r  dut/core1/u_divider/out_res_reg[30]_i_426/CO[3]
                         net (fo=1, routed)           0.000    37.177    dut/core1/u_divider/out_res_reg[30]_i_426_n_0
    SLICE_X47Y132        CARRY4 (Prop_carry4_CI_CO[3])
                                                      0.114    37.291 r  dut/core1/u_divider/out_res_reg[30]_i_421/CO[3]
                         net (fo=1, routed)           0.000    37.291    dut/core1/u_divider/out_res_reg[30]_i_421_n_0
    SLICE_X47Y133        CARRY4 (Prop_carry4_CI_CO[3])
                                                      0.114    37.405 r  dut/core1/u_divider/out_res_reg[30]_i_418/CO[3]
                         net (fo=1, routed)           0.000    37.405    dut/core1/u_divider/out_res_reg[30]_i_418_n_0
    SLICE_X47Y134        CARRY4 (Prop_carry4_CI_CO[1])
                                                      0.157    37.562 r  dut/core1/u_divider/out_res_reg[30]_i_417/CO[1]
                         net (fo=27, routed)          1.865    39.427    dut/core1/u_divider/out_res_reg[30]_i_417_n_2
    SLICE_X45Y129        LUT3 (Prop_lut3_I0_O)        0.329    39.756 r  dut/core1/u_divider/out_res[30]_i_446/O
                         net (fo=1, routed)           0.000    39.756    dut/core1/u_divider/out_res[30]_i_446_n_0
    SLICE_X45Y129        CARRY4 (Prop_carry4_S[3]_CO[3])
                                                      0.401    40.157 r  dut/core1/u_divider/out_res_reg[30]_i_409/CO[3]
                         net (fo=1, routed)           0.000    40.157    dut/core1/u_divider/out_res_reg[30]_i_409_n_0
    SLICE_X45Y130        CARRY4 (Prop_carry4_CI_CO[3])
                                                      0.114    40.271 r  dut/core1/u_divider/out_res_reg[30]_i_404/CO[3]
                         net (fo=1, routed)           0.000    40.271    dut/core1/u_divider/out_res_reg[30]_i_404_n_0
    SLICE_X45Y131        CARRY4 (Prop_carry4_CI_CO[3])
                                                      0.114    40.385 r  dut/core1/u_divider/out_res_reg[30]_i_399/CO[3]
                         net (fo=1, routed)           0.000    40.385    dut/core1/u_divider/out_res_reg[30]_i_399_n_0
    SLICE_X45Y132        CARRY4 (Prop_carry4_CI_CO[3])
                                                      0.114    40.499 r  dut/core1/u_divider/out_res_reg[30]_i_394/CO[3]
                         net (fo=1, routed)           0.000    40.499    dut/core1/u_divider/out_res_reg[30]_i_394_n_0
    SLICE_X45Y133        CARRY4 (Prop_carry4_CI_CO[3])
                                                      0.114    40.613 r  dut/core1/u_divider/out_res_reg[30]_i_389/CO[3]
                         net (fo=1, routed)           0.000    40.613    dut/core1/u_divider/out_res_reg[30]_i_389_n_0
    SLICE_X45Y134        CARRY4 (Prop_carry4_CI_CO[3])
                                                      0.114    40.727 r  dut/core1/u_divider/out_res_reg[30]_i_386/CO[3]
                         net (fo=1, routed)           0.000    40.727    dut/core1/u_divider/out_res_reg[30]_i_386_n_0
    SLICE_X45Y135        CARRY4 (Prop_carry4_CI_CO[1])
                                                      0.157    40.884 r  dut/core1/u_divider/out_res_reg[30]_i_385/CO[1]
                         net (fo=27, routed)          2.270    43.155    dut/core1/u_divider/out_res_reg[30]_i_385_n_2
    SLICE_X45Y120        LUT3 (Prop_lut3_I0_O)        0.329    43.484 r  dut/core1/u_divider/out_res[30]_i_416/O
                         net (fo=1, routed)           0.000    43.484    dut/core1/u_divider/out_res[30]_i_416_n_0
    SLICE_X45Y120        CARRY4 (Prop_carry4_S[1]_CO[3])
                                                      0.550    44.034 r  dut/core1/u_divider/out_res_reg[30]_i_377/CO[3]
                         net (fo=1, routed)           0.000    44.034    dut/core1/u_divider/out_res_reg[30]_i_377_n_0
    SLICE_X45Y121        CARRY4 (Prop_carry4_CI_CO[3])
                                                      0.114    44.148 r  dut/core1/u_divider/out_res_reg[30]_i_372/CO[3]
                         net (fo=1, routed)           0.000    44.148    dut/core1/u_divider/out_res_reg[30]_i_372_n_0
    SLICE_X45Y122        CARRY4 (Prop_carry4_CI_CO[3])
                                                      0.114    44.262 r  dut/core1/u_divider/out_res_reg[30]_i_367/CO[3]
                         net (fo=1, routed)           0.000    44.262    dut/core1/u_divider/out_res_reg[30]_i_367_n_0
    SLICE_X45Y123        CARRY4 (Prop_carry4_CI_CO[3])
                                                      0.114    44.376 r  dut/core1/u_divider/out_res_reg[30]_i_362/CO[3]
                         net (fo=1, routed)           0.000    44.376    dut/core1/u_divider/out_res_reg[30]_i_362_n_0
    SLICE_X45Y124        CARRY4 (Prop_carry4_CI_CO[3])
                                                      0.114    44.490 r  dut/core1/u_divider/out_res_reg[30]_i_357/CO[3]
                         net (fo=1, routed)           0.009    44.499    dut/core1/u_divider/out_res_reg[30]_i_357_n_0
    SLICE_X45Y125        CARRY4 (Prop_carry4_CI_CO[3])
                                                      0.114    44.613 r  dut/core1/u_divider/out_res_reg[30]_i_354/CO[3]
                         net (fo=1, routed)           0.000    44.613    dut/core1/u_divider/out_res_reg[30]_i_354_n_0
    SLICE_X45Y126        CARRY4 (Prop_carry4_CI_CO[1])
                                                      0.157    44.770 r  dut/core1/u_divider/out_res_reg[30]_i_353/CO[1]
                         net (fo=27, routed)          1.636    46.406    dut/core1/u_divider/out_res_reg[30]_i_353_n_2
    SLICE_X46Y120        CARRY4 (Prop_carry4_CYINIT_CO[3])
                                                      0.800    47.206 r  dut/core1/u_divider/out_res_reg[30]_i_344/CO[3]
                         net (fo=1, routed)           0.000    47.206    dut/core1/u_divider/out_res_reg[30]_i_344_n_0
    SLICE_X46Y121        CARRY4 (Prop_carry4_CI_CO[3])
                                                      0.117    47.323 r  dut/core1/u_divider/out_res_reg[30]_i_339/CO[3]
                         net (fo=1, routed)           0.000    47.323    dut/core1/u_divider/out_res_reg[30]_i_339_n_0
    SLICE_X46Y122        CARRY4 (Prop_carry4_CI_CO[3])
                                                      0.117    47.440 r  dut/core1/u_divider/out_res_reg[30]_i_334/CO[3]
                         net (fo=1, routed)           0.000    47.440    dut/core1/u_divider/out_res_reg[30]_i_334_n_0
    SLICE_X46Y123        CARRY4 (Prop_carry4_CI_CO[3])
                                                      0.117    47.557 r  dut/core1/u_divider/out_res_reg[30]_i_329/CO[3]
                         net (fo=1, routed)           0.000    47.557    dut/core1/u_divider/out_res_reg[30]_i_329_n_0
    SLICE_X46Y124        CARRY4 (Prop_carry4_CI_CO[3])
                                                      0.117    47.674 r  dut/core1/u_divider/out_res_reg[30]_i_324/CO[3]
                         net (fo=1, routed)           0.009    47.683    dut/core1/u_divider/out_res_reg[30]_i_324_n_0
    SLICE_X46Y125        CARRY4 (Prop_carry4_CI_CO[3])
                                                      0.117    47.800 r  dut/core1/u_divider/out_res_reg[30]_i_321/CO[3]
                         net (fo=1, routed)           0.000    47.800    dut/core1/u_divider/out_res_reg[30]_i_321_n_0
    SLICE_X46Y126        CARRY4 (Prop_carry4_CI_CO[1])
                                                      0.157    47.957 r  dut/core1/u_divider/out_res_reg[30]_i_320/CO[1]
                         net (fo=27, routed)          1.474    49.431    dut/core1/u_divider/out_res_reg[30]_i_320_n_2
    SLICE_X49Y122        LUT3 (Prop_lut3_I0_O)        0.332    49.763 r  dut/core1/u_divider/out_res[30]_i_351/O
                         net (fo=1, routed)           0.000    49.763    dut/core1/u_divider/out_res[30]_i_351_n_0
    SLICE_X49Y122        CARRY4 (Prop_carry4_S[1]_CO[3])
                                                      0.550    50.313 r  dut/core1/u_divider/out_res_reg[30]_i_311/CO[3]
                         net (fo=1, routed)           0.000    50.313    dut/core1/u_divider/out_res_reg[30]_i_311_n_0
    SLICE_X49Y123        CARRY4 (Prop_carry4_CI_CO[3])
                                                      0.114    50.427 r  dut/core1/u_divider/out_res_reg[30]_i_306/CO[3]
                         net (fo=1, routed)           0.000    50.427    dut/core1/u_divider/out_res_reg[30]_i_306_n_0
    SLICE_X49Y124        CARRY4 (Prop_carry4_CI_CO[3])
                                                      0.114    50.541 r  dut/core1/u_divider/out_res_reg[30]_i_301/CO[3]
                         net (fo=1, routed)           0.009    50.550    dut/core1/u_divider/out_res_reg[30]_i_301_n_0
    SLICE_X49Y125        CARRY4 (Prop_carry4_CI_CO[3])
                                                      0.114    50.664 r  dut/core1/u_divider/out_res_reg[30]_i_296/CO[3]
                         net (fo=1, routed)           0.000    50.664    dut/core1/u_divider/out_res_reg[30]_i_296_n_0
    SLICE_X49Y126        CARRY4 (Prop_carry4_CI_CO[3])
                                                      0.114    50.778 r  dut/core1/u_divider/out_res_reg[30]_i_291/CO[3]
                         net (fo=1, routed)           0.000    50.778    dut/core1/u_divider/out_res_reg[30]_i_291_n_0
    SLICE_X49Y127        CARRY4 (Prop_carry4_CI_CO[3])
                                                      0.114    50.892 r  dut/core1/u_divider/out_res_reg[30]_i_288/CO[3]
                         net (fo=1, routed)           0.000    50.892    dut/core1/u_divider/out_res_reg[30]_i_288_n_0
    SLICE_X49Y128        CARRY4 (Prop_carry4_CI_CO[1])
                                                      0.157    51.049 r  dut/core1/u_divider/out_res_reg[30]_i_287/CO[1]
                         net (fo=27, routed)          2.158    53.207    dut/core1/u_divider/out_res_reg[30]_i_287_n_2
    SLICE_X58Y122        LUT3 (Prop_lut3_I0_O)        0.329    53.536 r  dut/core1/u_divider/out_res[30]_i_318/O
                         net (fo=1, routed)           0.000    53.536    dut/core1/u_divider/out_res[30]_i_318_n_0
    SLICE_X58Y122        CARRY4 (Prop_carry4_S[1]_CO[3])
                                                      0.533    54.069 r  dut/core1/u_divider/out_res_reg[30]_i_278/CO[3]
                         net (fo=1, routed)           0.000    54.069    dut/core1/u_divider/out_res_reg[30]_i_278_n_0
    SLICE_X58Y123        CARRY4 (Prop_carry4_CI_CO[3])
                                                      0.117    54.186 r  dut/core1/u_divider/out_res_reg[30]_i_273/CO[3]
                         net (fo=1, routed)           0.000    54.186    dut/core1/u_divider/out_res_reg[30]_i_273_n_0
    SLICE_X58Y124        CARRY4 (Prop_carry4_CI_CO[3])
                                                      0.117    54.303 r  dut/core1/u_divider/out_res_reg[30]_i_268/CO[3]
                         net (fo=1, routed)           0.009    54.312    dut/core1/u_divider/out_res_reg[30]_i_268_n_0
    SLICE_X58Y125        CARRY4 (Prop_carry4_CI_CO[3])
                                                      0.117    54.429 r  dut/core1/u_divider/out_res_reg[30]_i_263/CO[3]
                         net (fo=1, routed)           0.000    54.429    dut/core1/u_divider/out_res_reg[30]_i_263_n_0
    SLICE_X58Y126        CARRY4 (Prop_carry4_CI_CO[3])
                                                      0.117    54.546 r  dut/core1/u_divider/out_res_reg[30]_i_258/CO[3]
                         net (fo=1, routed)           0.000    54.546    dut/core1/u_divider/out_res_reg[30]_i_258_n_0
    SLICE_X58Y127        CARRY4 (Prop_carry4_CI_CO[3])
                                                      0.117    54.663 r  dut/core1/u_divider/out_res_reg[30]_i_255/CO[3]
                         net (fo=1, routed)           0.000    54.663    dut/core1/u_divider/out_res_reg[30]_i_255_n_0
    SLICE_X58Y128        CARRY4 (Prop_carry4_CI_CO[1])
                                                      0.157    54.820 r  dut/core1/u_divider/out_res_reg[30]_i_254/CO[1]
                         net (fo=27, routed)          1.560    56.380    dut/core1/u_divider/out_res_reg[30]_i_254_n_2
    SLICE_X55Y124        LUT3 (Prop_lut3_I0_O)        0.332    56.712 r  dut/core1/u_divider/out_res[30]_i_283/O
                         net (fo=1, routed)           0.000    56.712    dut/core1/u_divider/out_res[30]_i_283_n_0
    SLICE_X55Y124        CARRY4 (Prop_carry4_S[3]_CO[3])
                                                      0.401    57.113 r  dut/core1/u_divider/out_res_reg[30]_i_245/CO[3]
                         net (fo=1, routed)           0.009    57.122    dut/core1/u_divider/out_res_reg[30]_i_245_n_0
    SLICE_X55Y125        CARRY4 (Prop_carry4_CI_CO[3])
                                                      0.114    57.236 r  dut/core1/u_divider/out_res_reg[30]_i_240/CO[3]
                         net (fo=1, routed)           0.000    57.236    dut/core1/u_divider/out_res_reg[30]_i_240_n_0
    SLICE_X55Y126        CARRY4 (Prop_carry4_CI_CO[3])
                                                      0.114    57.350 r  dut/core1/u_divider/out_res_reg[30]_i_235/CO[3]
                         net (fo=1, routed)           0.000    57.350    dut/core1/u_divider/out_res_reg[30]_i_235_n_0
    SLICE_X55Y127        CARRY4 (Prop_carry4_CI_CO[3])
                                                      0.114    57.464 r  dut/core1/u_divider/out_res_reg[30]_i_230/CO[3]
                         net (fo=1, routed)           0.000    57.464    dut/core1/u_divider/out_res_reg[30]_i_230_n_0
    SLICE_X55Y128        CARRY4 (Prop_carry4_CI_CO[3])
                                                      0.114    57.578 r  dut/core1/u_divider/out_res_reg[30]_i_225/CO[3]
                         net (fo=1, routed)           0.000    57.578    dut/core1/u_divider/out_res_reg[30]_i_225_n_0
    SLICE_X55Y129        CARRY4 (Prop_carry4_CI_CO[3])
                                                      0.114    57.692 r  dut/core1/u_divider/out_res_reg[30]_i_222/CO[3]
                         net (fo=1, routed)           0.000    57.692    dut/core1/u_divider/out_res_reg[30]_i_222_n_0
    SLICE_X55Y130        CARRY4 (Prop_carry4_CI_CO[1])
                                                      0.157    57.849 r  dut/core1/u_divider/out_res_reg[30]_i_221/CO[1]
                         net (fo=27, routed)          2.021    59.871    dut/core1/u_divider/out_res_reg[30]_i_221_n_2
    SLICE_X57Y125        LUT3 (Prop_lut3_I0_O)        0.329    60.200 r  dut/core1/u_divider/out_res[30]_i_252/O
                         net (fo=1, routed)           0.000    60.200    dut/core1/u_divider/out_res[30]_i_252_n_0
    SLICE_X57Y125        CARRY4 (Prop_carry4_S[1]_CO[3])
                                                      0.550    60.750 r  dut/core1/u_divider/out_res_reg[30]_i_212/CO[3]
                         net (fo=1, routed)           0.000    60.750    dut/core1/u_divider/out_res_reg[30]_i_212_n_0
    SLICE_X57Y126        CARRY4 (Prop_carry4_CI_CO[3])
                                                      0.114    60.864 r  dut/core1/u_divider/out_res_reg[30]_i_207/CO[3]
                         net (fo=1, routed)           0.000    60.864    dut/core1/u_divider/out_res_reg[30]_i_207_n_0
    SLICE_X57Y127        CARRY4 (Prop_carry4_CI_CO[3])
                                                      0.114    60.978 r  dut/core1/u_divider/out_res_reg[30]_i_202/CO[3]
                         net (fo=1, routed)           0.000    60.978    dut/core1/u_divider/out_res_reg[30]_i_202_n_0
    SLICE_X57Y128        CARRY4 (Prop_carry4_CI_CO[3])
                                                      0.114    61.092 r  dut/core1/u_divider/out_res_reg[30]_i_197/CO[3]
                         net (fo=1, routed)           0.000    61.092    dut/core1/u_divider/out_res_reg[30]_i_197_n_0
    SLICE_X57Y129        CARRY4 (Prop_carry4_CI_CO[3])
                                                      0.114    61.206 r  dut/core1/u_divider/out_res_reg[30]_i_192/CO[3]
                         net (fo=1, routed)           0.000    61.206    dut/core1/u_divider/out_res_reg[30]_i_192_n_0
    SLICE_X57Y130        CARRY4 (Prop_carry4_CI_CO[3])
                                                      0.114    61.320 r  dut/core1/u_divider/out_res_reg[30]_i_189/CO[3]
                         net (fo=1, routed)           0.000    61.320    dut/core1/u_divider/out_res_reg[30]_i_189_n_0
    SLICE_X57Y131        CARRY4 (Prop_carry4_CI_CO[1])
                                                      0.157    61.477 r  dut/core1/u_divider/out_res_reg[30]_i_188/CO[1]
                         net (fo=27, routed)          1.834    63.311    dut/core1/u_divider/out_res_reg[30]_i_188_n_2
    SLICE_X56Y125        LUT3 (Prop_lut3_I0_O)        0.329    63.640 r  dut/core1/u_divider/out_res[30]_i_215/O
                         net (fo=1, routed)           0.000    63.640    dut/core1/u_divider/out_res[30]_i_215_n_0
    SLICE_X56Y125        CARRY4 (Prop_carry4_S[1]_CO[3])
                                                      0.550    64.190 r  dut/core1/u_divider/out_res_reg[30]_i_174/CO[3]
                         net (fo=1, routed)           0.000    64.190    dut/core1/u_divider/out_res_reg[30]_i_174_n_0
    SLICE_X56Y126        CARRY4 (Prop_carry4_CI_CO[3])
                                                      0.114    64.304 r  dut/core1/u_divider/out_res_reg[30]_i_169/CO[3]
                         net (fo=1, routed)           0.000    64.304    dut/core1/u_divider/out_res_reg[30]_i_169_n_0
    SLICE_X56Y127        CARRY4 (Prop_carry4_CI_CO[3])
                                                      0.114    64.418 r  dut/core1/u_divider/out_res_reg[30]_i_164/CO[3]
                         net (fo=1, routed)           0.000    64.418    dut/core1/u_divider/out_res_reg[30]_i_164_n_0
    SLICE_X56Y128        CARRY4 (Prop_carry4_CI_CO[3])
                                                      0.114    64.532 r  dut/core1/u_divider/out_res_reg[30]_i_159/CO[3]
                         net (fo=1, routed)           0.000    64.532    dut/core1/u_divider/out_res_reg[30]_i_159_n_0
    SLICE_X56Y129        CARRY4 (Prop_carry4_CI_CO[3])
                                                      0.114    64.646 r  dut/core1/u_divider/out_res_reg[30]_i_156/CO[3]
                         net (fo=1, routed)           0.000    64.646    dut/core1/u_divider/out_res_reg[30]_i_156_n_0
    SLICE_X56Y130        CARRY4 (Prop_carry4_CI_CO[1])
                                                      0.157    64.803 r  dut/core1/u_divider/out_res_reg[30]_i_155/CO[1]
                         net (fo=27, routed)          2.475    67.277    dut/core1/u_divider/out_res_reg[30]_i_155_n_2
    SLICE_X54Y123        LUT3 (Prop_lut3_I0_O)        0.329    67.606 r  dut/core1/u_divider/out_res[30]_i_182/O
                         net (fo=1, routed)           0.000    67.606    dut/core1/u_divider/out_res[30]_i_182_n_0
    SLICE_X54Y123        CARRY4 (Prop_carry4_S[1]_CO[3])
                                                      0.533    68.139 r  dut/core1/u_divider/out_res_reg[30]_i_141/CO[3]
                         net (fo=1, routed)           0.000    68.139    dut/core1/u_divider/out_res_reg[30]_i_141_n_0
    SLICE_X54Y124        CARRY4 (Prop_carry4_CI_CO[3])
                                                      0.117    68.256 r  dut/core1/u_divider/out_res_reg[30]_i_136/CO[3]
                         net (fo=1, routed)           0.009    68.265    dut/core1/u_divider/out_res_reg[30]_i_136_n_0
    SLICE_X54Y125        CARRY4 (Prop_carry4_CI_CO[3])
                                                      0.117    68.382 r  dut/core1/u_divider/out_res_reg[30]_i_131/CO[3]
                         net (fo=1, routed)           0.000    68.382    dut/core1/u_divider/out_res_reg[30]_i_131_n_0
    SLICE_X54Y126        CARRY4 (Prop_carry4_CI_CO[3])
                                                      0.117    68.499 r  dut/core1/u_divider/out_res_reg[30]_i_126/CO[3]
                         net (fo=1, routed)           0.000    68.499    dut/core1/u_divider/out_res_reg[30]_i_126_n_0
    SLICE_X54Y127        CARRY4 (Prop_carry4_CI_CO[3])
                                                      0.117    68.616 r  dut/core1/u_divider/out_res_reg[30]_i_123/CO[3]
                         net (fo=1, routed)           0.000    68.616    dut/core1/u_divider/out_res_reg[30]_i_123_n_0
    SLICE_X54Y128        CARRY4 (Prop_carry4_CI_CO[1])
                                                      0.157    68.773 r  dut/core1/u_divider/out_res_reg[30]_i_122/CO[1]
                         net (fo=27, routed)          2.287    71.060    dut/core1/u_divider/out_res_reg[30]_i_122_n_2
    SLICE_X48Y121        LUT3 (Prop_lut3_I0_O)        0.332    71.392 r  dut/core1/u_divider/out_res[30]_i_152/O
                         net (fo=1, routed)           0.000    71.392    dut/core1/u_divider/out_res[30]_i_152_n_0
    SLICE_X48Y121        CARRY4 (Prop_carry4_S[2]_CO[3])
                                                      0.398    71.790 r  dut/core1/u_divider/out_res_reg[30]_i_116/CO[3]
                         net (fo=1, routed)           0.000    71.790    dut/core1/u_divider/out_res_reg[30]_i_116_n_0
    SLICE_X48Y122        CARRY4 (Prop_carry4_CI_CO[3])
                                                      0.114    71.904 r  dut/core1/u_divider/out_res_reg[30]_i_111/CO[3]
                         net (fo=1, routed)           0.000    71.904    dut/core1/u_divider/out_res_reg[30]_i_111_n_0
    SLICE_X48Y123        CARRY4 (Prop_carry4_CI_CO[3])
                                                      0.114    72.018 r  dut/core1/u_divider/out_res_reg[30]_i_106/CO[3]
                         net (fo=1, routed)           0.000    72.018    dut/core1/u_divider/out_res_reg[30]_i_106_n_0
    SLICE_X48Y124        CARRY4 (Prop_carry4_CI_CO[3])
                                                      0.114    72.132 r  dut/core1/u_divider/out_res_reg[30]_i_101/CO[3]
                         net (fo=1, routed)           0.009    72.141    dut/core1/u_divider/out_res_reg[30]_i_101_n_0
    SLICE_X48Y125        CARRY4 (Prop_carry4_CI_CO[3])
                                                      0.114    72.255 r  dut/core1/u_divider/out_res_reg[30]_i_96/CO[3]
                         net (fo=1, routed)           0.000    72.255    dut/core1/u_divider/out_res_reg[30]_i_96_n_0
    SLICE_X48Y126        CARRY4 (Prop_carry4_CI_CO[3])
                                                      0.114    72.369 r  dut/core1/u_divider/out_res_reg[30]_i_93/CO[3]
                         net (fo=1, routed)           0.000    72.369    dut/core1/u_divider/out_res_reg[30]_i_93_n_0
    SLICE_X48Y127        CARRY4 (Prop_carry4_CI_CO[1])
                                                      0.157    72.526 r  dut/core1/u_divider/out_res_reg[30]_i_92/CO[1]
                         net (fo=27, routed)          1.945    74.471    dut/core1/u_divider/out_res_reg[30]_i_92_n_2
    SLICE_X47Y119        LUT3 (Prop_lut3_I0_O)        0.329    74.800 r  dut/core1/u_divider/i__carry_i_148/O
                         net (fo=1, routed)           0.000    74.800    dut/core1/u_divider/i__carry_i_148_n_0
    SLICE_X47Y119        CARRY4 (Prop_carry4_S[2]_CO[3])
                                                      0.398    75.198 r  dut/core1/u_divider/i__carry_i_124/CO[3]
                         net (fo=1, routed)           0.000    75.198    dut/core1/u_divider/i__carry_i_124_n_0
    SLICE_X47Y120        CARRY4 (Prop_carry4_CI_CO[3])
                                                      0.114    75.312 r  dut/core1/u_divider/out_res_reg[30]_i_86/CO[3]
                         net (fo=1, routed)           0.000    75.312    dut/core1/u_divider/out_res_reg[30]_i_86_n_0
    SLICE_X47Y121        CARRY4 (Prop_carry4_CI_CO[3])
                                                      0.114    75.426 r  dut/core1/u_divider/out_res_reg[30]_i_81/CO[3]
                         net (fo=1, routed)           0.000    75.426    dut/core1/u_divider/out_res_reg[30]_i_81_n_0
    SLICE_X47Y122        CARRY4 (Prop_carry4_CI_CO[3])
                                                      0.114    75.540 r  dut/core1/u_divider/out_res_reg[30]_i_76/CO[3]
                         net (fo=1, routed)           0.000    75.540    dut/core1/u_divider/out_res_reg[30]_i_76_n_0
    SLICE_X47Y123        CARRY4 (Prop_carry4_CI_CO[3])
                                                      0.114    75.654 r  dut/core1/u_divider/out_res_reg[30]_i_71/CO[3]
                         net (fo=1, routed)           0.000    75.654    dut/core1/u_divider/out_res_reg[30]_i_71_n_0
    SLICE_X47Y124        CARRY4 (Prop_carry4_CI_CO[3])
                                                      0.114    75.768 r  dut/core1/u_divider/out_res_reg[30]_i_68/CO[3]
                         net (fo=1, routed)           0.009    75.777    dut/core1/u_divider/out_res_reg[30]_i_68_n_0
    SLICE_X47Y125        CARRY4 (Prop_carry4_CI_CO[1])
                                                      0.157    75.934 r  dut/core1/u_divider/out_res_reg[30]_i_67/CO[1]
                         net (fo=27, routed)          1.425    77.359    dut/core1/u_divider/out_res_reg[30]_i_67_n_2
    SLICE_X50Y119        CARRY4 (Prop_carry4_CYINIT_CO[3])
                                                      0.800    78.159 r  dut/core1/u_divider/i__carry_i_119/CO[3]
                         net (fo=1, routed)           0.000    78.159    dut/core1/u_divider/i__carry_i_119_n_0
    SLICE_X50Y120        CARRY4 (Prop_carry4_CI_CO[3])
                                                      0.117    78.276 r  dut/core1/u_divider/i__carry_i_93/CO[3]
                         net (fo=1, routed)           0.000    78.276    dut/core1/u_divider/i__carry_i_93_n_0
    SLICE_X50Y121        CARRY4 (Prop_carry4_CI_CO[3])
                                                      0.117    78.393 r  dut/core1/u_divider/out_res_reg[30]_i_61/CO[3]
                         net (fo=1, routed)           0.000    78.393    dut/core1/u_divider/out_res_reg[30]_i_61_n_0
    SLICE_X50Y122        CARRY4 (Prop_carry4_CI_CO[3])
                                                      0.117    78.510 r  dut/core1/u_divider/out_res_reg[30]_i_56/CO[3]
                         net (fo=1, routed)           0.000    78.510    dut/core1/u_divider/out_res_reg[30]_i_56_n_0
    SLICE_X50Y123        CARRY4 (Prop_carry4_CI_CO[3])
                                                      0.117    78.627 r  dut/core1/u_divider/out_res_reg[30]_i_51/CO[3]
                         net (fo=1, routed)           0.000    78.627    dut/core1/u_divider/out_res_reg[30]_i_51_n_0
    SLICE_X50Y124        CARRY4 (Prop_carry4_CI_CO[3])
                                                      0.117    78.744 r  dut/core1/u_divider/out_res_reg[30]_i_48/CO[3]
                         net (fo=1, routed)           0.009    78.753    dut/core1/u_divider/out_res_reg[30]_i_48_n_0
    SLICE_X50Y125        CARRY4 (Prop_carry4_CI_CO[1])
                                                      0.157    78.910 r  dut/core1/u_divider/out_res_reg[30]_i_47/CO[1]
                         net (fo=27, routed)          1.640    80.550    dut/core1/u_divider/out_res_reg[30]_i_47_n_2
    SLICE_X52Y119        CARRY4 (Prop_carry4_CYINIT_CO[3])
                                                      0.788    81.338 r  dut/core1/u_divider/i__carry_i_114/CO[3]
                         net (fo=1, routed)           0.000    81.338    dut/core1/u_divider/i__carry_i_114_n_0
    SLICE_X52Y120        CARRY4 (Prop_carry4_CI_CO[3])
                                                      0.114    81.452 r  dut/core1/u_divider/i__carry_i_88/CO[3]
                         net (fo=1, routed)           0.000    81.452    dut/core1/u_divider/i__carry_i_88_n_0
    SLICE_X52Y121        CARRY4 (Prop_carry4_CI_CO[3])
                                                      0.114    81.566 r  dut/core1/u_divider/i__carry_i_67/CO[3]
                         net (fo=1, routed)           0.000    81.566    dut/core1/u_divider/i__carry_i_67_n_0
    SLICE_X52Y122        CARRY4 (Prop_carry4_CI_CO[3])
                                                      0.114    81.680 r  dut/core1/u_divider/out_res_reg[30]_i_41/CO[3]
                         net (fo=1, routed)           0.000    81.680    dut/core1/u_divider/out_res_reg[30]_i_41_n_0
    SLICE_X52Y123        CARRY4 (Prop_carry4_CI_CO[3])
                                                      0.114    81.794 r  dut/core1/u_divider/out_res_reg[30]_i_36/CO[3]
                         net (fo=1, routed)           0.000    81.794    dut/core1/u_divider/out_res_reg[30]_i_36_n_0
    SLICE_X52Y124        CARRY4 (Prop_carry4_CI_CO[3])
                                                      0.114    81.908 r  dut/core1/u_divider/out_res_reg[30]_i_33/CO[3]
                         net (fo=1, routed)           0.009    81.917    dut/core1/u_divider/out_res_reg[30]_i_33_n_0
    SLICE_X52Y125        CARRY4 (Prop_carry4_CI_CO[1])
                                                      0.157    82.074 r  dut/core1/u_divider/out_res_reg[30]_i_32/CO[1]
                         net (fo=27, routed)          1.739    83.814    dut/core1/u_divider/out_res_reg[30]_i_32_n_2
    SLICE_X53Y119        LUT3 (Prop_lut3_I0_O)        0.329    84.143 r  dut/core1/u_divider/i__carry_i_139/O
                         net (fo=1, routed)           0.000    84.143    dut/core1/u_divider/i__carry_i_139_n_0
    SLICE_X53Y119        CARRY4 (Prop_carry4_S[2]_CO[3])
                                                      0.398    84.541 r  dut/core1/u_divider/i__carry_i_109/CO[3]
                         net (fo=1, routed)           0.000    84.541    dut/core1/u_divider/i__carry_i_109_n_0
    SLICE_X53Y120        CARRY4 (Prop_carry4_CI_CO[3])
                                                      0.114    84.655 r  dut/core1/u_divider/i__carry_i_83/CO[3]
                         net (fo=1, routed)           0.000    84.655    dut/core1/u_divider/i__carry_i_83_n_0
    SLICE_X53Y121        CARRY4 (Prop_carry4_CI_CO[3])
                                                      0.114    84.769 r  dut/core1/u_divider/i__carry_i_62/CO[3]
                         net (fo=1, routed)           0.000    84.769    dut/core1/u_divider/i__carry_i_62_n_0
    SLICE_X53Y122        CARRY4 (Prop_carry4_CI_CO[3])
                                                      0.114    84.883 r  dut/core1/u_divider/i__carry_i_46/CO[3]
                         net (fo=1, routed)           0.000    84.883    dut/core1/u_divider/i__carry_i_46_n_0
    SLICE_X53Y123        CARRY4 (Prop_carry4_CI_CO[3])
                                                      0.114    84.997 r  dut/core1/u_divider/out_res_reg[30]_i_26/CO[3]
                         net (fo=1, routed)           0.000    84.997    dut/core1/u_divider/out_res_reg[30]_i_26_n_0
    SLICE_X53Y124        CARRY4 (Prop_carry4_CI_CO[3])
                                                      0.114    85.111 r  dut/core1/u_divider/out_res_reg[30]_i_23/CO[3]
                         net (fo=1, routed)           0.009    85.120    dut/core1/u_divider/out_res_reg[30]_i_23_n_0
    SLICE_X53Y125        CARRY4 (Prop_carry4_CI_CO[1])
                                                      0.157    85.277 r  dut/core1/u_divider/out_res_reg[30]_i_22/CO[1]
                         net (fo=27, routed)          2.313    87.590    dut/core1/u_divider/out_res_reg[30]_i_22_n_2
    SLICE_X55Y117        LUT3 (Prop_lut3_I0_O)        0.329    87.919 r  dut/core1/u_divider/i__carry_i_135/O
                         net (fo=1, routed)           0.000    87.919    dut/core1/u_divider/i__carry_i_135_n_0
    SLICE_X55Y117        CARRY4 (Prop_carry4_S[3]_CO[3])
                                                      0.401    88.320 r  dut/core1/u_divider/i__carry_i_104/CO[3]
                         net (fo=1, routed)           0.000    88.320    dut/core1/u_divider/i__carry_i_104_n_0
    SLICE_X55Y118        CARRY4 (Prop_carry4_CI_CO[3])
                                                      0.114    88.434 r  dut/core1/u_divider/i__carry_i_78/CO[3]
                         net (fo=1, routed)           0.000    88.434    dut/core1/u_divider/i__carry_i_78_n_0
    SLICE_X55Y119        CARRY4 (Prop_carry4_CI_CO[3])
                                                      0.114    88.548 r  dut/core1/u_divider/i__carry_i_57/CO[3]
                         net (fo=1, routed)           0.000    88.548    dut/core1/u_divider/i__carry_i_57_n_0
    SLICE_X55Y120        CARRY4 (Prop_carry4_CI_CO[3])
                                                      0.114    88.662 r  dut/core1/u_divider/i__carry_i_41/CO[3]
                         net (fo=1, routed)           0.000    88.662    dut/core1/u_divider/i__carry_i_41_n_0
    SLICE_X55Y121        CARRY4 (Prop_carry4_CI_CO[3])
                                                      0.114    88.776 r  dut/core1/u_divider/i__carry_i_30/CO[3]
                         net (fo=1, routed)           0.000    88.776    dut/core1/u_divider/i__carry_i_30_n_0
    SLICE_X55Y122        CARRY4 (Prop_carry4_CI_CO[3])
                                                      0.114    88.890 r  dut/core1/u_divider/out_res_reg[30]_i_15/CO[3]
                         net (fo=1, routed)           0.000    88.890    dut/core1/u_divider/out_res_reg[30]_i_15_n_0
    SLICE_X55Y123        CARRY4 (Prop_carry4_CI_CO[1])
                                                      0.157    89.047 r  dut/core1/u_divider/out_res_reg[30]_i_14/CO[1]
                         net (fo=27, routed)          1.678    90.725    dut/core1/u_divider/out_res_reg[30]_i_14_n_2
    SLICE_X56Y117        LUT3 (Prop_lut3_I0_O)        0.329    91.054 r  dut/core1/u_divider/i__carry_i_134/O
                         net (fo=1, routed)           0.000    91.054    dut/core1/u_divider/i__carry_i_134_n_0
    SLICE_X56Y117        CARRY4 (Prop_carry4_S[1]_CO[3])
                                                      0.550    91.604 r  dut/core1/u_divider/i__carry_i_99/CO[3]
                         net (fo=1, routed)           0.000    91.604    dut/core1/u_divider/i__carry_i_99_n_0
    SLICE_X56Y118        CARRY4 (Prop_carry4_CI_CO[3])
                                                      0.114    91.718 r  dut/core1/u_divider/i__carry_i_73/CO[3]
                         net (fo=1, routed)           0.000    91.718    dut/core1/u_divider/i__carry_i_73_n_0
    SLICE_X56Y119        CARRY4 (Prop_carry4_CI_CO[3])
                                                      0.114    91.832 r  dut/core1/u_divider/i__carry_i_52/CO[3]
                         net (fo=1, routed)           0.000    91.832    dut/core1/u_divider/i__carry_i_52_n_0
    SLICE_X56Y120        CARRY4 (Prop_carry4_CI_CO[3])
                                                      0.114    91.946 r  dut/core1/u_divider/i__carry_i_36/CO[3]
                         net (fo=1, routed)           0.000    91.946    dut/core1/u_divider/i__carry_i_36_n_0
    SLICE_X56Y121        CARRY4 (Prop_carry4_CI_CO[3])
                                                      0.114    92.060 r  dut/core1/u_divider/i__carry_i_25/CO[3]
                         net (fo=1, routed)           0.000    92.060    dut/core1/u_divider/i__carry_i_25_n_0
    SLICE_X56Y122        CARRY4 (Prop_carry4_CI_CO[3])
                                                      0.114    92.174 r  dut/core1/u_divider/i__carry_i_15/CO[3]
                         net (fo=1, routed)           0.000    92.174    dut/core1/execute_unit/u_fpu/u_divider/u_divider/i__carry_i_16[0]
    SLICE_X56Y123        CARRY4 (Prop_carry4_CI_CO[1])
                                                      0.157    92.331 r  dut/core1/execute_unit/u_fpu/u_divider/out_res_reg[30]_i_8/CO[1]
                         net (fo=70, routed)          1.425    93.756    dut/core1/execute_unit_n_53
    SLICE_X57Y119        LUT3 (Prop_lut3_I0_O)        0.329    94.085 r  dut/core1/u_divider/i__carry_i_102/O
                         net (fo=1, routed)           0.000    94.085    dut/core1/u_divider/i__carry_i_102_n_0
    SLICE_X57Y119        CARRY4 (Prop_carry4_S[1]_CO[3])
                                                      0.550    94.635 r  dut/core1/u_divider/i__carry_i_72/CO[3]
                         net (fo=1, routed)           0.000    94.635    dut/core1/u_divider/i__carry_i_72_n_0
    SLICE_X57Y120        CARRY4 (Prop_carry4_CI_CO[3])
                                                      0.114    94.749 r  dut/core1/u_divider/i__carry_i_51/CO[3]
                         net (fo=1, routed)           0.000    94.749    dut/core1/u_divider/i__carry_i_51_n_0
    SLICE_X57Y121        CARRY4 (Prop_carry4_CI_CO[3])
                                                      0.114    94.863 r  dut/core1/u_divider/i__carry_i_35/CO[3]
                         net (fo=1, routed)           0.000    94.863    dut/core1/u_divider/i__carry_i_35_n_0
    SLICE_X57Y122        CARRY4 (Prop_carry4_CI_CO[3])
                                                      0.114    94.977 r  dut/core1/u_divider/i__carry_i_24/CO[3]
                         net (fo=1, routed)           0.000    94.977    dut/core1/u_divider/i__carry_i_24_n_0
    SLICE_X57Y123        CARRY4 (Prop_carry4_CI_CO[3])
                                                      0.114    95.091 r  dut/core1/u_divider/i__carry_i_14/CO[3]
                         net (fo=1, routed)           0.000    95.091    dut/core1/u_divider/i__carry_i_14_n_0
    SLICE_X57Y124        CARRY4 (Prop_carry4_CI_CO[1])
                                                      0.157    95.248 r  dut/core1/u_divider/i__carry_i_11/CO[1]
                         net (fo=39, routed)          1.572    96.820    dut/core1/u_divider/i__carry_i_11_n_2
    SLICE_X59Y120        LUT3 (Prop_lut3_I0_O)        0.329    97.149 r  dut/core1/u_divider/out_res[21]_i_38/O
                         net (fo=1, routed)           0.000    97.149    dut/core1/u_divider/out_res[21]_i_38_n_0
    SLICE_X59Y120        CARRY4 (Prop_carry4_S[1]_CO[3])
                                                      0.550    97.699 r  dut/core1/u_divider/out_res_reg[21]_i_29/CO[3]
                         net (fo=1, routed)           0.000    97.699    dut/core1/u_divider/out_res_reg[21]_i_29_n_0
    SLICE_X59Y121        CARRY4 (Prop_carry4_CI_CO[3])
                                                      0.114    97.813 r  dut/core1/u_divider/out_res_reg[21]_i_23/CO[3]
                         net (fo=1, routed)           0.000    97.813    dut/core1/u_divider/out_res_reg[21]_i_23_n_0
    SLICE_X59Y122        CARRY4 (Prop_carry4_CI_CO[3])
                                                      0.114    97.927 r  dut/core1/u_divider/out_res_reg[21]_i_17/CO[3]
                         net (fo=1, routed)           0.000    97.927    dut/core1/u_divider/out_res_reg[21]_i_17_n_0
    SLICE_X59Y123        CARRY4 (Prop_carry4_CI_CO[3])
                                                      0.114    98.041 r  dut/core1/u_divider/out_res_reg[21]_i_11/CO[3]
                         net (fo=1, routed)           0.000    98.041    dut/core1/u_divider/out_res_reg[21]_i_11_n_0
    SLICE_X59Y124        CARRY4 (Prop_carry4_CI_CO[3])
                                                      0.114    98.155 r  dut/core1/u_divider/out_res_reg[21]_i_7/CO[3]
                         net (fo=1, routed)           0.009    98.164    dut/core1/u_divider/out_res_reg[21]_i_7_n_0
    SLICE_X59Y125        CARRY4 (Prop_carry4_CI_CO[1])
                                                      0.157    98.321 r  dut/core1/u_divider/out_res_reg[21]_i_5/CO[1]
                         net (fo=32, routed)          2.734   101.055    dut/core1/execute_unit/u_fpu/u_divider/out_res_reg[21]_0[0]
    SLICE_X59Y106        LUT5 (Prop_lut5_I0_O)        0.329   101.384 r  dut/core1/execute_unit/u_fpu/u_divider/i__carry_i_18__4/O
                         net (fo=3, routed)           0.592   101.976    dut/core1/execute_unit/u_fpu/u_divider/i__carry_i_18__4_n_0
    SLICE_X59Y105        LUT6 (Prop_lut6_I0_O)        0.124   102.100 r  dut/core1/execute_unit/u_fpu/u_divider/i__carry_i_13__11/O
                         net (fo=33, routed)          0.817   102.916    dut/core1/execute_unit/u_fpu/u_divider/i__carry_i_13__11_n_0
    SLICE_X57Y106        LUT4 (Prop_lut4_I3_O)        0.124   103.040 r  dut/core1/execute_unit/u_fpu/u_divider/i__carry_i_8__20/O
                         net (fo=1, routed)           0.000   103.040    dut/core1/execute_unit/u_fpu/u_divider/i__carry_i_8__20_n_0
    SLICE_X57Y106        CARRY4 (Prop_carry4_S[0]_CO[3])
                                                      0.532   103.572 r  dut/core1/execute_unit/u_fpu/u_divider/exp_norm0_inferred__0/i__carry/CO[3]
                         net (fo=1, routed)           0.000   103.572    dut/core1/execute_unit/u_fpu/u_divider/exp_norm0_inferred__0/i__carry_n_0
    SLICE_X57Y107        CARRY4 (Prop_carry4_CI_O[2])
                                                      0.239   103.811 f  dut/core1/execute_unit/u_fpu/u_divider/exp_norm0_inferred__0/i__carry__0/O[2]
                         net (fo=3, routed)           1.158   104.969    dut/core1/execute_unit/u_fpu/u_divider/exp_norm[6]
    SLICE_X60Y107        LUT6 (Prop_lut6_I1_O)        0.302   105.271 f  dut/core1/execute_unit/u_fpu/u_divider/i__carry_i_12__14/O
                         net (fo=1, routed)           0.444   105.715    dut/core1/execute_unit/u_fpu/u_divider/i__carry_i_12__14_n_0
    SLICE_X60Y107        LUT6 (Prop_lut6_I1_O)        0.124   105.839 r  dut/core1/execute_unit/u_fpu/u_divider/i__carry_i_11__12/O
                         net (fo=4, routed)           0.666   106.504    dut/core1/execute_unit/u_fpu/u_divider/i__carry_i_11__12_n_0
    SLICE_X60Y107        LUT6 (Prop_lut6_I5_O)        0.124   106.628 r  dut/core1/execute_unit/u_fpu/u_divider/i__carry_i_5__19/O
                         net (fo=32, routed)          0.568   107.196    dut/core1/execute_unit/u_fpu/u_divider/i__carry_i_5__19_n_0
    SLICE_X61Y106        LUT2 (Prop_lut2_I1_O)        0.124   107.320 r  dut/core1/execute_unit/u_fpu/u_divider/i__carry_i_4__0/O
                         net (fo=1, routed)           0.000   107.320    dut/core1/execute_unit/u_fpu/u_divider/i__carry_i_4__0_n_0
    SLICE_X61Y106        CARRY4 (Prop_carry4_S[0]_CO[3])
                                                      0.532   107.852 r  dut/core1/execute_unit/u_fpu/u_divider/exp_norm0_inferred__1/i__carry/CO[3]
                         net (fo=1, routed)           0.000   107.852    dut/core1/execute_unit/u_fpu/u_divider/exp_norm0_inferred__1/i__carry_n_0
    SLICE_X61Y107        CARRY4 (Prop_carry4_CI_CO[3])
                                                      0.114   107.966 r  dut/core1/execute_unit/u_fpu/u_divider/exp_norm0_inferred__1/i__carry__0/CO[3]
                         net (fo=1, routed)           0.000   107.966    dut/core1/execute_unit/u_fpu/u_divider/exp_norm0_inferred__1/i__carry__0_n_0
    SLICE_X61Y108        CARRY4 (Prop_carry4_CI_O[0])
                                                      0.222   108.188 f  dut/core1/execute_unit/u_fpu/u_divider/exp_norm0_inferred__1/i__carry__1/O[0]
                         net (fo=3, routed)           0.824   109.012    dut/core1/execute_unit/u_fpu/u_divider/exp_norm0_inferred__1/i__carry__1_n_7
    SLICE_X63Y107        LUT6 (Prop_lut6_I1_O)        0.299   109.311 f  dut/core1/execute_unit/u_fpu/u_divider/i__carry_i_8__14/O
                         net (fo=1, routed)           0.151   109.462    dut/core1/execute_unit/u_fpu/u_divider/i__carry_i_8__14_n_0
    SLICE_X63Y107        LUT6 (Prop_lut6_I1_O)        0.124   109.586 r  dut/core1/execute_unit/u_fpu/u_divider/i__carry_i_7__14/O
                         net (fo=2, routed)           0.445   110.031    dut/core1/execute_unit/u_fpu/u_divider/i__carry_i_7__14_n_0
    SLICE_X63Y107        LUT6 (Prop_lut6_I5_O)        0.124   110.155 r  dut/core1/execute_unit/u_fpu/u_divider/i__carry_i_5__18/O
                         net (fo=30, routed)          0.976   111.131    dut/core1/execute_unit/u_fpu/u_divider/i__carry_i_5__18_n_0
    SLICE_X67Y106        LUT2 (Prop_lut2_I1_O)        0.124   111.255 r  dut/core1/execute_unit/u_fpu/u_divider/i__carry_i_4__1/O
                         net (fo=1, routed)           0.000   111.255    dut/core1/execute_unit/u_fpu/u_divider/i__carry_i_4__1_n_0
    SLICE_X67Y106        CARRY4 (Prop_carry4_S[0]_CO[3])
                                                      0.532   111.787 r  dut/core1/execute_unit/u_fpu/u_divider/exp_norm0_inferred__2/i__carry/CO[3]
                         net (fo=1, routed)           0.000   111.787    dut/core1/execute_unit/u_fpu/u_divider/exp_norm0_inferred__2/i__carry_n_0
    SLICE_X67Y107        CARRY4 (Prop_carry4_CI_O[3])
                                                      0.313   112.100 f  dut/core1/execute_unit/u_fpu/u_divider/exp_norm0_inferred__2/i__carry__0/O[3]
                         net (fo=3, routed)           0.974   113.074    dut/core1/execute_unit/u_fpu/u_divider/exp_norm0_inferred__2/i__carry__0_n_4
    SLICE_X66Y109        LUT6 (Prop_lut6_I2_O)        0.306   113.380 f  dut/core1/execute_unit/u_fpu/u_divider/i__carry_i_12__15/O
                         net (fo=1, routed)           0.658   114.039    dut/core1/execute_unit/u_fpu/u_divider/i__carry_i_12__15_n_0
    SLICE_X66Y109        LUT6 (Prop_lut6_I1_O)        0.124   114.163 r  dut/core1/execute_unit/u_fpu/u_divider/i__carry_i_9__6/O
                         net (fo=3, routed)           0.817   114.979    dut/core1/execute_unit/u_fpu/u_divider/i__carry_i_9__6_n_0
    SLICE_X64Y106        LUT6 (Prop_lut6_I5_O)        0.124   115.103 r  dut/core1/execute_unit/u_fpu/u_divider/i__carry_i_5__17/O
                         net (fo=28, routed)          1.125   116.228    dut/core1/execute_unit/u_fpu/u_divider/i__carry_i_5__17_n_0
    SLICE_X80Y110        LUT2 (Prop_lut2_I1_O)        0.124   116.352 r  dut/core1/execute_unit/u_fpu/u_divider/i__carry_i_4__2/O
                         net (fo=1, routed)           0.000   116.352    dut/core1/execute_unit/u_fpu/u_divider/i__carry_i_4__2_n_0
    SLICE_X80Y110        CARRY4 (Prop_carry4_S[0]_CO[3])
                                                      0.532   116.884 r  dut/core1/execute_unit/u_fpu/u_divider/exp_norm0_inferred__3/i__carry/CO[3]
                         net (fo=1, routed)           0.000   116.884    dut/core1/execute_unit/u_fpu/u_divider/exp_norm0_inferred__3/i__carry_n_0
    SLICE_X80Y111        CARRY4 (Prop_carry4_CI_O[3])
                                                      0.313   117.197 f  dut/core1/execute_unit/u_fpu/u_divider/exp_norm0_inferred__3/i__carry__0/O[3]
                         net (fo=3, routed)           0.825   118.022    dut/core1/execute_unit/u_fpu/u_divider/exp_norm0_inferred__3/i__carry__0_n_4
    SLICE_X80Y113        LUT6 (Prop_lut6_I2_O)        0.306   118.328 f  dut/core1/execute_unit/u_fpu/u_divider/i__carry_i_11__13/O
                         net (fo=1, routed)           0.798   119.126    dut/core1/execute_unit/u_fpu/u_divider/i__carry_i_11__13_n_0
    SLICE_X80Y114        LUT6 (Prop_lut6_I1_O)        0.124   119.250 r  dut/core1/execute_unit/u_fpu/u_divider/i__carry_i_9__7/O
                         net (fo=1, routed)           0.795   120.046    dut/core1/execute_unit/u_fpu/u_divider/i__carry_i_9__7_n_0
    SLICE_X66Y109        LUT6 (Prop_lut6_I5_O)        0.124   120.170 r  dut/core1/execute_unit/u_fpu/u_divider/i__carry_i_5__16/O
                         net (fo=29, routed)          1.323   121.492    dut/core1/execute_unit/u_fpu/u_divider/i__carry_i_5__16_n_0
    SLICE_X81Y112        LUT2 (Prop_lut2_I1_O)        0.124   121.616 r  dut/core1/execute_unit/u_fpu/u_divider/i__carry_i_4__3/O
                         net (fo=1, routed)           0.000   121.616    dut/core1/execute_unit/u_fpu/u_divider/i__carry_i_4__3_n_0
    SLICE_X81Y112        CARRY4 (Prop_carry4_S[0]_CO[3])
                                                      0.532   122.148 r  dut/core1/execute_unit/u_fpu/u_divider/exp_norm0_inferred__4/i__carry/CO[3]
                         net (fo=1, routed)           0.000   122.148    dut/core1/execute_unit/u_fpu/u_divider/exp_norm0_inferred__4/i__carry_n_0
    SLICE_X81Y113        CARRY4 (Prop_carry4_CI_O[0])
                                                      0.222   122.370 f  dut/core1/execute_unit/u_fpu/u_divider/exp_norm0_inferred__4/i__carry__0/O[0]
                         net (fo=3, routed)           0.883   123.253    dut/core1/execute_unit/u_fpu/u_divider/exp_norm0_inferred__4/i__carry__0_n_7
    SLICE_X80Y113        LUT6 (Prop_lut6_I4_O)        0.299   123.552 f  dut/core1/execute_unit/u_fpu/u_divider/i__carry_i_10__15/O
                         net (fo=1, routed)           0.669   124.221    dut/core1/execute_unit/u_fpu/u_divider/i__carry_i_10__15_n_0
    SLICE_X80Y113        LUT6 (Prop_lut6_I1_O)        0.124   124.345 r  dut/core1/execute_unit/u_fpu/u_divider/i__carry_i_8__15/O
                         net (fo=4, routed)           1.010   125.355    dut/core1/execute_unit/u_fpu/u_divider/i__carry_i_8__15_n_0
    SLICE_X83Y111        LUT4 (Prop_lut4_I3_O)        0.124   125.479 r  dut/core1/execute_unit/u_fpu/u_divider/i__carry_i_5__15/O
                         net (fo=26, routed)          0.576   126.054    dut/core1/execute_unit/u_fpu/u_divider/i__carry_i_5__15_n_0
    SLICE_X81Y109        LUT2 (Prop_lut2_I1_O)        0.124   126.178 r  dut/core1/execute_unit/u_fpu/u_divider/i__carry_i_4__4/O
                         net (fo=1, routed)           0.000   126.178    dut/core1/execute_unit/u_fpu/u_divider/i__carry_i_4__4_n_0
    SLICE_X81Y109        CARRY4 (Prop_carry4_S[0]_CO[3])
                                                      0.532   126.710 r  dut/core1/execute_unit/u_fpu/u_divider/exp_norm0_inferred__5/i__carry/CO[3]
                         net (fo=1, routed)           0.000   126.710    dut/core1/execute_unit/u_fpu/u_divider/exp_norm0_inferred__5/i__carry_n_0
    SLICE_X81Y110        CARRY4 (Prop_carry4_CI_O[2])
                                                      0.239   126.949 f  dut/core1/execute_unit/u_fpu/u_divider/exp_norm0_inferred__5/i__carry__0/O[2]
                         net (fo=3, routed)           1.279   128.228    dut/core1/execute_unit/u_fpu/u_divider/exp_norm0_inferred__5/i__carry__0_n_5
    SLICE_X85Y109        LUT6 (Prop_lut6_I1_O)        0.302   128.530 f  dut/core1/execute_unit/u_fpu/u_divider/i__carry_i_9__8/O
                         net (fo=1, routed)           0.589   129.119    dut/core1/execute_unit/u_fpu/u_divider/i__carry_i_9__8_n_0
    SLICE_X84Y111        LUT6 (Prop_lut6_I1_O)        0.124   129.243 r  dut/core1/execute_unit/u_fpu/u_divider/i__carry_i_7__15/O
                         net (fo=1, routed)           0.788   130.032    dut/core1/execute_unit/u_fpu/u_divider/i__carry_i_7__15_n_0
    SLICE_X83Y111        LUT6 (Prop_lut6_I5_O)        0.124   130.156 r  dut/core1/execute_unit/u_fpu/u_divider/i__carry_i_5__14/O
                         net (fo=27, routed)          0.569   130.725    dut/core1/execute_unit/u_fpu/u_divider/i__carry_i_5__14_n_0
    SLICE_X85Y110        LUT2 (Prop_lut2_I1_O)        0.124   130.849 r  dut/core1/execute_unit/u_fpu/u_divider/i__carry_i_4__5/O
                         net (fo=1, routed)           0.000   130.849    dut/core1/execute_unit/u_fpu/u_divider/i__carry_i_4__5_n_0
    SLICE_X85Y110        CARRY4 (Prop_carry4_S[0]_CO[3])
                                                      0.532   131.381 r  dut/core1/execute_unit/u_fpu/u_divider/exp_norm0_inferred__6/i__carry/CO[3]
                         net (fo=1, routed)           0.000   131.381    dut/core1/execute_unit/u_fpu/u_divider/exp_norm0_inferred__6/i__carry_n_0
    SLICE_X85Y111        CARRY4 (Prop_carry4_CI_O[0])
                                                      0.222   131.603 f  dut/core1/execute_unit/u_fpu/u_divider/exp_norm0_inferred__6/i__carry__0/O[0]
                         net (fo=3, routed)           0.854   132.456    dut/core1/execute_unit/u_fpu/u_divider/exp_norm0_inferred__6/i__carry__0_n_7
    SLICE_X84Y110        LUT6 (Prop_lut6_I4_O)        0.299   132.755 f  dut/core1/execute_unit/u_fpu/u_divider/i__carry_i_13__12/O
                         net (fo=1, routed)           0.421   133.176    dut/core1/execute_unit/u_fpu/u_divider/i__carry_i_13__12_n_0
    SLICE_X84Y111        LUT6 (Prop_lut6_I1_O)        0.124   133.300 r  dut/core1/execute_unit/u_fpu/u_divider/i__carry_i_9__9/O
                         net (fo=4, routed)           0.792   134.092    dut/core1/execute_unit/u_fpu/u_divider/i__carry_i_9__9_n_0
    SLICE_X83Y113        LUT6 (Prop_lut6_I5_O)        0.124   134.216 r  dut/core1/execute_unit/u_fpu/u_divider/i__carry_i_5__13/O
                         net (fo=27, routed)          1.264   135.480    dut/core1/execute_unit/u_fpu/u_divider/i__carry_i_5__13_n_0
    SLICE_X87Y110        LUT2 (Prop_lut2_I1_O)        0.124   135.604 r  dut/core1/execute_unit/u_fpu/u_divider/i__carry_i_4__6/O
                         net (fo=1, routed)           0.000   135.604    dut/core1/execute_unit/u_fpu/u_divider/i__carry_i_4__6_n_0
    SLICE_X87Y110        CARRY4 (Prop_carry4_S[0]_CO[3])
                                                      0.532   136.136 r  dut/core1/execute_unit/u_fpu/u_divider/exp_norm0_inferred__7/i__carry/CO[3]
                         net (fo=1, routed)           0.000   136.136    dut/core1/execute_unit/u_fpu/u_divider/exp_norm0_inferred__7/i__carry_n_0
    SLICE_X87Y111        CARRY4 (Prop_carry4_CI_O[3])
                                                      0.313   136.449 f  dut/core1/execute_unit/u_fpu/u_divider/exp_norm0_inferred__7/i__carry__0/O[3]
                         net (fo=3, routed)           1.252   137.701    dut/core1/execute_unit/u_fpu/u_divider/exp_norm0_inferred__7/i__carry__0_n_4
    SLICE_X88Y113        LUT6 (Prop_lut6_I2_O)        0.306   138.007 f  dut/core1/execute_unit/u_fpu/u_divider/i__carry_i_10__16/O
                         net (fo=1, routed)           0.279   138.286    dut/core1/execute_unit/u_fpu/u_divider/i__carry_i_10__16_n_0
    SLICE_X88Y113        LUT6 (Prop_lut6_I1_O)        0.124   138.410 r  dut/core1/execute_unit/u_fpu/u_divider/i__carry_i_8__16/O
                         net (fo=2, routed)           0.656   139.066    dut/core1/execute_unit/u_fpu/u_divider/i__carry_i_8__16_n_0
    SLICE_X89Y113        LUT4 (Prop_lut4_I3_O)        0.124   139.190 r  dut/core1/execute_unit/u_fpu/u_divider/i__carry_i_5__12/O
                         net (fo=29, routed)          0.648   139.838    dut/core1/execute_unit/u_fpu/u_divider/i__carry_i_5__12_n_0
    SLICE_X87Y113        LUT2 (Prop_lut2_I1_O)        0.124   139.962 r  dut/core1/execute_unit/u_fpu/u_divider/i__carry_i_4__7/O
                         net (fo=1, routed)           0.000   139.962    dut/core1/execute_unit/u_fpu/u_divider/i__carry_i_4__7_n_0
    SLICE_X87Y113        CARRY4 (Prop_carry4_S[0]_CO[3])
                                                      0.532   140.494 r  dut/core1/execute_unit/u_fpu/u_divider/exp_norm0_inferred__8/i__carry/CO[3]
                         net (fo=1, routed)           0.000   140.494    dut/core1/execute_unit/u_fpu/u_divider/exp_norm0_inferred__8/i__carry_n_0
    SLICE_X87Y114        CARRY4 (Prop_carry4_CI_O[0])
                                                      0.222   140.716 f  dut/core1/execute_unit/u_fpu/u_divider/exp_norm0_inferred__8/i__carry__0/O[0]
                         net (fo=3, routed)           0.816   141.531    dut/core1/execute_unit/u_fpu/u_divider/exp_norm0_inferred__8/i__carry__0_n_7
    SLICE_X86Y115        LUT6 (Prop_lut6_I4_O)        0.299   141.830 f  dut/core1/execute_unit/u_fpu/u_divider/i__carry_i_9__10/O
                         net (fo=1, routed)           0.162   141.992    dut/core1/execute_unit/u_fpu/u_divider/i__carry_i_9__10_n_0
    SLICE_X86Y115        LUT6 (Prop_lut6_I1_O)        0.124   142.116 r  dut/core1/execute_unit/u_fpu/u_divider/i__carry_i_7__16/O
                         net (fo=3, routed)           0.721   142.838    dut/core1/execute_unit/u_fpu/u_divider/i__carry_i_7__16_n_0
    SLICE_X89Y113        LUT6 (Prop_lut6_I5_O)        0.124   142.962 r  dut/core1/execute_unit/u_fpu/u_divider/i__carry_i_5__11/O
                         net (fo=26, routed)          0.330   143.292    dut/core1/execute_unit/u_fpu/u_divider/i__carry_i_5__11_n_0
    SLICE_X85Y113        LUT2 (Prop_lut2_I1_O)        0.124   143.416 r  dut/core1/execute_unit/u_fpu/u_divider/i__carry_i_4__8/O
                         net (fo=1, routed)           0.000   143.416    dut/core1/execute_unit/u_fpu/u_divider/i__carry_i_4__8_n_0
    SLICE_X85Y113        CARRY4 (Prop_carry4_S[0]_CO[3])
                                                      0.532   143.948 r  dut/core1/execute_unit/u_fpu/u_divider/exp_norm0_inferred__9/i__carry/CO[3]
                         net (fo=1, routed)           0.000   143.948    dut/core1/execute_unit/u_fpu/u_divider/exp_norm0_inferred__9/i__carry_n_0
    SLICE_X85Y114        CARRY4 (Prop_carry4_CI_O[1])
                                                      0.334   144.282 f  dut/core1/execute_unit/u_fpu/u_divider/exp_norm0_inferred__9/i__carry__0/O[1]
                         net (fo=3, routed)           1.043   145.324    dut/core1/execute_unit/u_fpu/u_divider/exp_norm0_inferred__9/i__carry__0_n_6
    SLICE_X84Y114        LUT6 (Prop_lut6_I0_O)        0.303   145.627 f  dut/core1/execute_unit/u_fpu/u_divider/i__carry_i_11__14/O
                         net (fo=1, routed)           0.847   146.475    dut/core1/execute_unit/u_fpu/u_divider/i__carry_i_11__14_n_0
    SLICE_X86Y115        LUT6 (Prop_lut6_I1_O)        0.124   146.599 r  dut/core1/execute_unit/u_fpu/u_divider/i__carry_i_9__11/O
                         net (fo=1, routed)           1.162   147.761    dut/core1/execute_unit/u_fpu/u_divider/i__carry_i_9__11_n_0
    SLICE_X89Y113        LUT6 (Prop_lut6_I5_O)        0.124   147.885 r  dut/core1/execute_unit/u_fpu/u_divider/i__carry_i_5__10/O
                         net (fo=30, routed)          0.596   148.481    dut/core1/execute_unit/u_fpu/u_divider/i__carry_i_5__10_n_0
    SLICE_X88Y114        LUT2 (Prop_lut2_I1_O)        0.124   148.605 r  dut/core1/execute_unit/u_fpu/u_divider/i__carry_i_4__9/O
                         net (fo=1, routed)           0.000   148.605    dut/core1/execute_unit/u_fpu/u_divider/i__carry_i_4__9_n_0
    SLICE_X88Y114        CARRY4 (Prop_carry4_S[0]_CO[3])
                                                      0.532   149.137 r  dut/core1/execute_unit/u_fpu/u_divider/exp_norm0_inferred__10/i__carry/CO[3]
                         net (fo=1, routed)           0.000   149.137    dut/core1/execute_unit/u_fpu/u_divider/exp_norm0_inferred__10/i__carry_n_0
    SLICE_X88Y115        CARRY4 (Prop_carry4_CI_O[1])
                                                      0.334   149.471 f  dut/core1/execute_unit/u_fpu/u_divider/exp_norm0_inferred__10/i__carry__0/O[1]
                         net (fo=3, routed)           1.023   150.494    dut/core1/execute_unit/u_fpu/u_divider/exp_norm0_inferred__10/i__carry__0_n_6
    SLICE_X86Y115        LUT6 (Prop_lut6_I0_O)        0.303   150.797 f  dut/core1/execute_unit/u_fpu/u_divider/i__carry_i_10__17/O
                         net (fo=1, routed)           0.516   151.312    dut/core1/execute_unit/u_fpu/u_divider/i__carry_i_10__17_n_0
    SLICE_X86Y116        LUT6 (Prop_lut6_I1_O)        0.124   151.436 r  dut/core1/execute_unit/u_fpu/u_divider/i__carry_i_8__17/O
                         net (fo=4, routed)           0.829   152.266    dut/core1/execute_unit/u_fpu/u_divider/i__carry_i_8__17_n_0
    SLICE_X87Y116        LUT4 (Prop_lut4_I3_O)        0.124   152.390 r  dut/core1/execute_unit/u_fpu/u_divider/i__carry_i_5__9/O
                         net (fo=27, routed)          0.948   153.338    dut/core1/execute_unit/u_fpu/u_divider/i__carry_i_5__9_n_0
    SLICE_X89Y114        LUT2 (Prop_lut2_I1_O)        0.124   153.462 r  dut/core1/execute_unit/u_fpu/u_divider/i__carry_i_4__10/O
                         net (fo=1, routed)           0.000   153.462    dut/core1/execute_unit/u_fpu/u_divider/i__carry_i_4__10_n_0
    SLICE_X89Y114        CARRY4 (Prop_carry4_S[0]_CO[3])
                                                      0.532   153.994 r  dut/core1/execute_unit/u_fpu/u_divider/exp_norm0_inferred__11/i__carry/CO[3]
                         net (fo=1, routed)           0.000   153.994    dut/core1/execute_unit/u_fpu/u_divider/exp_norm0_inferred__11/i__carry_n_0
    SLICE_X89Y115        CARRY4 (Prop_carry4_CI_O[2])
                                                      0.239   154.233 f  dut/core1/execute_unit/u_fpu/u_divider/exp_norm0_inferred__11/i__carry__0/O[2]
                         net (fo=3, routed)           1.090   155.322    dut/core1/execute_unit/u_fpu/u_divider/exp_norm0_inferred__11/i__carry__0_n_5
    SLICE_X87Y116        LUT6 (Prop_lut6_I2_O)        0.302   155.624 f  dut/core1/execute_unit/u_fpu/u_divider/i__carry_i_9__12/O
                         net (fo=1, routed)           0.263   155.887    dut/core1/execute_unit/u_fpu/u_divider/i__carry_i_9__12_n_0
    SLICE_X87Y116        LUT6 (Prop_lut6_I1_O)        0.124   156.011 r  dut/core1/execute_unit/u_fpu/u_divider/i__carry_i_7__17/O
                         net (fo=1, routed)           0.473   156.484    dut/core1/execute_unit/u_fpu/u_divider/i__carry_i_7__17_n_0
    SLICE_X87Y116        LUT6 (Prop_lut6_I5_O)        0.124   156.608 r  dut/core1/execute_unit/u_fpu/u_divider/i__carry_i_5__8/O
                         net (fo=28, routed)          0.587   157.196    dut/core1/execute_unit/u_fpu/u_divider/i__carry_i_5__8_n_0
    SLICE_X89Y117        LUT2 (Prop_lut2_I1_O)        0.124   157.320 r  dut/core1/execute_unit/u_fpu/u_divider/i__carry_i_4__11/O
                         net (fo=1, routed)           0.000   157.320    dut/core1/execute_unit/u_fpu/u_divider/i__carry_i_4__11_n_0
    SLICE_X89Y117        CARRY4 (Prop_carry4_S[0]_CO[3])
                                                      0.532   157.852 r  dut/core1/execute_unit/u_fpu/u_divider/exp_norm0_inferred__12/i__carry/CO[3]
                         net (fo=1, routed)           0.000   157.852    dut/core1/execute_unit/u_fpu/u_divider/exp_norm0_inferred__12/i__carry_n_0
    SLICE_X89Y118        CARRY4 (Prop_carry4_CI_O[1])
                                                      0.334   158.186 f  dut/core1/execute_unit/u_fpu/u_divider/exp_norm0_inferred__12/i__carry__0/O[1]
                         net (fo=3, routed)           0.828   159.014    dut/core1/execute_unit/u_fpu/u_divider/exp_norm0_inferred__12/i__carry__0_n_6
    SLICE_X88Y117        LUT6 (Prop_lut6_I0_O)        0.303   159.317 f  dut/core1/execute_unit/u_fpu/u_divider/i__carry_i_11__15/O
                         net (fo=1, routed)           0.161   159.478    dut/core1/execute_unit/u_fpu/u_divider/i__carry_i_11__15_n_0
    SLICE_X88Y117        LUT6 (Prop_lut6_I1_O)        0.124   159.602 r  dut/core1/execute_unit/u_fpu/u_divider/i__carry_i_9__13/O
                         net (fo=4, routed)           0.563   160.165    dut/core1/execute_unit/u_fpu/u_divider/i__carry_i_9__13_n_0
    SLICE_X90Y116        LUT6 (Prop_lut6_I5_O)        0.124   160.289 r  dut/core1/execute_unit/u_fpu/u_divider/i__carry_i_5__7/O
                         net (fo=27, routed)          0.686   160.974    dut/core1/execute_unit/u_fpu/u_divider/i__carry_i_5__7_n_0
    SLICE_X88Y118        LUT2 (Prop_lut2_I1_O)        0.124   161.098 r  dut/core1/execute_unit/u_fpu/u_divider/i__carry_i_4__12/O
                         net (fo=1, routed)           0.000   161.098    dut/core1/execute_unit/u_fpu/u_divider/i__carry_i_4__12_n_0
    SLICE_X88Y118        CARRY4 (Prop_carry4_S[0]_CO[3])
                                                      0.532   161.630 r  dut/core1/execute_unit/u_fpu/u_divider/exp_norm0_inferred__13/i__carry/CO[3]
                         net (fo=1, routed)           0.000   161.630    dut/core1/execute_unit/u_fpu/u_divider/exp_norm0_inferred__13/i__carry_n_0
    SLICE_X88Y119        CARRY4 (Prop_carry4_CI_O[2])
                                                      0.239   161.869 f  dut/core1/execute_unit/u_fpu/u_divider/exp_norm0_inferred__13/i__carry__0/O[2]
                         net (fo=3, routed)           1.126   162.995    dut/core1/execute_unit/u_fpu/u_divider/exp_norm0_inferred__13/i__carry__0_n_5
    SLICE_X88Y121        LUT6 (Prop_lut6_I1_O)        0.302   163.297 f  dut/core1/execute_unit/u_fpu/u_divider/i__carry_i_10__18/O
                         net (fo=1, routed)           0.158   163.455    dut/core1/execute_unit/u_fpu/u_divider/i__carry_i_10__18_n_0
    SLICE_X88Y121        LUT6 (Prop_lut6_I1_O)        0.124   163.579 r  dut/core1/execute_unit/u_fpu/u_divider/i__carry_i_8__18/O
                         net (fo=2, routed)           1.137   164.717    dut/core1/execute_unit/u_fpu/u_divider/i__carry_i_8__18_n_0
    SLICE_X88Y117        LUT4 (Prop_lut4_I3_O)        0.124   164.841 r  dut/core1/execute_unit/u_fpu/u_divider/i__carry_i_5__6/O
                         net (fo=29, routed)          0.729   165.569    dut/core1/execute_unit/u_fpu/u_divider/i__carry_i_5__6_n_0
    SLICE_X87Y119        LUT2 (Prop_lut2_I1_O)        0.124   165.693 r  dut/core1/execute_unit/u_fpu/u_divider/i__carry_i_4__13/O
                         net (fo=1, routed)           0.000   165.693    dut/core1/execute_unit/u_fpu/u_divider/i__carry_i_4__13_n_0
    SLICE_X87Y119        CARRY4 (Prop_carry4_S[0]_CO[3])
                                                      0.532   166.225 r  dut/core1/execute_unit/u_fpu/u_divider/exp_norm0_inferred__14/i__carry/CO[3]
                         net (fo=1, routed)           0.000   166.225    dut/core1/execute_unit/u_fpu/u_divider/exp_norm0_inferred__14/i__carry_n_0
    SLICE_X87Y120        CARRY4 (Prop_carry4_CI_O[3])
                                                      0.313   166.538 f  dut/core1/execute_unit/u_fpu/u_divider/exp_norm0_inferred__14/i__carry__0/O[3]
                         net (fo=3, routed)           0.970   167.508    dut/core1/execute_unit/u_fpu/u_divider/exp_norm0_inferred__14/i__carry__0_n_4
    SLICE_X88Y121        LUT6 (Prop_lut6_I2_O)        0.306   167.814 f  dut/core1/execute_unit/u_fpu/u_divider/i__carry_i_9__14/O
                         net (fo=1, routed)           0.580   168.395    dut/core1/execute_unit/u_fpu/u_divider/i__carry_i_9__14_n_0
    SLICE_X87Y122        LUT6 (Prop_lut6_I1_O)        0.124   168.519 r  dut/core1/execute_unit/u_fpu/u_divider/i__carry_i_7__18/O
                         net (fo=3, routed)           1.049   169.568    dut/core1/execute_unit/u_fpu/u_divider/i__carry_i_7__18_n_0
    SLICE_X88Y117        LUT6 (Prop_lut6_I5_O)        0.124   169.692 r  dut/core1/execute_unit/u_fpu/u_divider/i__carry_i_5__5/O
                         net (fo=26, routed)          1.457   171.148    dut/core1/execute_unit/u_fpu/u_divider/i__carry_i_5__5_n_0
    SLICE_X86Y121        LUT2 (Prop_lut2_I1_O)        0.124   171.272 r  dut/core1/execute_unit/u_fpu/u_divider/i__carry_i_4__14/O
                         net (fo=1, routed)           0.000   171.272    dut/core1/execute_unit/u_fpu/u_divider/i__carry_i_4__14_n_0
    SLICE_X86Y121        CARRY4 (Prop_carry4_S[0]_CO[3])
                                                      0.513   171.785 r  dut/core1/execute_unit/u_fpu/u_divider/exp_norm0_inferred__15/i__carry/CO[3]
                         net (fo=1, routed)           0.000   171.785    dut/core1/execute_unit/u_fpu/u_divider/exp_norm0_inferred__15/i__carry_n_0
    SLICE_X86Y122        CARRY4 (Prop_carry4_CI_CO[3])
                                                      0.117   171.902 r  dut/core1/execute_unit/u_fpu/u_divider/exp_norm0_inferred__15/i__carry__0/CO[3]
                         net (fo=1, routed)           0.000   171.902    dut/core1/execute_unit/u_fpu/u_divider/exp_norm0_inferred__15/i__carry__0_n_0
    SLICE_X86Y123        CARRY4 (Prop_carry4_CI_O[0])
                                                      0.219   172.121 f  dut/core1/execute_unit/u_fpu/u_divider/exp_norm0_inferred__15/i__carry__1/O[0]
                         net (fo=3, routed)           0.986   173.107    dut/core1/execute_unit/u_fpu/u_divider/exp_norm0_inferred__15/i__carry__1_n_7
    SLICE_X85Y122        LUT6 (Prop_lut6_I1_O)        0.295   173.402 f  dut/core1/execute_unit/u_fpu/u_divider/i__carry_i_11__16/O
                         net (fo=1, routed)           0.264   173.667    dut/core1/execute_unit/u_fpu/u_divider/i__carry_i_11__16_n_0
    SLICE_X85Y122        LUT6 (Prop_lut6_I1_O)        0.124   173.791 r  dut/core1/execute_unit/u_fpu/u_divider/i__carry_i_9__15/O
                         net (fo=4, routed)           0.823   174.614    dut/core1/execute_unit/u_fpu/u_divider/i__carry_i_9__15_n_0
    SLICE_X89Y122        LUT6 (Prop_lut6_I5_O)        0.124   174.738 r  dut/core1/execute_unit/u_fpu/u_divider/i__carry_i_5__4/O
                         net (fo=28, routed)          0.838   175.576    dut/core1/execute_unit/u_fpu/u_divider/i__carry_i_5__4_n_0
    SLICE_X84Y121        LUT2 (Prop_lut2_I1_O)        0.124   175.700 r  dut/core1/execute_unit/u_fpu/u_divider/i__carry_i_4__15/O
                         net (fo=1, routed)           0.000   175.700    dut/core1/execute_unit/u_fpu/u_divider/i__carry_i_4__15_n_0
    SLICE_X84Y121        CARRY4 (Prop_carry4_S[0]_CO[3])
                                                      0.532   176.232 r  dut/core1/execute_unit/u_fpu/u_divider/exp_norm0_inferred__16/i__carry/CO[3]
                         net (fo=1, routed)           0.000   176.232    dut/core1/execute_unit/u_fpu/u_divider/exp_norm0_inferred__16/i__carry_n_0
    SLICE_X84Y122        CARRY4 (Prop_carry4_CI_O[3])
                                                      0.313   176.545 f  dut/core1/execute_unit/u_fpu/u_divider/exp_norm0_inferred__16/i__carry__0/O[3]
                         net (fo=3, routed)           0.835   177.380    dut/core1/execute_unit/u_fpu/u_divider/exp_norm0_inferred__16/i__carry__0_n_4
    SLICE_X87Y122        LUT6 (Prop_lut6_I2_O)        0.306   177.686 f  dut/core1/execute_unit/u_fpu/u_divider/i__carry_i_10__19/O
                         net (fo=1, routed)           0.154   177.840    dut/core1/execute_unit/u_fpu/u_divider/i__carry_i_10__19_n_0
    SLICE_X87Y122        LUT6 (Prop_lut6_I1_O)        0.124   177.964 r  dut/core1/execute_unit/u_fpu/u_divider/i__carry_i_8__19/O
                         net (fo=4, routed)           0.625   178.589    dut/core1/execute_unit/u_fpu/u_divider/i__carry_i_8__19_n_0
    SLICE_X88Y122        LUT4 (Prop_lut4_I3_O)        0.124   178.713 r  dut/core1/execute_unit/u_fpu/u_divider/i__carry_i_5__3/O
                         net (fo=28, routed)          1.818   180.531    dut/core1/execute_unit/u_fpu/u_divider/i__carry_i_5__3_n_0
    SLICE_X86Y118        LUT2 (Prop_lut2_I1_O)        0.124   180.655 r  dut/core1/execute_unit/u_fpu/u_divider/i__carry_i_4__16/O
                         net (fo=1, routed)           0.000   180.655    dut/core1/execute_unit/u_fpu/u_divider/i__carry_i_4__16_n_0
    SLICE_X86Y118        CARRY4 (Prop_carry4_S[0]_CO[3])
                                                      0.513   181.168 r  dut/core1/execute_unit/u_fpu/u_divider/exp_norm0_inferred__17/i__carry/CO[3]
                         net (fo=1, routed)           0.000   181.168    dut/core1/execute_unit/u_fpu/u_divider/exp_norm0_inferred__17/i__carry_n_0
    SLICE_X86Y119        CARRY4 (Prop_carry4_CI_O[2])
                                                      0.239   181.407 f  dut/core1/execute_unit/u_fpu/u_divider/exp_norm0_inferred__17/i__carry__0/O[2]
                         net (fo=3, routed)           0.820   182.228    dut/core1/execute_unit/u_fpu/u_divider/exp_norm0_inferred__17/i__carry__0_n_5
    SLICE_X87Y118        LUT6 (Prop_lut6_I1_O)        0.301   182.529 f  dut/core1/execute_unit/u_fpu/u_divider/i__carry_i_9__16/O
                         net (fo=1, routed)           0.877   183.405    dut/core1/execute_unit/u_fpu/u_divider/i__carry_i_9__16_n_0
    SLICE_X87Y118        LUT6 (Prop_lut6_I1_O)        0.124   183.529 r  dut/core1/execute_unit/u_fpu/u_divider/i__carry_i_7__19/O
                         net (fo=3, routed)           1.402   184.932    dut/core1/execute_unit/u_fpu/u_divider/i__carry_i_7__19_n_0
    SLICE_X88Y122        LUT6 (Prop_lut6_I5_O)        0.124   185.056 r  dut/core1/execute_unit/u_fpu/u_divider/i__carry_i_5__2/O
                         net (fo=26, routed)          0.536   185.591    dut/core1/execute_unit/u_fpu/u_divider/i__carry_i_5__2_n_0
    SLICE_X84Y117        LUT2 (Prop_lut2_I1_O)        0.124   185.715 r  dut/core1/execute_unit/u_fpu/u_divider/i__carry_i_4__17/O
                         net (fo=1, routed)           0.000   185.715    dut/core1/execute_unit/u_fpu/u_divider/i__carry_i_4__17_n_0
    SLICE_X84Y117        CARRY4 (Prop_carry4_S[0]_CO[3])
                                                      0.532   186.247 r  dut/core1/execute_unit/u_fpu/u_divider/exp_norm0_inferred__18/i__carry/CO[3]
                         net (fo=1, routed)           0.000   186.247    dut/core1/execute_unit/u_fpu/u_divider/exp_norm0_inferred__18/i__carry_n_0
    SLICE_X84Y118        CARRY4 (Prop_carry4_CI_CO[3])
                                                      0.114   186.361 r  dut/core1/execute_unit/u_fpu/u_divider/exp_norm0_inferred__18/i__carry__0/CO[3]
                         net (fo=1, routed)           0.000   186.361    dut/core1/execute_unit/u_fpu/u_divider/exp_norm0_inferred__18/i__carry__0_n_0
    SLICE_X84Y119        CARRY4 (Prop_carry4_CI_O[1])
                                                      0.334   186.695 f  dut/core1/execute_unit/u_fpu/u_divider/exp_norm0_inferred__18/i__carry__1/O[1]
                         net (fo=3, routed)           1.175   187.870    dut/core1/execute_unit/u_fpu/u_divider/exp_norm0_inferred__18/i__carry__1_n_6
    SLICE_X81Y117        LUT6 (Prop_lut6_I3_O)        0.303   188.173 r  dut/core1/execute_unit/u_fpu/u_divider/i__carry_i_9__17/O
                         net (fo=5, routed)           1.248   189.421    dut/core1/execute_unit/u_fpu/u_divider/i__carry_i_9__17_n_0
    SLICE_X88Y122        LUT6 (Prop_lut6_I5_O)        0.124   189.545 r  dut/core1/execute_unit/u_fpu/u_divider/i__carry_i_5__1/O
                         net (fo=26, routed)          1.988   191.533    dut/core1/execute_unit/u_fpu/u_divider/i__carry_i_5__1_n_0
    SLICE_X67Y112        LUT2 (Prop_lut2_I1_O)        0.124   191.657 r  dut/core1/execute_unit/u_fpu/u_divider/i__carry_i_4__18/O
                         net (fo=1, routed)           0.000   191.657    dut/core1/execute_unit/u_fpu/u_divider/i__carry_i_4__18_n_0
    SLICE_X67Y112        CARRY4 (Prop_carry4_S[0]_O[3])
                                                      0.606   192.263 f  dut/core1/execute_unit/u_fpu/u_divider/exp_norm0_inferred__19/i__carry/O[3]
                         net (fo=3, routed)           1.308   193.571    dut/core1/execute_unit/u_fpu/u_divider/exp_norm0_inferred__19/i__carry_n_4
    SLICE_X81Y115        LUT6 (Prop_lut6_I3_O)        0.306   193.877 f  dut/core1/execute_unit/u_fpu/u_divider/i__carry_i_9__18/O
                         net (fo=1, routed)           0.633   194.510    dut/core1/execute_unit/u_fpu/u_divider/i__carry_i_9__18_n_0
    SLICE_X81Y116        LUT6 (Prop_lut6_I1_O)        0.124   194.634 r  dut/core1/execute_unit/u_fpu/u_divider/i__carry_i_6__20/O
                         net (fo=6, routed)           0.788   195.421    dut/core1/execute_unit/u_fpu/u_divider/i__carry_i_6__20_n_0
    SLICE_X81Y121        LUT4 (Prop_lut4_I0_O)        0.124   195.545 r  dut/core1/execute_unit/u_fpu/u_divider/i__carry_i_5__0/O
                         net (fo=24, routed)          1.790   197.335    dut/core1/execute_unit/u_fpu/u_divider/i__carry_i_5__0_n_0
    SLICE_X80Y115        LUT2 (Prop_lut2_I1_O)        0.124   197.459 r  dut/core1/execute_unit/u_fpu/u_divider/i__carry_i_4__19/O
                         net (fo=1, routed)           0.000   197.459    dut/core1/execute_unit/u_fpu/u_divider/i__carry_i_4__19_n_0
    SLICE_X80Y115        CARRY4 (Prop_carry4_S[0]_CO[3])
                                                      0.532   197.991 r  dut/core1/execute_unit/u_fpu/u_divider/exp_norm0_inferred__20/i__carry/CO[3]
                         net (fo=1, routed)           0.000   197.991    dut/core1/execute_unit/u_fpu/u_divider/exp_norm0_inferred__20/i__carry_n_0
    SLICE_X80Y116        CARRY4 (Prop_carry4_CI_O[2])
                                                      0.239   198.230 r  dut/core1/execute_unit/u_fpu/u_divider/exp_norm0_inferred__20/i__carry__0/O[2]
                         net (fo=3, routed)           0.974   199.204    dut/core1/execute_unit/u_fpu/u_divider/exp_norm0_inferred__20/i__carry__0_n_5
    SLICE_X81Y115        LUT6 (Prop_lut6_I2_O)        0.302   199.506 r  dut/core1/execute_unit/u_fpu/u_divider/i__carry_i_9__19/O
                         net (fo=1, routed)           0.154   199.661    dut/core1/execute_unit/u_fpu/u_divider/i__carry_i_9__19_n_0
    SLICE_X81Y115        LUT6 (Prop_lut6_I1_O)        0.124   199.785 f  dut/core1/execute_unit/u_fpu/u_divider/i__carry_i_7__20/O
                         net (fo=12, routed)          0.777   200.562    dut/core1/execute_unit/u_fpu/u_divider/i__carry_i_7__20_n_0
    SLICE_X81Y121        LUT2 (Prop_lut2_I1_O)        0.124   200.686 r  dut/core1/execute_unit/u_fpu/u_divider/i__carry_i_5/O
                         net (fo=24, routed)          1.004   201.690    dut/core1/execute_unit/u_fpu/u_divider/i__carry_i_5_n_0
    SLICE_X67Y109        LUT2 (Prop_lut2_I1_O)        0.124   201.814 r  dut/core1/execute_unit/u_fpu/u_divider/i__carry_i_4__20/O
                         net (fo=1, routed)           0.000   201.814    dut/core1/execute_unit/u_fpu/u_divider/i__carry_i_4__20_n_0
    SLICE_X67Y109        CARRY4 (Prop_carry4_S[0]_CO[3])
                                                      0.532   202.346 r  dut/core1/execute_unit/u_fpu/u_divider/exp_norm0_inferred__21/i__carry/CO[3]
                         net (fo=1, routed)           0.000   202.346    dut/core1/execute_unit/u_fpu/u_divider/exp_norm0_inferred__21/i__carry_n_0
    SLICE_X67Y110        CARRY4 (Prop_carry4_CI_O[0])
                                                      0.222   202.568 f  dut/core1/execute_unit/u_fpu/u_divider/exp_norm0_inferred__21/i__carry__0/O[0]
                         net (fo=4, routed)           0.831   203.399    dut/core1/execute_unit/u_fpu/u_divider/exp_norm0_inferred__21/i__carry__0_n_7
    SLICE_X63Y110        LUT6 (Prop_lut6_I0_O)        0.299   203.698 r  dut/core1/execute_unit/u_fpu/u_divider/out_res[30]_i_10/O
                         net (fo=8, routed)           0.599   204.297    dut/core1/execute_unit/u_fpu/u_divider/out_res[30]_i_10_n_0
    SLICE_X62Y112        LUT6 (Prop_lut6_I3_O)        0.124   204.421 r  dut/core1/execute_unit/u_fpu/u_divider/out_res[30]_i_21/O
                         net (fo=9, routed)           1.334   205.755    dut/core1/execute_unit/u_fpu/u_divider/out_res[30]_i_21_n_0
    SLICE_X80Y121        LUT6 (Prop_lut6_I5_O)        0.124   205.879 r  dut/core1/execute_unit/u_fpu/u_divider/out_res[30]_i_9/O
                         net (fo=33, routed)          2.445   208.323    dut/core1/execute_unit/u_fpu/u_divider/out_res[30]_i_9_n_0
    SLICE_X59Y106        LUT6 (Prop_lut6_I2_O)        0.124   208.447 r  dut/core1/execute_unit/u_fpu/u_divider/out_res[29]_i_5/O
                         net (fo=3, routed)           0.998   209.445    dut/core1/execute_unit/u_fpu/u_divider/out_res[29]_i_5_n_0
    SLICE_X59Y108        LUT6 (Prop_lut6_I5_O)        0.124   209.569 f  dut/core1/execute_unit/u_fpu/u_divider/out_res[21]_i_2/O
                         net (fo=22, routed)          2.410   211.979    dut/core1/execute_unit/u_fpu/u_divider/out_res[21]_i_2_n_0
    SLICE_X49Y118        LUT6 (Prop_lut6_I0_O)        0.124   212.103 r  dut/core1/execute_unit/u_fpu/u_divider/out_res[20]_i_1/O
                         net (fo=1, routed)           0.000   212.103    dut/core1/execute_unit/u_fpu/u_divider/out_res[20]_i_1_n_0
    SLICE_X49Y118        FDCE                                         r  dut/core1/execute_unit/u_fpu/u_divider/out_res_reg[20]/D
  -------------------------------------------------------------------    -------------------

Slack:                    inf
  Source:                 dut/core1/ex_mem/RD_F_M_reg[1]/C
                            (rising edge-triggered cell FDRE)
  Destination:            dut/core1/execute_unit/u_fpu/u_divider/out_res_reg[11]/D
  Path Group:             (none)
  Path Type:              Max at Slow Process Corner
  Data Path Delay:        211.913ns  (logic 72.919ns (34.410%)  route 138.994ns (65.590%))
  Logic Levels:           338  (CARRY4=217 FDRE=1 LUT2=23 LUT3=23 LUT4=7 LUT5=4 LUT6=63)

    Location             Delay type                Incr(ns)  Path(ns)    Netlist Resource(s)
  -------------------------------------------------------------------    -------------------
    SLICE_X52Y80         FDRE                         0.000     0.000 r  dut/core1/ex_mem/RD_F_M_reg[1]/C
    SLICE_X52Y80         FDRE (Prop_fdre_C_Q)         0.456     0.456 f  dut/core1/ex_mem/RD_F_M_reg[1]/Q
                         net (fo=9, routed)           2.131     2.587    dut/core1/ex_mem/RD_F_M[1]
    SLICE_X39Y81         LUT6 (Prop_lut6_I0_O)        0.124     2.711 f  dut/core1/ex_mem/A_r[31]_i_13/O
                         net (fo=2, routed)           0.636     3.347    dut/core1/ex_mem/A_r[31]_i_13_n_0
    SLICE_X37Y81         LUT6 (Prop_lut6_I0_O)        0.124     3.471 f  dut/core1/ex_mem/A_r[31]_i_8/O
                         net (fo=65, routed)          0.841     4.312    dut/core1/id_ex/A_r_reg[31][0]
    SLICE_X37Y80         LUT3 (Prop_lut3_I2_O)        0.124     4.436 r  dut/core1/id_ex/A_r[31]_i_7/O
                         net (fo=64, routed)          1.682     6.118    dut/core1/id_ex/ForwardAE[0]
    SLICE_X45Y82         LUT5 (Prop_lut5_I1_O)        0.124     6.242 r  dut/core1/id_ex/forward_a_mux/A_r[26]_i_3/O
                         net (fo=8, routed)           3.358     9.600    dut/core1/id_ex/execute_unit/SrcA_Forwarded[26]
    SLICE_X81Y118        LUT3 (Prop_lut3_I2_O)        0.124     9.724 r  dut/core1/id_ex/A_r[26]_i_1/O
                         net (fo=82, routed)          4.034    13.758    dut/core1/id_ex/FPU_RS1_Input[26]
    SLICE_X64Y124        LUT5 (Prop_lut5_I1_O)        0.124    13.882 r  dut/core1/id_ex/out_res[31]_i_3/O
                         net (fo=4, routed)           1.403    15.285    dut/core1/mem_wb/exp_norm20_in[0]
    SLICE_X56Y133        LUT2 (Prop_lut2_I1_O)        0.124    15.409 r  dut/core1/mem_wb/out_res[30]_i_687/O
                         net (fo=1, routed)           0.000    15.409    dut/core1/mem_wb_n_58
    SLICE_X56Y133        CARRY4 (Prop_carry4_S[0]_CO[3])
                                                      0.532    15.941 r  dut/core1/u_divider/out_res_reg[30]_i_633/CO[3]
                         net (fo=1, routed)           0.000    15.941    dut/core1/u_divider/out_res_reg[30]_i_633_n_0
    SLICE_X56Y134        CARRY4 (Prop_carry4_CI_CO[3])
                                                      0.114    16.055 r  dut/core1/u_divider/out_res_reg[30]_i_628/CO[3]
                         net (fo=1, routed)           0.000    16.055    dut/core1/u_divider/out_res_reg[30]_i_628_n_0
    SLICE_X56Y135        CARRY4 (Prop_carry4_CI_CO[3])
                                                      0.114    16.169 r  dut/core1/u_divider/out_res_reg[30]_i_623/CO[3]
                         net (fo=1, routed)           0.000    16.169    dut/core1/u_divider/out_res_reg[30]_i_623_n_0
    SLICE_X56Y136        CARRY4 (Prop_carry4_CI_CO[3])
                                                      0.114    16.283 r  dut/core1/u_divider/out_res_reg[30]_i_618/CO[3]
                         net (fo=1, routed)           0.000    16.283    dut/core1/u_divider/out_res_reg[30]_i_618_n_0
    SLICE_X56Y137        CARRY4 (Prop_carry4_CI_CO[3])
                                                      0.114    16.397 r  dut/core1/u_divider/out_res_reg[30]_i_613/CO[3]
                         net (fo=1, routed)           0.000    16.397    dut/core1/u_divider/out_res_reg[30]_i_613_n_0
    SLICE_X56Y138        CARRY4 (Prop_carry4_CI_CO[3])
                                                      0.114    16.511 r  dut/core1/u_divider/out_res_reg[30]_i_610/CO[3]
                         net (fo=1, routed)           0.000    16.511    dut/core1/u_divider/out_res_reg[30]_i_610_n_0
    SLICE_X56Y139        CARRY4 (Prop_carry4_CI_CO[0])
                                                      0.271    16.782 r  dut/core1/u_divider/out_res_reg[30]_i_609/CO[0]
                         net (fo=27, routed)          2.223    19.005    dut/core1/u_divider/out_res_reg[30]_i_609_n_3
    SLICE_X55Y131        LUT3 (Prop_lut3_I0_O)        0.373    19.378 r  dut/core1/u_divider/out_res[30]_i_640/O
                         net (fo=1, routed)           0.000    19.378    dut/core1/u_divider/out_res[30]_i_640_n_0
    SLICE_X55Y131        CARRY4 (Prop_carry4_S[1]_CO[3])
                                                      0.550    19.928 r  dut/core1/u_divider/out_res_reg[30]_i_601/CO[3]
                         net (fo=1, routed)           0.000    19.928    dut/core1/u_divider/out_res_reg[30]_i_601_n_0
    SLICE_X55Y132        CARRY4 (Prop_carry4_CI_CO[3])
                                                      0.114    20.042 r  dut/core1/u_divider/out_res_reg[30]_i_596/CO[3]
                         net (fo=1, routed)           0.000    20.042    dut/core1/u_divider/out_res_reg[30]_i_596_n_0
    SLICE_X55Y133        CARRY4 (Prop_carry4_CI_CO[3])
                                                      0.114    20.156 r  dut/core1/u_divider/out_res_reg[30]_i_591/CO[3]
                         net (fo=1, routed)           0.000    20.156    dut/core1/u_divider/out_res_reg[30]_i_591_n_0
    SLICE_X55Y134        CARRY4 (Prop_carry4_CI_CO[3])
                                                      0.114    20.270 r  dut/core1/u_divider/out_res_reg[30]_i_586/CO[3]
                         net (fo=1, routed)           0.000    20.270    dut/core1/u_divider/out_res_reg[30]_i_586_n_0
    SLICE_X55Y135        CARRY4 (Prop_carry4_CI_CO[3])
                                                      0.114    20.384 r  dut/core1/u_divider/out_res_reg[30]_i_581/CO[3]
                         net (fo=1, routed)           0.000    20.384    dut/core1/u_divider/out_res_reg[30]_i_581_n_0
    SLICE_X55Y136        CARRY4 (Prop_carry4_CI_CO[3])
                                                      0.114    20.498 r  dut/core1/u_divider/out_res_reg[30]_i_578/CO[3]
                         net (fo=1, routed)           0.000    20.498    dut/core1/u_divider/out_res_reg[30]_i_578_n_0
    SLICE_X55Y137        CARRY4 (Prop_carry4_CI_CO[1])
                                                      0.157    20.655 r  dut/core1/u_divider/out_res_reg[30]_i_577/CO[1]
                         net (fo=27, routed)          2.249    22.904    dut/core1/u_divider/out_res_reg[30]_i_577_n_2
    SLICE_X53Y129        LUT3 (Prop_lut3_I0_O)        0.329    23.233 r  dut/core1/u_divider/out_res[30]_i_608/O
                         net (fo=1, routed)           0.000    23.233    dut/core1/u_divider/out_res[30]_i_608_n_0
    SLICE_X53Y129        CARRY4 (Prop_carry4_S[1]_CO[3])
                                                      0.550    23.783 r  dut/core1/u_divider/out_res_reg[30]_i_569/CO[3]
                         net (fo=1, routed)           0.000    23.783    dut/core1/u_divider/out_res_reg[30]_i_569_n_0
    SLICE_X53Y130        CARRY4 (Prop_carry4_CI_CO[3])
                                                      0.114    23.897 r  dut/core1/u_divider/out_res_reg[30]_i_564/CO[3]
                         net (fo=1, routed)           0.000    23.897    dut/core1/u_divider/out_res_reg[30]_i_564_n_0
    SLICE_X53Y131        CARRY4 (Prop_carry4_CI_CO[3])
                                                      0.114    24.011 r  dut/core1/u_divider/out_res_reg[30]_i_559/CO[3]
                         net (fo=1, routed)           0.000    24.011    dut/core1/u_divider/out_res_reg[30]_i_559_n_0
    SLICE_X53Y132        CARRY4 (Prop_carry4_CI_CO[3])
                                                      0.114    24.125 r  dut/core1/u_divider/out_res_reg[30]_i_554/CO[3]
                         net (fo=1, routed)           0.000    24.125    dut/core1/u_divider/out_res_reg[30]_i_554_n_0
    SLICE_X53Y133        CARRY4 (Prop_carry4_CI_CO[3])
                                                      0.114    24.239 r  dut/core1/u_divider/out_res_reg[30]_i_549/CO[3]
                         net (fo=1, routed)           0.000    24.239    dut/core1/u_divider/out_res_reg[30]_i_549_n_0
    SLICE_X53Y134        CARRY4 (Prop_carry4_CI_CO[3])
                                                      0.114    24.353 r  dut/core1/u_divider/out_res_reg[30]_i_546/CO[3]
                         net (fo=1, routed)           0.000    24.353    dut/core1/u_divider/out_res_reg[30]_i_546_n_0
    SLICE_X53Y135        CARRY4 (Prop_carry4_CI_CO[1])
                                                      0.157    24.510 r  dut/core1/u_divider/out_res_reg[30]_i_545/CO[1]
                         net (fo=27, routed)          1.533    26.043    dut/core1/u_divider/out_res_reg[30]_i_545_n_2
    SLICE_X52Y128        LUT3 (Prop_lut3_I0_O)        0.329    26.372 r  dut/core1/u_divider/out_res[30]_i_576/O
                         net (fo=1, routed)           0.000    26.372    dut/core1/u_divider/out_res[30]_i_576_n_0
    SLICE_X52Y128        CARRY4 (Prop_carry4_S[1]_CO[3])
                                                      0.550    26.922 r  dut/core1/u_divider/out_res_reg[30]_i_537/CO[3]
                         net (fo=1, routed)           0.000    26.922    dut/core1/u_divider/out_res_reg[30]_i_537_n_0
    SLICE_X52Y129        CARRY4 (Prop_carry4_CI_CO[3])
                                                      0.114    27.036 r  dut/core1/u_divider/out_res_reg[30]_i_532/CO[3]
                         net (fo=1, routed)           0.000    27.036    dut/core1/u_divider/out_res_reg[30]_i_532_n_0
    SLICE_X52Y130        CARRY4 (Prop_carry4_CI_CO[3])
                                                      0.114    27.150 r  dut/core1/u_divider/out_res_reg[30]_i_527/CO[3]
                         net (fo=1, routed)           0.000    27.150    dut/core1/u_divider/out_res_reg[30]_i_527_n_0
    SLICE_X52Y131        CARRY4 (Prop_carry4_CI_CO[3])
                                                      0.114    27.264 r  dut/core1/u_divider/out_res_reg[30]_i_522/CO[3]
                         net (fo=1, routed)           0.000    27.264    dut/core1/u_divider/out_res_reg[30]_i_522_n_0
    SLICE_X52Y132        CARRY4 (Prop_carry4_CI_CO[3])
                                                      0.114    27.378 r  dut/core1/u_divider/out_res_reg[30]_i_517/CO[3]
                         net (fo=1, routed)           0.000    27.378    dut/core1/u_divider/out_res_reg[30]_i_517_n_0
    SLICE_X52Y133        CARRY4 (Prop_carry4_CI_CO[3])
                                                      0.114    27.492 r  dut/core1/u_divider/out_res_reg[30]_i_514/CO[3]
                         net (fo=1, routed)           0.000    27.492    dut/core1/u_divider/out_res_reg[30]_i_514_n_0
    SLICE_X52Y134        CARRY4 (Prop_carry4_CI_CO[1])
                                                      0.157    27.649 r  dut/core1/u_divider/out_res_reg[30]_i_513/CO[1]
                         net (fo=27, routed)          1.847    29.496    dut/core1/u_divider/out_res_reg[30]_i_513_n_2
    SLICE_X51Y128        LUT3 (Prop_lut3_I0_O)        0.329    29.825 r  dut/core1/u_divider/out_res[30]_i_544/O
                         net (fo=1, routed)           0.000    29.825    dut/core1/u_divider/out_res[30]_i_544_n_0
    SLICE_X51Y128        CARRY4 (Prop_carry4_S[1]_CO[3])
                                                      0.550    30.375 r  dut/core1/u_divider/out_res_reg[30]_i_505/CO[3]
                         net (fo=1, routed)           0.000    30.375    dut/core1/u_divider/out_res_reg[30]_i_505_n_0
    SLICE_X51Y129        CARRY4 (Prop_carry4_CI_CO[3])
                                                      0.114    30.489 r  dut/core1/u_divider/out_res_reg[30]_i_500/CO[3]
                         net (fo=1, routed)           0.000    30.489    dut/core1/u_divider/out_res_reg[30]_i_500_n_0
    SLICE_X51Y130        CARRY4 (Prop_carry4_CI_CO[3])
                                                      0.114    30.603 r  dut/core1/u_divider/out_res_reg[30]_i_495/CO[3]
                         net (fo=1, routed)           0.000    30.603    dut/core1/u_divider/out_res_reg[30]_i_495_n_0
    SLICE_X51Y131        CARRY4 (Prop_carry4_CI_CO[3])
                                                      0.114    30.717 r  dut/core1/u_divider/out_res_reg[30]_i_490/CO[3]
                         net (fo=1, routed)           0.000    30.717    dut/core1/u_divider/out_res_reg[30]_i_490_n_0
    SLICE_X51Y132        CARRY4 (Prop_carry4_CI_CO[3])
                                                      0.114    30.831 r  dut/core1/u_divider/out_res_reg[30]_i_485/CO[3]
                         net (fo=1, routed)           0.000    30.831    dut/core1/u_divider/out_res_reg[30]_i_485_n_0
    SLICE_X51Y133        CARRY4 (Prop_carry4_CI_CO[3])
                                                      0.114    30.945 r  dut/core1/u_divider/out_res_reg[30]_i_482/CO[3]
                         net (fo=1, routed)           0.000    30.945    dut/core1/u_divider/out_res_reg[30]_i_482_n_0
    SLICE_X51Y134        CARRY4 (Prop_carry4_CI_CO[1])
                                                      0.157    31.102 r  dut/core1/u_divider/out_res_reg[30]_i_481/CO[1]
                         net (fo=27, routed)          1.537    32.639    dut/core1/u_divider/out_res_reg[30]_i_481_n_2
    SLICE_X50Y128        LUT3 (Prop_lut3_I0_O)        0.329    32.968 r  dut/core1/u_divider/out_res[30]_i_511/O
                         net (fo=1, routed)           0.000    32.968    dut/core1/u_divider/out_res[30]_i_511_n_0
    SLICE_X50Y128        CARRY4 (Prop_carry4_S[2]_CO[3])
                                                      0.380    33.348 r  dut/core1/u_divider/out_res_reg[30]_i_473/CO[3]
                         net (fo=1, routed)           0.000    33.348    dut/core1/u_divider/out_res_reg[30]_i_473_n_0
    SLICE_X50Y129        CARRY4 (Prop_carry4_CI_CO[3])
                                                      0.117    33.465 r  dut/core1/u_divider/out_res_reg[30]_i_468/CO[3]
                         net (fo=1, routed)           0.000    33.465    dut/core1/u_divider/out_res_reg[30]_i_468_n_0
    SLICE_X50Y130        CARRY4 (Prop_carry4_CI_CO[3])
                                                      0.117    33.582 r  dut/core1/u_divider/out_res_reg[30]_i_463/CO[3]
                         net (fo=1, routed)           0.000    33.582    dut/core1/u_divider/out_res_reg[30]_i_463_n_0
    SLICE_X50Y131        CARRY4 (Prop_carry4_CI_CO[3])
                                                      0.117    33.699 r  dut/core1/u_divider/out_res_reg[30]_i_458/CO[3]
                         net (fo=1, routed)           0.000    33.699    dut/core1/u_divider/out_res_reg[30]_i_458_n_0
    SLICE_X50Y132        CARRY4 (Prop_carry4_CI_CO[3])
                                                      0.117    33.816 r  dut/core1/u_divider/out_res_reg[30]_i_453/CO[3]
                         net (fo=1, routed)           0.000    33.816    dut/core1/u_divider/out_res_reg[30]_i_453_n_0
    SLICE_X50Y133        CARRY4 (Prop_carry4_CI_CO[3])
                                                      0.117    33.933 r  dut/core1/u_divider/out_res_reg[30]_i_450/CO[3]
                         net (fo=1, routed)           0.000    33.933    dut/core1/u_divider/out_res_reg[30]_i_450_n_0
    SLICE_X50Y134        CARRY4 (Prop_carry4_CI_CO[1])
                                                      0.157    34.090 r  dut/core1/u_divider/out_res_reg[30]_i_449/CO[1]
                         net (fo=27, routed)          2.011    36.102    dut/core1/u_divider/out_res_reg[30]_i_449_n_2
    SLICE_X47Y128        LUT3 (Prop_lut3_I0_O)        0.332    36.434 r  dut/core1/u_divider/out_res[30]_i_478/O
                         net (fo=1, routed)           0.000    36.434    dut/core1/u_divider/out_res[30]_i_478_n_0
    SLICE_X47Y128        CARRY4 (Prop_carry4_S[3]_CO[3])
                                                      0.401    36.835 r  dut/core1/u_divider/out_res_reg[30]_i_441/CO[3]
                         net (fo=1, routed)           0.000    36.835    dut/core1/u_divider/out_res_reg[30]_i_441_n_0
    SLICE_X47Y129        CARRY4 (Prop_carry4_CI_CO[3])
                                                      0.114    36.949 r  dut/core1/u_divider/out_res_reg[30]_i_436/CO[3]
                         net (fo=1, routed)           0.000    36.949    dut/core1/u_divider/out_res_reg[30]_i_436_n_0
    SLICE_X47Y130        CARRY4 (Prop_carry4_CI_CO[3])
                                                      0.114    37.063 r  dut/core1/u_divider/out_res_reg[30]_i_431/CO[3]
                         net (fo=1, routed)           0.000    37.063    dut/core1/u_divider/out_res_reg[30]_i_431_n_0
    SLICE_X47Y131        CARRY4 (Prop_carry4_CI_CO[3])
                                                      0.114    37.177 r  dut/core1/u_divider/out_res_reg[30]_i_426/CO[3]
                         net (fo=1, routed)           0.000    37.177    dut/core1/u_divider/out_res_reg[30]_i_426_n_0
    SLICE_X47Y132        CARRY4 (Prop_carry4_CI_CO[3])
                                                      0.114    37.291 r  dut/core1/u_divider/out_res_reg[30]_i_421/CO[3]
                         net (fo=1, routed)           0.000    37.291    dut/core1/u_divider/out_res_reg[30]_i_421_n_0
    SLICE_X47Y133        CARRY4 (Prop_carry4_CI_CO[3])
                                                      0.114    37.405 r  dut/core1/u_divider/out_res_reg[30]_i_418/CO[3]
                         net (fo=1, routed)           0.000    37.405    dut/core1/u_divider/out_res_reg[30]_i_418_n_0
    SLICE_X47Y134        CARRY4 (Prop_carry4_CI_CO[1])
                                                      0.157    37.562 r  dut/core1/u_divider/out_res_reg[30]_i_417/CO[1]
                         net (fo=27, routed)          1.865    39.427    dut/core1/u_divider/out_res_reg[30]_i_417_n_2
    SLICE_X45Y129        LUT3 (Prop_lut3_I0_O)        0.329    39.756 r  dut/core1/u_divider/out_res[30]_i_446/O
                         net (fo=1, routed)           0.000    39.756    dut/core1/u_divider/out_res[30]_i_446_n_0
    SLICE_X45Y129        CARRY4 (Prop_carry4_S[3]_CO[3])
                                                      0.401    40.157 r  dut/core1/u_divider/out_res_reg[30]_i_409/CO[3]
                         net (fo=1, routed)           0.000    40.157    dut/core1/u_divider/out_res_reg[30]_i_409_n_0
    SLICE_X45Y130        CARRY4 (Prop_carry4_CI_CO[3])
                                                      0.114    40.271 r  dut/core1/u_divider/out_res_reg[30]_i_404/CO[3]
                         net (fo=1, routed)           0.000    40.271    dut/core1/u_divider/out_res_reg[30]_i_404_n_0
    SLICE_X45Y131        CARRY4 (Prop_carry4_CI_CO[3])
                                                      0.114    40.385 r  dut/core1/u_divider/out_res_reg[30]_i_399/CO[3]
                         net (fo=1, routed)           0.000    40.385    dut/core1/u_divider/out_res_reg[30]_i_399_n_0
    SLICE_X45Y132        CARRY4 (Prop_carry4_CI_CO[3])
                                                      0.114    40.499 r  dut/core1/u_divider/out_res_reg[30]_i_394/CO[3]
                         net (fo=1, routed)           0.000    40.499    dut/core1/u_divider/out_res_reg[30]_i_394_n_0
    SLICE_X45Y133        CARRY4 (Prop_carry4_CI_CO[3])
                                                      0.114    40.613 r  dut/core1/u_divider/out_res_reg[30]_i_389/CO[3]
                         net (fo=1, routed)           0.000    40.613    dut/core1/u_divider/out_res_reg[30]_i_389_n_0
    SLICE_X45Y134        CARRY4 (Prop_carry4_CI_CO[3])
                                                      0.114    40.727 r  dut/core1/u_divider/out_res_reg[30]_i_386/CO[3]
                         net (fo=1, routed)           0.000    40.727    dut/core1/u_divider/out_res_reg[30]_i_386_n_0
    SLICE_X45Y135        CARRY4 (Prop_carry4_CI_CO[1])
                                                      0.157    40.884 r  dut/core1/u_divider/out_res_reg[30]_i_385/CO[1]
                         net (fo=27, routed)          2.270    43.155    dut/core1/u_divider/out_res_reg[30]_i_385_n_2
    SLICE_X45Y120        LUT3 (Prop_lut3_I0_O)        0.329    43.484 r  dut/core1/u_divider/out_res[30]_i_416/O
                         net (fo=1, routed)           0.000    43.484    dut/core1/u_divider/out_res[30]_i_416_n_0
    SLICE_X45Y120        CARRY4 (Prop_carry4_S[1]_CO[3])
                                                      0.550    44.034 r  dut/core1/u_divider/out_res_reg[30]_i_377/CO[3]
                         net (fo=1, routed)           0.000    44.034    dut/core1/u_divider/out_res_reg[30]_i_377_n_0
    SLICE_X45Y121        CARRY4 (Prop_carry4_CI_CO[3])
                                                      0.114    44.148 r  dut/core1/u_divider/out_res_reg[30]_i_372/CO[3]
                         net (fo=1, routed)           0.000    44.148    dut/core1/u_divider/out_res_reg[30]_i_372_n_0
    SLICE_X45Y122        CARRY4 (Prop_carry4_CI_CO[3])
                                                      0.114    44.262 r  dut/core1/u_divider/out_res_reg[30]_i_367/CO[3]
                         net (fo=1, routed)           0.000    44.262    dut/core1/u_divider/out_res_reg[30]_i_367_n_0
    SLICE_X45Y123        CARRY4 (Prop_carry4_CI_CO[3])
                                                      0.114    44.376 r  dut/core1/u_divider/out_res_reg[30]_i_362/CO[3]
                         net (fo=1, routed)           0.000    44.376    dut/core1/u_divider/out_res_reg[30]_i_362_n_0
    SLICE_X45Y124        CARRY4 (Prop_carry4_CI_CO[3])
                                                      0.114    44.490 r  dut/core1/u_divider/out_res_reg[30]_i_357/CO[3]
                         net (fo=1, routed)           0.009    44.499    dut/core1/u_divider/out_res_reg[30]_i_357_n_0
    SLICE_X45Y125        CARRY4 (Prop_carry4_CI_CO[3])
                                                      0.114    44.613 r  dut/core1/u_divider/out_res_reg[30]_i_354/CO[3]
                         net (fo=1, routed)           0.000    44.613    dut/core1/u_divider/out_res_reg[30]_i_354_n_0
    SLICE_X45Y126        CARRY4 (Prop_carry4_CI_CO[1])
                                                      0.157    44.770 r  dut/core1/u_divider/out_res_reg[30]_i_353/CO[1]
                         net (fo=27, routed)          1.636    46.406    dut/core1/u_divider/out_res_reg[30]_i_353_n_2
    SLICE_X46Y120        CARRY4 (Prop_carry4_CYINIT_CO[3])
                                                      0.800    47.206 r  dut/core1/u_divider/out_res_reg[30]_i_344/CO[3]
                         net (fo=1, routed)           0.000    47.206    dut/core1/u_divider/out_res_reg[30]_i_344_n_0
    SLICE_X46Y121        CARRY4 (Prop_carry4_CI_CO[3])
                                                      0.117    47.323 r  dut/core1/u_divider/out_res_reg[30]_i_339/CO[3]
                         net (fo=1, routed)           0.000    47.323    dut/core1/u_divider/out_res_reg[30]_i_339_n_0
    SLICE_X46Y122        CARRY4 (Prop_carry4_CI_CO[3])
                                                      0.117    47.440 r  dut/core1/u_divider/out_res_reg[30]_i_334/CO[3]
                         net (fo=1, routed)           0.000    47.440    dut/core1/u_divider/out_res_reg[30]_i_334_n_0
    SLICE_X46Y123        CARRY4 (Prop_carry4_CI_CO[3])
                                                      0.117    47.557 r  dut/core1/u_divider/out_res_reg[30]_i_329/CO[3]
                         net (fo=1, routed)           0.000    47.557    dut/core1/u_divider/out_res_reg[30]_i_329_n_0
    SLICE_X46Y124        CARRY4 (Prop_carry4_CI_CO[3])
                                                      0.117    47.674 r  dut/core1/u_divider/out_res_reg[30]_i_324/CO[3]
                         net (fo=1, routed)           0.009    47.683    dut/core1/u_divider/out_res_reg[30]_i_324_n_0
    SLICE_X46Y125        CARRY4 (Prop_carry4_CI_CO[3])
                                                      0.117    47.800 r  dut/core1/u_divider/out_res_reg[30]_i_321/CO[3]
                         net (fo=1, routed)           0.000    47.800    dut/core1/u_divider/out_res_reg[30]_i_321_n_0
    SLICE_X46Y126        CARRY4 (Prop_carry4_CI_CO[1])
                                                      0.157    47.957 r  dut/core1/u_divider/out_res_reg[30]_i_320/CO[1]
                         net (fo=27, routed)          1.474    49.431    dut/core1/u_divider/out_res_reg[30]_i_320_n_2
    SLICE_X49Y122        LUT3 (Prop_lut3_I0_O)        0.332    49.763 r  dut/core1/u_divider/out_res[30]_i_351/O
                         net (fo=1, routed)           0.000    49.763    dut/core1/u_divider/out_res[30]_i_351_n_0
    SLICE_X49Y122        CARRY4 (Prop_carry4_S[1]_CO[3])
                                                      0.550    50.313 r  dut/core1/u_divider/out_res_reg[30]_i_311/CO[3]
                         net (fo=1, routed)           0.000    50.313    dut/core1/u_divider/out_res_reg[30]_i_311_n_0
    SLICE_X49Y123        CARRY4 (Prop_carry4_CI_CO[3])
                                                      0.114    50.427 r  dut/core1/u_divider/out_res_reg[30]_i_306/CO[3]
                         net (fo=1, routed)           0.000    50.427    dut/core1/u_divider/out_res_reg[30]_i_306_n_0
    SLICE_X49Y124        CARRY4 (Prop_carry4_CI_CO[3])
                                                      0.114    50.541 r  dut/core1/u_divider/out_res_reg[30]_i_301/CO[3]
                         net (fo=1, routed)           0.009    50.550    dut/core1/u_divider/out_res_reg[30]_i_301_n_0
    SLICE_X49Y125        CARRY4 (Prop_carry4_CI_CO[3])
                                                      0.114    50.664 r  dut/core1/u_divider/out_res_reg[30]_i_296/CO[3]
                         net (fo=1, routed)           0.000    50.664    dut/core1/u_divider/out_res_reg[30]_i_296_n_0
    SLICE_X49Y126        CARRY4 (Prop_carry4_CI_CO[3])
                                                      0.114    50.778 r  dut/core1/u_divider/out_res_reg[30]_i_291/CO[3]
                         net (fo=1, routed)           0.000    50.778    dut/core1/u_divider/out_res_reg[30]_i_291_n_0
    SLICE_X49Y127        CARRY4 (Prop_carry4_CI_CO[3])
                                                      0.114    50.892 r  dut/core1/u_divider/out_res_reg[30]_i_288/CO[3]
                         net (fo=1, routed)           0.000    50.892    dut/core1/u_divider/out_res_reg[30]_i_288_n_0
    SLICE_X49Y128        CARRY4 (Prop_carry4_CI_CO[1])
                                                      0.157    51.049 r  dut/core1/u_divider/out_res_reg[30]_i_287/CO[1]
                         net (fo=27, routed)          2.158    53.207    dut/core1/u_divider/out_res_reg[30]_i_287_n_2
    SLICE_X58Y122        LUT3 (Prop_lut3_I0_O)        0.329    53.536 r  dut/core1/u_divider/out_res[30]_i_318/O
                         net (fo=1, routed)           0.000    53.536    dut/core1/u_divider/out_res[30]_i_318_n_0
    SLICE_X58Y122        CARRY4 (Prop_carry4_S[1]_CO[3])
                                                      0.533    54.069 r  dut/core1/u_divider/out_res_reg[30]_i_278/CO[3]
                         net (fo=1, routed)           0.000    54.069    dut/core1/u_divider/out_res_reg[30]_i_278_n_0
    SLICE_X58Y123        CARRY4 (Prop_carry4_CI_CO[3])
                                                      0.117    54.186 r  dut/core1/u_divider/out_res_reg[30]_i_273/CO[3]
                         net (fo=1, routed)           0.000    54.186    dut/core1/u_divider/out_res_reg[30]_i_273_n_0
    SLICE_X58Y124        CARRY4 (Prop_carry4_CI_CO[3])
                                                      0.117    54.303 r  dut/core1/u_divider/out_res_reg[30]_i_268/CO[3]
                         net (fo=1, routed)           0.009    54.312    dut/core1/u_divider/out_res_reg[30]_i_268_n_0
    SLICE_X58Y125        CARRY4 (Prop_carry4_CI_CO[3])
                                                      0.117    54.429 r  dut/core1/u_divider/out_res_reg[30]_i_263/CO[3]
                         net (fo=1, routed)           0.000    54.429    dut/core1/u_divider/out_res_reg[30]_i_263_n_0
    SLICE_X58Y126        CARRY4 (Prop_carry4_CI_CO[3])
                                                      0.117    54.546 r  dut/core1/u_divider/out_res_reg[30]_i_258/CO[3]
                         net (fo=1, routed)           0.000    54.546    dut/core1/u_divider/out_res_reg[30]_i_258_n_0
    SLICE_X58Y127        CARRY4 (Prop_carry4_CI_CO[3])
                                                      0.117    54.663 r  dut/core1/u_divider/out_res_reg[30]_i_255/CO[3]
                         net (fo=1, routed)           0.000    54.663    dut/core1/u_divider/out_res_reg[30]_i_255_n_0
    SLICE_X58Y128        CARRY4 (Prop_carry4_CI_CO[1])
                                                      0.157    54.820 r  dut/core1/u_divider/out_res_reg[30]_i_254/CO[1]
                         net (fo=27, routed)          1.560    56.380    dut/core1/u_divider/out_res_reg[30]_i_254_n_2
    SLICE_X55Y124        LUT3 (Prop_lut3_I0_O)        0.332    56.712 r  dut/core1/u_divider/out_res[30]_i_283/O
                         net (fo=1, routed)           0.000    56.712    dut/core1/u_divider/out_res[30]_i_283_n_0
    SLICE_X55Y124        CARRY4 (Prop_carry4_S[3]_CO[3])
                                                      0.401    57.113 r  dut/core1/u_divider/out_res_reg[30]_i_245/CO[3]
                         net (fo=1, routed)           0.009    57.122    dut/core1/u_divider/out_res_reg[30]_i_245_n_0
    SLICE_X55Y125        CARRY4 (Prop_carry4_CI_CO[3])
                                                      0.114    57.236 r  dut/core1/u_divider/out_res_reg[30]_i_240/CO[3]
                         net (fo=1, routed)           0.000    57.236    dut/core1/u_divider/out_res_reg[30]_i_240_n_0
    SLICE_X55Y126        CARRY4 (Prop_carry4_CI_CO[3])
                                                      0.114    57.350 r  dut/core1/u_divider/out_res_reg[30]_i_235/CO[3]
                         net (fo=1, routed)           0.000    57.350    dut/core1/u_divider/out_res_reg[30]_i_235_n_0
    SLICE_X55Y127        CARRY4 (Prop_carry4_CI_CO[3])
                                                      0.114    57.464 r  dut/core1/u_divider/out_res_reg[30]_i_230/CO[3]
                         net (fo=1, routed)           0.000    57.464    dut/core1/u_divider/out_res_reg[30]_i_230_n_0
    SLICE_X55Y128        CARRY4 (Prop_carry4_CI_CO[3])
                                                      0.114    57.578 r  dut/core1/u_divider/out_res_reg[30]_i_225/CO[3]
                         net (fo=1, routed)           0.000    57.578    dut/core1/u_divider/out_res_reg[30]_i_225_n_0
    SLICE_X55Y129        CARRY4 (Prop_carry4_CI_CO[3])
                                                      0.114    57.692 r  dut/core1/u_divider/out_res_reg[30]_i_222/CO[3]
                         net (fo=1, routed)           0.000    57.692    dut/core1/u_divider/out_res_reg[30]_i_222_n_0
    SLICE_X55Y130        CARRY4 (Prop_carry4_CI_CO[1])
                                                      0.157    57.849 r  dut/core1/u_divider/out_res_reg[30]_i_221/CO[1]
                         net (fo=27, routed)          2.021    59.871    dut/core1/u_divider/out_res_reg[30]_i_221_n_2
    SLICE_X57Y125        LUT3 (Prop_lut3_I0_O)        0.329    60.200 r  dut/core1/u_divider/out_res[30]_i_252/O
                         net (fo=1, routed)           0.000    60.200    dut/core1/u_divider/out_res[30]_i_252_n_0
    SLICE_X57Y125        CARRY4 (Prop_carry4_S[1]_CO[3])
                                                      0.550    60.750 r  dut/core1/u_divider/out_res_reg[30]_i_212/CO[3]
                         net (fo=1, routed)           0.000    60.750    dut/core1/u_divider/out_res_reg[30]_i_212_n_0
    SLICE_X57Y126        CARRY4 (Prop_carry4_CI_CO[3])
                                                      0.114    60.864 r  dut/core1/u_divider/out_res_reg[30]_i_207/CO[3]
                         net (fo=1, routed)           0.000    60.864    dut/core1/u_divider/out_res_reg[30]_i_207_n_0
    SLICE_X57Y127        CARRY4 (Prop_carry4_CI_CO[3])
                                                      0.114    60.978 r  dut/core1/u_divider/out_res_reg[30]_i_202/CO[3]
                         net (fo=1, routed)           0.000    60.978    dut/core1/u_divider/out_res_reg[30]_i_202_n_0
    SLICE_X57Y128        CARRY4 (Prop_carry4_CI_CO[3])
                                                      0.114    61.092 r  dut/core1/u_divider/out_res_reg[30]_i_197/CO[3]
                         net (fo=1, routed)           0.000    61.092    dut/core1/u_divider/out_res_reg[30]_i_197_n_0
    SLICE_X57Y129        CARRY4 (Prop_carry4_CI_CO[3])
                                                      0.114    61.206 r  dut/core1/u_divider/out_res_reg[30]_i_192/CO[3]
                         net (fo=1, routed)           0.000    61.206    dut/core1/u_divider/out_res_reg[30]_i_192_n_0
    SLICE_X57Y130        CARRY4 (Prop_carry4_CI_CO[3])
                                                      0.114    61.320 r  dut/core1/u_divider/out_res_reg[30]_i_189/CO[3]
                         net (fo=1, routed)           0.000    61.320    dut/core1/u_divider/out_res_reg[30]_i_189_n_0
    SLICE_X57Y131        CARRY4 (Prop_carry4_CI_CO[1])
                                                      0.157    61.477 r  dut/core1/u_divider/out_res_reg[30]_i_188/CO[1]
                         net (fo=27, routed)          1.834    63.311    dut/core1/u_divider/out_res_reg[30]_i_188_n_2
    SLICE_X56Y125        LUT3 (Prop_lut3_I0_O)        0.329    63.640 r  dut/core1/u_divider/out_res[30]_i_215/O
                         net (fo=1, routed)           0.000    63.640    dut/core1/u_divider/out_res[30]_i_215_n_0
    SLICE_X56Y125        CARRY4 (Prop_carry4_S[1]_CO[3])
                                                      0.550    64.190 r  dut/core1/u_divider/out_res_reg[30]_i_174/CO[3]
                         net (fo=1, routed)           0.000    64.190    dut/core1/u_divider/out_res_reg[30]_i_174_n_0
    SLICE_X56Y126        CARRY4 (Prop_carry4_CI_CO[3])
                                                      0.114    64.304 r  dut/core1/u_divider/out_res_reg[30]_i_169/CO[3]
                         net (fo=1, routed)           0.000    64.304    dut/core1/u_divider/out_res_reg[30]_i_169_n_0
    SLICE_X56Y127        CARRY4 (Prop_carry4_CI_CO[3])
                                                      0.114    64.418 r  dut/core1/u_divider/out_res_reg[30]_i_164/CO[3]
                         net (fo=1, routed)           0.000    64.418    dut/core1/u_divider/out_res_reg[30]_i_164_n_0
    SLICE_X56Y128        CARRY4 (Prop_carry4_CI_CO[3])
                                                      0.114    64.532 r  dut/core1/u_divider/out_res_reg[30]_i_159/CO[3]
                         net (fo=1, routed)           0.000    64.532    dut/core1/u_divider/out_res_reg[30]_i_159_n_0
    SLICE_X56Y129        CARRY4 (Prop_carry4_CI_CO[3])
                                                      0.114    64.646 r  dut/core1/u_divider/out_res_reg[30]_i_156/CO[3]
                         net (fo=1, routed)           0.000    64.646    dut/core1/u_divider/out_res_reg[30]_i_156_n_0
    SLICE_X56Y130        CARRY4 (Prop_carry4_CI_CO[1])
                                                      0.157    64.803 r  dut/core1/u_divider/out_res_reg[30]_i_155/CO[1]
                         net (fo=27, routed)          2.475    67.277    dut/core1/u_divider/out_res_reg[30]_i_155_n_2
    SLICE_X54Y123        LUT3 (Prop_lut3_I0_O)        0.329    67.606 r  dut/core1/u_divider/out_res[30]_i_182/O
                         net (fo=1, routed)           0.000    67.606    dut/core1/u_divider/out_res[30]_i_182_n_0
    SLICE_X54Y123        CARRY4 (Prop_carry4_S[1]_CO[3])
                                                      0.533    68.139 r  dut/core1/u_divider/out_res_reg[30]_i_141/CO[3]
                         net (fo=1, routed)           0.000    68.139    dut/core1/u_divider/out_res_reg[30]_i_141_n_0
    SLICE_X54Y124        CARRY4 (Prop_carry4_CI_CO[3])
                                                      0.117    68.256 r  dut/core1/u_divider/out_res_reg[30]_i_136/CO[3]
                         net (fo=1, routed)           0.009    68.265    dut/core1/u_divider/out_res_reg[30]_i_136_n_0
    SLICE_X54Y125        CARRY4 (Prop_carry4_CI_CO[3])
                                                      0.117    68.382 r  dut/core1/u_divider/out_res_reg[30]_i_131/CO[3]
                         net (fo=1, routed)           0.000    68.382    dut/core1/u_divider/out_res_reg[30]_i_131_n_0
    SLICE_X54Y126        CARRY4 (Prop_carry4_CI_CO[3])
                                                      0.117    68.499 r  dut/core1/u_divider/out_res_reg[30]_i_126/CO[3]
                         net (fo=1, routed)           0.000    68.499    dut/core1/u_divider/out_res_reg[30]_i_126_n_0
    SLICE_X54Y127        CARRY4 (Prop_carry4_CI_CO[3])
                                                      0.117    68.616 r  dut/core1/u_divider/out_res_reg[30]_i_123/CO[3]
                         net (fo=1, routed)           0.000    68.616    dut/core1/u_divider/out_res_reg[30]_i_123_n_0
    SLICE_X54Y128        CARRY4 (Prop_carry4_CI_CO[1])
                                                      0.157    68.773 r  dut/core1/u_divider/out_res_reg[30]_i_122/CO[1]
                         net (fo=27, routed)          2.287    71.060    dut/core1/u_divider/out_res_reg[30]_i_122_n_2
    SLICE_X48Y121        LUT3 (Prop_lut3_I0_O)        0.332    71.392 r  dut/core1/u_divider/out_res[30]_i_152/O
                         net (fo=1, routed)           0.000    71.392    dut/core1/u_divider/out_res[30]_i_152_n_0
    SLICE_X48Y121        CARRY4 (Prop_carry4_S[2]_CO[3])
                                                      0.398    71.790 r  dut/core1/u_divider/out_res_reg[30]_i_116/CO[3]
                         net (fo=1, routed)           0.000    71.790    dut/core1/u_divider/out_res_reg[30]_i_116_n_0
    SLICE_X48Y122        CARRY4 (Prop_carry4_CI_CO[3])
                                                      0.114    71.904 r  dut/core1/u_divider/out_res_reg[30]_i_111/CO[3]
                         net (fo=1, routed)           0.000    71.904    dut/core1/u_divider/out_res_reg[30]_i_111_n_0
    SLICE_X48Y123        CARRY4 (Prop_carry4_CI_CO[3])
                                                      0.114    72.018 r  dut/core1/u_divider/out_res_reg[30]_i_106/CO[3]
                         net (fo=1, routed)           0.000    72.018    dut/core1/u_divider/out_res_reg[30]_i_106_n_0
    SLICE_X48Y124        CARRY4 (Prop_carry4_CI_CO[3])
                                                      0.114    72.132 r  dut/core1/u_divider/out_res_reg[30]_i_101/CO[3]
                         net (fo=1, routed)           0.009    72.141    dut/core1/u_divider/out_res_reg[30]_i_101_n_0
    SLICE_X48Y125        CARRY4 (Prop_carry4_CI_CO[3])
                                                      0.114    72.255 r  dut/core1/u_divider/out_res_reg[30]_i_96/CO[3]
                         net (fo=1, routed)           0.000    72.255    dut/core1/u_divider/out_res_reg[30]_i_96_n_0
    SLICE_X48Y126        CARRY4 (Prop_carry4_CI_CO[3])
                                                      0.114    72.369 r  dut/core1/u_divider/out_res_reg[30]_i_93/CO[3]
                         net (fo=1, routed)           0.000    72.369    dut/core1/u_divider/out_res_reg[30]_i_93_n_0
    SLICE_X48Y127        CARRY4 (Prop_carry4_CI_CO[1])
                                                      0.157    72.526 r  dut/core1/u_divider/out_res_reg[30]_i_92/CO[1]
                         net (fo=27, routed)          1.945    74.471    dut/core1/u_divider/out_res_reg[30]_i_92_n_2
    SLICE_X47Y119        LUT3 (Prop_lut3_I0_O)        0.329    74.800 r  dut/core1/u_divider/i__carry_i_148/O
                         net (fo=1, routed)           0.000    74.800    dut/core1/u_divider/i__carry_i_148_n_0
    SLICE_X47Y119        CARRY4 (Prop_carry4_S[2]_CO[3])
                                                      0.398    75.198 r  dut/core1/u_divider/i__carry_i_124/CO[3]
                         net (fo=1, routed)           0.000    75.198    dut/core1/u_divider/i__carry_i_124_n_0
    SLICE_X47Y120        CARRY4 (Prop_carry4_CI_CO[3])
                                                      0.114    75.312 r  dut/core1/u_divider/out_res_reg[30]_i_86/CO[3]
                         net (fo=1, routed)           0.000    75.312    dut/core1/u_divider/out_res_reg[30]_i_86_n_0
    SLICE_X47Y121        CARRY4 (Prop_carry4_CI_CO[3])
                                                      0.114    75.426 r  dut/core1/u_divider/out_res_reg[30]_i_81/CO[3]
                         net (fo=1, routed)           0.000    75.426    dut/core1/u_divider/out_res_reg[30]_i_81_n_0
    SLICE_X47Y122        CARRY4 (Prop_carry4_CI_CO[3])
                                                      0.114    75.540 r  dut/core1/u_divider/out_res_reg[30]_i_76/CO[3]
                         net (fo=1, routed)           0.000    75.540    dut/core1/u_divider/out_res_reg[30]_i_76_n_0
    SLICE_X47Y123        CARRY4 (Prop_carry4_CI_CO[3])
                                                      0.114    75.654 r  dut/core1/u_divider/out_res_reg[30]_i_71/CO[3]
                         net (fo=1, routed)           0.000    75.654    dut/core1/u_divider/out_res_reg[30]_i_71_n_0
    SLICE_X47Y124        CARRY4 (Prop_carry4_CI_CO[3])
                                                      0.114    75.768 r  dut/core1/u_divider/out_res_reg[30]_i_68/CO[3]
                         net (fo=1, routed)           0.009    75.777    dut/core1/u_divider/out_res_reg[30]_i_68_n_0
    SLICE_X47Y125        CARRY4 (Prop_carry4_CI_CO[1])
                                                      0.157    75.934 r  dut/core1/u_divider/out_res_reg[30]_i_67/CO[1]
                         net (fo=27, routed)          1.425    77.359    dut/core1/u_divider/out_res_reg[30]_i_67_n_2
    SLICE_X50Y119        CARRY4 (Prop_carry4_CYINIT_CO[3])
                                                      0.800    78.159 r  dut/core1/u_divider/i__carry_i_119/CO[3]
                         net (fo=1, routed)           0.000    78.159    dut/core1/u_divider/i__carry_i_119_n_0
    SLICE_X50Y120        CARRY4 (Prop_carry4_CI_CO[3])
                                                      0.117    78.276 r  dut/core1/u_divider/i__carry_i_93/CO[3]
                         net (fo=1, routed)           0.000    78.276    dut/core1/u_divider/i__carry_i_93_n_0
    SLICE_X50Y121        CARRY4 (Prop_carry4_CI_CO[3])
                                                      0.117    78.393 r  dut/core1/u_divider/out_res_reg[30]_i_61/CO[3]
                         net (fo=1, routed)           0.000    78.393    dut/core1/u_divider/out_res_reg[30]_i_61_n_0
    SLICE_X50Y122        CARRY4 (Prop_carry4_CI_CO[3])
                                                      0.117    78.510 r  dut/core1/u_divider/out_res_reg[30]_i_56/CO[3]
                         net (fo=1, routed)           0.000    78.510    dut/core1/u_divider/out_res_reg[30]_i_56_n_0
    SLICE_X50Y123        CARRY4 (Prop_carry4_CI_CO[3])
                                                      0.117    78.627 r  dut/core1/u_divider/out_res_reg[30]_i_51/CO[3]
                         net (fo=1, routed)           0.000    78.627    dut/core1/u_divider/out_res_reg[30]_i_51_n_0
    SLICE_X50Y124        CARRY4 (Prop_carry4_CI_CO[3])
                                                      0.117    78.744 r  dut/core1/u_divider/out_res_reg[30]_i_48/CO[3]
                         net (fo=1, routed)           0.009    78.753    dut/core1/u_divider/out_res_reg[30]_i_48_n_0
    SLICE_X50Y125        CARRY4 (Prop_carry4_CI_CO[1])
                                                      0.157    78.910 r  dut/core1/u_divider/out_res_reg[30]_i_47/CO[1]
                         net (fo=27, routed)          1.640    80.550    dut/core1/u_divider/out_res_reg[30]_i_47_n_2
    SLICE_X52Y119        CARRY4 (Prop_carry4_CYINIT_CO[3])
                                                      0.788    81.338 r  dut/core1/u_divider/i__carry_i_114/CO[3]
                         net (fo=1, routed)           0.000    81.338    dut/core1/u_divider/i__carry_i_114_n_0
    SLICE_X52Y120        CARRY4 (Prop_carry4_CI_CO[3])
                                                      0.114    81.452 r  dut/core1/u_divider/i__carry_i_88/CO[3]
                         net (fo=1, routed)           0.000    81.452    dut/core1/u_divider/i__carry_i_88_n_0
    SLICE_X52Y121        CARRY4 (Prop_carry4_CI_CO[3])
                                                      0.114    81.566 r  dut/core1/u_divider/i__carry_i_67/CO[3]
                         net (fo=1, routed)           0.000    81.566    dut/core1/u_divider/i__carry_i_67_n_0
    SLICE_X52Y122        CARRY4 (Prop_carry4_CI_CO[3])
                                                      0.114    81.680 r  dut/core1/u_divider/out_res_reg[30]_i_41/CO[3]
                         net (fo=1, routed)           0.000    81.680    dut/core1/u_divider/out_res_reg[30]_i_41_n_0
    SLICE_X52Y123        CARRY4 (Prop_carry4_CI_CO[3])
                                                      0.114    81.794 r  dut/core1/u_divider/out_res_reg[30]_i_36/CO[3]
                         net (fo=1, routed)           0.000    81.794    dut/core1/u_divider/out_res_reg[30]_i_36_n_0
    SLICE_X52Y124        CARRY4 (Prop_carry4_CI_CO[3])
                                                      0.114    81.908 r  dut/core1/u_divider/out_res_reg[30]_i_33/CO[3]
                         net (fo=1, routed)           0.009    81.917    dut/core1/u_divider/out_res_reg[30]_i_33_n_0
    SLICE_X52Y125        CARRY4 (Prop_carry4_CI_CO[1])
                                                      0.157    82.074 r  dut/core1/u_divider/out_res_reg[30]_i_32/CO[1]
                         net (fo=27, routed)          1.739    83.814    dut/core1/u_divider/out_res_reg[30]_i_32_n_2
    SLICE_X53Y119        LUT3 (Prop_lut3_I0_O)        0.329    84.143 r  dut/core1/u_divider/i__carry_i_139/O
                         net (fo=1, routed)           0.000    84.143    dut/core1/u_divider/i__carry_i_139_n_0
    SLICE_X53Y119        CARRY4 (Prop_carry4_S[2]_CO[3])
                                                      0.398    84.541 r  dut/core1/u_divider/i__carry_i_109/CO[3]
                         net (fo=1, routed)           0.000    84.541    dut/core1/u_divider/i__carry_i_109_n_0
    SLICE_X53Y120        CARRY4 (Prop_carry4_CI_CO[3])
                                                      0.114    84.655 r  dut/core1/u_divider/i__carry_i_83/CO[3]
                         net (fo=1, routed)           0.000    84.655    dut/core1/u_divider/i__carry_i_83_n_0
    SLICE_X53Y121        CARRY4 (Prop_carry4_CI_CO[3])
                                                      0.114    84.769 r  dut/core1/u_divider/i__carry_i_62/CO[3]
                         net (fo=1, routed)           0.000    84.769    dut/core1/u_divider/i__carry_i_62_n_0
    SLICE_X53Y122        CARRY4 (Prop_carry4_CI_CO[3])
                                                      0.114    84.883 r  dut/core1/u_divider/i__carry_i_46/CO[3]
                         net (fo=1, routed)           0.000    84.883    dut/core1/u_divider/i__carry_i_46_n_0
    SLICE_X53Y123        CARRY4 (Prop_carry4_CI_CO[3])
                                                      0.114    84.997 r  dut/core1/u_divider/out_res_reg[30]_i_26/CO[3]
                         net (fo=1, routed)           0.000    84.997    dut/core1/u_divider/out_res_reg[30]_i_26_n_0
    SLICE_X53Y124        CARRY4 (Prop_carry4_CI_CO[3])
                                                      0.114    85.111 r  dut/core1/u_divider/out_res_reg[30]_i_23/CO[3]
                         net (fo=1, routed)           0.009    85.120    dut/core1/u_divider/out_res_reg[30]_i_23_n_0
    SLICE_X53Y125        CARRY4 (Prop_carry4_CI_CO[1])
                                                      0.157    85.277 r  dut/core1/u_divider/out_res_reg[30]_i_22/CO[1]
                         net (fo=27, routed)          2.313    87.590    dut/core1/u_divider/out_res_reg[30]_i_22_n_2
    SLICE_X55Y117        LUT3 (Prop_lut3_I0_O)        0.329    87.919 r  dut/core1/u_divider/i__carry_i_135/O
                         net (fo=1, routed)           0.000    87.919    dut/core1/u_divider/i__carry_i_135_n_0
    SLICE_X55Y117        CARRY4 (Prop_carry4_S[3]_CO[3])
                                                      0.401    88.320 r  dut/core1/u_divider/i__carry_i_104/CO[3]
                         net (fo=1, routed)           0.000    88.320    dut/core1/u_divider/i__carry_i_104_n_0
    SLICE_X55Y118        CARRY4 (Prop_carry4_CI_CO[3])
                                                      0.114    88.434 r  dut/core1/u_divider/i__carry_i_78/CO[3]
                         net (fo=1, routed)           0.000    88.434    dut/core1/u_divider/i__carry_i_78_n_0
    SLICE_X55Y119        CARRY4 (Prop_carry4_CI_CO[3])
                                                      0.114    88.548 r  dut/core1/u_divider/i__carry_i_57/CO[3]
                         net (fo=1, routed)           0.000    88.548    dut/core1/u_divider/i__carry_i_57_n_0
    SLICE_X55Y120        CARRY4 (Prop_carry4_CI_CO[3])
                                                      0.114    88.662 r  dut/core1/u_divider/i__carry_i_41/CO[3]
                         net (fo=1, routed)           0.000    88.662    dut/core1/u_divider/i__carry_i_41_n_0
    SLICE_X55Y121        CARRY4 (Prop_carry4_CI_CO[3])
                                                      0.114    88.776 r  dut/core1/u_divider/i__carry_i_30/CO[3]
                         net (fo=1, routed)           0.000    88.776    dut/core1/u_divider/i__carry_i_30_n_0
    SLICE_X55Y122        CARRY4 (Prop_carry4_CI_CO[3])
                                                      0.114    88.890 r  dut/core1/u_divider/out_res_reg[30]_i_15/CO[3]
                         net (fo=1, routed)           0.000    88.890    dut/core1/u_divider/out_res_reg[30]_i_15_n_0
    SLICE_X55Y123        CARRY4 (Prop_carry4_CI_CO[1])
                                                      0.157    89.047 r  dut/core1/u_divider/out_res_reg[30]_i_14/CO[1]
                         net (fo=27, routed)          1.678    90.725    dut/core1/u_divider/out_res_reg[30]_i_14_n_2
    SLICE_X56Y117        LUT3 (Prop_lut3_I0_O)        0.329    91.054 r  dut/core1/u_divider/i__carry_i_134/O
                         net (fo=1, routed)           0.000    91.054    dut/core1/u_divider/i__carry_i_134_n_0
    SLICE_X56Y117        CARRY4 (Prop_carry4_S[1]_CO[3])
                                                      0.550    91.604 r  dut/core1/u_divider/i__carry_i_99/CO[3]
                         net (fo=1, routed)           0.000    91.604    dut/core1/u_divider/i__carry_i_99_n_0
    SLICE_X56Y118        CARRY4 (Prop_carry4_CI_CO[3])
                                                      0.114    91.718 r  dut/core1/u_divider/i__carry_i_73/CO[3]
                         net (fo=1, routed)           0.000    91.718    dut/core1/u_divider/i__carry_i_73_n_0
    SLICE_X56Y119        CARRY4 (Prop_carry4_CI_CO[3])
                                                      0.114    91.832 r  dut/core1/u_divider/i__carry_i_52/CO[3]
                         net (fo=1, routed)           0.000    91.832    dut/core1/u_divider/i__carry_i_52_n_0
    SLICE_X56Y120        CARRY4 (Prop_carry4_CI_CO[3])
                                                      0.114    91.946 r  dut/core1/u_divider/i__carry_i_36/CO[3]
                         net (fo=1, routed)           0.000    91.946    dut/core1/u_divider/i__carry_i_36_n_0
    SLICE_X56Y121        CARRY4 (Prop_carry4_CI_CO[3])
                                                      0.114    92.060 r  dut/core1/u_divider/i__carry_i_25/CO[3]
                         net (fo=1, routed)           0.000    92.060    dut/core1/u_divider/i__carry_i_25_n_0
    SLICE_X56Y122        CARRY4 (Prop_carry4_CI_CO[3])
                                                      0.114    92.174 r  dut/core1/u_divider/i__carry_i_15/CO[3]
                         net (fo=1, routed)           0.000    92.174    dut/core1/execute_unit/u_fpu/u_divider/u_divider/i__carry_i_16[0]
    SLICE_X56Y123        CARRY4 (Prop_carry4_CI_CO[1])
                                                      0.157    92.331 r  dut/core1/execute_unit/u_fpu/u_divider/out_res_reg[30]_i_8/CO[1]
                         net (fo=70, routed)          1.425    93.756    dut/core1/execute_unit_n_53
    SLICE_X57Y119        LUT3 (Prop_lut3_I0_O)        0.329    94.085 r  dut/core1/u_divider/i__carry_i_102/O
                         net (fo=1, routed)           0.000    94.085    dut/core1/u_divider/i__carry_i_102_n_0
    SLICE_X57Y119        CARRY4 (Prop_carry4_S[1]_CO[3])
                                                      0.550    94.635 r  dut/core1/u_divider/i__carry_i_72/CO[3]
                         net (fo=1, routed)           0.000    94.635    dut/core1/u_divider/i__carry_i_72_n_0
    SLICE_X57Y120        CARRY4 (Prop_carry4_CI_CO[3])
                                                      0.114    94.749 r  dut/core1/u_divider/i__carry_i_51/CO[3]
                         net (fo=1, routed)           0.000    94.749    dut/core1/u_divider/i__carry_i_51_n_0
    SLICE_X57Y121        CARRY4 (Prop_carry4_CI_CO[3])
                                                      0.114    94.863 r  dut/core1/u_divider/i__carry_i_35/CO[3]
                         net (fo=1, routed)           0.000    94.863    dut/core1/u_divider/i__carry_i_35_n_0
    SLICE_X57Y122        CARRY4 (Prop_carry4_CI_CO[3])
                                                      0.114    94.977 r  dut/core1/u_divider/i__carry_i_24/CO[3]
                         net (fo=1, routed)           0.000    94.977    dut/core1/u_divider/i__carry_i_24_n_0
    SLICE_X57Y123        CARRY4 (Prop_carry4_CI_CO[3])
                                                      0.114    95.091 r  dut/core1/u_divider/i__carry_i_14/CO[3]
                         net (fo=1, routed)           0.000    95.091    dut/core1/u_divider/i__carry_i_14_n_0
    SLICE_X57Y124        CARRY4 (Prop_carry4_CI_CO[1])
                                                      0.157    95.248 r  dut/core1/u_divider/i__carry_i_11/CO[1]
                         net (fo=39, routed)          1.572    96.820    dut/core1/u_divider/i__carry_i_11_n_2
    SLICE_X59Y120        LUT3 (Prop_lut3_I0_O)        0.329    97.149 r  dut/core1/u_divider/out_res[21]_i_38/O
                         net (fo=1, routed)           0.000    97.149    dut/core1/u_divider/out_res[21]_i_38_n_0
    SLICE_X59Y120        CARRY4 (Prop_carry4_S[1]_CO[3])
                                                      0.550    97.699 r  dut/core1/u_divider/out_res_reg[21]_i_29/CO[3]
                         net (fo=1, routed)           0.000    97.699    dut/core1/u_divider/out_res_reg[21]_i_29_n_0
    SLICE_X59Y121        CARRY4 (Prop_carry4_CI_CO[3])
                                                      0.114    97.813 r  dut/core1/u_divider/out_res_reg[21]_i_23/CO[3]
                         net (fo=1, routed)           0.000    97.813    dut/core1/u_divider/out_res_reg[21]_i_23_n_0
    SLICE_X59Y122        CARRY4 (Prop_carry4_CI_CO[3])
                                                      0.114    97.927 r  dut/core1/u_divider/out_res_reg[21]_i_17/CO[3]
                         net (fo=1, routed)           0.000    97.927    dut/core1/u_divider/out_res_reg[21]_i_17_n_0
    SLICE_X59Y123        CARRY4 (Prop_carry4_CI_CO[3])
                                                      0.114    98.041 r  dut/core1/u_divider/out_res_reg[21]_i_11/CO[3]
                         net (fo=1, routed)           0.000    98.041    dut/core1/u_divider/out_res_reg[21]_i_11_n_0
    SLICE_X59Y124        CARRY4 (Prop_carry4_CI_CO[3])
                                                      0.114    98.155 r  dut/core1/u_divider/out_res_reg[21]_i_7/CO[3]
                         net (fo=1, routed)           0.009    98.164    dut/core1/u_divider/out_res_reg[21]_i_7_n_0
    SLICE_X59Y125        CARRY4 (Prop_carry4_CI_CO[1])
                                                      0.157    98.321 r  dut/core1/u_divider/out_res_reg[21]_i_5/CO[1]
                         net (fo=32, routed)          2.734   101.055    dut/core1/execute_unit/u_fpu/u_divider/out_res_reg[21]_0[0]
    SLICE_X59Y106        LUT5 (Prop_lut5_I0_O)        0.329   101.384 r  dut/core1/execute_unit/u_fpu/u_divider/i__carry_i_18__4/O
                         net (fo=3, routed)           0.592   101.976    dut/core1/execute_unit/u_fpu/u_divider/i__carry_i_18__4_n_0
    SLICE_X59Y105        LUT6 (Prop_lut6_I0_O)        0.124   102.100 r  dut/core1/execute_unit/u_fpu/u_divider/i__carry_i_13__11/O
                         net (fo=33, routed)          0.817   102.916    dut/core1/execute_unit/u_fpu/u_divider/i__carry_i_13__11_n_0
    SLICE_X57Y106        LUT4 (Prop_lut4_I3_O)        0.124   103.040 r  dut/core1/execute_unit/u_fpu/u_divider/i__carry_i_8__20/O
                         net (fo=1, routed)           0.000   103.040    dut/core1/execute_unit/u_fpu/u_divider/i__carry_i_8__20_n_0
    SLICE_X57Y106        CARRY4 (Prop_carry4_S[0]_CO[3])
                                                      0.532   103.572 r  dut/core1/execute_unit/u_fpu/u_divider/exp_norm0_inferred__0/i__carry/CO[3]
                         net (fo=1, routed)           0.000   103.572    dut/core1/execute_unit/u_fpu/u_divider/exp_norm0_inferred__0/i__carry_n_0
    SLICE_X57Y107        CARRY4 (Prop_carry4_CI_O[2])
                                                      0.239   103.811 f  dut/core1/execute_unit/u_fpu/u_divider/exp_norm0_inferred__0/i__carry__0/O[2]
                         net (fo=3, routed)           1.158   104.969    dut/core1/execute_unit/u_fpu/u_divider/exp_norm[6]
    SLICE_X60Y107        LUT6 (Prop_lut6_I1_O)        0.302   105.271 f  dut/core1/execute_unit/u_fpu/u_divider/i__carry_i_12__14/O
                         net (fo=1, routed)           0.444   105.715    dut/core1/execute_unit/u_fpu/u_divider/i__carry_i_12__14_n_0
    SLICE_X60Y107        LUT6 (Prop_lut6_I1_O)        0.124   105.839 r  dut/core1/execute_unit/u_fpu/u_divider/i__carry_i_11__12/O
                         net (fo=4, routed)           0.666   106.504    dut/core1/execute_unit/u_fpu/u_divider/i__carry_i_11__12_n_0
    SLICE_X60Y107        LUT6 (Prop_lut6_I5_O)        0.124   106.628 r  dut/core1/execute_unit/u_fpu/u_divider/i__carry_i_5__19/O
                         net (fo=32, routed)          0.568   107.196    dut/core1/execute_unit/u_fpu/u_divider/i__carry_i_5__19_n_0
    SLICE_X61Y106        LUT2 (Prop_lut2_I1_O)        0.124   107.320 r  dut/core1/execute_unit/u_fpu/u_divider/i__carry_i_4__0/O
                         net (fo=1, routed)           0.000   107.320    dut/core1/execute_unit/u_fpu/u_divider/i__carry_i_4__0_n_0
    SLICE_X61Y106        CARRY4 (Prop_carry4_S[0]_CO[3])
                                                      0.532   107.852 r  dut/core1/execute_unit/u_fpu/u_divider/exp_norm0_inferred__1/i__carry/CO[3]
                         net (fo=1, routed)           0.000   107.852    dut/core1/execute_unit/u_fpu/u_divider/exp_norm0_inferred__1/i__carry_n_0
    SLICE_X61Y107        CARRY4 (Prop_carry4_CI_CO[3])
                                                      0.114   107.966 r  dut/core1/execute_unit/u_fpu/u_divider/exp_norm0_inferred__1/i__carry__0/CO[3]
                         net (fo=1, routed)           0.000   107.966    dut/core1/execute_unit/u_fpu/u_divider/exp_norm0_inferred__1/i__carry__0_n_0
    SLICE_X61Y108        CARRY4 (Prop_carry4_CI_O[0])
                                                      0.222   108.188 f  dut/core1/execute_unit/u_fpu/u_divider/exp_norm0_inferred__1/i__carry__1/O[0]
                         net (fo=3, routed)           0.824   109.012    dut/core1/execute_unit/u_fpu/u_divider/exp_norm0_inferred__1/i__carry__1_n_7
    SLICE_X63Y107        LUT6 (Prop_lut6_I1_O)        0.299   109.311 f  dut/core1/execute_unit/u_fpu/u_divider/i__carry_i_8__14/O
                         net (fo=1, routed)           0.151   109.462    dut/core1/execute_unit/u_fpu/u_divider/i__carry_i_8__14_n_0
    SLICE_X63Y107        LUT6 (Prop_lut6_I1_O)        0.124   109.586 r  dut/core1/execute_unit/u_fpu/u_divider/i__carry_i_7__14/O
                         net (fo=2, routed)           0.445   110.031    dut/core1/execute_unit/u_fpu/u_divider/i__carry_i_7__14_n_0
    SLICE_X63Y107        LUT6 (Prop_lut6_I5_O)        0.124   110.155 r  dut/core1/execute_unit/u_fpu/u_divider/i__carry_i_5__18/O
                         net (fo=30, routed)          0.976   111.131    dut/core1/execute_unit/u_fpu/u_divider/i__carry_i_5__18_n_0
    SLICE_X67Y106        LUT2 (Prop_lut2_I1_O)        0.124   111.255 r  dut/core1/execute_unit/u_fpu/u_divider/i__carry_i_4__1/O
                         net (fo=1, routed)           0.000   111.255    dut/core1/execute_unit/u_fpu/u_divider/i__carry_i_4__1_n_0
    SLICE_X67Y106        CARRY4 (Prop_carry4_S[0]_CO[3])
                                                      0.532   111.787 r  dut/core1/execute_unit/u_fpu/u_divider/exp_norm0_inferred__2/i__carry/CO[3]
                         net (fo=1, routed)           0.000   111.787    dut/core1/execute_unit/u_fpu/u_divider/exp_norm0_inferred__2/i__carry_n_0
    SLICE_X67Y107        CARRY4 (Prop_carry4_CI_O[3])
                                                      0.313   112.100 f  dut/core1/execute_unit/u_fpu/u_divider/exp_norm0_inferred__2/i__carry__0/O[3]
                         net (fo=3, routed)           0.974   113.074    dut/core1/execute_unit/u_fpu/u_divider/exp_norm0_inferred__2/i__carry__0_n_4
    SLICE_X66Y109        LUT6 (Prop_lut6_I2_O)        0.306   113.380 f  dut/core1/execute_unit/u_fpu/u_divider/i__carry_i_12__15/O
                         net (fo=1, routed)           0.658   114.039    dut/core1/execute_unit/u_fpu/u_divider/i__carry_i_12__15_n_0
    SLICE_X66Y109        LUT6 (Prop_lut6_I1_O)        0.124   114.163 r  dut/core1/execute_unit/u_fpu/u_divider/i__carry_i_9__6/O
                         net (fo=3, routed)           0.817   114.979    dut/core1/execute_unit/u_fpu/u_divider/i__carry_i_9__6_n_0
    SLICE_X64Y106        LUT6 (Prop_lut6_I5_O)        0.124   115.103 r  dut/core1/execute_unit/u_fpu/u_divider/i__carry_i_5__17/O
                         net (fo=28, routed)          1.125   116.228    dut/core1/execute_unit/u_fpu/u_divider/i__carry_i_5__17_n_0
    SLICE_X80Y110        LUT2 (Prop_lut2_I1_O)        0.124   116.352 r  dut/core1/execute_unit/u_fpu/u_divider/i__carry_i_4__2/O
                         net (fo=1, routed)           0.000   116.352    dut/core1/execute_unit/u_fpu/u_divider/i__carry_i_4__2_n_0
    SLICE_X80Y110        CARRY4 (Prop_carry4_S[0]_CO[3])
                                                      0.532   116.884 r  dut/core1/execute_unit/u_fpu/u_divider/exp_norm0_inferred__3/i__carry/CO[3]
                         net (fo=1, routed)           0.000   116.884    dut/core1/execute_unit/u_fpu/u_divider/exp_norm0_inferred__3/i__carry_n_0
    SLICE_X80Y111        CARRY4 (Prop_carry4_CI_O[3])
                                                      0.313   117.197 f  dut/core1/execute_unit/u_fpu/u_divider/exp_norm0_inferred__3/i__carry__0/O[3]
                         net (fo=3, routed)           0.825   118.022    dut/core1/execute_unit/u_fpu/u_divider/exp_norm0_inferred__3/i__carry__0_n_4
    SLICE_X80Y113        LUT6 (Prop_lut6_I2_O)        0.306   118.328 f  dut/core1/execute_unit/u_fpu/u_divider/i__carry_i_11__13/O
                         net (fo=1, routed)           0.798   119.126    dut/core1/execute_unit/u_fpu/u_divider/i__carry_i_11__13_n_0
    SLICE_X80Y114        LUT6 (Prop_lut6_I1_O)        0.124   119.250 r  dut/core1/execute_unit/u_fpu/u_divider/i__carry_i_9__7/O
                         net (fo=1, routed)           0.795   120.046    dut/core1/execute_unit/u_fpu/u_divider/i__carry_i_9__7_n_0
    SLICE_X66Y109        LUT6 (Prop_lut6_I5_O)        0.124   120.170 r  dut/core1/execute_unit/u_fpu/u_divider/i__carry_i_5__16/O
                         net (fo=29, routed)          1.323   121.492    dut/core1/execute_unit/u_fpu/u_divider/i__carry_i_5__16_n_0
    SLICE_X81Y112        LUT2 (Prop_lut2_I1_O)        0.124   121.616 r  dut/core1/execute_unit/u_fpu/u_divider/i__carry_i_4__3/O
                         net (fo=1, routed)           0.000   121.616    dut/core1/execute_unit/u_fpu/u_divider/i__carry_i_4__3_n_0
    SLICE_X81Y112        CARRY4 (Prop_carry4_S[0]_CO[3])
                                                      0.532   122.148 r  dut/core1/execute_unit/u_fpu/u_divider/exp_norm0_inferred__4/i__carry/CO[3]
                         net (fo=1, routed)           0.000   122.148    dut/core1/execute_unit/u_fpu/u_divider/exp_norm0_inferred__4/i__carry_n_0
    SLICE_X81Y113        CARRY4 (Prop_carry4_CI_O[0])
                                                      0.222   122.370 f  dut/core1/execute_unit/u_fpu/u_divider/exp_norm0_inferred__4/i__carry__0/O[0]
                         net (fo=3, routed)           0.883   123.253    dut/core1/execute_unit/u_fpu/u_divider/exp_norm0_inferred__4/i__carry__0_n_7
    SLICE_X80Y113        LUT6 (Prop_lut6_I4_O)        0.299   123.552 f  dut/core1/execute_unit/u_fpu/u_divider/i__carry_i_10__15/O
                         net (fo=1, routed)           0.669   124.221    dut/core1/execute_unit/u_fpu/u_divider/i__carry_i_10__15_n_0
    SLICE_X80Y113        LUT6 (Prop_lut6_I1_O)        0.124   124.345 r  dut/core1/execute_unit/u_fpu/u_divider/i__carry_i_8__15/O
                         net (fo=4, routed)           1.010   125.355    dut/core1/execute_unit/u_fpu/u_divider/i__carry_i_8__15_n_0
    SLICE_X83Y111        LUT4 (Prop_lut4_I3_O)        0.124   125.479 r  dut/core1/execute_unit/u_fpu/u_divider/i__carry_i_5__15/O
                         net (fo=26, routed)          0.576   126.054    dut/core1/execute_unit/u_fpu/u_divider/i__carry_i_5__15_n_0
    SLICE_X81Y109        LUT2 (Prop_lut2_I1_O)        0.124   126.178 r  dut/core1/execute_unit/u_fpu/u_divider/i__carry_i_4__4/O
                         net (fo=1, routed)           0.000   126.178    dut/core1/execute_unit/u_fpu/u_divider/i__carry_i_4__4_n_0
    SLICE_X81Y109        CARRY4 (Prop_carry4_S[0]_CO[3])
                                                      0.532   126.710 r  dut/core1/execute_unit/u_fpu/u_divider/exp_norm0_inferred__5/i__carry/CO[3]
                         net (fo=1, routed)           0.000   126.710    dut/core1/execute_unit/u_fpu/u_divider/exp_norm0_inferred__5/i__carry_n_0
    SLICE_X81Y110        CARRY4 (Prop_carry4_CI_O[2])
                                                      0.239   126.949 f  dut/core1/execute_unit/u_fpu/u_divider/exp_norm0_inferred__5/i__carry__0/O[2]
                         net (fo=3, routed)           1.279   128.228    dut/core1/execute_unit/u_fpu/u_divider/exp_norm0_inferred__5/i__carry__0_n_5
    SLICE_X85Y109        LUT6 (Prop_lut6_I1_O)        0.302   128.530 f  dut/core1/execute_unit/u_fpu/u_divider/i__carry_i_9__8/O
                         net (fo=1, routed)           0.589   129.119    dut/core1/execute_unit/u_fpu/u_divider/i__carry_i_9__8_n_0
    SLICE_X84Y111        LUT6 (Prop_lut6_I1_O)        0.124   129.243 r  dut/core1/execute_unit/u_fpu/u_divider/i__carry_i_7__15/O
                         net (fo=1, routed)           0.788   130.032    dut/core1/execute_unit/u_fpu/u_divider/i__carry_i_7__15_n_0
    SLICE_X83Y111        LUT6 (Prop_lut6_I5_O)        0.124   130.156 r  dut/core1/execute_unit/u_fpu/u_divider/i__carry_i_5__14/O
                         net (fo=27, routed)          0.569   130.725    dut/core1/execute_unit/u_fpu/u_divider/i__carry_i_5__14_n_0
    SLICE_X85Y110        LUT2 (Prop_lut2_I1_O)        0.124   130.849 r  dut/core1/execute_unit/u_fpu/u_divider/i__carry_i_4__5/O
                         net (fo=1, routed)           0.000   130.849    dut/core1/execute_unit/u_fpu/u_divider/i__carry_i_4__5_n_0
    SLICE_X85Y110        CARRY4 (Prop_carry4_S[0]_CO[3])
                                                      0.532   131.381 r  dut/core1/execute_unit/u_fpu/u_divider/exp_norm0_inferred__6/i__carry/CO[3]
                         net (fo=1, routed)           0.000   131.381    dut/core1/execute_unit/u_fpu/u_divider/exp_norm0_inferred__6/i__carry_n_0
    SLICE_X85Y111        CARRY4 (Prop_carry4_CI_O[0])
                                                      0.222   131.603 f  dut/core1/execute_unit/u_fpu/u_divider/exp_norm0_inferred__6/i__carry__0/O[0]
                         net (fo=3, routed)           0.854   132.456    dut/core1/execute_unit/u_fpu/u_divider/exp_norm0_inferred__6/i__carry__0_n_7
    SLICE_X84Y110        LUT6 (Prop_lut6_I4_O)        0.299   132.755 f  dut/core1/execute_unit/u_fpu/u_divider/i__carry_i_13__12/O
                         net (fo=1, routed)           0.421   133.176    dut/core1/execute_unit/u_fpu/u_divider/i__carry_i_13__12_n_0
    SLICE_X84Y111        LUT6 (Prop_lut6_I1_O)        0.124   133.300 r  dut/core1/execute_unit/u_fpu/u_divider/i__carry_i_9__9/O
                         net (fo=4, routed)           0.792   134.092    dut/core1/execute_unit/u_fpu/u_divider/i__carry_i_9__9_n_0
    SLICE_X83Y113        LUT6 (Prop_lut6_I5_O)        0.124   134.216 r  dut/core1/execute_unit/u_fpu/u_divider/i__carry_i_5__13/O
                         net (fo=27, routed)          1.264   135.480    dut/core1/execute_unit/u_fpu/u_divider/i__carry_i_5__13_n_0
    SLICE_X87Y110        LUT2 (Prop_lut2_I1_O)        0.124   135.604 r  dut/core1/execute_unit/u_fpu/u_divider/i__carry_i_4__6/O
                         net (fo=1, routed)           0.000   135.604    dut/core1/execute_unit/u_fpu/u_divider/i__carry_i_4__6_n_0
    SLICE_X87Y110        CARRY4 (Prop_carry4_S[0]_CO[3])
                                                      0.532   136.136 r  dut/core1/execute_unit/u_fpu/u_divider/exp_norm0_inferred__7/i__carry/CO[3]
                         net (fo=1, routed)           0.000   136.136    dut/core1/execute_unit/u_fpu/u_divider/exp_norm0_inferred__7/i__carry_n_0
    SLICE_X87Y111        CARRY4 (Prop_carry4_CI_O[3])
                                                      0.313   136.449 f  dut/core1/execute_unit/u_fpu/u_divider/exp_norm0_inferred__7/i__carry__0/O[3]
                         net (fo=3, routed)           1.252   137.701    dut/core1/execute_unit/u_fpu/u_divider/exp_norm0_inferred__7/i__carry__0_n_4
    SLICE_X88Y113        LUT6 (Prop_lut6_I2_O)        0.306   138.007 f  dut/core1/execute_unit/u_fpu/u_divider/i__carry_i_10__16/O
                         net (fo=1, routed)           0.279   138.286    dut/core1/execute_unit/u_fpu/u_divider/i__carry_i_10__16_n_0
    SLICE_X88Y113        LUT6 (Prop_lut6_I1_O)        0.124   138.410 r  dut/core1/execute_unit/u_fpu/u_divider/i__carry_i_8__16/O
                         net (fo=2, routed)           0.656   139.066    dut/core1/execute_unit/u_fpu/u_divider/i__carry_i_8__16_n_0
    SLICE_X89Y113        LUT4 (Prop_lut4_I3_O)        0.124   139.190 r  dut/core1/execute_unit/u_fpu/u_divider/i__carry_i_5__12/O
                         net (fo=29, routed)          0.648   139.838    dut/core1/execute_unit/u_fpu/u_divider/i__carry_i_5__12_n_0
    SLICE_X87Y113        LUT2 (Prop_lut2_I1_O)        0.124   139.962 r  dut/core1/execute_unit/u_fpu/u_divider/i__carry_i_4__7/O
                         net (fo=1, routed)           0.000   139.962    dut/core1/execute_unit/u_fpu/u_divider/i__carry_i_4__7_n_0
    SLICE_X87Y113        CARRY4 (Prop_carry4_S[0]_CO[3])
                                                      0.532   140.494 r  dut/core1/execute_unit/u_fpu/u_divider/exp_norm0_inferred__8/i__carry/CO[3]
                         net (fo=1, routed)           0.000   140.494    dut/core1/execute_unit/u_fpu/u_divider/exp_norm0_inferred__8/i__carry_n_0
    SLICE_X87Y114        CARRY4 (Prop_carry4_CI_O[0])
                                                      0.222   140.716 f  dut/core1/execute_unit/u_fpu/u_divider/exp_norm0_inferred__8/i__carry__0/O[0]
                         net (fo=3, routed)           0.816   141.531    dut/core1/execute_unit/u_fpu/u_divider/exp_norm0_inferred__8/i__carry__0_n_7
    SLICE_X86Y115        LUT6 (Prop_lut6_I4_O)        0.299   141.830 f  dut/core1/execute_unit/u_fpu/u_divider/i__carry_i_9__10/O
                         net (fo=1, routed)           0.162   141.992    dut/core1/execute_unit/u_fpu/u_divider/i__carry_i_9__10_n_0
    SLICE_X86Y115        LUT6 (Prop_lut6_I1_O)        0.124   142.116 r  dut/core1/execute_unit/u_fpu/u_divider/i__carry_i_7__16/O
                         net (fo=3, routed)           0.721   142.838    dut/core1/execute_unit/u_fpu/u_divider/i__carry_i_7__16_n_0
    SLICE_X89Y113        LUT6 (Prop_lut6_I5_O)        0.124   142.962 r  dut/core1/execute_unit/u_fpu/u_divider/i__carry_i_5__11/O
                         net (fo=26, routed)          0.330   143.292    dut/core1/execute_unit/u_fpu/u_divider/i__carry_i_5__11_n_0
    SLICE_X85Y113        LUT2 (Prop_lut2_I1_O)        0.124   143.416 r  dut/core1/execute_unit/u_fpu/u_divider/i__carry_i_4__8/O
                         net (fo=1, routed)           0.000   143.416    dut/core1/execute_unit/u_fpu/u_divider/i__carry_i_4__8_n_0
    SLICE_X85Y113        CARRY4 (Prop_carry4_S[0]_CO[3])
                                                      0.532   143.948 r  dut/core1/execute_unit/u_fpu/u_divider/exp_norm0_inferred__9/i__carry/CO[3]
                         net (fo=1, routed)           0.000   143.948    dut/core1/execute_unit/u_fpu/u_divider/exp_norm0_inferred__9/i__carry_n_0
    SLICE_X85Y114        CARRY4 (Prop_carry4_CI_O[1])
                                                      0.334   144.282 f  dut/core1/execute_unit/u_fpu/u_divider/exp_norm0_inferred__9/i__carry__0/O[1]
                         net (fo=3, routed)           1.043   145.324    dut/core1/execute_unit/u_fpu/u_divider/exp_norm0_inferred__9/i__carry__0_n_6
    SLICE_X84Y114        LUT6 (Prop_lut6_I0_O)        0.303   145.627 f  dut/core1/execute_unit/u_fpu/u_divider/i__carry_i_11__14/O
                         net (fo=1, routed)           0.847   146.475    dut/core1/execute_unit/u_fpu/u_divider/i__carry_i_11__14_n_0
    SLICE_X86Y115        LUT6 (Prop_lut6_I1_O)        0.124   146.599 r  dut/core1/execute_unit/u_fpu/u_divider/i__carry_i_9__11/O
                         net (fo=1, routed)           1.162   147.761    dut/core1/execute_unit/u_fpu/u_divider/i__carry_i_9__11_n_0
    SLICE_X89Y113        LUT6 (Prop_lut6_I5_O)        0.124   147.885 r  dut/core1/execute_unit/u_fpu/u_divider/i__carry_i_5__10/O
                         net (fo=30, routed)          0.596   148.481    dut/core1/execute_unit/u_fpu/u_divider/i__carry_i_5__10_n_0
    SLICE_X88Y114        LUT2 (Prop_lut2_I1_O)        0.124   148.605 r  dut/core1/execute_unit/u_fpu/u_divider/i__carry_i_4__9/O
                         net (fo=1, routed)           0.000   148.605    dut/core1/execute_unit/u_fpu/u_divider/i__carry_i_4__9_n_0
    SLICE_X88Y114        CARRY4 (Prop_carry4_S[0]_CO[3])
                                                      0.532   149.137 r  dut/core1/execute_unit/u_fpu/u_divider/exp_norm0_inferred__10/i__carry/CO[3]
                         net (fo=1, routed)           0.000   149.137    dut/core1/execute_unit/u_fpu/u_divider/exp_norm0_inferred__10/i__carry_n_0
    SLICE_X88Y115        CARRY4 (Prop_carry4_CI_O[1])
                                                      0.334   149.471 f  dut/core1/execute_unit/u_fpu/u_divider/exp_norm0_inferred__10/i__carry__0/O[1]
                         net (fo=3, routed)           1.023   150.494    dut/core1/execute_unit/u_fpu/u_divider/exp_norm0_inferred__10/i__carry__0_n_6
    SLICE_X86Y115        LUT6 (Prop_lut6_I0_O)        0.303   150.797 f  dut/core1/execute_unit/u_fpu/u_divider/i__carry_i_10__17/O
                         net (fo=1, routed)           0.516   151.312    dut/core1/execute_unit/u_fpu/u_divider/i__carry_i_10__17_n_0
    SLICE_X86Y116        LUT6 (Prop_lut6_I1_O)        0.124   151.436 r  dut/core1/execute_unit/u_fpu/u_divider/i__carry_i_8__17/O
                         net (fo=4, routed)           0.829   152.266    dut/core1/execute_unit/u_fpu/u_divider/i__carry_i_8__17_n_0
    SLICE_X87Y116        LUT4 (Prop_lut4_I3_O)        0.124   152.390 r  dut/core1/execute_unit/u_fpu/u_divider/i__carry_i_5__9/O
                         net (fo=27, routed)          0.948   153.338    dut/core1/execute_unit/u_fpu/u_divider/i__carry_i_5__9_n_0
    SLICE_X89Y114        LUT2 (Prop_lut2_I1_O)        0.124   153.462 r  dut/core1/execute_unit/u_fpu/u_divider/i__carry_i_4__10/O
                         net (fo=1, routed)           0.000   153.462    dut/core1/execute_unit/u_fpu/u_divider/i__carry_i_4__10_n_0
    SLICE_X89Y114        CARRY4 (Prop_carry4_S[0]_CO[3])
                                                      0.532   153.994 r  dut/core1/execute_unit/u_fpu/u_divider/exp_norm0_inferred__11/i__carry/CO[3]
                         net (fo=1, routed)           0.000   153.994    dut/core1/execute_unit/u_fpu/u_divider/exp_norm0_inferred__11/i__carry_n_0
    SLICE_X89Y115        CARRY4 (Prop_carry4_CI_O[2])
                                                      0.239   154.233 f  dut/core1/execute_unit/u_fpu/u_divider/exp_norm0_inferred__11/i__carry__0/O[2]
                         net (fo=3, routed)           1.090   155.322    dut/core1/execute_unit/u_fpu/u_divider/exp_norm0_inferred__11/i__carry__0_n_5
    SLICE_X87Y116        LUT6 (Prop_lut6_I2_O)        0.302   155.624 f  dut/core1/execute_unit/u_fpu/u_divider/i__carry_i_9__12/O
                         net (fo=1, routed)           0.263   155.887    dut/core1/execute_unit/u_fpu/u_divider/i__carry_i_9__12_n_0
    SLICE_X87Y116        LUT6 (Prop_lut6_I1_O)        0.124   156.011 r  dut/core1/execute_unit/u_fpu/u_divider/i__carry_i_7__17/O
                         net (fo=1, routed)           0.473   156.484    dut/core1/execute_unit/u_fpu/u_divider/i__carry_i_7__17_n_0
    SLICE_X87Y116        LUT6 (Prop_lut6_I5_O)        0.124   156.608 r  dut/core1/execute_unit/u_fpu/u_divider/i__carry_i_5__8/O
                         net (fo=28, routed)          0.587   157.196    dut/core1/execute_unit/u_fpu/u_divider/i__carry_i_5__8_n_0
    SLICE_X89Y117        LUT2 (Prop_lut2_I1_O)        0.124   157.320 r  dut/core1/execute_unit/u_fpu/u_divider/i__carry_i_4__11/O
                         net (fo=1, routed)           0.000   157.320    dut/core1/execute_unit/u_fpu/u_divider/i__carry_i_4__11_n_0
    SLICE_X89Y117        CARRY4 (Prop_carry4_S[0]_CO[3])
                                                      0.532   157.852 r  dut/core1/execute_unit/u_fpu/u_divider/exp_norm0_inferred__12/i__carry/CO[3]
                         net (fo=1, routed)           0.000   157.852    dut/core1/execute_unit/u_fpu/u_divider/exp_norm0_inferred__12/i__carry_n_0
    SLICE_X89Y118        CARRY4 (Prop_carry4_CI_O[1])
                                                      0.334   158.186 f  dut/core1/execute_unit/u_fpu/u_divider/exp_norm0_inferred__12/i__carry__0/O[1]
                         net (fo=3, routed)           0.828   159.014    dut/core1/execute_unit/u_fpu/u_divider/exp_norm0_inferred__12/i__carry__0_n_6
    SLICE_X88Y117        LUT6 (Prop_lut6_I0_O)        0.303   159.317 f  dut/core1/execute_unit/u_fpu/u_divider/i__carry_i_11__15/O
                         net (fo=1, routed)           0.161   159.478    dut/core1/execute_unit/u_fpu/u_divider/i__carry_i_11__15_n_0
    SLICE_X88Y117        LUT6 (Prop_lut6_I1_O)        0.124   159.602 r  dut/core1/execute_unit/u_fpu/u_divider/i__carry_i_9__13/O
                         net (fo=4, routed)           0.563   160.165    dut/core1/execute_unit/u_fpu/u_divider/i__carry_i_9__13_n_0
    SLICE_X90Y116        LUT6 (Prop_lut6_I5_O)        0.124   160.289 r  dut/core1/execute_unit/u_fpu/u_divider/i__carry_i_5__7/O
                         net (fo=27, routed)          0.686   160.974    dut/core1/execute_unit/u_fpu/u_divider/i__carry_i_5__7_n_0
    SLICE_X88Y118        LUT2 (Prop_lut2_I1_O)        0.124   161.098 r  dut/core1/execute_unit/u_fpu/u_divider/i__carry_i_4__12/O
                         net (fo=1, routed)           0.000   161.098    dut/core1/execute_unit/u_fpu/u_divider/i__carry_i_4__12_n_0
    SLICE_X88Y118        CARRY4 (Prop_carry4_S[0]_CO[3])
                                                      0.532   161.630 r  dut/core1/execute_unit/u_fpu/u_divider/exp_norm0_inferred__13/i__carry/CO[3]
                         net (fo=1, routed)           0.000   161.630    dut/core1/execute_unit/u_fpu/u_divider/exp_norm0_inferred__13/i__carry_n_0
    SLICE_X88Y119        CARRY4 (Prop_carry4_CI_O[2])
                                                      0.239   161.869 f  dut/core1/execute_unit/u_fpu/u_divider/exp_norm0_inferred__13/i__carry__0/O[2]
                         net (fo=3, routed)           1.126   162.995    dut/core1/execute_unit/u_fpu/u_divider/exp_norm0_inferred__13/i__carry__0_n_5
    SLICE_X88Y121        LUT6 (Prop_lut6_I1_O)        0.302   163.297 f  dut/core1/execute_unit/u_fpu/u_divider/i__carry_i_10__18/O
                         net (fo=1, routed)           0.158   163.455    dut/core1/execute_unit/u_fpu/u_divider/i__carry_i_10__18_n_0
    SLICE_X88Y121        LUT6 (Prop_lut6_I1_O)        0.124   163.579 r  dut/core1/execute_unit/u_fpu/u_divider/i__carry_i_8__18/O
                         net (fo=2, routed)           1.137   164.717    dut/core1/execute_unit/u_fpu/u_divider/i__carry_i_8__18_n_0
    SLICE_X88Y117        LUT4 (Prop_lut4_I3_O)        0.124   164.841 r  dut/core1/execute_unit/u_fpu/u_divider/i__carry_i_5__6/O
                         net (fo=29, routed)          0.729   165.569    dut/core1/execute_unit/u_fpu/u_divider/i__carry_i_5__6_n_0
    SLICE_X87Y119        LUT2 (Prop_lut2_I1_O)        0.124   165.693 r  dut/core1/execute_unit/u_fpu/u_divider/i__carry_i_4__13/O
                         net (fo=1, routed)           0.000   165.693    dut/core1/execute_unit/u_fpu/u_divider/i__carry_i_4__13_n_0
    SLICE_X87Y119        CARRY4 (Prop_carry4_S[0]_CO[3])
                                                      0.532   166.225 r  dut/core1/execute_unit/u_fpu/u_divider/exp_norm0_inferred__14/i__carry/CO[3]
                         net (fo=1, routed)           0.000   166.225    dut/core1/execute_unit/u_fpu/u_divider/exp_norm0_inferred__14/i__carry_n_0
    SLICE_X87Y120        CARRY4 (Prop_carry4_CI_O[3])
                                                      0.313   166.538 f  dut/core1/execute_unit/u_fpu/u_divider/exp_norm0_inferred__14/i__carry__0/O[3]
                         net (fo=3, routed)           0.970   167.508    dut/core1/execute_unit/u_fpu/u_divider/exp_norm0_inferred__14/i__carry__0_n_4
    SLICE_X88Y121        LUT6 (Prop_lut6_I2_O)        0.306   167.814 f  dut/core1/execute_unit/u_fpu/u_divider/i__carry_i_9__14/O
                         net (fo=1, routed)           0.580   168.395    dut/core1/execute_unit/u_fpu/u_divider/i__carry_i_9__14_n_0
    SLICE_X87Y122        LUT6 (Prop_lut6_I1_O)        0.124   168.519 r  dut/core1/execute_unit/u_fpu/u_divider/i__carry_i_7__18/O
                         net (fo=3, routed)           1.049   169.568    dut/core1/execute_unit/u_fpu/u_divider/i__carry_i_7__18_n_0
    SLICE_X88Y117        LUT6 (Prop_lut6_I5_O)        0.124   169.692 r  dut/core1/execute_unit/u_fpu/u_divider/i__carry_i_5__5/O
                         net (fo=26, routed)          1.457   171.148    dut/core1/execute_unit/u_fpu/u_divider/i__carry_i_5__5_n_0
    SLICE_X86Y121        LUT2 (Prop_lut2_I1_O)        0.124   171.272 r  dut/core1/execute_unit/u_fpu/u_divider/i__carry_i_4__14/O
                         net (fo=1, routed)           0.000   171.272    dut/core1/execute_unit/u_fpu/u_divider/i__carry_i_4__14_n_0
    SLICE_X86Y121        CARRY4 (Prop_carry4_S[0]_CO[3])
                                                      0.513   171.785 r  dut/core1/execute_unit/u_fpu/u_divider/exp_norm0_inferred__15/i__carry/CO[3]
                         net (fo=1, routed)           0.000   171.785    dut/core1/execute_unit/u_fpu/u_divider/exp_norm0_inferred__15/i__carry_n_0
    SLICE_X86Y122        CARRY4 (Prop_carry4_CI_CO[3])
                                                      0.117   171.902 r  dut/core1/execute_unit/u_fpu/u_divider/exp_norm0_inferred__15/i__carry__0/CO[3]
                         net (fo=1, routed)           0.000   171.902    dut/core1/execute_unit/u_fpu/u_divider/exp_norm0_inferred__15/i__carry__0_n_0
    SLICE_X86Y123        CARRY4 (Prop_carry4_CI_O[0])
                                                      0.219   172.121 f  dut/core1/execute_unit/u_fpu/u_divider/exp_norm0_inferred__15/i__carry__1/O[0]
                         net (fo=3, routed)           0.986   173.107    dut/core1/execute_unit/u_fpu/u_divider/exp_norm0_inferred__15/i__carry__1_n_7
    SLICE_X85Y122        LUT6 (Prop_lut6_I1_O)        0.295   173.402 f  dut/core1/execute_unit/u_fpu/u_divider/i__carry_i_11__16/O
                         net (fo=1, routed)           0.264   173.667    dut/core1/execute_unit/u_fpu/u_divider/i__carry_i_11__16_n_0
    SLICE_X85Y122        LUT6 (Prop_lut6_I1_O)        0.124   173.791 r  dut/core1/execute_unit/u_fpu/u_divider/i__carry_i_9__15/O
                         net (fo=4, routed)           0.823   174.614    dut/core1/execute_unit/u_fpu/u_divider/i__carry_i_9__15_n_0
    SLICE_X89Y122        LUT6 (Prop_lut6_I5_O)        0.124   174.738 r  dut/core1/execute_unit/u_fpu/u_divider/i__carry_i_5__4/O
                         net (fo=28, routed)          0.838   175.576    dut/core1/execute_unit/u_fpu/u_divider/i__carry_i_5__4_n_0
    SLICE_X84Y121        LUT2 (Prop_lut2_I1_O)        0.124   175.700 r  dut/core1/execute_unit/u_fpu/u_divider/i__carry_i_4__15/O
                         net (fo=1, routed)           0.000   175.700    dut/core1/execute_unit/u_fpu/u_divider/i__carry_i_4__15_n_0
    SLICE_X84Y121        CARRY4 (Prop_carry4_S[0]_CO[3])
                                                      0.532   176.232 r  dut/core1/execute_unit/u_fpu/u_divider/exp_norm0_inferred__16/i__carry/CO[3]
                         net (fo=1, routed)           0.000   176.232    dut/core1/execute_unit/u_fpu/u_divider/exp_norm0_inferred__16/i__carry_n_0
    SLICE_X84Y122        CARRY4 (Prop_carry4_CI_O[3])
                                                      0.313   176.545 f  dut/core1/execute_unit/u_fpu/u_divider/exp_norm0_inferred__16/i__carry__0/O[3]
                         net (fo=3, routed)           0.835   177.380    dut/core1/execute_unit/u_fpu/u_divider/exp_norm0_inferred__16/i__carry__0_n_4
    SLICE_X87Y122        LUT6 (Prop_lut6_I2_O)        0.306   177.686 f  dut/core1/execute_unit/u_fpu/u_divider/i__carry_i_10__19/O
                         net (fo=1, routed)           0.154   177.840    dut/core1/execute_unit/u_fpu/u_divider/i__carry_i_10__19_n_0
    SLICE_X87Y122        LUT6 (Prop_lut6_I1_O)        0.124   177.964 r  dut/core1/execute_unit/u_fpu/u_divider/i__carry_i_8__19/O
                         net (fo=4, routed)           0.625   178.589    dut/core1/execute_unit/u_fpu/u_divider/i__carry_i_8__19_n_0
    SLICE_X88Y122        LUT4 (Prop_lut4_I3_O)        0.124   178.713 r  dut/core1/execute_unit/u_fpu/u_divider/i__carry_i_5__3/O
                         net (fo=28, routed)          1.818   180.531    dut/core1/execute_unit/u_fpu/u_divider/i__carry_i_5__3_n_0
    SLICE_X86Y118        LUT2 (Prop_lut2_I1_O)        0.124   180.655 r  dut/core1/execute_unit/u_fpu/u_divider/i__carry_i_4__16/O
                         net (fo=1, routed)           0.000   180.655    dut/core1/execute_unit/u_fpu/u_divider/i__carry_i_4__16_n_0
    SLICE_X86Y118        CARRY4 (Prop_carry4_S[0]_CO[3])
                                                      0.513   181.168 r  dut/core1/execute_unit/u_fpu/u_divider/exp_norm0_inferred__17/i__carry/CO[3]
                         net (fo=1, routed)           0.000   181.168    dut/core1/execute_unit/u_fpu/u_divider/exp_norm0_inferred__17/i__carry_n_0
    SLICE_X86Y119        CARRY4 (Prop_carry4_CI_O[2])
                                                      0.239   181.407 f  dut/core1/execute_unit/u_fpu/u_divider/exp_norm0_inferred__17/i__carry__0/O[2]
                         net (fo=3, routed)           0.820   182.228    dut/core1/execute_unit/u_fpu/u_divider/exp_norm0_inferred__17/i__carry__0_n_5
    SLICE_X87Y118        LUT6 (Prop_lut6_I1_O)        0.301   182.529 f  dut/core1/execute_unit/u_fpu/u_divider/i__carry_i_9__16/O
                         net (fo=1, routed)           0.877   183.405    dut/core1/execute_unit/u_fpu/u_divider/i__carry_i_9__16_n_0
    SLICE_X87Y118        LUT6 (Prop_lut6_I1_O)        0.124   183.529 r  dut/core1/execute_unit/u_fpu/u_divider/i__carry_i_7__19/O
                         net (fo=3, routed)           1.402   184.932    dut/core1/execute_unit/u_fpu/u_divider/i__carry_i_7__19_n_0
    SLICE_X88Y122        LUT6 (Prop_lut6_I5_O)        0.124   185.056 r  dut/core1/execute_unit/u_fpu/u_divider/i__carry_i_5__2/O
                         net (fo=26, routed)          0.536   185.591    dut/core1/execute_unit/u_fpu/u_divider/i__carry_i_5__2_n_0
    SLICE_X84Y117        LUT2 (Prop_lut2_I1_O)        0.124   185.715 r  dut/core1/execute_unit/u_fpu/u_divider/i__carry_i_4__17/O
                         net (fo=1, routed)           0.000   185.715    dut/core1/execute_unit/u_fpu/u_divider/i__carry_i_4__17_n_0
    SLICE_X84Y117        CARRY4 (Prop_carry4_S[0]_CO[3])
                                                      0.532   186.247 r  dut/core1/execute_unit/u_fpu/u_divider/exp_norm0_inferred__18/i__carry/CO[3]
                         net (fo=1, routed)           0.000   186.247    dut/core1/execute_unit/u_fpu/u_divider/exp_norm0_inferred__18/i__carry_n_0
    SLICE_X84Y118        CARRY4 (Prop_carry4_CI_CO[3])
                                                      0.114   186.361 r  dut/core1/execute_unit/u_fpu/u_divider/exp_norm0_inferred__18/i__carry__0/CO[3]
                         net (fo=1, routed)           0.000   186.361    dut/core1/execute_unit/u_fpu/u_divider/exp_norm0_inferred__18/i__carry__0_n_0
    SLICE_X84Y119        CARRY4 (Prop_carry4_CI_O[1])
                                                      0.334   186.695 f  dut/core1/execute_unit/u_fpu/u_divider/exp_norm0_inferred__18/i__carry__1/O[1]
                         net (fo=3, routed)           1.175   187.870    dut/core1/execute_unit/u_fpu/u_divider/exp_norm0_inferred__18/i__carry__1_n_6
    SLICE_X81Y117        LUT6 (Prop_lut6_I3_O)        0.303   188.173 r  dut/core1/execute_unit/u_fpu/u_divider/i__carry_i_9__17/O
                         net (fo=5, routed)           1.248   189.421    dut/core1/execute_unit/u_fpu/u_divider/i__carry_i_9__17_n_0
    SLICE_X88Y122        LUT6 (Prop_lut6_I5_O)        0.124   189.545 r  dut/core1/execute_unit/u_fpu/u_divider/i__carry_i_5__1/O
                         net (fo=26, routed)          1.988   191.533    dut/core1/execute_unit/u_fpu/u_divider/i__carry_i_5__1_n_0
    SLICE_X67Y112        LUT2 (Prop_lut2_I1_O)        0.124   191.657 r  dut/core1/execute_unit/u_fpu/u_divider/i__carry_i_4__18/O
                         net (fo=1, routed)           0.000   191.657    dut/core1/execute_unit/u_fpu/u_divider/i__carry_i_4__18_n_0
    SLICE_X67Y112        CARRY4 (Prop_carry4_S[0]_O[3])
                                                      0.606   192.263 f  dut/core1/execute_unit/u_fpu/u_divider/exp_norm0_inferred__19/i__carry/O[3]
                         net (fo=3, routed)           1.308   193.571    dut/core1/execute_unit/u_fpu/u_divider/exp_norm0_inferred__19/i__carry_n_4
    SLICE_X81Y115        LUT6 (Prop_lut6_I3_O)        0.306   193.877 f  dut/core1/execute_unit/u_fpu/u_divider/i__carry_i_9__18/O
                         net (fo=1, routed)           0.633   194.510    dut/core1/execute_unit/u_fpu/u_divider/i__carry_i_9__18_n_0
    SLICE_X81Y116        LUT6 (Prop_lut6_I1_O)        0.124   194.634 r  dut/core1/execute_unit/u_fpu/u_divider/i__carry_i_6__20/O
                         net (fo=6, routed)           0.788   195.421    dut/core1/execute_unit/u_fpu/u_divider/i__carry_i_6__20_n_0
    SLICE_X81Y121        LUT4 (Prop_lut4_I0_O)        0.124   195.545 r  dut/core1/execute_unit/u_fpu/u_divider/i__carry_i_5__0/O
                         net (fo=24, routed)          1.790   197.335    dut/core1/execute_unit/u_fpu/u_divider/i__carry_i_5__0_n_0
    SLICE_X80Y115        LUT2 (Prop_lut2_I1_O)        0.124   197.459 r  dut/core1/execute_unit/u_fpu/u_divider/i__carry_i_4__19/O
                         net (fo=1, routed)           0.000   197.459    dut/core1/execute_unit/u_fpu/u_divider/i__carry_i_4__19_n_0
    SLICE_X80Y115        CARRY4 (Prop_carry4_S[0]_CO[3])
                                                      0.532   197.991 r  dut/core1/execute_unit/u_fpu/u_divider/exp_norm0_inferred__20/i__carry/CO[3]
                         net (fo=1, routed)           0.000   197.991    dut/core1/execute_unit/u_fpu/u_divider/exp_norm0_inferred__20/i__carry_n_0
    SLICE_X80Y116        CARRY4 (Prop_carry4_CI_O[2])
                                                      0.239   198.230 r  dut/core1/execute_unit/u_fpu/u_divider/exp_norm0_inferred__20/i__carry__0/O[2]
                         net (fo=3, routed)           0.974   199.204    dut/core1/execute_unit/u_fpu/u_divider/exp_norm0_inferred__20/i__carry__0_n_5
    SLICE_X81Y115        LUT6 (Prop_lut6_I2_O)        0.302   199.506 r  dut/core1/execute_unit/u_fpu/u_divider/i__carry_i_9__19/O
                         net (fo=1, routed)           0.154   199.661    dut/core1/execute_unit/u_fpu/u_divider/i__carry_i_9__19_n_0
    SLICE_X81Y115        LUT6 (Prop_lut6_I1_O)        0.124   199.785 f  dut/core1/execute_unit/u_fpu/u_divider/i__carry_i_7__20/O
                         net (fo=12, routed)          0.777   200.562    dut/core1/execute_unit/u_fpu/u_divider/i__carry_i_7__20_n_0
    SLICE_X81Y121        LUT2 (Prop_lut2_I1_O)        0.124   200.686 r  dut/core1/execute_unit/u_fpu/u_divider/i__carry_i_5/O
                         net (fo=24, routed)          1.004   201.690    dut/core1/execute_unit/u_fpu/u_divider/i__carry_i_5_n_0
    SLICE_X67Y109        LUT2 (Prop_lut2_I1_O)        0.124   201.814 r  dut/core1/execute_unit/u_fpu/u_divider/i__carry_i_4__20/O
                         net (fo=1, routed)           0.000   201.814    dut/core1/execute_unit/u_fpu/u_divider/i__carry_i_4__20_n_0
    SLICE_X67Y109        CARRY4 (Prop_carry4_S[0]_CO[3])
                                                      0.532   202.346 r  dut/core1/execute_unit/u_fpu/u_divider/exp_norm0_inferred__21/i__carry/CO[3]
                         net (fo=1, routed)           0.000   202.346    dut/core1/execute_unit/u_fpu/u_divider/exp_norm0_inferred__21/i__carry_n_0
    SLICE_X67Y110        CARRY4 (Prop_carry4_CI_O[0])
                                                      0.222   202.568 f  dut/core1/execute_unit/u_fpu/u_divider/exp_norm0_inferred__21/i__carry__0/O[0]
                         net (fo=4, routed)           0.831   203.399    dut/core1/execute_unit/u_fpu/u_divider/exp_norm0_inferred__21/i__carry__0_n_7
    SLICE_X63Y110        LUT6 (Prop_lut6_I0_O)        0.299   203.698 r  dut/core1/execute_unit/u_fpu/u_divider/out_res[30]_i_10/O
                         net (fo=8, routed)           0.599   204.297    dut/core1/execute_unit/u_fpu/u_divider/out_res[30]_i_10_n_0
    SLICE_X62Y112        LUT6 (Prop_lut6_I3_O)        0.124   204.421 r  dut/core1/execute_unit/u_fpu/u_divider/out_res[30]_i_21/O
                         net (fo=9, routed)           1.334   205.755    dut/core1/execute_unit/u_fpu/u_divider/out_res[30]_i_21_n_0
    SLICE_X80Y121        LUT6 (Prop_lut6_I5_O)        0.124   205.879 r  dut/core1/execute_unit/u_fpu/u_divider/out_res[30]_i_9/O
                         net (fo=33, routed)          2.438   208.316    dut/core1/execute_unit/u_fpu/u_divider/out_res[30]_i_9_n_0
    SLICE_X59Y107        LUT5 (Prop_lut5_I2_O)        0.150   208.466 r  dut/core1/execute_unit/u_fpu/u_divider/out_res[29]_i_4/O
                         net (fo=2, routed)           0.918   209.385    dut/core1/execute_unit/u_fpu/u_divider/out_res[29]_i_4_n_0
    SLICE_X59Y108        LUT6 (Prop_lut6_I2_O)        0.326   209.711 r  dut/core1/execute_unit/u_fpu/u_divider/out_res[22]_i_3/O
                         net (fo=23, routed)          2.078   211.788    dut/core1/execute_unit/u_fpu/u_divider/out_res[22]_i_3_n_0
    SLICE_X49Y116        LUT6 (Prop_lut6_I3_O)        0.124   211.912 r  dut/core1/execute_unit/u_fpu/u_divider/out_res[11]_i_1/O
                         net (fo=1, routed)           0.000   211.912    dut/core1/execute_unit/u_fpu/u_divider/out_res[11]_i_1_n_0
    SLICE_X49Y116        FDCE                                         r  dut/core1/execute_unit/u_fpu/u_divider/out_res_reg[11]/D
  -------------------------------------------------------------------    -------------------

Slack:                    inf
  Source:                 dut/core1/ex_mem/RD_F_M_reg[1]/C
                            (rising edge-triggered cell FDRE)
  Destination:            dut/core1/execute_unit/u_fpu/u_divider/out_res_reg[10]/D
  Path Group:             (none)
  Path Type:              Max at Slow Process Corner
  Data Path Delay:        211.912ns  (logic 72.919ns (34.410%)  route 138.993ns (65.590%))
  Logic Levels:           338  (CARRY4=217 FDRE=1 LUT2=23 LUT3=23 LUT4=7 LUT5=4 LUT6=63)

    Location             Delay type                Incr(ns)  Path(ns)    Netlist Resource(s)
  -------------------------------------------------------------------    -------------------
    SLICE_X52Y80         FDRE                         0.000     0.000 r  dut/core1/ex_mem/RD_F_M_reg[1]/C
    SLICE_X52Y80         FDRE (Prop_fdre_C_Q)         0.456     0.456 f  dut/core1/ex_mem/RD_F_M_reg[1]/Q
                         net (fo=9, routed)           2.131     2.587    dut/core1/ex_mem/RD_F_M[1]
    SLICE_X39Y81         LUT6 (Prop_lut6_I0_O)        0.124     2.711 f  dut/core1/ex_mem/A_r[31]_i_13/O
                         net (fo=2, routed)           0.636     3.347    dut/core1/ex_mem/A_r[31]_i_13_n_0
    SLICE_X37Y81         LUT6 (Prop_lut6_I0_O)        0.124     3.471 f  dut/core1/ex_mem/A_r[31]_i_8/O
                         net (fo=65, routed)          0.841     4.312    dut/core1/id_ex/A_r_reg[31][0]
    SLICE_X37Y80         LUT3 (Prop_lut3_I2_O)        0.124     4.436 r  dut/core1/id_ex/A_r[31]_i_7/O
                         net (fo=64, routed)          1.682     6.118    dut/core1/id_ex/ForwardAE[0]
    SLICE_X45Y82         LUT5 (Prop_lut5_I1_O)        0.124     6.242 r  dut/core1/id_ex/forward_a_mux/A_r[26]_i_3/O
                         net (fo=8, routed)           3.358     9.600    dut/core1/id_ex/execute_unit/SrcA_Forwarded[26]
    SLICE_X81Y118        LUT3 (Prop_lut3_I2_O)        0.124     9.724 r  dut/core1/id_ex/A_r[26]_i_1/O
                         net (fo=82, routed)          4.034    13.758    dut/core1/id_ex/FPU_RS1_Input[26]
    SLICE_X64Y124        LUT5 (Prop_lut5_I1_O)        0.124    13.882 r  dut/core1/id_ex/out_res[31]_i_3/O
                         net (fo=4, routed)           1.403    15.285    dut/core1/mem_wb/exp_norm20_in[0]
    SLICE_X56Y133        LUT2 (Prop_lut2_I1_O)        0.124    15.409 r  dut/core1/mem_wb/out_res[30]_i_687/O
                         net (fo=1, routed)           0.000    15.409    dut/core1/mem_wb_n_58
    SLICE_X56Y133        CARRY4 (Prop_carry4_S[0]_CO[3])
                                                      0.532    15.941 r  dut/core1/u_divider/out_res_reg[30]_i_633/CO[3]
                         net (fo=1, routed)           0.000    15.941    dut/core1/u_divider/out_res_reg[30]_i_633_n_0
    SLICE_X56Y134        CARRY4 (Prop_carry4_CI_CO[3])
                                                      0.114    16.055 r  dut/core1/u_divider/out_res_reg[30]_i_628/CO[3]
                         net (fo=1, routed)           0.000    16.055    dut/core1/u_divider/out_res_reg[30]_i_628_n_0
    SLICE_X56Y135        CARRY4 (Prop_carry4_CI_CO[3])
                                                      0.114    16.169 r  dut/core1/u_divider/out_res_reg[30]_i_623/CO[3]
                         net (fo=1, routed)           0.000    16.169    dut/core1/u_divider/out_res_reg[30]_i_623_n_0
    SLICE_X56Y136        CARRY4 (Prop_carry4_CI_CO[3])
                                                      0.114    16.283 r  dut/core1/u_divider/out_res_reg[30]_i_618/CO[3]
                         net (fo=1, routed)           0.000    16.283    dut/core1/u_divider/out_res_reg[30]_i_618_n_0
    SLICE_X56Y137        CARRY4 (Prop_carry4_CI_CO[3])
                                                      0.114    16.397 r  dut/core1/u_divider/out_res_reg[30]_i_613/CO[3]
                         net (fo=1, routed)           0.000    16.397    dut/core1/u_divider/out_res_reg[30]_i_613_n_0
    SLICE_X56Y138        CARRY4 (Prop_carry4_CI_CO[3])
                                                      0.114    16.511 r  dut/core1/u_divider/out_res_reg[30]_i_610/CO[3]
                         net (fo=1, routed)           0.000    16.511    dut/core1/u_divider/out_res_reg[30]_i_610_n_0
    SLICE_X56Y139        CARRY4 (Prop_carry4_CI_CO[0])
                                                      0.271    16.782 r  dut/core1/u_divider/out_res_reg[30]_i_609/CO[0]
                         net (fo=27, routed)          2.223    19.005    dut/core1/u_divider/out_res_reg[30]_i_609_n_3
    SLICE_X55Y131        LUT3 (Prop_lut3_I0_O)        0.373    19.378 r  dut/core1/u_divider/out_res[30]_i_640/O
                         net (fo=1, routed)           0.000    19.378    dut/core1/u_divider/out_res[30]_i_640_n_0
    SLICE_X55Y131        CARRY4 (Prop_carry4_S[1]_CO[3])
                                                      0.550    19.928 r  dut/core1/u_divider/out_res_reg[30]_i_601/CO[3]
                         net (fo=1, routed)           0.000    19.928    dut/core1/u_divider/out_res_reg[30]_i_601_n_0
    SLICE_X55Y132        CARRY4 (Prop_carry4_CI_CO[3])
                                                      0.114    20.042 r  dut/core1/u_divider/out_res_reg[30]_i_596/CO[3]
                         net (fo=1, routed)           0.000    20.042    dut/core1/u_divider/out_res_reg[30]_i_596_n_0
    SLICE_X55Y133        CARRY4 (Prop_carry4_CI_CO[3])
                                                      0.114    20.156 r  dut/core1/u_divider/out_res_reg[30]_i_591/CO[3]
                         net (fo=1, routed)           0.000    20.156    dut/core1/u_divider/out_res_reg[30]_i_591_n_0
    SLICE_X55Y134        CARRY4 (Prop_carry4_CI_CO[3])
                                                      0.114    20.270 r  dut/core1/u_divider/out_res_reg[30]_i_586/CO[3]
                         net (fo=1, routed)           0.000    20.270    dut/core1/u_divider/out_res_reg[30]_i_586_n_0
    SLICE_X55Y135        CARRY4 (Prop_carry4_CI_CO[3])
                                                      0.114    20.384 r  dut/core1/u_divider/out_res_reg[30]_i_581/CO[3]
                         net (fo=1, routed)           0.000    20.384    dut/core1/u_divider/out_res_reg[30]_i_581_n_0
    SLICE_X55Y136        CARRY4 (Prop_carry4_CI_CO[3])
                                                      0.114    20.498 r  dut/core1/u_divider/out_res_reg[30]_i_578/CO[3]
                         net (fo=1, routed)           0.000    20.498    dut/core1/u_divider/out_res_reg[30]_i_578_n_0
    SLICE_X55Y137        CARRY4 (Prop_carry4_CI_CO[1])
                                                      0.157    20.655 r  dut/core1/u_divider/out_res_reg[30]_i_577/CO[1]
                         net (fo=27, routed)          2.249    22.904    dut/core1/u_divider/out_res_reg[30]_i_577_n_2
    SLICE_X53Y129        LUT3 (Prop_lut3_I0_O)        0.329    23.233 r  dut/core1/u_divider/out_res[30]_i_608/O
                         net (fo=1, routed)           0.000    23.233    dut/core1/u_divider/out_res[30]_i_608_n_0
    SLICE_X53Y129        CARRY4 (Prop_carry4_S[1]_CO[3])
                                                      0.550    23.783 r  dut/core1/u_divider/out_res_reg[30]_i_569/CO[3]
                         net (fo=1, routed)           0.000    23.783    dut/core1/u_divider/out_res_reg[30]_i_569_n_0
    SLICE_X53Y130        CARRY4 (Prop_carry4_CI_CO[3])
                                                      0.114    23.897 r  dut/core1/u_divider/out_res_reg[30]_i_564/CO[3]
                         net (fo=1, routed)           0.000    23.897    dut/core1/u_divider/out_res_reg[30]_i_564_n_0
    SLICE_X53Y131        CARRY4 (Prop_carry4_CI_CO[3])
                                                      0.114    24.011 r  dut/core1/u_divider/out_res_reg[30]_i_559/CO[3]
                         net (fo=1, routed)           0.000    24.011    dut/core1/u_divider/out_res_reg[30]_i_559_n_0
    SLICE_X53Y132        CARRY4 (Prop_carry4_CI_CO[3])
                                                      0.114    24.125 r  dut/core1/u_divider/out_res_reg[30]_i_554/CO[3]
                         net (fo=1, routed)           0.000    24.125    dut/core1/u_divider/out_res_reg[30]_i_554_n_0
    SLICE_X53Y133        CARRY4 (Prop_carry4_CI_CO[3])
                                                      0.114    24.239 r  dut/core1/u_divider/out_res_reg[30]_i_549/CO[3]
                         net (fo=1, routed)           0.000    24.239    dut/core1/u_divider/out_res_reg[30]_i_549_n_0
    SLICE_X53Y134        CARRY4 (Prop_carry4_CI_CO[3])
                                                      0.114    24.353 r  dut/core1/u_divider/out_res_reg[30]_i_546/CO[3]
                         net (fo=1, routed)           0.000    24.353    dut/core1/u_divider/out_res_reg[30]_i_546_n_0
    SLICE_X53Y135        CARRY4 (Prop_carry4_CI_CO[1])
                                                      0.157    24.510 r  dut/core1/u_divider/out_res_reg[30]_i_545/CO[1]
                         net (fo=27, routed)          1.533    26.043    dut/core1/u_divider/out_res_reg[30]_i_545_n_2
    SLICE_X52Y128        LUT3 (Prop_lut3_I0_O)        0.329    26.372 r  dut/core1/u_divider/out_res[30]_i_576/O
                         net (fo=1, routed)           0.000    26.372    dut/core1/u_divider/out_res[30]_i_576_n_0
    SLICE_X52Y128        CARRY4 (Prop_carry4_S[1]_CO[3])
                                                      0.550    26.922 r  dut/core1/u_divider/out_res_reg[30]_i_537/CO[3]
                         net (fo=1, routed)           0.000    26.922    dut/core1/u_divider/out_res_reg[30]_i_537_n_0
    SLICE_X52Y129        CARRY4 (Prop_carry4_CI_CO[3])
                                                      0.114    27.036 r  dut/core1/u_divider/out_res_reg[30]_i_532/CO[3]
                         net (fo=1, routed)           0.000    27.036    dut/core1/u_divider/out_res_reg[30]_i_532_n_0
    SLICE_X52Y130        CARRY4 (Prop_carry4_CI_CO[3])
                                                      0.114    27.150 r  dut/core1/u_divider/out_res_reg[30]_i_527/CO[3]
                         net (fo=1, routed)           0.000    27.150    dut/core1/u_divider/out_res_reg[30]_i_527_n_0
    SLICE_X52Y131        CARRY4 (Prop_carry4_CI_CO[3])
                                                      0.114    27.264 r  dut/core1/u_divider/out_res_reg[30]_i_522/CO[3]
                         net (fo=1, routed)           0.000    27.264    dut/core1/u_divider/out_res_reg[30]_i_522_n_0
    SLICE_X52Y132        CARRY4 (Prop_carry4_CI_CO[3])
                                                      0.114    27.378 r  dut/core1/u_divider/out_res_reg[30]_i_517/CO[3]
                         net (fo=1, routed)           0.000    27.378    dut/core1/u_divider/out_res_reg[30]_i_517_n_0
    SLICE_X52Y133        CARRY4 (Prop_carry4_CI_CO[3])
                                                      0.114    27.492 r  dut/core1/u_divider/out_res_reg[30]_i_514/CO[3]
                         net (fo=1, routed)           0.000    27.492    dut/core1/u_divider/out_res_reg[30]_i_514_n_0
    SLICE_X52Y134        CARRY4 (Prop_carry4_CI_CO[1])
                                                      0.157    27.649 r  dut/core1/u_divider/out_res_reg[30]_i_513/CO[1]
                         net (fo=27, routed)          1.847    29.496    dut/core1/u_divider/out_res_reg[30]_i_513_n_2
    SLICE_X51Y128        LUT3 (Prop_lut3_I0_O)        0.329    29.825 r  dut/core1/u_divider/out_res[30]_i_544/O
                         net (fo=1, routed)           0.000    29.825    dut/core1/u_divider/out_res[30]_i_544_n_0
    SLICE_X51Y128        CARRY4 (Prop_carry4_S[1]_CO[3])
                                                      0.550    30.375 r  dut/core1/u_divider/out_res_reg[30]_i_505/CO[3]
                         net (fo=1, routed)           0.000    30.375    dut/core1/u_divider/out_res_reg[30]_i_505_n_0
    SLICE_X51Y129        CARRY4 (Prop_carry4_CI_CO[3])
                                                      0.114    30.489 r  dut/core1/u_divider/out_res_reg[30]_i_500/CO[3]
                         net (fo=1, routed)           0.000    30.489    dut/core1/u_divider/out_res_reg[30]_i_500_n_0
    SLICE_X51Y130        CARRY4 (Prop_carry4_CI_CO[3])
                                                      0.114    30.603 r  dut/core1/u_divider/out_res_reg[30]_i_495/CO[3]
                         net (fo=1, routed)           0.000    30.603    dut/core1/u_divider/out_res_reg[30]_i_495_n_0
    SLICE_X51Y131        CARRY4 (Prop_carry4_CI_CO[3])
                                                      0.114    30.717 r  dut/core1/u_divider/out_res_reg[30]_i_490/CO[3]
                         net (fo=1, routed)           0.000    30.717    dut/core1/u_divider/out_res_reg[30]_i_490_n_0
    SLICE_X51Y132        CARRY4 (Prop_carry4_CI_CO[3])
                                                      0.114    30.831 r  dut/core1/u_divider/out_res_reg[30]_i_485/CO[3]
                         net (fo=1, routed)           0.000    30.831    dut/core1/u_divider/out_res_reg[30]_i_485_n_0
    SLICE_X51Y133        CARRY4 (Prop_carry4_CI_CO[3])
                                                      0.114    30.945 r  dut/core1/u_divider/out_res_reg[30]_i_482/CO[3]
                         net (fo=1, routed)           0.000    30.945    dut/core1/u_divider/out_res_reg[30]_i_482_n_0
    SLICE_X51Y134        CARRY4 (Prop_carry4_CI_CO[1])
                                                      0.157    31.102 r  dut/core1/u_divider/out_res_reg[30]_i_481/CO[1]
                         net (fo=27, routed)          1.537    32.639    dut/core1/u_divider/out_res_reg[30]_i_481_n_2
    SLICE_X50Y128        LUT3 (Prop_lut3_I0_O)        0.329    32.968 r  dut/core1/u_divider/out_res[30]_i_511/O
                         net (fo=1, routed)           0.000    32.968    dut/core1/u_divider/out_res[30]_i_511_n_0
    SLICE_X50Y128        CARRY4 (Prop_carry4_S[2]_CO[3])
                                                      0.380    33.348 r  dut/core1/u_divider/out_res_reg[30]_i_473/CO[3]
                         net (fo=1, routed)           0.000    33.348    dut/core1/u_divider/out_res_reg[30]_i_473_n_0
    SLICE_X50Y129        CARRY4 (Prop_carry4_CI_CO[3])
                                                      0.117    33.465 r  dut/core1/u_divider/out_res_reg[30]_i_468/CO[3]
                         net (fo=1, routed)           0.000    33.465    dut/core1/u_divider/out_res_reg[30]_i_468_n_0
    SLICE_X50Y130        CARRY4 (Prop_carry4_CI_CO[3])
                                                      0.117    33.582 r  dut/core1/u_divider/out_res_reg[30]_i_463/CO[3]
                         net (fo=1, routed)           0.000    33.582    dut/core1/u_divider/out_res_reg[30]_i_463_n_0
    SLICE_X50Y131        CARRY4 (Prop_carry4_CI_CO[3])
                                                      0.117    33.699 r  dut/core1/u_divider/out_res_reg[30]_i_458/CO[3]
                         net (fo=1, routed)           0.000    33.699    dut/core1/u_divider/out_res_reg[30]_i_458_n_0
    SLICE_X50Y132        CARRY4 (Prop_carry4_CI_CO[3])
                                                      0.117    33.816 r  dut/core1/u_divider/out_res_reg[30]_i_453/CO[3]
                         net (fo=1, routed)           0.000    33.816    dut/core1/u_divider/out_res_reg[30]_i_453_n_0
    SLICE_X50Y133        CARRY4 (Prop_carry4_CI_CO[3])
                                                      0.117    33.933 r  dut/core1/u_divider/out_res_reg[30]_i_450/CO[3]
                         net (fo=1, routed)           0.000    33.933    dut/core1/u_divider/out_res_reg[30]_i_450_n_0
    SLICE_X50Y134        CARRY4 (Prop_carry4_CI_CO[1])
                                                      0.157    34.090 r  dut/core1/u_divider/out_res_reg[30]_i_449/CO[1]
                         net (fo=27, routed)          2.011    36.102    dut/core1/u_divider/out_res_reg[30]_i_449_n_2
    SLICE_X47Y128        LUT3 (Prop_lut3_I0_O)        0.332    36.434 r  dut/core1/u_divider/out_res[30]_i_478/O
                         net (fo=1, routed)           0.000    36.434    dut/core1/u_divider/out_res[30]_i_478_n_0
    SLICE_X47Y128        CARRY4 (Prop_carry4_S[3]_CO[3])
                                                      0.401    36.835 r  dut/core1/u_divider/out_res_reg[30]_i_441/CO[3]
                         net (fo=1, routed)           0.000    36.835    dut/core1/u_divider/out_res_reg[30]_i_441_n_0
    SLICE_X47Y129        CARRY4 (Prop_carry4_CI_CO[3])
                                                      0.114    36.949 r  dut/core1/u_divider/out_res_reg[30]_i_436/CO[3]
                         net (fo=1, routed)           0.000    36.949    dut/core1/u_divider/out_res_reg[30]_i_436_n_0
    SLICE_X47Y130        CARRY4 (Prop_carry4_CI_CO[3])
                                                      0.114    37.063 r  dut/core1/u_divider/out_res_reg[30]_i_431/CO[3]
                         net (fo=1, routed)           0.000    37.063    dut/core1/u_divider/out_res_reg[30]_i_431_n_0
    SLICE_X47Y131        CARRY4 (Prop_carry4_CI_CO[3])
                                                      0.114    37.177 r  dut/core1/u_divider/out_res_reg[30]_i_426/CO[3]
                         net (fo=1, routed)           0.000    37.177    dut/core1/u_divider/out_res_reg[30]_i_426_n_0
    SLICE_X47Y132        CARRY4 (Prop_carry4_CI_CO[3])
                                                      0.114    37.291 r  dut/core1/u_divider/out_res_reg[30]_i_421/CO[3]
                         net (fo=1, routed)           0.000    37.291    dut/core1/u_divider/out_res_reg[30]_i_421_n_0
    SLICE_X47Y133        CARRY4 (Prop_carry4_CI_CO[3])
                                                      0.114    37.405 r  dut/core1/u_divider/out_res_reg[30]_i_418/CO[3]
                         net (fo=1, routed)           0.000    37.405    dut/core1/u_divider/out_res_reg[30]_i_418_n_0
    SLICE_X47Y134        CARRY4 (Prop_carry4_CI_CO[1])
                                                      0.157    37.562 r  dut/core1/u_divider/out_res_reg[30]_i_417/CO[1]
                         net (fo=27, routed)          1.865    39.427    dut/core1/u_divider/out_res_reg[30]_i_417_n_2
    SLICE_X45Y129        LUT3 (Prop_lut3_I0_O)        0.329    39.756 r  dut/core1/u_divider/out_res[30]_i_446/O
                         net (fo=1, routed)           0.000    39.756    dut/core1/u_divider/out_res[30]_i_446_n_0
    SLICE_X45Y129        CARRY4 (Prop_carry4_S[3]_CO[3])
                                                      0.401    40.157 r  dut/core1/u_divider/out_res_reg[30]_i_409/CO[3]
                         net (fo=1, routed)           0.000    40.157    dut/core1/u_divider/out_res_reg[30]_i_409_n_0
    SLICE_X45Y130        CARRY4 (Prop_carry4_CI_CO[3])
                                                      0.114    40.271 r  dut/core1/u_divider/out_res_reg[30]_i_404/CO[3]
                         net (fo=1, routed)           0.000    40.271    dut/core1/u_divider/out_res_reg[30]_i_404_n_0
    SLICE_X45Y131        CARRY4 (Prop_carry4_CI_CO[3])
                                                      0.114    40.385 r  dut/core1/u_divider/out_res_reg[30]_i_399/CO[3]
                         net (fo=1, routed)           0.000    40.385    dut/core1/u_divider/out_res_reg[30]_i_399_n_0
    SLICE_X45Y132        CARRY4 (Prop_carry4_CI_CO[3])
                                                      0.114    40.499 r  dut/core1/u_divider/out_res_reg[30]_i_394/CO[3]
                         net (fo=1, routed)           0.000    40.499    dut/core1/u_divider/out_res_reg[30]_i_394_n_0
    SLICE_X45Y133        CARRY4 (Prop_carry4_CI_CO[3])
                                                      0.114    40.613 r  dut/core1/u_divider/out_res_reg[30]_i_389/CO[3]
                         net (fo=1, routed)           0.000    40.613    dut/core1/u_divider/out_res_reg[30]_i_389_n_0
    SLICE_X45Y134        CARRY4 (Prop_carry4_CI_CO[3])
                                                      0.114    40.727 r  dut/core1/u_divider/out_res_reg[30]_i_386/CO[3]
                         net (fo=1, routed)           0.000    40.727    dut/core1/u_divider/out_res_reg[30]_i_386_n_0
    SLICE_X45Y135        CARRY4 (Prop_carry4_CI_CO[1])
                                                      0.157    40.884 r  dut/core1/u_divider/out_res_reg[30]_i_385/CO[1]
                         net (fo=27, routed)          2.270    43.155    dut/core1/u_divider/out_res_reg[30]_i_385_n_2
    SLICE_X45Y120        LUT3 (Prop_lut3_I0_O)        0.329    43.484 r  dut/core1/u_divider/out_res[30]_i_416/O
                         net (fo=1, routed)           0.000    43.484    dut/core1/u_divider/out_res[30]_i_416_n_0
    SLICE_X45Y120        CARRY4 (Prop_carry4_S[1]_CO[3])
                                                      0.550    44.034 r  dut/core1/u_divider/out_res_reg[30]_i_377/CO[3]
                         net (fo=1, routed)           0.000    44.034    dut/core1/u_divider/out_res_reg[30]_i_377_n_0
    SLICE_X45Y121        CARRY4 (Prop_carry4_CI_CO[3])
                                                      0.114    44.148 r  dut/core1/u_divider/out_res_reg[30]_i_372/CO[3]
                         net (fo=1, routed)           0.000    44.148    dut/core1/u_divider/out_res_reg[30]_i_372_n_0
    SLICE_X45Y122        CARRY4 (Prop_carry4_CI_CO[3])
                                                      0.114    44.262 r  dut/core1/u_divider/out_res_reg[30]_i_367/CO[3]
                         net (fo=1, routed)           0.000    44.262    dut/core1/u_divider/out_res_reg[30]_i_367_n_0
    SLICE_X45Y123        CARRY4 (Prop_carry4_CI_CO[3])
                                                      0.114    44.376 r  dut/core1/u_divider/out_res_reg[30]_i_362/CO[3]
                         net (fo=1, routed)           0.000    44.376    dut/core1/u_divider/out_res_reg[30]_i_362_n_0
    SLICE_X45Y124        CARRY4 (Prop_carry4_CI_CO[3])
                                                      0.114    44.490 r  dut/core1/u_divider/out_res_reg[30]_i_357/CO[3]
                         net (fo=1, routed)           0.009    44.499    dut/core1/u_divider/out_res_reg[30]_i_357_n_0
    SLICE_X45Y125        CARRY4 (Prop_carry4_CI_CO[3])
                                                      0.114    44.613 r  dut/core1/u_divider/out_res_reg[30]_i_354/CO[3]
                         net (fo=1, routed)           0.000    44.613    dut/core1/u_divider/out_res_reg[30]_i_354_n_0
    SLICE_X45Y126        CARRY4 (Prop_carry4_CI_CO[1])
                                                      0.157    44.770 r  dut/core1/u_divider/out_res_reg[30]_i_353/CO[1]
                         net (fo=27, routed)          1.636    46.406    dut/core1/u_divider/out_res_reg[30]_i_353_n_2
    SLICE_X46Y120        CARRY4 (Prop_carry4_CYINIT_CO[3])
                                                      0.800    47.206 r  dut/core1/u_divider/out_res_reg[30]_i_344/CO[3]
                         net (fo=1, routed)           0.000    47.206    dut/core1/u_divider/out_res_reg[30]_i_344_n_0
    SLICE_X46Y121        CARRY4 (Prop_carry4_CI_CO[3])
                                                      0.117    47.323 r  dut/core1/u_divider/out_res_reg[30]_i_339/CO[3]
                         net (fo=1, routed)           0.000    47.323    dut/core1/u_divider/out_res_reg[30]_i_339_n_0
    SLICE_X46Y122        CARRY4 (Prop_carry4_CI_CO[3])
                                                      0.117    47.440 r  dut/core1/u_divider/out_res_reg[30]_i_334/CO[3]
                         net (fo=1, routed)           0.000    47.440    dut/core1/u_divider/out_res_reg[30]_i_334_n_0
    SLICE_X46Y123        CARRY4 (Prop_carry4_CI_CO[3])
                                                      0.117    47.557 r  dut/core1/u_divider/out_res_reg[30]_i_329/CO[3]
                         net (fo=1, routed)           0.000    47.557    dut/core1/u_divider/out_res_reg[30]_i_329_n_0
    SLICE_X46Y124        CARRY4 (Prop_carry4_CI_CO[3])
                                                      0.117    47.674 r  dut/core1/u_divider/out_res_reg[30]_i_324/CO[3]
                         net (fo=1, routed)           0.009    47.683    dut/core1/u_divider/out_res_reg[30]_i_324_n_0
    SLICE_X46Y125        CARRY4 (Prop_carry4_CI_CO[3])
                                                      0.117    47.800 r  dut/core1/u_divider/out_res_reg[30]_i_321/CO[3]
                         net (fo=1, routed)           0.000    47.800    dut/core1/u_divider/out_res_reg[30]_i_321_n_0
    SLICE_X46Y126        CARRY4 (Prop_carry4_CI_CO[1])
                                                      0.157    47.957 r  dut/core1/u_divider/out_res_reg[30]_i_320/CO[1]
                         net (fo=27, routed)          1.474    49.431    dut/core1/u_divider/out_res_reg[30]_i_320_n_2
    SLICE_X49Y122        LUT3 (Prop_lut3_I0_O)        0.332    49.763 r  dut/core1/u_divider/out_res[30]_i_351/O
                         net (fo=1, routed)           0.000    49.763    dut/core1/u_divider/out_res[30]_i_351_n_0
    SLICE_X49Y122        CARRY4 (Prop_carry4_S[1]_CO[3])
                                                      0.550    50.313 r  dut/core1/u_divider/out_res_reg[30]_i_311/CO[3]
                         net (fo=1, routed)           0.000    50.313    dut/core1/u_divider/out_res_reg[30]_i_311_n_0
    SLICE_X49Y123        CARRY4 (Prop_carry4_CI_CO[3])
                                                      0.114    50.427 r  dut/core1/u_divider/out_res_reg[30]_i_306/CO[3]
                         net (fo=1, routed)           0.000    50.427    dut/core1/u_divider/out_res_reg[30]_i_306_n_0
    SLICE_X49Y124        CARRY4 (Prop_carry4_CI_CO[3])
                                                      0.114    50.541 r  dut/core1/u_divider/out_res_reg[30]_i_301/CO[3]
                         net (fo=1, routed)           0.009    50.550    dut/core1/u_divider/out_res_reg[30]_i_301_n_0
    SLICE_X49Y125        CARRY4 (Prop_carry4_CI_CO[3])
                                                      0.114    50.664 r  dut/core1/u_divider/out_res_reg[30]_i_296/CO[3]
                         net (fo=1, routed)           0.000    50.664    dut/core1/u_divider/out_res_reg[30]_i_296_n_0
    SLICE_X49Y126        CARRY4 (Prop_carry4_CI_CO[3])
                                                      0.114    50.778 r  dut/core1/u_divider/out_res_reg[30]_i_291/CO[3]
                         net (fo=1, routed)           0.000    50.778    dut/core1/u_divider/out_res_reg[30]_i_291_n_0
    SLICE_X49Y127        CARRY4 (Prop_carry4_CI_CO[3])
                                                      0.114    50.892 r  dut/core1/u_divider/out_res_reg[30]_i_288/CO[3]
                         net (fo=1, routed)           0.000    50.892    dut/core1/u_divider/out_res_reg[30]_i_288_n_0
    SLICE_X49Y128        CARRY4 (Prop_carry4_CI_CO[1])
                                                      0.157    51.049 r  dut/core1/u_divider/out_res_reg[30]_i_287/CO[1]
                         net (fo=27, routed)          2.158    53.207    dut/core1/u_divider/out_res_reg[30]_i_287_n_2
    SLICE_X58Y122        LUT3 (Prop_lut3_I0_O)        0.329    53.536 r  dut/core1/u_divider/out_res[30]_i_318/O
                         net (fo=1, routed)           0.000    53.536    dut/core1/u_divider/out_res[30]_i_318_n_0
    SLICE_X58Y122        CARRY4 (Prop_carry4_S[1]_CO[3])
                                                      0.533    54.069 r  dut/core1/u_divider/out_res_reg[30]_i_278/CO[3]
                         net (fo=1, routed)           0.000    54.069    dut/core1/u_divider/out_res_reg[30]_i_278_n_0
    SLICE_X58Y123        CARRY4 (Prop_carry4_CI_CO[3])
                                                      0.117    54.186 r  dut/core1/u_divider/out_res_reg[30]_i_273/CO[3]
                         net (fo=1, routed)           0.000    54.186    dut/core1/u_divider/out_res_reg[30]_i_273_n_0
    SLICE_X58Y124        CARRY4 (Prop_carry4_CI_CO[3])
                                                      0.117    54.303 r  dut/core1/u_divider/out_res_reg[30]_i_268/CO[3]
                         net (fo=1, routed)           0.009    54.312    dut/core1/u_divider/out_res_reg[30]_i_268_n_0
    SLICE_X58Y125        CARRY4 (Prop_carry4_CI_CO[3])
                                                      0.117    54.429 r  dut/core1/u_divider/out_res_reg[30]_i_263/CO[3]
                         net (fo=1, routed)           0.000    54.429    dut/core1/u_divider/out_res_reg[30]_i_263_n_0
    SLICE_X58Y126        CARRY4 (Prop_carry4_CI_CO[3])
                                                      0.117    54.546 r  dut/core1/u_divider/out_res_reg[30]_i_258/CO[3]
                         net (fo=1, routed)           0.000    54.546    dut/core1/u_divider/out_res_reg[30]_i_258_n_0
    SLICE_X58Y127        CARRY4 (Prop_carry4_CI_CO[3])
                                                      0.117    54.663 r  dut/core1/u_divider/out_res_reg[30]_i_255/CO[3]
                         net (fo=1, routed)           0.000    54.663    dut/core1/u_divider/out_res_reg[30]_i_255_n_0
    SLICE_X58Y128        CARRY4 (Prop_carry4_CI_CO[1])
                                                      0.157    54.820 r  dut/core1/u_divider/out_res_reg[30]_i_254/CO[1]
                         net (fo=27, routed)          1.560    56.380    dut/core1/u_divider/out_res_reg[30]_i_254_n_2
    SLICE_X55Y124        LUT3 (Prop_lut3_I0_O)        0.332    56.712 r  dut/core1/u_divider/out_res[30]_i_283/O
                         net (fo=1, routed)           0.000    56.712    dut/core1/u_divider/out_res[30]_i_283_n_0
    SLICE_X55Y124        CARRY4 (Prop_carry4_S[3]_CO[3])
                                                      0.401    57.113 r  dut/core1/u_divider/out_res_reg[30]_i_245/CO[3]
                         net (fo=1, routed)           0.009    57.122    dut/core1/u_divider/out_res_reg[30]_i_245_n_0
    SLICE_X55Y125        CARRY4 (Prop_carry4_CI_CO[3])
                                                      0.114    57.236 r  dut/core1/u_divider/out_res_reg[30]_i_240/CO[3]
                         net (fo=1, routed)           0.000    57.236    dut/core1/u_divider/out_res_reg[30]_i_240_n_0
    SLICE_X55Y126        CARRY4 (Prop_carry4_CI_CO[3])
                                                      0.114    57.350 r  dut/core1/u_divider/out_res_reg[30]_i_235/CO[3]
                         net (fo=1, routed)           0.000    57.350    dut/core1/u_divider/out_res_reg[30]_i_235_n_0
    SLICE_X55Y127        CARRY4 (Prop_carry4_CI_CO[3])
                                                      0.114    57.464 r  dut/core1/u_divider/out_res_reg[30]_i_230/CO[3]
                         net (fo=1, routed)           0.000    57.464    dut/core1/u_divider/out_res_reg[30]_i_230_n_0
    SLICE_X55Y128        CARRY4 (Prop_carry4_CI_CO[3])
                                                      0.114    57.578 r  dut/core1/u_divider/out_res_reg[30]_i_225/CO[3]
                         net (fo=1, routed)           0.000    57.578    dut/core1/u_divider/out_res_reg[30]_i_225_n_0
    SLICE_X55Y129        CARRY4 (Prop_carry4_CI_CO[3])
                                                      0.114    57.692 r  dut/core1/u_divider/out_res_reg[30]_i_222/CO[3]
                         net (fo=1, routed)           0.000    57.692    dut/core1/u_divider/out_res_reg[30]_i_222_n_0
    SLICE_X55Y130        CARRY4 (Prop_carry4_CI_CO[1])
                                                      0.157    57.849 r  dut/core1/u_divider/out_res_reg[30]_i_221/CO[1]
                         net (fo=27, routed)          2.021    59.871    dut/core1/u_divider/out_res_reg[30]_i_221_n_2
    SLICE_X57Y125        LUT3 (Prop_lut3_I0_O)        0.329    60.200 r  dut/core1/u_divider/out_res[30]_i_252/O
                         net (fo=1, routed)           0.000    60.200    dut/core1/u_divider/out_res[30]_i_252_n_0
    SLICE_X57Y125        CARRY4 (Prop_carry4_S[1]_CO[3])
                                                      0.550    60.750 r  dut/core1/u_divider/out_res_reg[30]_i_212/CO[3]
                         net (fo=1, routed)           0.000    60.750    dut/core1/u_divider/out_res_reg[30]_i_212_n_0
    SLICE_X57Y126        CARRY4 (Prop_carry4_CI_CO[3])
                                                      0.114    60.864 r  dut/core1/u_divider/out_res_reg[30]_i_207/CO[3]
                         net (fo=1, routed)           0.000    60.864    dut/core1/u_divider/out_res_reg[30]_i_207_n_0
    SLICE_X57Y127        CARRY4 (Prop_carry4_CI_CO[3])
                                                      0.114    60.978 r  dut/core1/u_divider/out_res_reg[30]_i_202/CO[3]
                         net (fo=1, routed)           0.000    60.978    dut/core1/u_divider/out_res_reg[30]_i_202_n_0
    SLICE_X57Y128        CARRY4 (Prop_carry4_CI_CO[3])
                                                      0.114    61.092 r  dut/core1/u_divider/out_res_reg[30]_i_197/CO[3]
                         net (fo=1, routed)           0.000    61.092    dut/core1/u_divider/out_res_reg[30]_i_197_n_0
    SLICE_X57Y129        CARRY4 (Prop_carry4_CI_CO[3])
                                                      0.114    61.206 r  dut/core1/u_divider/out_res_reg[30]_i_192/CO[3]
                         net (fo=1, routed)           0.000    61.206    dut/core1/u_divider/out_res_reg[30]_i_192_n_0
    SLICE_X57Y130        CARRY4 (Prop_carry4_CI_CO[3])
                                                      0.114    61.320 r  dut/core1/u_divider/out_res_reg[30]_i_189/CO[3]
                         net (fo=1, routed)           0.000    61.320    dut/core1/u_divider/out_res_reg[30]_i_189_n_0
    SLICE_X57Y131        CARRY4 (Prop_carry4_CI_CO[1])
                                                      0.157    61.477 r  dut/core1/u_divider/out_res_reg[30]_i_188/CO[1]
                         net (fo=27, routed)          1.834    63.311    dut/core1/u_divider/out_res_reg[30]_i_188_n_2
    SLICE_X56Y125        LUT3 (Prop_lut3_I0_O)        0.329    63.640 r  dut/core1/u_divider/out_res[30]_i_215/O
                         net (fo=1, routed)           0.000    63.640    dut/core1/u_divider/out_res[30]_i_215_n_0
    SLICE_X56Y125        CARRY4 (Prop_carry4_S[1]_CO[3])
                                                      0.550    64.190 r  dut/core1/u_divider/out_res_reg[30]_i_174/CO[3]
                         net (fo=1, routed)           0.000    64.190    dut/core1/u_divider/out_res_reg[30]_i_174_n_0
    SLICE_X56Y126        CARRY4 (Prop_carry4_CI_CO[3])
                                                      0.114    64.304 r  dut/core1/u_divider/out_res_reg[30]_i_169/CO[3]
                         net (fo=1, routed)           0.000    64.304    dut/core1/u_divider/out_res_reg[30]_i_169_n_0
    SLICE_X56Y127        CARRY4 (Prop_carry4_CI_CO[3])
                                                      0.114    64.418 r  dut/core1/u_divider/out_res_reg[30]_i_164/CO[3]
                         net (fo=1, routed)           0.000    64.418    dut/core1/u_divider/out_res_reg[30]_i_164_n_0
    SLICE_X56Y128        CARRY4 (Prop_carry4_CI_CO[3])
                                                      0.114    64.532 r  dut/core1/u_divider/out_res_reg[30]_i_159/CO[3]
                         net (fo=1, routed)           0.000    64.532    dut/core1/u_divider/out_res_reg[30]_i_159_n_0
    SLICE_X56Y129        CARRY4 (Prop_carry4_CI_CO[3])
                                                      0.114    64.646 r  dut/core1/u_divider/out_res_reg[30]_i_156/CO[3]
                         net (fo=1, routed)           0.000    64.646    dut/core1/u_divider/out_res_reg[30]_i_156_n_0
    SLICE_X56Y130        CARRY4 (Prop_carry4_CI_CO[1])
                                                      0.157    64.803 r  dut/core1/u_divider/out_res_reg[30]_i_155/CO[1]
                         net (fo=27, routed)          2.475    67.277    dut/core1/u_divider/out_res_reg[30]_i_155_n_2
    SLICE_X54Y123        LUT3 (Prop_lut3_I0_O)        0.329    67.606 r  dut/core1/u_divider/out_res[30]_i_182/O
                         net (fo=1, routed)           0.000    67.606    dut/core1/u_divider/out_res[30]_i_182_n_0
    SLICE_X54Y123        CARRY4 (Prop_carry4_S[1]_CO[3])
                                                      0.533    68.139 r  dut/core1/u_divider/out_res_reg[30]_i_141/CO[3]
                         net (fo=1, routed)           0.000    68.139    dut/core1/u_divider/out_res_reg[30]_i_141_n_0
    SLICE_X54Y124        CARRY4 (Prop_carry4_CI_CO[3])
                                                      0.117    68.256 r  dut/core1/u_divider/out_res_reg[30]_i_136/CO[3]
                         net (fo=1, routed)           0.009    68.265    dut/core1/u_divider/out_res_reg[30]_i_136_n_0
    SLICE_X54Y125        CARRY4 (Prop_carry4_CI_CO[3])
                                                      0.117    68.382 r  dut/core1/u_divider/out_res_reg[30]_i_131/CO[3]
                         net (fo=1, routed)           0.000    68.382    dut/core1/u_divider/out_res_reg[30]_i_131_n_0
    SLICE_X54Y126        CARRY4 (Prop_carry4_CI_CO[3])
                                                      0.117    68.499 r  dut/core1/u_divider/out_res_reg[30]_i_126/CO[3]
                         net (fo=1, routed)           0.000    68.499    dut/core1/u_divider/out_res_reg[30]_i_126_n_0
    SLICE_X54Y127        CARRY4 (Prop_carry4_CI_CO[3])
                                                      0.117    68.616 r  dut/core1/u_divider/out_res_reg[30]_i_123/CO[3]
                         net (fo=1, routed)           0.000    68.616    dut/core1/u_divider/out_res_reg[30]_i_123_n_0
    SLICE_X54Y128        CARRY4 (Prop_carry4_CI_CO[1])
                                                      0.157    68.773 r  dut/core1/u_divider/out_res_reg[30]_i_122/CO[1]
                         net (fo=27, routed)          2.287    71.060    dut/core1/u_divider/out_res_reg[30]_i_122_n_2
    SLICE_X48Y121        LUT3 (Prop_lut3_I0_O)        0.332    71.392 r  dut/core1/u_divider/out_res[30]_i_152/O
                         net (fo=1, routed)           0.000    71.392    dut/core1/u_divider/out_res[30]_i_152_n_0
    SLICE_X48Y121        CARRY4 (Prop_carry4_S[2]_CO[3])
                                                      0.398    71.790 r  dut/core1/u_divider/out_res_reg[30]_i_116/CO[3]
                         net (fo=1, routed)           0.000    71.790    dut/core1/u_divider/out_res_reg[30]_i_116_n_0
    SLICE_X48Y122        CARRY4 (Prop_carry4_CI_CO[3])
                                                      0.114    71.904 r  dut/core1/u_divider/out_res_reg[30]_i_111/CO[3]
                         net (fo=1, routed)           0.000    71.904    dut/core1/u_divider/out_res_reg[30]_i_111_n_0
    SLICE_X48Y123        CARRY4 (Prop_carry4_CI_CO[3])
                                                      0.114    72.018 r  dut/core1/u_divider/out_res_reg[30]_i_106/CO[3]
                         net (fo=1, routed)           0.000    72.018    dut/core1/u_divider/out_res_reg[30]_i_106_n_0
    SLICE_X48Y124        CARRY4 (Prop_carry4_CI_CO[3])
                                                      0.114    72.132 r  dut/core1/u_divider/out_res_reg[30]_i_101/CO[3]
                         net (fo=1, routed)           0.009    72.141    dut/core1/u_divider/out_res_reg[30]_i_101_n_0
    SLICE_X48Y125        CARRY4 (Prop_carry4_CI_CO[3])
                                                      0.114    72.255 r  dut/core1/u_divider/out_res_reg[30]_i_96/CO[3]
                         net (fo=1, routed)           0.000    72.255    dut/core1/u_divider/out_res_reg[30]_i_96_n_0
    SLICE_X48Y126        CARRY4 (Prop_carry4_CI_CO[3])
                                                      0.114    72.369 r  dut/core1/u_divider/out_res_reg[30]_i_93/CO[3]
                         net (fo=1, routed)           0.000    72.369    dut/core1/u_divider/out_res_reg[30]_i_93_n_0
    SLICE_X48Y127        CARRY4 (Prop_carry4_CI_CO[1])
                                                      0.157    72.526 r  dut/core1/u_divider/out_res_reg[30]_i_92/CO[1]
                         net (fo=27, routed)          1.945    74.471    dut/core1/u_divider/out_res_reg[30]_i_92_n_2
    SLICE_X47Y119        LUT3 (Prop_lut3_I0_O)        0.329    74.800 r  dut/core1/u_divider/i__carry_i_148/O
                         net (fo=1, routed)           0.000    74.800    dut/core1/u_divider/i__carry_i_148_n_0
    SLICE_X47Y119        CARRY4 (Prop_carry4_S[2]_CO[3])
                                                      0.398    75.198 r  dut/core1/u_divider/i__carry_i_124/CO[3]
                         net (fo=1, routed)           0.000    75.198    dut/core1/u_divider/i__carry_i_124_n_0
    SLICE_X47Y120        CARRY4 (Prop_carry4_CI_CO[3])
                                                      0.114    75.312 r  dut/core1/u_divider/out_res_reg[30]_i_86/CO[3]
                         net (fo=1, routed)           0.000    75.312    dut/core1/u_divider/out_res_reg[30]_i_86_n_0
    SLICE_X47Y121        CARRY4 (Prop_carry4_CI_CO[3])
                                                      0.114    75.426 r  dut/core1/u_divider/out_res_reg[30]_i_81/CO[3]
                         net (fo=1, routed)           0.000    75.426    dut/core1/u_divider/out_res_reg[30]_i_81_n_0
    SLICE_X47Y122        CARRY4 (Prop_carry4_CI_CO[3])
                                                      0.114    75.540 r  dut/core1/u_divider/out_res_reg[30]_i_76/CO[3]
                         net (fo=1, routed)           0.000    75.540    dut/core1/u_divider/out_res_reg[30]_i_76_n_0
    SLICE_X47Y123        CARRY4 (Prop_carry4_CI_CO[3])
                                                      0.114    75.654 r  dut/core1/u_divider/out_res_reg[30]_i_71/CO[3]
                         net (fo=1, routed)           0.000    75.654    dut/core1/u_divider/out_res_reg[30]_i_71_n_0
    SLICE_X47Y124        CARRY4 (Prop_carry4_CI_CO[3])
                                                      0.114    75.768 r  dut/core1/u_divider/out_res_reg[30]_i_68/CO[3]
                         net (fo=1, routed)           0.009    75.777    dut/core1/u_divider/out_res_reg[30]_i_68_n_0
    SLICE_X47Y125        CARRY4 (Prop_carry4_CI_CO[1])
                                                      0.157    75.934 r  dut/core1/u_divider/out_res_reg[30]_i_67/CO[1]
                         net (fo=27, routed)          1.425    77.359    dut/core1/u_divider/out_res_reg[30]_i_67_n_2
    SLICE_X50Y119        CARRY4 (Prop_carry4_CYINIT_CO[3])
                                                      0.800    78.159 r  dut/core1/u_divider/i__carry_i_119/CO[3]
                         net (fo=1, routed)           0.000    78.159    dut/core1/u_divider/i__carry_i_119_n_0
    SLICE_X50Y120        CARRY4 (Prop_carry4_CI_CO[3])
                                                      0.117    78.276 r  dut/core1/u_divider/i__carry_i_93/CO[3]
                         net (fo=1, routed)           0.000    78.276    dut/core1/u_divider/i__carry_i_93_n_0
    SLICE_X50Y121        CARRY4 (Prop_carry4_CI_CO[3])
                                                      0.117    78.393 r  dut/core1/u_divider/out_res_reg[30]_i_61/CO[3]
                         net (fo=1, routed)           0.000    78.393    dut/core1/u_divider/out_res_reg[30]_i_61_n_0
    SLICE_X50Y122        CARRY4 (Prop_carry4_CI_CO[3])
                                                      0.117    78.510 r  dut/core1/u_divider/out_res_reg[30]_i_56/CO[3]
                         net (fo=1, routed)           0.000    78.510    dut/core1/u_divider/out_res_reg[30]_i_56_n_0
    SLICE_X50Y123        CARRY4 (Prop_carry4_CI_CO[3])
                                                      0.117    78.627 r  dut/core1/u_divider/out_res_reg[30]_i_51/CO[3]
                         net (fo=1, routed)           0.000    78.627    dut/core1/u_divider/out_res_reg[30]_i_51_n_0
    SLICE_X50Y124        CARRY4 (Prop_carry4_CI_CO[3])
                                                      0.117    78.744 r  dut/core1/u_divider/out_res_reg[30]_i_48/CO[3]
                         net (fo=1, routed)           0.009    78.753    dut/core1/u_divider/out_res_reg[30]_i_48_n_0
    SLICE_X50Y125        CARRY4 (Prop_carry4_CI_CO[1])
                                                      0.157    78.910 r  dut/core1/u_divider/out_res_reg[30]_i_47/CO[1]
                         net (fo=27, routed)          1.640    80.550    dut/core1/u_divider/out_res_reg[30]_i_47_n_2
    SLICE_X52Y119        CARRY4 (Prop_carry4_CYINIT_CO[3])
                                                      0.788    81.338 r  dut/core1/u_divider/i__carry_i_114/CO[3]
                         net (fo=1, routed)           0.000    81.338    dut/core1/u_divider/i__carry_i_114_n_0
    SLICE_X52Y120        CARRY4 (Prop_carry4_CI_CO[3])
                                                      0.114    81.452 r  dut/core1/u_divider/i__carry_i_88/CO[3]
                         net (fo=1, routed)           0.000    81.452    dut/core1/u_divider/i__carry_i_88_n_0
    SLICE_X52Y121        CARRY4 (Prop_carry4_CI_CO[3])
                                                      0.114    81.566 r  dut/core1/u_divider/i__carry_i_67/CO[3]
                         net (fo=1, routed)           0.000    81.566    dut/core1/u_divider/i__carry_i_67_n_0
    SLICE_X52Y122        CARRY4 (Prop_carry4_CI_CO[3])
                                                      0.114    81.680 r  dut/core1/u_divider/out_res_reg[30]_i_41/CO[3]
                         net (fo=1, routed)           0.000    81.680    dut/core1/u_divider/out_res_reg[30]_i_41_n_0
    SLICE_X52Y123        CARRY4 (Prop_carry4_CI_CO[3])
                                                      0.114    81.794 r  dut/core1/u_divider/out_res_reg[30]_i_36/CO[3]
                         net (fo=1, routed)           0.000    81.794    dut/core1/u_divider/out_res_reg[30]_i_36_n_0
    SLICE_X52Y124        CARRY4 (Prop_carry4_CI_CO[3])
                                                      0.114    81.908 r  dut/core1/u_divider/out_res_reg[30]_i_33/CO[3]
                         net (fo=1, routed)           0.009    81.917    dut/core1/u_divider/out_res_reg[30]_i_33_n_0
    SLICE_X52Y125        CARRY4 (Prop_carry4_CI_CO[1])
                                                      0.157    82.074 r  dut/core1/u_divider/out_res_reg[30]_i_32/CO[1]
                         net (fo=27, routed)          1.739    83.814    dut/core1/u_divider/out_res_reg[30]_i_32_n_2
    SLICE_X53Y119        LUT3 (Prop_lut3_I0_O)        0.329    84.143 r  dut/core1/u_divider/i__carry_i_139/O
                         net (fo=1, routed)           0.000    84.143    dut/core1/u_divider/i__carry_i_139_n_0
    SLICE_X53Y119        CARRY4 (Prop_carry4_S[2]_CO[3])
                                                      0.398    84.541 r  dut/core1/u_divider/i__carry_i_109/CO[3]
                         net (fo=1, routed)           0.000    84.541    dut/core1/u_divider/i__carry_i_109_n_0
    SLICE_X53Y120        CARRY4 (Prop_carry4_CI_CO[3])
                                                      0.114    84.655 r  dut/core1/u_divider/i__carry_i_83/CO[3]
                         net (fo=1, routed)           0.000    84.655    dut/core1/u_divider/i__carry_i_83_n_0
    SLICE_X53Y121        CARRY4 (Prop_carry4_CI_CO[3])
                                                      0.114    84.769 r  dut/core1/u_divider/i__carry_i_62/CO[3]
                         net (fo=1, routed)           0.000    84.769    dut/core1/u_divider/i__carry_i_62_n_0
    SLICE_X53Y122        CARRY4 (Prop_carry4_CI_CO[3])
                                                      0.114    84.883 r  dut/core1/u_divider/i__carry_i_46/CO[3]
                         net (fo=1, routed)           0.000    84.883    dut/core1/u_divider/i__carry_i_46_n_0
    SLICE_X53Y123        CARRY4 (Prop_carry4_CI_CO[3])
                                                      0.114    84.997 r  dut/core1/u_divider/out_res_reg[30]_i_26/CO[3]
                         net (fo=1, routed)           0.000    84.997    dut/core1/u_divider/out_res_reg[30]_i_26_n_0
    SLICE_X53Y124        CARRY4 (Prop_carry4_CI_CO[3])
                                                      0.114    85.111 r  dut/core1/u_divider/out_res_reg[30]_i_23/CO[3]
                         net (fo=1, routed)           0.009    85.120    dut/core1/u_divider/out_res_reg[30]_i_23_n_0
    SLICE_X53Y125        CARRY4 (Prop_carry4_CI_CO[1])
                                                      0.157    85.277 r  dut/core1/u_divider/out_res_reg[30]_i_22/CO[1]
                         net (fo=27, routed)          2.313    87.590    dut/core1/u_divider/out_res_reg[30]_i_22_n_2
    SLICE_X55Y117        LUT3 (Prop_lut3_I0_O)        0.329    87.919 r  dut/core1/u_divider/i__carry_i_135/O
                         net (fo=1, routed)           0.000    87.919    dut/core1/u_divider/i__carry_i_135_n_0
    SLICE_X55Y117        CARRY4 (Prop_carry4_S[3]_CO[3])
                                                      0.401    88.320 r  dut/core1/u_divider/i__carry_i_104/CO[3]
                         net (fo=1, routed)           0.000    88.320    dut/core1/u_divider/i__carry_i_104_n_0
    SLICE_X55Y118        CARRY4 (Prop_carry4_CI_CO[3])
                                                      0.114    88.434 r  dut/core1/u_divider/i__carry_i_78/CO[3]
                         net (fo=1, routed)           0.000    88.434    dut/core1/u_divider/i__carry_i_78_n_0
    SLICE_X55Y119        CARRY4 (Prop_carry4_CI_CO[3])
                                                      0.114    88.548 r  dut/core1/u_divider/i__carry_i_57/CO[3]
                         net (fo=1, routed)           0.000    88.548    dut/core1/u_divider/i__carry_i_57_n_0
    SLICE_X55Y120        CARRY4 (Prop_carry4_CI_CO[3])
                                                      0.114    88.662 r  dut/core1/u_divider/i__carry_i_41/CO[3]
                         net (fo=1, routed)           0.000    88.662    dut/core1/u_divider/i__carry_i_41_n_0
    SLICE_X55Y121        CARRY4 (Prop_carry4_CI_CO[3])
                                                      0.114    88.776 r  dut/core1/u_divider/i__carry_i_30/CO[3]
                         net (fo=1, routed)           0.000    88.776    dut/core1/u_divider/i__carry_i_30_n_0
    SLICE_X55Y122        CARRY4 (Prop_carry4_CI_CO[3])
                                                      0.114    88.890 r  dut/core1/u_divider/out_res_reg[30]_i_15/CO[3]
                         net (fo=1, routed)           0.000    88.890    dut/core1/u_divider/out_res_reg[30]_i_15_n_0
    SLICE_X55Y123        CARRY4 (Prop_carry4_CI_CO[1])
                                                      0.157    89.047 r  dut/core1/u_divider/out_res_reg[30]_i_14/CO[1]
                         net (fo=27, routed)          1.678    90.725    dut/core1/u_divider/out_res_reg[30]_i_14_n_2
    SLICE_X56Y117        LUT3 (Prop_lut3_I0_O)        0.329    91.054 r  dut/core1/u_divider/i__carry_i_134/O
                         net (fo=1, routed)           0.000    91.054    dut/core1/u_divider/i__carry_i_134_n_0
    SLICE_X56Y117        CARRY4 (Prop_carry4_S[1]_CO[3])
                                                      0.550    91.604 r  dut/core1/u_divider/i__carry_i_99/CO[3]
                         net (fo=1, routed)           0.000    91.604    dut/core1/u_divider/i__carry_i_99_n_0
    SLICE_X56Y118        CARRY4 (Prop_carry4_CI_CO[3])
                                                      0.114    91.718 r  dut/core1/u_divider/i__carry_i_73/CO[3]
                         net (fo=1, routed)           0.000    91.718    dut/core1/u_divider/i__carry_i_73_n_0
    SLICE_X56Y119        CARRY4 (Prop_carry4_CI_CO[3])
                                                      0.114    91.832 r  dut/core1/u_divider/i__carry_i_52/CO[3]
                         net (fo=1, routed)           0.000    91.832    dut/core1/u_divider/i__carry_i_52_n_0
    SLICE_X56Y120        CARRY4 (Prop_carry4_CI_CO[3])
                                                      0.114    91.946 r  dut/core1/u_divider/i__carry_i_36/CO[3]
                         net (fo=1, routed)           0.000    91.946    dut/core1/u_divider/i__carry_i_36_n_0
    SLICE_X56Y121        CARRY4 (Prop_carry4_CI_CO[3])
                                                      0.114    92.060 r  dut/core1/u_divider/i__carry_i_25/CO[3]
                         net (fo=1, routed)           0.000    92.060    dut/core1/u_divider/i__carry_i_25_n_0
    SLICE_X56Y122        CARRY4 (Prop_carry4_CI_CO[3])
                                                      0.114    92.174 r  dut/core1/u_divider/i__carry_i_15/CO[3]
                         net (fo=1, routed)           0.000    92.174    dut/core1/execute_unit/u_fpu/u_divider/u_divider/i__carry_i_16[0]
    SLICE_X56Y123        CARRY4 (Prop_carry4_CI_CO[1])
                                                      0.157    92.331 r  dut/core1/execute_unit/u_fpu/u_divider/out_res_reg[30]_i_8/CO[1]
                         net (fo=70, routed)          1.425    93.756    dut/core1/execute_unit_n_53
    SLICE_X57Y119        LUT3 (Prop_lut3_I0_O)        0.329    94.085 r  dut/core1/u_divider/i__carry_i_102/O
                         net (fo=1, routed)           0.000    94.085    dut/core1/u_divider/i__carry_i_102_n_0
    SLICE_X57Y119        CARRY4 (Prop_carry4_S[1]_CO[3])
                                                      0.550    94.635 r  dut/core1/u_divider/i__carry_i_72/CO[3]
                         net (fo=1, routed)           0.000    94.635    dut/core1/u_divider/i__carry_i_72_n_0
    SLICE_X57Y120        CARRY4 (Prop_carry4_CI_CO[3])
                                                      0.114    94.749 r  dut/core1/u_divider/i__carry_i_51/CO[3]
                         net (fo=1, routed)           0.000    94.749    dut/core1/u_divider/i__carry_i_51_n_0
    SLICE_X57Y121        CARRY4 (Prop_carry4_CI_CO[3])
                                                      0.114    94.863 r  dut/core1/u_divider/i__carry_i_35/CO[3]
                         net (fo=1, routed)           0.000    94.863    dut/core1/u_divider/i__carry_i_35_n_0
    SLICE_X57Y122        CARRY4 (Prop_carry4_CI_CO[3])
                                                      0.114    94.977 r  dut/core1/u_divider/i__carry_i_24/CO[3]
                         net (fo=1, routed)           0.000    94.977    dut/core1/u_divider/i__carry_i_24_n_0
    SLICE_X57Y123        CARRY4 (Prop_carry4_CI_CO[3])
                                                      0.114    95.091 r  dut/core1/u_divider/i__carry_i_14/CO[3]
                         net (fo=1, routed)           0.000    95.091    dut/core1/u_divider/i__carry_i_14_n_0
    SLICE_X57Y124        CARRY4 (Prop_carry4_CI_CO[1])
                                                      0.157    95.248 r  dut/core1/u_divider/i__carry_i_11/CO[1]
                         net (fo=39, routed)          1.572    96.820    dut/core1/u_divider/i__carry_i_11_n_2
    SLICE_X59Y120        LUT3 (Prop_lut3_I0_O)        0.329    97.149 r  dut/core1/u_divider/out_res[21]_i_38/O
                         net (fo=1, routed)           0.000    97.149    dut/core1/u_divider/out_res[21]_i_38_n_0
    SLICE_X59Y120        CARRY4 (Prop_carry4_S[1]_CO[3])
                                                      0.550    97.699 r  dut/core1/u_divider/out_res_reg[21]_i_29/CO[3]
                         net (fo=1, routed)           0.000    97.699    dut/core1/u_divider/out_res_reg[21]_i_29_n_0
    SLICE_X59Y121        CARRY4 (Prop_carry4_CI_CO[3])
                                                      0.114    97.813 r  dut/core1/u_divider/out_res_reg[21]_i_23/CO[3]
                         net (fo=1, routed)           0.000    97.813    dut/core1/u_divider/out_res_reg[21]_i_23_n_0
    SLICE_X59Y122        CARRY4 (Prop_carry4_CI_CO[3])
                                                      0.114    97.927 r  dut/core1/u_divider/out_res_reg[21]_i_17/CO[3]
                         net (fo=1, routed)           0.000    97.927    dut/core1/u_divider/out_res_reg[21]_i_17_n_0
    SLICE_X59Y123        CARRY4 (Prop_carry4_CI_CO[3])
                                                      0.114    98.041 r  dut/core1/u_divider/out_res_reg[21]_i_11/CO[3]
                         net (fo=1, routed)           0.000    98.041    dut/core1/u_divider/out_res_reg[21]_i_11_n_0
    SLICE_X59Y124        CARRY4 (Prop_carry4_CI_CO[3])
                                                      0.114    98.155 r  dut/core1/u_divider/out_res_reg[21]_i_7/CO[3]
                         net (fo=1, routed)           0.009    98.164    dut/core1/u_divider/out_res_reg[21]_i_7_n_0
    SLICE_X59Y125        CARRY4 (Prop_carry4_CI_CO[1])
                                                      0.157    98.321 r  dut/core1/u_divider/out_res_reg[21]_i_5/CO[1]
                         net (fo=32, routed)          2.734   101.055    dut/core1/execute_unit/u_fpu/u_divider/out_res_reg[21]_0[0]
    SLICE_X59Y106        LUT5 (Prop_lut5_I0_O)        0.329   101.384 r  dut/core1/execute_unit/u_fpu/u_divider/i__carry_i_18__4/O
                         net (fo=3, routed)           0.592   101.976    dut/core1/execute_unit/u_fpu/u_divider/i__carry_i_18__4_n_0
    SLICE_X59Y105        LUT6 (Prop_lut6_I0_O)        0.124   102.100 r  dut/core1/execute_unit/u_fpu/u_divider/i__carry_i_13__11/O
                         net (fo=33, routed)          0.817   102.916    dut/core1/execute_unit/u_fpu/u_divider/i__carry_i_13__11_n_0
    SLICE_X57Y106        LUT4 (Prop_lut4_I3_O)        0.124   103.040 r  dut/core1/execute_unit/u_fpu/u_divider/i__carry_i_8__20/O
                         net (fo=1, routed)           0.000   103.040    dut/core1/execute_unit/u_fpu/u_divider/i__carry_i_8__20_n_0
    SLICE_X57Y106        CARRY4 (Prop_carry4_S[0]_CO[3])
                                                      0.532   103.572 r  dut/core1/execute_unit/u_fpu/u_divider/exp_norm0_inferred__0/i__carry/CO[3]
                         net (fo=1, routed)           0.000   103.572    dut/core1/execute_unit/u_fpu/u_divider/exp_norm0_inferred__0/i__carry_n_0
    SLICE_X57Y107        CARRY4 (Prop_carry4_CI_O[2])
                                                      0.239   103.811 f  dut/core1/execute_unit/u_fpu/u_divider/exp_norm0_inferred__0/i__carry__0/O[2]
                         net (fo=3, routed)           1.158   104.969    dut/core1/execute_unit/u_fpu/u_divider/exp_norm[6]
    SLICE_X60Y107        LUT6 (Prop_lut6_I1_O)        0.302   105.271 f  dut/core1/execute_unit/u_fpu/u_divider/i__carry_i_12__14/O
                         net (fo=1, routed)           0.444   105.715    dut/core1/execute_unit/u_fpu/u_divider/i__carry_i_12__14_n_0
    SLICE_X60Y107        LUT6 (Prop_lut6_I1_O)        0.124   105.839 r  dut/core1/execute_unit/u_fpu/u_divider/i__carry_i_11__12/O
                         net (fo=4, routed)           0.666   106.504    dut/core1/execute_unit/u_fpu/u_divider/i__carry_i_11__12_n_0
    SLICE_X60Y107        LUT6 (Prop_lut6_I5_O)        0.124   106.628 r  dut/core1/execute_unit/u_fpu/u_divider/i__carry_i_5__19/O
                         net (fo=32, routed)          0.568   107.196    dut/core1/execute_unit/u_fpu/u_divider/i__carry_i_5__19_n_0
    SLICE_X61Y106        LUT2 (Prop_lut2_I1_O)        0.124   107.320 r  dut/core1/execute_unit/u_fpu/u_divider/i__carry_i_4__0/O
                         net (fo=1, routed)           0.000   107.320    dut/core1/execute_unit/u_fpu/u_divider/i__carry_i_4__0_n_0
    SLICE_X61Y106        CARRY4 (Prop_carry4_S[0]_CO[3])
                                                      0.532   107.852 r  dut/core1/execute_unit/u_fpu/u_divider/exp_norm0_inferred__1/i__carry/CO[3]
                         net (fo=1, routed)           0.000   107.852    dut/core1/execute_unit/u_fpu/u_divider/exp_norm0_inferred__1/i__carry_n_0
    SLICE_X61Y107        CARRY4 (Prop_carry4_CI_CO[3])
                                                      0.114   107.966 r  dut/core1/execute_unit/u_fpu/u_divider/exp_norm0_inferred__1/i__carry__0/CO[3]
                         net (fo=1, routed)           0.000   107.966    dut/core1/execute_unit/u_fpu/u_divider/exp_norm0_inferred__1/i__carry__0_n_0
    SLICE_X61Y108        CARRY4 (Prop_carry4_CI_O[0])
                                                      0.222   108.188 f  dut/core1/execute_unit/u_fpu/u_divider/exp_norm0_inferred__1/i__carry__1/O[0]
                         net (fo=3, routed)           0.824   109.012    dut/core1/execute_unit/u_fpu/u_divider/exp_norm0_inferred__1/i__carry__1_n_7
    SLICE_X63Y107        LUT6 (Prop_lut6_I1_O)        0.299   109.311 f  dut/core1/execute_unit/u_fpu/u_divider/i__carry_i_8__14/O
                         net (fo=1, routed)           0.151   109.462    dut/core1/execute_unit/u_fpu/u_divider/i__carry_i_8__14_n_0
    SLICE_X63Y107        LUT6 (Prop_lut6_I1_O)        0.124   109.586 r  dut/core1/execute_unit/u_fpu/u_divider/i__carry_i_7__14/O
                         net (fo=2, routed)           0.445   110.031    dut/core1/execute_unit/u_fpu/u_divider/i__carry_i_7__14_n_0
    SLICE_X63Y107        LUT6 (Prop_lut6_I5_O)        0.124   110.155 r  dut/core1/execute_unit/u_fpu/u_divider/i__carry_i_5__18/O
                         net (fo=30, routed)          0.976   111.131    dut/core1/execute_unit/u_fpu/u_divider/i__carry_i_5__18_n_0
    SLICE_X67Y106        LUT2 (Prop_lut2_I1_O)        0.124   111.255 r  dut/core1/execute_unit/u_fpu/u_divider/i__carry_i_4__1/O
                         net (fo=1, routed)           0.000   111.255    dut/core1/execute_unit/u_fpu/u_divider/i__carry_i_4__1_n_0
    SLICE_X67Y106        CARRY4 (Prop_carry4_S[0]_CO[3])
                                                      0.532   111.787 r  dut/core1/execute_unit/u_fpu/u_divider/exp_norm0_inferred__2/i__carry/CO[3]
                         net (fo=1, routed)           0.000   111.787    dut/core1/execute_unit/u_fpu/u_divider/exp_norm0_inferred__2/i__carry_n_0
    SLICE_X67Y107        CARRY4 (Prop_carry4_CI_O[3])
                                                      0.313   112.100 f  dut/core1/execute_unit/u_fpu/u_divider/exp_norm0_inferred__2/i__carry__0/O[3]
                         net (fo=3, routed)           0.974   113.074    dut/core1/execute_unit/u_fpu/u_divider/exp_norm0_inferred__2/i__carry__0_n_4
    SLICE_X66Y109        LUT6 (Prop_lut6_I2_O)        0.306   113.380 f  dut/core1/execute_unit/u_fpu/u_divider/i__carry_i_12__15/O
                         net (fo=1, routed)           0.658   114.039    dut/core1/execute_unit/u_fpu/u_divider/i__carry_i_12__15_n_0
    SLICE_X66Y109        LUT6 (Prop_lut6_I1_O)        0.124   114.163 r  dut/core1/execute_unit/u_fpu/u_divider/i__carry_i_9__6/O
                         net (fo=3, routed)           0.817   114.979    dut/core1/execute_unit/u_fpu/u_divider/i__carry_i_9__6_n_0
    SLICE_X64Y106        LUT6 (Prop_lut6_I5_O)        0.124   115.103 r  dut/core1/execute_unit/u_fpu/u_divider/i__carry_i_5__17/O
                         net (fo=28, routed)          1.125   116.228    dut/core1/execute_unit/u_fpu/u_divider/i__carry_i_5__17_n_0
    SLICE_X80Y110        LUT2 (Prop_lut2_I1_O)        0.124   116.352 r  dut/core1/execute_unit/u_fpu/u_divider/i__carry_i_4__2/O
                         net (fo=1, routed)           0.000   116.352    dut/core1/execute_unit/u_fpu/u_divider/i__carry_i_4__2_n_0
    SLICE_X80Y110        CARRY4 (Prop_carry4_S[0]_CO[3])
                                                      0.532   116.884 r  dut/core1/execute_unit/u_fpu/u_divider/exp_norm0_inferred__3/i__carry/CO[3]
                         net (fo=1, routed)           0.000   116.884    dut/core1/execute_unit/u_fpu/u_divider/exp_norm0_inferred__3/i__carry_n_0
    SLICE_X80Y111        CARRY4 (Prop_carry4_CI_O[3])
                                                      0.313   117.197 f  dut/core1/execute_unit/u_fpu/u_divider/exp_norm0_inferred__3/i__carry__0/O[3]
                         net (fo=3, routed)           0.825   118.022    dut/core1/execute_unit/u_fpu/u_divider/exp_norm0_inferred__3/i__carry__0_n_4
    SLICE_X80Y113        LUT6 (Prop_lut6_I2_O)        0.306   118.328 f  dut/core1/execute_unit/u_fpu/u_divider/i__carry_i_11__13/O
                         net (fo=1, routed)           0.798   119.126    dut/core1/execute_unit/u_fpu/u_divider/i__carry_i_11__13_n_0
    SLICE_X80Y114        LUT6 (Prop_lut6_I1_O)        0.124   119.250 r  dut/core1/execute_unit/u_fpu/u_divider/i__carry_i_9__7/O
                         net (fo=1, routed)           0.795   120.046    dut/core1/execute_unit/u_fpu/u_divider/i__carry_i_9__7_n_0
    SLICE_X66Y109        LUT6 (Prop_lut6_I5_O)        0.124   120.170 r  dut/core1/execute_unit/u_fpu/u_divider/i__carry_i_5__16/O
                         net (fo=29, routed)          1.323   121.492    dut/core1/execute_unit/u_fpu/u_divider/i__carry_i_5__16_n_0
    SLICE_X81Y112        LUT2 (Prop_lut2_I1_O)        0.124   121.616 r  dut/core1/execute_unit/u_fpu/u_divider/i__carry_i_4__3/O
                         net (fo=1, routed)           0.000   121.616    dut/core1/execute_unit/u_fpu/u_divider/i__carry_i_4__3_n_0
    SLICE_X81Y112        CARRY4 (Prop_carry4_S[0]_CO[3])
                                                      0.532   122.148 r  dut/core1/execute_unit/u_fpu/u_divider/exp_norm0_inferred__4/i__carry/CO[3]
                         net (fo=1, routed)           0.000   122.148    dut/core1/execute_unit/u_fpu/u_divider/exp_norm0_inferred__4/i__carry_n_0
    SLICE_X81Y113        CARRY4 (Prop_carry4_CI_O[0])
                                                      0.222   122.370 f  dut/core1/execute_unit/u_fpu/u_divider/exp_norm0_inferred__4/i__carry__0/O[0]
                         net (fo=3, routed)           0.883   123.253    dut/core1/execute_unit/u_fpu/u_divider/exp_norm0_inferred__4/i__carry__0_n_7
    SLICE_X80Y113        LUT6 (Prop_lut6_I4_O)        0.299   123.552 f  dut/core1/execute_unit/u_fpu/u_divider/i__carry_i_10__15/O
                         net (fo=1, routed)           0.669   124.221    dut/core1/execute_unit/u_fpu/u_divider/i__carry_i_10__15_n_0
    SLICE_X80Y113        LUT6 (Prop_lut6_I1_O)        0.124   124.345 r  dut/core1/execute_unit/u_fpu/u_divider/i__carry_i_8__15/O
                         net (fo=4, routed)           1.010   125.355    dut/core1/execute_unit/u_fpu/u_divider/i__carry_i_8__15_n_0
    SLICE_X83Y111        LUT4 (Prop_lut4_I3_O)        0.124   125.479 r  dut/core1/execute_unit/u_fpu/u_divider/i__carry_i_5__15/O
                         net (fo=26, routed)          0.576   126.054    dut/core1/execute_unit/u_fpu/u_divider/i__carry_i_5__15_n_0
    SLICE_X81Y109        LUT2 (Prop_lut2_I1_O)        0.124   126.178 r  dut/core1/execute_unit/u_fpu/u_divider/i__carry_i_4__4/O
                         net (fo=1, routed)           0.000   126.178    dut/core1/execute_unit/u_fpu/u_divider/i__carry_i_4__4_n_0
    SLICE_X81Y109        CARRY4 (Prop_carry4_S[0]_CO[3])
                                                      0.532   126.710 r  dut/core1/execute_unit/u_fpu/u_divider/exp_norm0_inferred__5/i__carry/CO[3]
                         net (fo=1, routed)           0.000   126.710    dut/core1/execute_unit/u_fpu/u_divider/exp_norm0_inferred__5/i__carry_n_0
    SLICE_X81Y110        CARRY4 (Prop_carry4_CI_O[2])
                                                      0.239   126.949 f  dut/core1/execute_unit/u_fpu/u_divider/exp_norm0_inferred__5/i__carry__0/O[2]
                         net (fo=3, routed)           1.279   128.228    dut/core1/execute_unit/u_fpu/u_divider/exp_norm0_inferred__5/i__carry__0_n_5
    SLICE_X85Y109        LUT6 (Prop_lut6_I1_O)        0.302   128.530 f  dut/core1/execute_unit/u_fpu/u_divider/i__carry_i_9__8/O
                         net (fo=1, routed)           0.589   129.119    dut/core1/execute_unit/u_fpu/u_divider/i__carry_i_9__8_n_0
    SLICE_X84Y111        LUT6 (Prop_lut6_I1_O)        0.124   129.243 r  dut/core1/execute_unit/u_fpu/u_divider/i__carry_i_7__15/O
                         net (fo=1, routed)           0.788   130.032    dut/core1/execute_unit/u_fpu/u_divider/i__carry_i_7__15_n_0
    SLICE_X83Y111        LUT6 (Prop_lut6_I5_O)        0.124   130.156 r  dut/core1/execute_unit/u_fpu/u_divider/i__carry_i_5__14/O
                         net (fo=27, routed)          0.569   130.725    dut/core1/execute_unit/u_fpu/u_divider/i__carry_i_5__14_n_0
    SLICE_X85Y110        LUT2 (Prop_lut2_I1_O)        0.124   130.849 r  dut/core1/execute_unit/u_fpu/u_divider/i__carry_i_4__5/O
                         net (fo=1, routed)           0.000   130.849    dut/core1/execute_unit/u_fpu/u_divider/i__carry_i_4__5_n_0
    SLICE_X85Y110        CARRY4 (Prop_carry4_S[0]_CO[3])
                                                      0.532   131.381 r  dut/core1/execute_unit/u_fpu/u_divider/exp_norm0_inferred__6/i__carry/CO[3]
                         net (fo=1, routed)           0.000   131.381    dut/core1/execute_unit/u_fpu/u_divider/exp_norm0_inferred__6/i__carry_n_0
    SLICE_X85Y111        CARRY4 (Prop_carry4_CI_O[0])
                                                      0.222   131.603 f  dut/core1/execute_unit/u_fpu/u_divider/exp_norm0_inferred__6/i__carry__0/O[0]
                         net (fo=3, routed)           0.854   132.456    dut/core1/execute_unit/u_fpu/u_divider/exp_norm0_inferred__6/i__carry__0_n_7
    SLICE_X84Y110        LUT6 (Prop_lut6_I4_O)        0.299   132.755 f  dut/core1/execute_unit/u_fpu/u_divider/i__carry_i_13__12/O
                         net (fo=1, routed)           0.421   133.176    dut/core1/execute_unit/u_fpu/u_divider/i__carry_i_13__12_n_0
    SLICE_X84Y111        LUT6 (Prop_lut6_I1_O)        0.124   133.300 r  dut/core1/execute_unit/u_fpu/u_divider/i__carry_i_9__9/O
                         net (fo=4, routed)           0.792   134.092    dut/core1/execute_unit/u_fpu/u_divider/i__carry_i_9__9_n_0
    SLICE_X83Y113        LUT6 (Prop_lut6_I5_O)        0.124   134.216 r  dut/core1/execute_unit/u_fpu/u_divider/i__carry_i_5__13/O
                         net (fo=27, routed)          1.264   135.480    dut/core1/execute_unit/u_fpu/u_divider/i__carry_i_5__13_n_0
    SLICE_X87Y110        LUT2 (Prop_lut2_I1_O)        0.124   135.604 r  dut/core1/execute_unit/u_fpu/u_divider/i__carry_i_4__6/O
                         net (fo=1, routed)           0.000   135.604    dut/core1/execute_unit/u_fpu/u_divider/i__carry_i_4__6_n_0
    SLICE_X87Y110        CARRY4 (Prop_carry4_S[0]_CO[3])
                                                      0.532   136.136 r  dut/core1/execute_unit/u_fpu/u_divider/exp_norm0_inferred__7/i__carry/CO[3]
                         net (fo=1, routed)           0.000   136.136    dut/core1/execute_unit/u_fpu/u_divider/exp_norm0_inferred__7/i__carry_n_0
    SLICE_X87Y111        CARRY4 (Prop_carry4_CI_O[3])
                                                      0.313   136.449 f  dut/core1/execute_unit/u_fpu/u_divider/exp_norm0_inferred__7/i__carry__0/O[3]
                         net (fo=3, routed)           1.252   137.701    dut/core1/execute_unit/u_fpu/u_divider/exp_norm0_inferred__7/i__carry__0_n_4
    SLICE_X88Y113        LUT6 (Prop_lut6_I2_O)        0.306   138.007 f  dut/core1/execute_unit/u_fpu/u_divider/i__carry_i_10__16/O
                         net (fo=1, routed)           0.279   138.286    dut/core1/execute_unit/u_fpu/u_divider/i__carry_i_10__16_n_0
    SLICE_X88Y113        LUT6 (Prop_lut6_I1_O)        0.124   138.410 r  dut/core1/execute_unit/u_fpu/u_divider/i__carry_i_8__16/O
                         net (fo=2, routed)           0.656   139.066    dut/core1/execute_unit/u_fpu/u_divider/i__carry_i_8__16_n_0
    SLICE_X89Y113        LUT4 (Prop_lut4_I3_O)        0.124   139.190 r  dut/core1/execute_unit/u_fpu/u_divider/i__carry_i_5__12/O
                         net (fo=29, routed)          0.648   139.838    dut/core1/execute_unit/u_fpu/u_divider/i__carry_i_5__12_n_0
    SLICE_X87Y113        LUT2 (Prop_lut2_I1_O)        0.124   139.962 r  dut/core1/execute_unit/u_fpu/u_divider/i__carry_i_4__7/O
                         net (fo=1, routed)           0.000   139.962    dut/core1/execute_unit/u_fpu/u_divider/i__carry_i_4__7_n_0
    SLICE_X87Y113        CARRY4 (Prop_carry4_S[0]_CO[3])
                                                      0.532   140.494 r  dut/core1/execute_unit/u_fpu/u_divider/exp_norm0_inferred__8/i__carry/CO[3]
                         net (fo=1, routed)           0.000   140.494    dut/core1/execute_unit/u_fpu/u_divider/exp_norm0_inferred__8/i__carry_n_0
    SLICE_X87Y114        CARRY4 (Prop_carry4_CI_O[0])
                                                      0.222   140.716 f  dut/core1/execute_unit/u_fpu/u_divider/exp_norm0_inferred__8/i__carry__0/O[0]
                         net (fo=3, routed)           0.816   141.531    dut/core1/execute_unit/u_fpu/u_divider/exp_norm0_inferred__8/i__carry__0_n_7
    SLICE_X86Y115        LUT6 (Prop_lut6_I4_O)        0.299   141.830 f  dut/core1/execute_unit/u_fpu/u_divider/i__carry_i_9__10/O
                         net (fo=1, routed)           0.162   141.992    dut/core1/execute_unit/u_fpu/u_divider/i__carry_i_9__10_n_0
    SLICE_X86Y115        LUT6 (Prop_lut6_I1_O)        0.124   142.116 r  dut/core1/execute_unit/u_fpu/u_divider/i__carry_i_7__16/O
                         net (fo=3, routed)           0.721   142.838    dut/core1/execute_unit/u_fpu/u_divider/i__carry_i_7__16_n_0
    SLICE_X89Y113        LUT6 (Prop_lut6_I5_O)        0.124   142.962 r  dut/core1/execute_unit/u_fpu/u_divider/i__carry_i_5__11/O
                         net (fo=26, routed)          0.330   143.292    dut/core1/execute_unit/u_fpu/u_divider/i__carry_i_5__11_n_0
    SLICE_X85Y113        LUT2 (Prop_lut2_I1_O)        0.124   143.416 r  dut/core1/execute_unit/u_fpu/u_divider/i__carry_i_4__8/O
                         net (fo=1, routed)           0.000   143.416    dut/core1/execute_unit/u_fpu/u_divider/i__carry_i_4__8_n_0
    SLICE_X85Y113        CARRY4 (Prop_carry4_S[0]_CO[3])
                                                      0.532   143.948 r  dut/core1/execute_unit/u_fpu/u_divider/exp_norm0_inferred__9/i__carry/CO[3]
                         net (fo=1, routed)           0.000   143.948    dut/core1/execute_unit/u_fpu/u_divider/exp_norm0_inferred__9/i__carry_n_0
    SLICE_X85Y114        CARRY4 (Prop_carry4_CI_O[1])
                                                      0.334   144.282 f  dut/core1/execute_unit/u_fpu/u_divider/exp_norm0_inferred__9/i__carry__0/O[1]
                         net (fo=3, routed)           1.043   145.324    dut/core1/execute_unit/u_fpu/u_divider/exp_norm0_inferred__9/i__carry__0_n_6
    SLICE_X84Y114        LUT6 (Prop_lut6_I0_O)        0.303   145.627 f  dut/core1/execute_unit/u_fpu/u_divider/i__carry_i_11__14/O
                         net (fo=1, routed)           0.847   146.475    dut/core1/execute_unit/u_fpu/u_divider/i__carry_i_11__14_n_0
    SLICE_X86Y115        LUT6 (Prop_lut6_I1_O)        0.124   146.599 r  dut/core1/execute_unit/u_fpu/u_divider/i__carry_i_9__11/O
                         net (fo=1, routed)           1.162   147.761    dut/core1/execute_unit/u_fpu/u_divider/i__carry_i_9__11_n_0
    SLICE_X89Y113        LUT6 (Prop_lut6_I5_O)        0.124   147.885 r  dut/core1/execute_unit/u_fpu/u_divider/i__carry_i_5__10/O
                         net (fo=30, routed)          0.596   148.481    dut/core1/execute_unit/u_fpu/u_divider/i__carry_i_5__10_n_0
    SLICE_X88Y114        LUT2 (Prop_lut2_I1_O)        0.124   148.605 r  dut/core1/execute_unit/u_fpu/u_divider/i__carry_i_4__9/O
                         net (fo=1, routed)           0.000   148.605    dut/core1/execute_unit/u_fpu/u_divider/i__carry_i_4__9_n_0
    SLICE_X88Y114        CARRY4 (Prop_carry4_S[0]_CO[3])
                                                      0.532   149.137 r  dut/core1/execute_unit/u_fpu/u_divider/exp_norm0_inferred__10/i__carry/CO[3]
                         net (fo=1, routed)           0.000   149.137    dut/core1/execute_unit/u_fpu/u_divider/exp_norm0_inferred__10/i__carry_n_0
    SLICE_X88Y115        CARRY4 (Prop_carry4_CI_O[1])
                                                      0.334   149.471 f  dut/core1/execute_unit/u_fpu/u_divider/exp_norm0_inferred__10/i__carry__0/O[1]
                         net (fo=3, routed)           1.023   150.494    dut/core1/execute_unit/u_fpu/u_divider/exp_norm0_inferred__10/i__carry__0_n_6
    SLICE_X86Y115        LUT6 (Prop_lut6_I0_O)        0.303   150.797 f  dut/core1/execute_unit/u_fpu/u_divider/i__carry_i_10__17/O
                         net (fo=1, routed)           0.516   151.312    dut/core1/execute_unit/u_fpu/u_divider/i__carry_i_10__17_n_0
    SLICE_X86Y116        LUT6 (Prop_lut6_I1_O)        0.124   151.436 r  dut/core1/execute_unit/u_fpu/u_divider/i__carry_i_8__17/O
                         net (fo=4, routed)           0.829   152.266    dut/core1/execute_unit/u_fpu/u_divider/i__carry_i_8__17_n_0
    SLICE_X87Y116        LUT4 (Prop_lut4_I3_O)        0.124   152.390 r  dut/core1/execute_unit/u_fpu/u_divider/i__carry_i_5__9/O
                         net (fo=27, routed)          0.948   153.338    dut/core1/execute_unit/u_fpu/u_divider/i__carry_i_5__9_n_0
    SLICE_X89Y114        LUT2 (Prop_lut2_I1_O)        0.124   153.462 r  dut/core1/execute_unit/u_fpu/u_divider/i__carry_i_4__10/O
                         net (fo=1, routed)           0.000   153.462    dut/core1/execute_unit/u_fpu/u_divider/i__carry_i_4__10_n_0
    SLICE_X89Y114        CARRY4 (Prop_carry4_S[0]_CO[3])
                                                      0.532   153.994 r  dut/core1/execute_unit/u_fpu/u_divider/exp_norm0_inferred__11/i__carry/CO[3]
                         net (fo=1, routed)           0.000   153.994    dut/core1/execute_unit/u_fpu/u_divider/exp_norm0_inferred__11/i__carry_n_0
    SLICE_X89Y115        CARRY4 (Prop_carry4_CI_O[2])
                                                      0.239   154.233 f  dut/core1/execute_unit/u_fpu/u_divider/exp_norm0_inferred__11/i__carry__0/O[2]
                         net (fo=3, routed)           1.090   155.322    dut/core1/execute_unit/u_fpu/u_divider/exp_norm0_inferred__11/i__carry__0_n_5
    SLICE_X87Y116        LUT6 (Prop_lut6_I2_O)        0.302   155.624 f  dut/core1/execute_unit/u_fpu/u_divider/i__carry_i_9__12/O
                         net (fo=1, routed)           0.263   155.887    dut/core1/execute_unit/u_fpu/u_divider/i__carry_i_9__12_n_0
    SLICE_X87Y116        LUT6 (Prop_lut6_I1_O)        0.124   156.011 r  dut/core1/execute_unit/u_fpu/u_divider/i__carry_i_7__17/O
                         net (fo=1, routed)           0.473   156.484    dut/core1/execute_unit/u_fpu/u_divider/i__carry_i_7__17_n_0
    SLICE_X87Y116        LUT6 (Prop_lut6_I5_O)        0.124   156.608 r  dut/core1/execute_unit/u_fpu/u_divider/i__carry_i_5__8/O
                         net (fo=28, routed)          0.587   157.196    dut/core1/execute_unit/u_fpu/u_divider/i__carry_i_5__8_n_0
    SLICE_X89Y117        LUT2 (Prop_lut2_I1_O)        0.124   157.320 r  dut/core1/execute_unit/u_fpu/u_divider/i__carry_i_4__11/O
                         net (fo=1, routed)           0.000   157.320    dut/core1/execute_unit/u_fpu/u_divider/i__carry_i_4__11_n_0
    SLICE_X89Y117        CARRY4 (Prop_carry4_S[0]_CO[3])
                                                      0.532   157.852 r  dut/core1/execute_unit/u_fpu/u_divider/exp_norm0_inferred__12/i__carry/CO[3]
                         net (fo=1, routed)           0.000   157.852    dut/core1/execute_unit/u_fpu/u_divider/exp_norm0_inferred__12/i__carry_n_0
    SLICE_X89Y118        CARRY4 (Prop_carry4_CI_O[1])
                                                      0.334   158.186 f  dut/core1/execute_unit/u_fpu/u_divider/exp_norm0_inferred__12/i__carry__0/O[1]
                         net (fo=3, routed)           0.828   159.014    dut/core1/execute_unit/u_fpu/u_divider/exp_norm0_inferred__12/i__carry__0_n_6
    SLICE_X88Y117        LUT6 (Prop_lut6_I0_O)        0.303   159.317 f  dut/core1/execute_unit/u_fpu/u_divider/i__carry_i_11__15/O
                         net (fo=1, routed)           0.161   159.478    dut/core1/execute_unit/u_fpu/u_divider/i__carry_i_11__15_n_0
    SLICE_X88Y117        LUT6 (Prop_lut6_I1_O)        0.124   159.602 r  dut/core1/execute_unit/u_fpu/u_divider/i__carry_i_9__13/O
                         net (fo=4, routed)           0.563   160.165    dut/core1/execute_unit/u_fpu/u_divider/i__carry_i_9__13_n_0
    SLICE_X90Y116        LUT6 (Prop_lut6_I5_O)        0.124   160.289 r  dut/core1/execute_unit/u_fpu/u_divider/i__carry_i_5__7/O
                         net (fo=27, routed)          0.686   160.974    dut/core1/execute_unit/u_fpu/u_divider/i__carry_i_5__7_n_0
    SLICE_X88Y118        LUT2 (Prop_lut2_I1_O)        0.124   161.098 r  dut/core1/execute_unit/u_fpu/u_divider/i__carry_i_4__12/O
                         net (fo=1, routed)           0.000   161.098    dut/core1/execute_unit/u_fpu/u_divider/i__carry_i_4__12_n_0
    SLICE_X88Y118        CARRY4 (Prop_carry4_S[0]_CO[3])
                                                      0.532   161.630 r  dut/core1/execute_unit/u_fpu/u_divider/exp_norm0_inferred__13/i__carry/CO[3]
                         net (fo=1, routed)           0.000   161.630    dut/core1/execute_unit/u_fpu/u_divider/exp_norm0_inferred__13/i__carry_n_0
    SLICE_X88Y119        CARRY4 (Prop_carry4_CI_O[2])
                                                      0.239   161.869 f  dut/core1/execute_unit/u_fpu/u_divider/exp_norm0_inferred__13/i__carry__0/O[2]
                         net (fo=3, routed)           1.126   162.995    dut/core1/execute_unit/u_fpu/u_divider/exp_norm0_inferred__13/i__carry__0_n_5
    SLICE_X88Y121        LUT6 (Prop_lut6_I1_O)        0.302   163.297 f  dut/core1/execute_unit/u_fpu/u_divider/i__carry_i_10__18/O
                         net (fo=1, routed)           0.158   163.455    dut/core1/execute_unit/u_fpu/u_divider/i__carry_i_10__18_n_0
    SLICE_X88Y121        LUT6 (Prop_lut6_I1_O)        0.124   163.579 r  dut/core1/execute_unit/u_fpu/u_divider/i__carry_i_8__18/O
                         net (fo=2, routed)           1.137   164.717    dut/core1/execute_unit/u_fpu/u_divider/i__carry_i_8__18_n_0
    SLICE_X88Y117        LUT4 (Prop_lut4_I3_O)        0.124   164.841 r  dut/core1/execute_unit/u_fpu/u_divider/i__carry_i_5__6/O
                         net (fo=29, routed)          0.729   165.569    dut/core1/execute_unit/u_fpu/u_divider/i__carry_i_5__6_n_0
    SLICE_X87Y119        LUT2 (Prop_lut2_I1_O)        0.124   165.693 r  dut/core1/execute_unit/u_fpu/u_divider/i__carry_i_4__13/O
                         net (fo=1, routed)           0.000   165.693    dut/core1/execute_unit/u_fpu/u_divider/i__carry_i_4__13_n_0
    SLICE_X87Y119        CARRY4 (Prop_carry4_S[0]_CO[3])
                                                      0.532   166.225 r  dut/core1/execute_unit/u_fpu/u_divider/exp_norm0_inferred__14/i__carry/CO[3]
                         net (fo=1, routed)           0.000   166.225    dut/core1/execute_unit/u_fpu/u_divider/exp_norm0_inferred__14/i__carry_n_0
    SLICE_X87Y120        CARRY4 (Prop_carry4_CI_O[3])
                                                      0.313   166.538 f  dut/core1/execute_unit/u_fpu/u_divider/exp_norm0_inferred__14/i__carry__0/O[3]
                         net (fo=3, routed)           0.970   167.508    dut/core1/execute_unit/u_fpu/u_divider/exp_norm0_inferred__14/i__carry__0_n_4
    SLICE_X88Y121        LUT6 (Prop_lut6_I2_O)        0.306   167.814 f  dut/core1/execute_unit/u_fpu/u_divider/i__carry_i_9__14/O
                         net (fo=1, routed)           0.580   168.395    dut/core1/execute_unit/u_fpu/u_divider/i__carry_i_9__14_n_0
    SLICE_X87Y122        LUT6 (Prop_lut6_I1_O)        0.124   168.519 r  dut/core1/execute_unit/u_fpu/u_divider/i__carry_i_7__18/O
                         net (fo=3, routed)           1.049   169.568    dut/core1/execute_unit/u_fpu/u_divider/i__carry_i_7__18_n_0
    SLICE_X88Y117        LUT6 (Prop_lut6_I5_O)        0.124   169.692 r  dut/core1/execute_unit/u_fpu/u_divider/i__carry_i_5__5/O
                         net (fo=26, routed)          1.457   171.148    dut/core1/execute_unit/u_fpu/u_divider/i__carry_i_5__5_n_0
    SLICE_X86Y121        LUT2 (Prop_lut2_I1_O)        0.124   171.272 r  dut/core1/execute_unit/u_fpu/u_divider/i__carry_i_4__14/O
                         net (fo=1, routed)           0.000   171.272    dut/core1/execute_unit/u_fpu/u_divider/i__carry_i_4__14_n_0
    SLICE_X86Y121        CARRY4 (Prop_carry4_S[0]_CO[3])
                                                      0.513   171.785 r  dut/core1/execute_unit/u_fpu/u_divider/exp_norm0_inferred__15/i__carry/CO[3]
                         net (fo=1, routed)           0.000   171.785    dut/core1/execute_unit/u_fpu/u_divider/exp_norm0_inferred__15/i__carry_n_0
    SLICE_X86Y122        CARRY4 (Prop_carry4_CI_CO[3])
                                                      0.117   171.902 r  dut/core1/execute_unit/u_fpu/u_divider/exp_norm0_inferred__15/i__carry__0/CO[3]
                         net (fo=1, routed)           0.000   171.902    dut/core1/execute_unit/u_fpu/u_divider/exp_norm0_inferred__15/i__carry__0_n_0
    SLICE_X86Y123        CARRY4 (Prop_carry4_CI_O[0])
                                                      0.219   172.121 f  dut/core1/execute_unit/u_fpu/u_divider/exp_norm0_inferred__15/i__carry__1/O[0]
                         net (fo=3, routed)           0.986   173.107    dut/core1/execute_unit/u_fpu/u_divider/exp_norm0_inferred__15/i__carry__1_n_7
    SLICE_X85Y122        LUT6 (Prop_lut6_I1_O)        0.295   173.402 f  dut/core1/execute_unit/u_fpu/u_divider/i__carry_i_11__16/O
                         net (fo=1, routed)           0.264   173.667    dut/core1/execute_unit/u_fpu/u_divider/i__carry_i_11__16_n_0
    SLICE_X85Y122        LUT6 (Prop_lut6_I1_O)        0.124   173.791 r  dut/core1/execute_unit/u_fpu/u_divider/i__carry_i_9__15/O
                         net (fo=4, routed)           0.823   174.614    dut/core1/execute_unit/u_fpu/u_divider/i__carry_i_9__15_n_0
    SLICE_X89Y122        LUT6 (Prop_lut6_I5_O)        0.124   174.738 r  dut/core1/execute_unit/u_fpu/u_divider/i__carry_i_5__4/O
                         net (fo=28, routed)          0.838   175.576    dut/core1/execute_unit/u_fpu/u_divider/i__carry_i_5__4_n_0
    SLICE_X84Y121        LUT2 (Prop_lut2_I1_O)        0.124   175.700 r  dut/core1/execute_unit/u_fpu/u_divider/i__carry_i_4__15/O
                         net (fo=1, routed)           0.000   175.700    dut/core1/execute_unit/u_fpu/u_divider/i__carry_i_4__15_n_0
    SLICE_X84Y121        CARRY4 (Prop_carry4_S[0]_CO[3])
                                                      0.532   176.232 r  dut/core1/execute_unit/u_fpu/u_divider/exp_norm0_inferred__16/i__carry/CO[3]
                         net (fo=1, routed)           0.000   176.232    dut/core1/execute_unit/u_fpu/u_divider/exp_norm0_inferred__16/i__carry_n_0
    SLICE_X84Y122        CARRY4 (Prop_carry4_CI_O[3])
                                                      0.313   176.545 f  dut/core1/execute_unit/u_fpu/u_divider/exp_norm0_inferred__16/i__carry__0/O[3]
                         net (fo=3, routed)           0.835   177.380    dut/core1/execute_unit/u_fpu/u_divider/exp_norm0_inferred__16/i__carry__0_n_4
    SLICE_X87Y122        LUT6 (Prop_lut6_I2_O)        0.306   177.686 f  dut/core1/execute_unit/u_fpu/u_divider/i__carry_i_10__19/O
                         net (fo=1, routed)           0.154   177.840    dut/core1/execute_unit/u_fpu/u_divider/i__carry_i_10__19_n_0
    SLICE_X87Y122        LUT6 (Prop_lut6_I1_O)        0.124   177.964 r  dut/core1/execute_unit/u_fpu/u_divider/i__carry_i_8__19/O
                         net (fo=4, routed)           0.625   178.589    dut/core1/execute_unit/u_fpu/u_divider/i__carry_i_8__19_n_0
    SLICE_X88Y122        LUT4 (Prop_lut4_I3_O)        0.124   178.713 r  dut/core1/execute_unit/u_fpu/u_divider/i__carry_i_5__3/O
                         net (fo=28, routed)          1.818   180.531    dut/core1/execute_unit/u_fpu/u_divider/i__carry_i_5__3_n_0
    SLICE_X86Y118        LUT2 (Prop_lut2_I1_O)        0.124   180.655 r  dut/core1/execute_unit/u_fpu/u_divider/i__carry_i_4__16/O
                         net (fo=1, routed)           0.000   180.655    dut/core1/execute_unit/u_fpu/u_divider/i__carry_i_4__16_n_0
    SLICE_X86Y118        CARRY4 (Prop_carry4_S[0]_CO[3])
                                                      0.513   181.168 r  dut/core1/execute_unit/u_fpu/u_divider/exp_norm0_inferred__17/i__carry/CO[3]
                         net (fo=1, routed)           0.000   181.168    dut/core1/execute_unit/u_fpu/u_divider/exp_norm0_inferred__17/i__carry_n_0
    SLICE_X86Y119        CARRY4 (Prop_carry4_CI_O[2])
                                                      0.239   181.407 f  dut/core1/execute_unit/u_fpu/u_divider/exp_norm0_inferred__17/i__carry__0/O[2]
                         net (fo=3, routed)           0.820   182.228    dut/core1/execute_unit/u_fpu/u_divider/exp_norm0_inferred__17/i__carry__0_n_5
    SLICE_X87Y118        LUT6 (Prop_lut6_I1_O)        0.301   182.529 f  dut/core1/execute_unit/u_fpu/u_divider/i__carry_i_9__16/O
                         net (fo=1, routed)           0.877   183.405    dut/core1/execute_unit/u_fpu/u_divider/i__carry_i_9__16_n_0
    SLICE_X87Y118        LUT6 (Prop_lut6_I1_O)        0.124   183.529 r  dut/core1/execute_unit/u_fpu/u_divider/i__carry_i_7__19/O
                         net (fo=3, routed)           1.402   184.932    dut/core1/execute_unit/u_fpu/u_divider/i__carry_i_7__19_n_0
    SLICE_X88Y122        LUT6 (Prop_lut6_I5_O)        0.124   185.056 r  dut/core1/execute_unit/u_fpu/u_divider/i__carry_i_5__2/O
                         net (fo=26, routed)          0.536   185.591    dut/core1/execute_unit/u_fpu/u_divider/i__carry_i_5__2_n_0
    SLICE_X84Y117        LUT2 (Prop_lut2_I1_O)        0.124   185.715 r  dut/core1/execute_unit/u_fpu/u_divider/i__carry_i_4__17/O
                         net (fo=1, routed)           0.000   185.715    dut/core1/execute_unit/u_fpu/u_divider/i__carry_i_4__17_n_0
    SLICE_X84Y117        CARRY4 (Prop_carry4_S[0]_CO[3])
                                                      0.532   186.247 r  dut/core1/execute_unit/u_fpu/u_divider/exp_norm0_inferred__18/i__carry/CO[3]
                         net (fo=1, routed)           0.000   186.247    dut/core1/execute_unit/u_fpu/u_divider/exp_norm0_inferred__18/i__carry_n_0
    SLICE_X84Y118        CARRY4 (Prop_carry4_CI_CO[3])
                                                      0.114   186.361 r  dut/core1/execute_unit/u_fpu/u_divider/exp_norm0_inferred__18/i__carry__0/CO[3]
                         net (fo=1, routed)           0.000   186.361    dut/core1/execute_unit/u_fpu/u_divider/exp_norm0_inferred__18/i__carry__0_n_0
    SLICE_X84Y119        CARRY4 (Prop_carry4_CI_O[1])
                                                      0.334   186.695 f  dut/core1/execute_unit/u_fpu/u_divider/exp_norm0_inferred__18/i__carry__1/O[1]
                         net (fo=3, routed)           1.175   187.870    dut/core1/execute_unit/u_fpu/u_divider/exp_norm0_inferred__18/i__carry__1_n_6
    SLICE_X81Y117        LUT6 (Prop_lut6_I3_O)        0.303   188.173 r  dut/core1/execute_unit/u_fpu/u_divider/i__carry_i_9__17/O
                         net (fo=5, routed)           1.248   189.421    dut/core1/execute_unit/u_fpu/u_divider/i__carry_i_9__17_n_0
    SLICE_X88Y122        LUT6 (Prop_lut6_I5_O)        0.124   189.545 r  dut/core1/execute_unit/u_fpu/u_divider/i__carry_i_5__1/O
                         net (fo=26, routed)          1.988   191.533    dut/core1/execute_unit/u_fpu/u_divider/i__carry_i_5__1_n_0
    SLICE_X67Y112        LUT2 (Prop_lut2_I1_O)        0.124   191.657 r  dut/core1/execute_unit/u_fpu/u_divider/i__carry_i_4__18/O
                         net (fo=1, routed)           0.000   191.657    dut/core1/execute_unit/u_fpu/u_divider/i__carry_i_4__18_n_0
    SLICE_X67Y112        CARRY4 (Prop_carry4_S[0]_O[3])
                                                      0.606   192.263 f  dut/core1/execute_unit/u_fpu/u_divider/exp_norm0_inferred__19/i__carry/O[3]
                         net (fo=3, routed)           1.308   193.571    dut/core1/execute_unit/u_fpu/u_divider/exp_norm0_inferred__19/i__carry_n_4
    SLICE_X81Y115        LUT6 (Prop_lut6_I3_O)        0.306   193.877 f  dut/core1/execute_unit/u_fpu/u_divider/i__carry_i_9__18/O
                         net (fo=1, routed)           0.633   194.510    dut/core1/execute_unit/u_fpu/u_divider/i__carry_i_9__18_n_0
    SLICE_X81Y116        LUT6 (Prop_lut6_I1_O)        0.124   194.634 r  dut/core1/execute_unit/u_fpu/u_divider/i__carry_i_6__20/O
                         net (fo=6, routed)           0.788   195.421    dut/core1/execute_unit/u_fpu/u_divider/i__carry_i_6__20_n_0
    SLICE_X81Y121        LUT4 (Prop_lut4_I0_O)        0.124   195.545 r  dut/core1/execute_unit/u_fpu/u_divider/i__carry_i_5__0/O
                         net (fo=24, routed)          1.790   197.335    dut/core1/execute_unit/u_fpu/u_divider/i__carry_i_5__0_n_0
    SLICE_X80Y115        LUT2 (Prop_lut2_I1_O)        0.124   197.459 r  dut/core1/execute_unit/u_fpu/u_divider/i__carry_i_4__19/O
                         net (fo=1, routed)           0.000   197.459    dut/core1/execute_unit/u_fpu/u_divider/i__carry_i_4__19_n_0
    SLICE_X80Y115        CARRY4 (Prop_carry4_S[0]_CO[3])
                                                      0.532   197.991 r  dut/core1/execute_unit/u_fpu/u_divider/exp_norm0_inferred__20/i__carry/CO[3]
                         net (fo=1, routed)           0.000   197.991    dut/core1/execute_unit/u_fpu/u_divider/exp_norm0_inferred__20/i__carry_n_0
    SLICE_X80Y116        CARRY4 (Prop_carry4_CI_O[2])
                                                      0.239   198.230 r  dut/core1/execute_unit/u_fpu/u_divider/exp_norm0_inferred__20/i__carry__0/O[2]
                         net (fo=3, routed)           0.974   199.204    dut/core1/execute_unit/u_fpu/u_divider/exp_norm0_inferred__20/i__carry__0_n_5
    SLICE_X81Y115        LUT6 (Prop_lut6_I2_O)        0.302   199.506 r  dut/core1/execute_unit/u_fpu/u_divider/i__carry_i_9__19/O
                         net (fo=1, routed)           0.154   199.661    dut/core1/execute_unit/u_fpu/u_divider/i__carry_i_9__19_n_0
    SLICE_X81Y115        LUT6 (Prop_lut6_I1_O)        0.124   199.785 f  dut/core1/execute_unit/u_fpu/u_divider/i__carry_i_7__20/O
                         net (fo=12, routed)          0.777   200.562    dut/core1/execute_unit/u_fpu/u_divider/i__carry_i_7__20_n_0
    SLICE_X81Y121        LUT2 (Prop_lut2_I1_O)        0.124   200.686 r  dut/core1/execute_unit/u_fpu/u_divider/i__carry_i_5/O
                         net (fo=24, routed)          1.004   201.690    dut/core1/execute_unit/u_fpu/u_divider/i__carry_i_5_n_0
    SLICE_X67Y109        LUT2 (Prop_lut2_I1_O)        0.124   201.814 r  dut/core1/execute_unit/u_fpu/u_divider/i__carry_i_4__20/O
                         net (fo=1, routed)           0.000   201.814    dut/core1/execute_unit/u_fpu/u_divider/i__carry_i_4__20_n_0
    SLICE_X67Y109        CARRY4 (Prop_carry4_S[0]_CO[3])
                                                      0.532   202.346 r  dut/core1/execute_unit/u_fpu/u_divider/exp_norm0_inferred__21/i__carry/CO[3]
                         net (fo=1, routed)           0.000   202.346    dut/core1/execute_unit/u_fpu/u_divider/exp_norm0_inferred__21/i__carry_n_0
    SLICE_X67Y110        CARRY4 (Prop_carry4_CI_O[0])
                                                      0.222   202.568 f  dut/core1/execute_unit/u_fpu/u_divider/exp_norm0_inferred__21/i__carry__0/O[0]
                         net (fo=4, routed)           0.831   203.399    dut/core1/execute_unit/u_fpu/u_divider/exp_norm0_inferred__21/i__carry__0_n_7
    SLICE_X63Y110        LUT6 (Prop_lut6_I0_O)        0.299   203.698 r  dut/core1/execute_unit/u_fpu/u_divider/out_res[30]_i_10/O
                         net (fo=8, routed)           0.599   204.297    dut/core1/execute_unit/u_fpu/u_divider/out_res[30]_i_10_n_0
    SLICE_X62Y112        LUT6 (Prop_lut6_I3_O)        0.124   204.421 r  dut/core1/execute_unit/u_fpu/u_divider/out_res[30]_i_21/O
                         net (fo=9, routed)           1.334   205.755    dut/core1/execute_unit/u_fpu/u_divider/out_res[30]_i_21_n_0
    SLICE_X80Y121        LUT6 (Prop_lut6_I5_O)        0.124   205.879 r  dut/core1/execute_unit/u_fpu/u_divider/out_res[30]_i_9/O
                         net (fo=33, routed)          2.438   208.316    dut/core1/execute_unit/u_fpu/u_divider/out_res[30]_i_9_n_0
    SLICE_X59Y107        LUT5 (Prop_lut5_I2_O)        0.150   208.466 r  dut/core1/execute_unit/u_fpu/u_divider/out_res[29]_i_4/O
                         net (fo=2, routed)           0.918   209.385    dut/core1/execute_unit/u_fpu/u_divider/out_res[29]_i_4_n_0
    SLICE_X59Y108        LUT6 (Prop_lut6_I2_O)        0.326   209.711 r  dut/core1/execute_unit/u_fpu/u_divider/out_res[22]_i_3/O
                         net (fo=23, routed)          2.077   211.787    dut/core1/execute_unit/u_fpu/u_divider/out_res[22]_i_3_n_0
    SLICE_X49Y116        LUT6 (Prop_lut6_I3_O)        0.124   211.911 r  dut/core1/execute_unit/u_fpu/u_divider/out_res[10]_i_1/O
                         net (fo=1, routed)           0.000   211.911    dut/core1/execute_unit/u_fpu/u_divider/out_res[10]_i_1_n_0
    SLICE_X49Y116        FDCE                                         r  dut/core1/execute_unit/u_fpu/u_divider/out_res_reg[10]/D
  -------------------------------------------------------------------    -------------------

Slack:                    inf
  Source:                 dut/core0/ex_mem/RD_F_M_reg[2]/C
                            (rising edge-triggered cell FDRE)
  Destination:            dut/core0/execute_unit/u_fpu/u_divider/out_res_reg[12]/D
  Path Group:             (none)
  Path Type:              Max at Slow Process Corner
  Data Path Delay:        211.905ns  (logic 71.863ns (33.913%)  route 140.042ns (66.087%))
  Logic Levels:           332  (CARRY4=211 FDRE=1 LUT1=1 LUT2=22 LUT3=25 LUT4=7 LUT5=3 LUT6=62)

    Location             Delay type                Incr(ns)  Path(ns)    Netlist Resource(s)
  -------------------------------------------------------------------    -------------------
    SLICE_X59Y31         FDRE                         0.000     0.000 r  dut/core0/ex_mem/RD_F_M_reg[2]/C
    SLICE_X59Y31         FDRE (Prop_fdre_C_Q)         0.456     0.456 r  dut/core0/ex_mem/RD_F_M_reg[2]/Q
                         net (fo=5, routed)           0.990     1.446    dut/core0/id_ex/RD_F_M[2]
    SLICE_X61Y29         LUT6 (Prop_lut6_I4_O)        0.124     1.570 f  dut/core0/id_ex/B_r[31]_i_6/O
                         net (fo=3, routed)           1.048     2.618    dut/core0/ex_mem/B_r[31]_i_2
    SLICE_X59Y29         LUT6 (Prop_lut6_I5_O)        0.124     2.742 r  dut/core0/ex_mem/B_r[31]_i_4/O
                         net (fo=1, routed)           0.805     3.547    dut/core0/mem_wb/B_r_reg[0]
    SLICE_X61Y29         LUT3 (Prop_lut3_I1_O)        0.124     3.671 r  dut/core0/mem_wb/B_r[31]_i_2/O
                         net (fo=34, routed)          4.860     8.531    dut/core0/mem_wb/ForwardBE_F[0]
    SLICE_X29Y38         LUT5 (Prop_lut5_I1_O)        0.124     8.655 f  dut/core0/mem_wb/forward_fb_mux/B_r[3]_i_1/O
                         net (fo=138, routed)         6.026    14.681    dut/core0/mem_wb/SrcB_F_Forwarded[3]
    SLICE_X56Y17         LUT1 (Prop_lut1_I0_O)        0.124    14.805 r  dut/core0/mem_wb/u_divider/out_res[30]_i_684/O
                         net (fo=1, routed)           0.000    14.805    dut/core0/mem_wb_n_55
    SLICE_X56Y17         CARRY4 (Prop_carry4_S[3]_CO[3])
                                                      0.401    15.206 r  dut/core0/u_divider/out_res_reg[30]_i_633/CO[3]
                         net (fo=1, routed)           0.000    15.206    dut/core0/u_divider/out_res_reg[30]_i_633_n_0
    SLICE_X56Y18         CARRY4 (Prop_carry4_CI_CO[3])
                                                      0.114    15.320 r  dut/core0/u_divider/out_res_reg[30]_i_628/CO[3]
                         net (fo=1, routed)           0.000    15.320    dut/core0/u_divider/out_res_reg[30]_i_628_n_0
    SLICE_X56Y19         CARRY4 (Prop_carry4_CI_CO[3])
                                                      0.114    15.434 r  dut/core0/u_divider/out_res_reg[30]_i_623/CO[3]
                         net (fo=1, routed)           0.000    15.434    dut/core0/u_divider/out_res_reg[30]_i_623_n_0
    SLICE_X56Y20         CARRY4 (Prop_carry4_CI_CO[3])
                                                      0.114    15.548 r  dut/core0/u_divider/out_res_reg[30]_i_618/CO[3]
                         net (fo=1, routed)           0.000    15.548    dut/core0/u_divider/out_res_reg[30]_i_618_n_0
    SLICE_X56Y21         CARRY4 (Prop_carry4_CI_CO[3])
                                                      0.114    15.662 r  dut/core0/u_divider/out_res_reg[30]_i_613/CO[3]
                         net (fo=1, routed)           0.000    15.662    dut/core0/u_divider/out_res_reg[30]_i_613_n_0
    SLICE_X56Y22         CARRY4 (Prop_carry4_CI_CO[3])
                                                      0.114    15.776 r  dut/core0/u_divider/out_res_reg[30]_i_610/CO[3]
                         net (fo=1, routed)           0.000    15.776    dut/core0/u_divider/out_res_reg[30]_i_610_n_0
    SLICE_X56Y23         CARRY4 (Prop_carry4_CI_CO[0])
                                                      0.271    16.047 r  dut/core0/u_divider/out_res_reg[30]_i_609/CO[0]
                         net (fo=27, routed)          1.561    17.608    dut/core0/u_divider/out_res_reg[30]_i_609_n_3
    SLICE_X57Y17         LUT3 (Prop_lut3_I0_O)        0.373    17.981 r  dut/core0/u_divider/out_res[30]_i_640/O
                         net (fo=1, routed)           0.000    17.981    dut/core0/u_divider/out_res[30]_i_640_n_0
    SLICE_X57Y17         CARRY4 (Prop_carry4_S[1]_CO[3])
                                                      0.550    18.531 r  dut/core0/u_divider/out_res_reg[30]_i_601/CO[3]
                         net (fo=1, routed)           0.000    18.531    dut/core0/u_divider/out_res_reg[30]_i_601_n_0
    SLICE_X57Y18         CARRY4 (Prop_carry4_CI_CO[3])
                                                      0.114    18.645 r  dut/core0/u_divider/out_res_reg[30]_i_596/CO[3]
                         net (fo=1, routed)           0.000    18.645    dut/core0/u_divider/out_res_reg[30]_i_596_n_0
    SLICE_X57Y19         CARRY4 (Prop_carry4_CI_CO[3])
                                                      0.114    18.759 r  dut/core0/u_divider/out_res_reg[30]_i_591/CO[3]
                         net (fo=1, routed)           0.000    18.759    dut/core0/u_divider/out_res_reg[30]_i_591_n_0
    SLICE_X57Y20         CARRY4 (Prop_carry4_CI_CO[3])
                                                      0.114    18.873 r  dut/core0/u_divider/out_res_reg[30]_i_586/CO[3]
                         net (fo=1, routed)           0.000    18.873    dut/core0/u_divider/out_res_reg[30]_i_586_n_0
    SLICE_X57Y21         CARRY4 (Prop_carry4_CI_CO[3])
                                                      0.114    18.987 r  dut/core0/u_divider/out_res_reg[30]_i_581/CO[3]
                         net (fo=1, routed)           0.000    18.987    dut/core0/u_divider/out_res_reg[30]_i_581_n_0
    SLICE_X57Y22         CARRY4 (Prop_carry4_CI_CO[3])
                                                      0.114    19.101 r  dut/core0/u_divider/out_res_reg[30]_i_578/CO[3]
                         net (fo=1, routed)           0.000    19.101    dut/core0/u_divider/out_res_reg[30]_i_578_n_0
    SLICE_X57Y23         CARRY4 (Prop_carry4_CI_CO[1])
                                                      0.157    19.258 r  dut/core0/u_divider/out_res_reg[30]_i_577/CO[1]
                         net (fo=27, routed)          2.139    21.397    dut/core0/u_divider/out_res_reg[30]_i_577_n_2
    SLICE_X53Y17         LUT3 (Prop_lut3_I0_O)        0.329    21.726 r  dut/core0/u_divider/out_res[30]_i_608/O
                         net (fo=1, routed)           0.000    21.726    dut/core0/u_divider/out_res[30]_i_608_n_0
    SLICE_X53Y17         CARRY4 (Prop_carry4_S[1]_CO[3])
                                                      0.550    22.276 r  dut/core0/u_divider/out_res_reg[30]_i_569/CO[3]
                         net (fo=1, routed)           0.000    22.276    dut/core0/u_divider/out_res_reg[30]_i_569_n_0
    SLICE_X53Y18         CARRY4 (Prop_carry4_CI_CO[3])
                                                      0.114    22.390 r  dut/core0/u_divider/out_res_reg[30]_i_564/CO[3]
                         net (fo=1, routed)           0.000    22.390    dut/core0/u_divider/out_res_reg[30]_i_564_n_0
    SLICE_X53Y19         CARRY4 (Prop_carry4_CI_CO[3])
                                                      0.114    22.504 r  dut/core0/u_divider/out_res_reg[30]_i_559/CO[3]
                         net (fo=1, routed)           0.000    22.504    dut/core0/u_divider/out_res_reg[30]_i_559_n_0
    SLICE_X53Y20         CARRY4 (Prop_carry4_CI_CO[3])
                                                      0.114    22.618 r  dut/core0/u_divider/out_res_reg[30]_i_554/CO[3]
                         net (fo=1, routed)           0.000    22.618    dut/core0/u_divider/out_res_reg[30]_i_554_n_0
    SLICE_X53Y21         CARRY4 (Prop_carry4_CI_CO[3])
                                                      0.114    22.732 r  dut/core0/u_divider/out_res_reg[30]_i_549/CO[3]
                         net (fo=1, routed)           0.000    22.732    dut/core0/u_divider/out_res_reg[30]_i_549_n_0
    SLICE_X53Y22         CARRY4 (Prop_carry4_CI_CO[3])
                                                      0.114    22.846 r  dut/core0/u_divider/out_res_reg[30]_i_546/CO[3]
                         net (fo=1, routed)           0.000    22.846    dut/core0/u_divider/out_res_reg[30]_i_546_n_0
    SLICE_X53Y23         CARRY4 (Prop_carry4_CI_CO[1])
                                                      0.157    23.003 r  dut/core0/u_divider/out_res_reg[30]_i_545/CO[1]
                         net (fo=27, routed)          2.101    25.104    dut/core0/u_divider/out_res_reg[30]_i_545_n_2
    SLICE_X55Y17         LUT3 (Prop_lut3_I0_O)        0.329    25.433 r  dut/core0/u_divider/out_res[30]_i_576/O
                         net (fo=1, routed)           0.000    25.433    dut/core0/u_divider/out_res[30]_i_576_n_0
    SLICE_X55Y17         CARRY4 (Prop_carry4_S[1]_CO[3])
                                                      0.550    25.983 r  dut/core0/u_divider/out_res_reg[30]_i_537/CO[3]
                         net (fo=1, routed)           0.000    25.983    dut/core0/u_divider/out_res_reg[30]_i_537_n_0
    SLICE_X55Y18         CARRY4 (Prop_carry4_CI_CO[3])
                                                      0.114    26.097 r  dut/core0/u_divider/out_res_reg[30]_i_532/CO[3]
                         net (fo=1, routed)           0.000    26.097    dut/core0/u_divider/out_res_reg[30]_i_532_n_0
    SLICE_X55Y19         CARRY4 (Prop_carry4_CI_CO[3])
                                                      0.114    26.211 r  dut/core0/u_divider/out_res_reg[30]_i_527/CO[3]
                         net (fo=1, routed)           0.000    26.211    dut/core0/u_divider/out_res_reg[30]_i_527_n_0
    SLICE_X55Y20         CARRY4 (Prop_carry4_CI_CO[3])
                                                      0.114    26.325 r  dut/core0/u_divider/out_res_reg[30]_i_522/CO[3]
                         net (fo=1, routed)           0.000    26.325    dut/core0/u_divider/out_res_reg[30]_i_522_n_0
    SLICE_X55Y21         CARRY4 (Prop_carry4_CI_CO[3])
                                                      0.114    26.439 r  dut/core0/u_divider/out_res_reg[30]_i_517/CO[3]
                         net (fo=1, routed)           0.000    26.439    dut/core0/u_divider/out_res_reg[30]_i_517_n_0
    SLICE_X55Y22         CARRY4 (Prop_carry4_CI_CO[3])
                                                      0.114    26.553 r  dut/core0/u_divider/out_res_reg[30]_i_514/CO[3]
                         net (fo=1, routed)           0.000    26.553    dut/core0/u_divider/out_res_reg[30]_i_514_n_0
    SLICE_X55Y23         CARRY4 (Prop_carry4_CI_CO[1])
                                                      0.157    26.710 r  dut/core0/u_divider/out_res_reg[30]_i_513/CO[1]
                         net (fo=27, routed)          2.078    28.788    dut/core0/u_divider/out_res_reg[30]_i_513_n_2
    SLICE_X52Y17         LUT3 (Prop_lut3_I0_O)        0.329    29.117 r  dut/core0/u_divider/out_res[30]_i_544/O
                         net (fo=1, routed)           0.000    29.117    dut/core0/u_divider/out_res[30]_i_544_n_0
    SLICE_X52Y17         CARRY4 (Prop_carry4_S[1]_CO[3])
                                                      0.550    29.667 r  dut/core0/u_divider/out_res_reg[30]_i_505/CO[3]
                         net (fo=1, routed)           0.000    29.667    dut/core0/u_divider/out_res_reg[30]_i_505_n_0
    SLICE_X52Y18         CARRY4 (Prop_carry4_CI_CO[3])
                                                      0.114    29.781 r  dut/core0/u_divider/out_res_reg[30]_i_500/CO[3]
                         net (fo=1, routed)           0.000    29.781    dut/core0/u_divider/out_res_reg[30]_i_500_n_0
    SLICE_X52Y19         CARRY4 (Prop_carry4_CI_CO[3])
                                                      0.114    29.895 r  dut/core0/u_divider/out_res_reg[30]_i_495/CO[3]
                         net (fo=1, routed)           0.000    29.895    dut/core0/u_divider/out_res_reg[30]_i_495_n_0
    SLICE_X52Y20         CARRY4 (Prop_carry4_CI_CO[3])
                                                      0.114    30.009 r  dut/core0/u_divider/out_res_reg[30]_i_490/CO[3]
                         net (fo=1, routed)           0.000    30.009    dut/core0/u_divider/out_res_reg[30]_i_490_n_0
    SLICE_X52Y21         CARRY4 (Prop_carry4_CI_CO[3])
                                                      0.114    30.123 r  dut/core0/u_divider/out_res_reg[30]_i_485/CO[3]
                         net (fo=1, routed)           0.000    30.123    dut/core0/u_divider/out_res_reg[30]_i_485_n_0
    SLICE_X52Y22         CARRY4 (Prop_carry4_CI_CO[3])
                                                      0.114    30.237 r  dut/core0/u_divider/out_res_reg[30]_i_482/CO[3]
                         net (fo=1, routed)           0.000    30.237    dut/core0/u_divider/out_res_reg[30]_i_482_n_0
    SLICE_X52Y23         CARRY4 (Prop_carry4_CI_CO[1])
                                                      0.157    30.394 r  dut/core0/u_divider/out_res_reg[30]_i_481/CO[1]
                         net (fo=27, routed)          1.844    32.238    dut/core0/u_divider/out_res_reg[30]_i_481_n_2
    SLICE_X44Y17         LUT3 (Prop_lut3_I0_O)        0.329    32.567 r  dut/core0/u_divider/out_res[30]_i_511/O
                         net (fo=1, routed)           0.000    32.567    dut/core0/u_divider/out_res[30]_i_511_n_0
    SLICE_X44Y17         CARRY4 (Prop_carry4_S[2]_CO[3])
                                                      0.398    32.965 r  dut/core0/u_divider/out_res_reg[30]_i_473/CO[3]
                         net (fo=1, routed)           0.000    32.965    dut/core0/u_divider/out_res_reg[30]_i_473_n_0
    SLICE_X44Y18         CARRY4 (Prop_carry4_CI_CO[3])
                                                      0.114    33.079 r  dut/core0/u_divider/out_res_reg[30]_i_468/CO[3]
                         net (fo=1, routed)           0.000    33.079    dut/core0/u_divider/out_res_reg[30]_i_468_n_0
    SLICE_X44Y19         CARRY4 (Prop_carry4_CI_CO[3])
                                                      0.114    33.193 r  dut/core0/u_divider/out_res_reg[30]_i_463/CO[3]
                         net (fo=1, routed)           0.000    33.193    dut/core0/u_divider/out_res_reg[30]_i_463_n_0
    SLICE_X44Y20         CARRY4 (Prop_carry4_CI_CO[3])
                                                      0.114    33.307 r  dut/core0/u_divider/out_res_reg[30]_i_458/CO[3]
                         net (fo=1, routed)           0.000    33.307    dut/core0/u_divider/out_res_reg[30]_i_458_n_0
    SLICE_X44Y21         CARRY4 (Prop_carry4_CI_CO[3])
                                                      0.114    33.421 r  dut/core0/u_divider/out_res_reg[30]_i_453/CO[3]
                         net (fo=1, routed)           0.000    33.421    dut/core0/u_divider/out_res_reg[30]_i_453_n_0
    SLICE_X44Y22         CARRY4 (Prop_carry4_CI_CO[3])
                                                      0.114    33.535 r  dut/core0/u_divider/out_res_reg[30]_i_450/CO[3]
                         net (fo=1, routed)           0.000    33.535    dut/core0/u_divider/out_res_reg[30]_i_450_n_0
    SLICE_X44Y23         CARRY4 (Prop_carry4_CI_CO[1])
                                                      0.157    33.692 r  dut/core0/u_divider/out_res_reg[30]_i_449/CO[1]
                         net (fo=27, routed)          1.557    35.249    dut/core0/u_divider/out_res_reg[30]_i_449_n_2
    SLICE_X45Y17         LUT3 (Prop_lut3_I0_O)        0.329    35.578 r  dut/core0/u_divider/out_res[30]_i_480/O
                         net (fo=1, routed)           0.000    35.578    dut/core0/u_divider/out_res[30]_i_480_n_0
    SLICE_X45Y17         CARRY4 (Prop_carry4_S[1]_CO[3])
                                                      0.550    36.128 r  dut/core0/u_divider/out_res_reg[30]_i_441/CO[3]
                         net (fo=1, routed)           0.000    36.128    dut/core0/u_divider/out_res_reg[30]_i_441_n_0
    SLICE_X45Y18         CARRY4 (Prop_carry4_CI_CO[3])
                                                      0.114    36.242 r  dut/core0/u_divider/out_res_reg[30]_i_436/CO[3]
                         net (fo=1, routed)           0.000    36.242    dut/core0/u_divider/out_res_reg[30]_i_436_n_0
    SLICE_X45Y19         CARRY4 (Prop_carry4_CI_CO[3])
                                                      0.114    36.356 r  dut/core0/u_divider/out_res_reg[30]_i_431/CO[3]
                         net (fo=1, routed)           0.000    36.356    dut/core0/u_divider/out_res_reg[30]_i_431_n_0
    SLICE_X45Y20         CARRY4 (Prop_carry4_CI_CO[3])
                                                      0.114    36.470 r  dut/core0/u_divider/out_res_reg[30]_i_426/CO[3]
                         net (fo=1, routed)           0.000    36.470    dut/core0/u_divider/out_res_reg[30]_i_426_n_0
    SLICE_X45Y21         CARRY4 (Prop_carry4_CI_CO[3])
                                                      0.114    36.584 r  dut/core0/u_divider/out_res_reg[30]_i_421/CO[3]
                         net (fo=1, routed)           0.000    36.584    dut/core0/u_divider/out_res_reg[30]_i_421_n_0
    SLICE_X45Y22         CARRY4 (Prop_carry4_CI_CO[3])
                                                      0.114    36.698 r  dut/core0/u_divider/out_res_reg[30]_i_418/CO[3]
                         net (fo=1, routed)           0.000    36.698    dut/core0/u_divider/out_res_reg[30]_i_418_n_0
    SLICE_X45Y23         CARRY4 (Prop_carry4_CI_CO[1])
                                                      0.157    36.855 r  dut/core0/u_divider/out_res_reg[30]_i_417/CO[1]
                         net (fo=27, routed)          1.567    38.421    dut/core0/u_divider/out_res_reg[30]_i_417_n_2
    SLICE_X48Y17         LUT3 (Prop_lut3_I0_O)        0.329    38.750 r  dut/core0/u_divider/out_res[30]_i_448/O
                         net (fo=1, routed)           0.000    38.750    dut/core0/u_divider/out_res[30]_i_448_n_0
    SLICE_X48Y17         CARRY4 (Prop_carry4_S[1]_CO[3])
                                                      0.550    39.300 r  dut/core0/u_divider/out_res_reg[30]_i_409/CO[3]
                         net (fo=1, routed)           0.000    39.300    dut/core0/u_divider/out_res_reg[30]_i_409_n_0
    SLICE_X48Y18         CARRY4 (Prop_carry4_CI_CO[3])
                                                      0.114    39.414 r  dut/core0/u_divider/out_res_reg[30]_i_404/CO[3]
                         net (fo=1, routed)           0.000    39.414    dut/core0/u_divider/out_res_reg[30]_i_404_n_0
    SLICE_X48Y19         CARRY4 (Prop_carry4_CI_CO[3])
                                                      0.114    39.528 r  dut/core0/u_divider/out_res_reg[30]_i_399/CO[3]
                         net (fo=1, routed)           0.000    39.528    dut/core0/u_divider/out_res_reg[30]_i_399_n_0
    SLICE_X48Y20         CARRY4 (Prop_carry4_CI_CO[3])
                                                      0.114    39.642 r  dut/core0/u_divider/out_res_reg[30]_i_394/CO[3]
                         net (fo=1, routed)           0.000    39.642    dut/core0/u_divider/out_res_reg[30]_i_394_n_0
    SLICE_X48Y21         CARRY4 (Prop_carry4_CI_CO[3])
                                                      0.114    39.756 r  dut/core0/u_divider/out_res_reg[30]_i_389/CO[3]
                         net (fo=1, routed)           0.000    39.756    dut/core0/u_divider/out_res_reg[30]_i_389_n_0
    SLICE_X48Y22         CARRY4 (Prop_carry4_CI_CO[3])
                                                      0.114    39.870 r  dut/core0/u_divider/out_res_reg[30]_i_386/CO[3]
                         net (fo=1, routed)           0.000    39.870    dut/core0/u_divider/out_res_reg[30]_i_386_n_0
    SLICE_X48Y23         CARRY4 (Prop_carry4_CI_CO[1])
                                                      0.157    40.027 r  dut/core0/u_divider/out_res_reg[30]_i_385/CO[1]
                         net (fo=27, routed)          1.066    41.093    dut/core0/u_divider/out_res_reg[30]_i_385_n_2
    SLICE_X49Y21         LUT3 (Prop_lut3_I0_O)        0.329    41.422 r  dut/core0/u_divider/out_res[30]_i_414/O
                         net (fo=1, routed)           0.000    41.422    dut/core0/u_divider/out_res[30]_i_414_n_0
    SLICE_X49Y21         CARRY4 (Prop_carry4_S[3]_CO[3])
                                                      0.401    41.823 r  dut/core0/u_divider/out_res_reg[30]_i_377/CO[3]
                         net (fo=1, routed)           0.000    41.823    dut/core0/u_divider/out_res_reg[30]_i_377_n_0
    SLICE_X49Y22         CARRY4 (Prop_carry4_CI_CO[3])
                                                      0.114    41.937 r  dut/core0/u_divider/out_res_reg[30]_i_372/CO[3]
                         net (fo=1, routed)           0.000    41.937    dut/core0/u_divider/out_res_reg[30]_i_372_n_0
    SLICE_X49Y23         CARRY4 (Prop_carry4_CI_CO[3])
                                                      0.114    42.051 r  dut/core0/u_divider/out_res_reg[30]_i_367/CO[3]
                         net (fo=1, routed)           0.000    42.051    dut/core0/u_divider/out_res_reg[30]_i_367_n_0
    SLICE_X49Y24         CARRY4 (Prop_carry4_CI_CO[3])
                                                      0.114    42.165 r  dut/core0/u_divider/out_res_reg[30]_i_362/CO[3]
                         net (fo=1, routed)           0.009    42.174    dut/core0/u_divider/out_res_reg[30]_i_362_n_0
    SLICE_X49Y25         CARRY4 (Prop_carry4_CI_CO[3])
                                                      0.114    42.288 r  dut/core0/u_divider/out_res_reg[30]_i_357/CO[3]
                         net (fo=1, routed)           0.000    42.288    dut/core0/u_divider/out_res_reg[30]_i_357_n_0
    SLICE_X49Y26         CARRY4 (Prop_carry4_CI_CO[3])
                                                      0.114    42.402 r  dut/core0/u_divider/out_res_reg[30]_i_354/CO[3]
                         net (fo=1, routed)           0.000    42.402    dut/core0/u_divider/out_res_reg[30]_i_354_n_0
    SLICE_X49Y27         CARRY4 (Prop_carry4_CI_CO[1])
                                                      0.157    42.559 r  dut/core0/u_divider/out_res_reg[30]_i_353/CO[1]
                         net (fo=27, routed)          2.049    44.608    dut/core0/u_divider/out_res_reg[30]_i_353_n_2
    SLICE_X47Y22         LUT3 (Prop_lut3_I0_O)        0.329    44.937 r  dut/core0/u_divider/out_res[30]_i_380/O
                         net (fo=1, routed)           0.000    44.937    dut/core0/u_divider/out_res[30]_i_380_n_0
    SLICE_X47Y22         CARRY4 (Prop_carry4_S[1]_CO[3])
                                                      0.550    45.487 r  dut/core0/u_divider/out_res_reg[30]_i_339/CO[3]
                         net (fo=1, routed)           0.000    45.487    dut/core0/u_divider/out_res_reg[30]_i_339_n_0
    SLICE_X47Y23         CARRY4 (Prop_carry4_CI_CO[3])
                                                      0.114    45.601 r  dut/core0/u_divider/out_res_reg[30]_i_334/CO[3]
                         net (fo=1, routed)           0.000    45.601    dut/core0/u_divider/out_res_reg[30]_i_334_n_0
    SLICE_X47Y24         CARRY4 (Prop_carry4_CI_CO[3])
                                                      0.114    45.715 r  dut/core0/u_divider/out_res_reg[30]_i_329/CO[3]
                         net (fo=1, routed)           0.009    45.724    dut/core0/u_divider/out_res_reg[30]_i_329_n_0
    SLICE_X47Y25         CARRY4 (Prop_carry4_CI_CO[3])
                                                      0.114    45.838 r  dut/core0/u_divider/out_res_reg[30]_i_324/CO[3]
                         net (fo=1, routed)           0.000    45.838    dut/core0/u_divider/out_res_reg[30]_i_324_n_0
    SLICE_X47Y26         CARRY4 (Prop_carry4_CI_CO[3])
                                                      0.114    45.952 r  dut/core0/u_divider/out_res_reg[30]_i_321/CO[3]
                         net (fo=1, routed)           0.000    45.952    dut/core0/u_divider/out_res_reg[30]_i_321_n_0
    SLICE_X47Y27         CARRY4 (Prop_carry4_CI_CO[1])
                                                      0.157    46.109 r  dut/core0/u_divider/out_res_reg[30]_i_320/CO[1]
                         net (fo=27, routed)          2.185    48.294    dut/core0/u_divider/out_res_reg[30]_i_320_n_2
    SLICE_X43Y21         LUT3 (Prop_lut3_I0_O)        0.329    48.623 r  dut/core0/u_divider/out_res[30]_i_351/O
                         net (fo=1, routed)           0.000    48.623    dut/core0/u_divider/out_res[30]_i_351_n_0
    SLICE_X43Y21         CARRY4 (Prop_carry4_S[1]_CO[3])
                                                      0.550    49.173 r  dut/core0/u_divider/out_res_reg[30]_i_311/CO[3]
                         net (fo=1, routed)           0.000    49.173    dut/core0/u_divider/out_res_reg[30]_i_311_n_0
    SLICE_X43Y22         CARRY4 (Prop_carry4_CI_CO[3])
                                                      0.114    49.287 r  dut/core0/u_divider/out_res_reg[30]_i_306/CO[3]
                         net (fo=1, routed)           0.000    49.287    dut/core0/u_divider/out_res_reg[30]_i_306_n_0
    SLICE_X43Y23         CARRY4 (Prop_carry4_CI_CO[3])
                                                      0.114    49.401 r  dut/core0/u_divider/out_res_reg[30]_i_301/CO[3]
                         net (fo=1, routed)           0.000    49.401    dut/core0/u_divider/out_res_reg[30]_i_301_n_0
    SLICE_X43Y24         CARRY4 (Prop_carry4_CI_CO[3])
                                                      0.114    49.515 r  dut/core0/u_divider/out_res_reg[30]_i_296/CO[3]
                         net (fo=1, routed)           0.009    49.524    dut/core0/u_divider/out_res_reg[30]_i_296_n_0
    SLICE_X43Y25         CARRY4 (Prop_carry4_CI_CO[3])
                                                      0.114    49.638 r  dut/core0/u_divider/out_res_reg[30]_i_291/CO[3]
                         net (fo=1, routed)           0.000    49.638    dut/core0/u_divider/out_res_reg[30]_i_291_n_0
    SLICE_X43Y26         CARRY4 (Prop_carry4_CI_CO[3])
                                                      0.114    49.752 r  dut/core0/u_divider/out_res_reg[30]_i_288/CO[3]
                         net (fo=1, routed)           0.000    49.752    dut/core0/u_divider/out_res_reg[30]_i_288_n_0
    SLICE_X43Y27         CARRY4 (Prop_carry4_CI_CO[1])
                                                      0.157    49.909 r  dut/core0/u_divider/out_res_reg[30]_i_287/CO[1]
                         net (fo=27, routed)          1.751    51.661    dut/core0/u_divider/out_res_reg[30]_i_287_n_2
    SLICE_X41Y23         LUT3 (Prop_lut3_I0_O)        0.329    51.990 r  dut/core0/u_divider/out_res[30]_i_316/O
                         net (fo=1, routed)           0.000    51.990    dut/core0/u_divider/out_res[30]_i_316_n_0
    SLICE_X41Y23         CARRY4 (Prop_carry4_S[3]_CO[3])
                                                      0.401    52.391 r  dut/core0/u_divider/out_res_reg[30]_i_278/CO[3]
                         net (fo=1, routed)           0.000    52.391    dut/core0/u_divider/out_res_reg[30]_i_278_n_0
    SLICE_X41Y24         CARRY4 (Prop_carry4_CI_CO[3])
                                                      0.114    52.505 r  dut/core0/u_divider/out_res_reg[30]_i_273/CO[3]
                         net (fo=1, routed)           0.009    52.514    dut/core0/u_divider/out_res_reg[30]_i_273_n_0
    SLICE_X41Y25         CARRY4 (Prop_carry4_CI_CO[3])
                                                      0.114    52.628 r  dut/core0/u_divider/out_res_reg[30]_i_268/CO[3]
                         net (fo=1, routed)           0.000    52.628    dut/core0/u_divider/out_res_reg[30]_i_268_n_0
    SLICE_X41Y26         CARRY4 (Prop_carry4_CI_CO[3])
                                                      0.114    52.742 r  dut/core0/u_divider/out_res_reg[30]_i_263/CO[3]
                         net (fo=1, routed)           0.000    52.742    dut/core0/u_divider/out_res_reg[30]_i_263_n_0
    SLICE_X41Y27         CARRY4 (Prop_carry4_CI_CO[3])
                                                      0.114    52.856 r  dut/core0/u_divider/out_res_reg[30]_i_258/CO[3]
                         net (fo=1, routed)           0.000    52.856    dut/core0/u_divider/out_res_reg[30]_i_258_n_0
    SLICE_X41Y28         CARRY4 (Prop_carry4_CI_CO[3])
                                                      0.114    52.970 r  dut/core0/u_divider/out_res_reg[30]_i_255/CO[3]
                         net (fo=1, routed)           0.000    52.970    dut/core0/u_divider/out_res_reg[30]_i_255_n_0
    SLICE_X41Y29         CARRY4 (Prop_carry4_CI_CO[1])
                                                      0.157    53.127 r  dut/core0/u_divider/out_res_reg[30]_i_254/CO[1]
                         net (fo=27, routed)          1.773    54.899    dut/core0/u_divider/out_res_reg[30]_i_254_n_2
    SLICE_X40Y23         LUT3 (Prop_lut3_I0_O)        0.329    55.228 r  dut/core0/u_divider/out_res[30]_i_285/O
                         net (fo=1, routed)           0.000    55.228    dut/core0/u_divider/out_res[30]_i_285_n_0
    SLICE_X40Y23         CARRY4 (Prop_carry4_S[1]_CO[3])
                                                      0.550    55.778 r  dut/core0/u_divider/out_res_reg[30]_i_245/CO[3]
                         net (fo=1, routed)           0.000    55.778    dut/core0/u_divider/out_res_reg[30]_i_245_n_0
    SLICE_X40Y24         CARRY4 (Prop_carry4_CI_CO[3])
                                                      0.114    55.892 r  dut/core0/u_divider/out_res_reg[30]_i_240/CO[3]
                         net (fo=1, routed)           0.009    55.901    dut/core0/u_divider/out_res_reg[30]_i_240_n_0
    SLICE_X40Y25         CARRY4 (Prop_carry4_CI_CO[3])
                                                      0.114    56.015 r  dut/core0/u_divider/out_res_reg[30]_i_235/CO[3]
                         net (fo=1, routed)           0.000    56.015    dut/core0/u_divider/out_res_reg[30]_i_235_n_0
    SLICE_X40Y26         CARRY4 (Prop_carry4_CI_CO[3])
                                                      0.114    56.129 r  dut/core0/u_divider/out_res_reg[30]_i_230/CO[3]
                         net (fo=1, routed)           0.000    56.129    dut/core0/u_divider/out_res_reg[30]_i_230_n_0
    SLICE_X40Y27         CARRY4 (Prop_carry4_CI_CO[3])
                                                      0.114    56.243 r  dut/core0/u_divider/out_res_reg[30]_i_225/CO[3]
                         net (fo=1, routed)           0.000    56.243    dut/core0/u_divider/out_res_reg[30]_i_225_n_0
    SLICE_X40Y28         CARRY4 (Prop_carry4_CI_CO[3])
                                                      0.114    56.357 r  dut/core0/u_divider/out_res_reg[30]_i_222/CO[3]
                         net (fo=1, routed)           0.000    56.357    dut/core0/u_divider/out_res_reg[30]_i_222_n_0
    SLICE_X40Y29         CARRY4 (Prop_carry4_CI_CO[1])
                                                      0.157    56.514 r  dut/core0/u_divider/out_res_reg[30]_i_221/CO[1]
                         net (fo=27, routed)          2.225    58.740    dut/core0/u_divider/out_res_reg[30]_i_221_n_2
    SLICE_X36Y21         LUT3 (Prop_lut3_I0_O)        0.329    59.069 r  dut/core0/u_divider/out_res[30]_i_251/O
                         net (fo=1, routed)           0.000    59.069    dut/core0/u_divider/out_res[30]_i_251_n_0
    SLICE_X36Y21         CARRY4 (Prop_carry4_S[2]_CO[3])
                                                      0.380    59.449 r  dut/core0/u_divider/out_res_reg[30]_i_212/CO[3]
                         net (fo=1, routed)           0.000    59.449    dut/core0/u_divider/out_res_reg[30]_i_212_n_0
    SLICE_X36Y22         CARRY4 (Prop_carry4_CI_CO[3])
                                                      0.117    59.566 r  dut/core0/u_divider/out_res_reg[30]_i_207/CO[3]
                         net (fo=1, routed)           0.000    59.566    dut/core0/u_divider/out_res_reg[30]_i_207_n_0
    SLICE_X36Y23         CARRY4 (Prop_carry4_CI_CO[3])
                                                      0.117    59.683 r  dut/core0/u_divider/out_res_reg[30]_i_202/CO[3]
                         net (fo=1, routed)           0.000    59.683    dut/core0/u_divider/out_res_reg[30]_i_202_n_0
    SLICE_X36Y24         CARRY4 (Prop_carry4_CI_CO[3])
                                                      0.117    59.800 r  dut/core0/u_divider/out_res_reg[30]_i_197/CO[3]
                         net (fo=1, routed)           0.009    59.809    dut/core0/u_divider/out_res_reg[30]_i_197_n_0
    SLICE_X36Y25         CARRY4 (Prop_carry4_CI_CO[3])
                                                      0.117    59.926 r  dut/core0/u_divider/out_res_reg[30]_i_192/CO[3]
                         net (fo=1, routed)           0.000    59.926    dut/core0/u_divider/out_res_reg[30]_i_192_n_0
    SLICE_X36Y26         CARRY4 (Prop_carry4_CI_CO[3])
                                                      0.117    60.043 r  dut/core0/u_divider/out_res_reg[30]_i_189/CO[3]
                         net (fo=1, routed)           0.000    60.043    dut/core0/u_divider/out_res_reg[30]_i_189_n_0
    SLICE_X36Y27         CARRY4 (Prop_carry4_CI_CO[1])
                                                      0.157    60.200 r  dut/core0/u_divider/out_res_reg[30]_i_188/CO[1]
                         net (fo=27, routed)          2.078    62.278    dut/core0/u_divider/out_res_reg[30]_i_188_n_2
    SLICE_X35Y21         LUT3 (Prop_lut3_I0_O)        0.332    62.610 r  dut/core0/u_divider/out_res[30]_i_219/O
                         net (fo=1, routed)           0.000    62.610    dut/core0/u_divider/out_res[30]_i_219_n_0
    SLICE_X35Y21         CARRY4 (Prop_carry4_S[1]_CO[3])
                                                      0.550    63.160 r  dut/core0/u_divider/out_res_reg[30]_i_179/CO[3]
                         net (fo=1, routed)           0.000    63.160    dut/core0/u_divider/out_res_reg[30]_i_179_n_0
    SLICE_X35Y22         CARRY4 (Prop_carry4_CI_CO[3])
                                                      0.114    63.274 r  dut/core0/u_divider/out_res_reg[30]_i_174/CO[3]
                         net (fo=1, routed)           0.000    63.274    dut/core0/u_divider/out_res_reg[30]_i_174_n_0
    SLICE_X35Y23         CARRY4 (Prop_carry4_CI_CO[3])
                                                      0.114    63.388 r  dut/core0/u_divider/out_res_reg[30]_i_169/CO[3]
                         net (fo=1, routed)           0.000    63.388    dut/core0/u_divider/out_res_reg[30]_i_169_n_0
    SLICE_X35Y24         CARRY4 (Prop_carry4_CI_CO[3])
                                                      0.114    63.502 r  dut/core0/u_divider/out_res_reg[30]_i_164/CO[3]
                         net (fo=1, routed)           0.009    63.511    dut/core0/u_divider/out_res_reg[30]_i_164_n_0
    SLICE_X35Y25         CARRY4 (Prop_carry4_CI_CO[3])
                                                      0.114    63.625 r  dut/core0/u_divider/out_res_reg[30]_i_159/CO[3]
                         net (fo=1, routed)           0.000    63.625    dut/core0/u_divider/out_res_reg[30]_i_159_n_0
    SLICE_X35Y26         CARRY4 (Prop_carry4_CI_CO[3])
                                                      0.114    63.739 r  dut/core0/u_divider/out_res_reg[30]_i_156/CO[3]
                         net (fo=1, routed)           0.000    63.739    dut/core0/u_divider/out_res_reg[30]_i_156_n_0
    SLICE_X35Y27         CARRY4 (Prop_carry4_CI_CO[1])
                                                      0.157    63.896 r  dut/core0/u_divider/out_res_reg[30]_i_155/CO[1]
                         net (fo=27, routed)          1.602    65.498    dut/core0/u_divider/out_res_reg[30]_i_155_n_2
    SLICE_X37Y22         LUT3 (Prop_lut3_I0_O)        0.329    65.827 r  dut/core0/u_divider/out_res[30]_i_182/O
                         net (fo=1, routed)           0.000    65.827    dut/core0/u_divider/out_res[30]_i_182_n_0
    SLICE_X37Y22         CARRY4 (Prop_carry4_S[1]_CO[3])
                                                      0.550    66.377 r  dut/core0/u_divider/out_res_reg[30]_i_141/CO[3]
                         net (fo=1, routed)           0.000    66.377    dut/core0/u_divider/out_res_reg[30]_i_141_n_0
    SLICE_X37Y23         CARRY4 (Prop_carry4_CI_CO[3])
                                                      0.114    66.491 r  dut/core0/u_divider/out_res_reg[30]_i_136/CO[3]
                         net (fo=1, routed)           0.000    66.491    dut/core0/u_divider/out_res_reg[30]_i_136_n_0
    SLICE_X37Y24         CARRY4 (Prop_carry4_CI_CO[3])
                                                      0.114    66.605 r  dut/core0/u_divider/out_res_reg[30]_i_131/CO[3]
                         net (fo=1, routed)           0.009    66.614    dut/core0/u_divider/out_res_reg[30]_i_131_n_0
    SLICE_X37Y25         CARRY4 (Prop_carry4_CI_CO[3])
                                                      0.114    66.728 r  dut/core0/u_divider/out_res_reg[30]_i_126/CO[3]
                         net (fo=1, routed)           0.000    66.728    dut/core0/u_divider/out_res_reg[30]_i_126_n_0
    SLICE_X37Y26         CARRY4 (Prop_carry4_CI_CO[3])
                                                      0.114    66.842 r  dut/core0/u_divider/out_res_reg[30]_i_123/CO[3]
                         net (fo=1, routed)           0.000    66.842    dut/core0/u_divider/out_res_reg[30]_i_123_n_0
    SLICE_X37Y27         CARRY4 (Prop_carry4_CI_CO[1])
                                                      0.157    66.999 r  dut/core0/u_divider/out_res_reg[30]_i_122/CO[1]
                         net (fo=27, routed)          2.334    69.333    dut/core0/u_divider/out_res_reg[30]_i_122_n_2
    SLICE_X38Y14         LUT3 (Prop_lut3_I0_O)        0.329    69.662 r  dut/core0/u_divider/out_res[30]_i_153/O
                         net (fo=1, routed)           0.000    69.662    dut/core0/u_divider/out_res[30]_i_153_n_0
    SLICE_X38Y14         CARRY4 (Prop_carry4_S[1]_CO[3])
                                                      0.533    70.195 r  dut/core0/u_divider/out_res_reg[30]_i_116/CO[3]
                         net (fo=1, routed)           0.000    70.195    dut/core0/u_divider/out_res_reg[30]_i_116_n_0
    SLICE_X38Y15         CARRY4 (Prop_carry4_CI_CO[3])
                                                      0.117    70.312 r  dut/core0/u_divider/out_res_reg[30]_i_111/CO[3]
                         net (fo=1, routed)           0.000    70.312    dut/core0/u_divider/out_res_reg[30]_i_111_n_0
    SLICE_X38Y16         CARRY4 (Prop_carry4_CI_CO[3])
                                                      0.117    70.429 r  dut/core0/u_divider/out_res_reg[30]_i_106/CO[3]
                         net (fo=1, routed)           0.000    70.429    dut/core0/u_divider/out_res_reg[30]_i_106_n_0
    SLICE_X38Y17         CARRY4 (Prop_carry4_CI_CO[3])
                                                      0.117    70.546 r  dut/core0/u_divider/out_res_reg[30]_i_101/CO[3]
                         net (fo=1, routed)           0.000    70.546    dut/core0/u_divider/out_res_reg[30]_i_101_n_0
    SLICE_X38Y18         CARRY4 (Prop_carry4_CI_CO[3])
                                                      0.117    70.663 r  dut/core0/u_divider/out_res_reg[30]_i_96/CO[3]
                         net (fo=1, routed)           0.000    70.663    dut/core0/u_divider/out_res_reg[30]_i_96_n_0
    SLICE_X38Y19         CARRY4 (Prop_carry4_CI_CO[3])
                                                      0.117    70.780 r  dut/core0/u_divider/out_res_reg[30]_i_93/CO[3]
                         net (fo=1, routed)           0.000    70.780    dut/core0/u_divider/out_res_reg[30]_i_93_n_0
    SLICE_X38Y20         CARRY4 (Prop_carry4_CI_CO[1])
                                                      0.157    70.937 r  dut/core0/u_divider/out_res_reg[30]_i_92/CO[1]
                         net (fo=27, routed)          1.858    72.795    dut/core0/u_divider/out_res_reg[30]_i_92_n_2
    SLICE_X39Y14         LUT3 (Prop_lut3_I0_O)        0.332    73.127 r  dut/core0/u_divider/out_res[30]_i_119/O
                         net (fo=1, routed)           0.000    73.127    dut/core0/u_divider/out_res[30]_i_119_n_0
    SLICE_X39Y14         CARRY4 (Prop_carry4_S[1]_CO[3])
                                                      0.550    73.677 r  dut/core0/u_divider/out_res_reg[30]_i_86/CO[3]
                         net (fo=1, routed)           0.000    73.677    dut/core0/u_divider/out_res_reg[30]_i_86_n_0
    SLICE_X39Y15         CARRY4 (Prop_carry4_CI_CO[3])
                                                      0.114    73.791 r  dut/core0/u_divider/out_res_reg[30]_i_81/CO[3]
                         net (fo=1, routed)           0.000    73.791    dut/core0/u_divider/out_res_reg[30]_i_81_n_0
    SLICE_X39Y16         CARRY4 (Prop_carry4_CI_CO[3])
                                                      0.114    73.905 r  dut/core0/u_divider/out_res_reg[30]_i_76/CO[3]
                         net (fo=1, routed)           0.000    73.905    dut/core0/u_divider/out_res_reg[30]_i_76_n_0
    SLICE_X39Y17         CARRY4 (Prop_carry4_CI_CO[3])
                                                      0.114    74.019 r  dut/core0/u_divider/out_res_reg[30]_i_71/CO[3]
                         net (fo=1, routed)           0.000    74.019    dut/core0/u_divider/out_res_reg[30]_i_71_n_0
    SLICE_X39Y18         CARRY4 (Prop_carry4_CI_CO[3])
                                                      0.114    74.133 r  dut/core0/u_divider/out_res_reg[30]_i_68/CO[3]
                         net (fo=1, routed)           0.000    74.133    dut/core0/u_divider/out_res_reg[30]_i_68_n_0
    SLICE_X39Y19         CARRY4 (Prop_carry4_CI_CO[1])
                                                      0.157    74.290 r  dut/core0/u_divider/out_res_reg[30]_i_67/CO[1]
                         net (fo=27, routed)          1.738    76.029    dut/core0/u_divider/out_res_reg[30]_i_67_n_2
    SLICE_X37Y14         LUT3 (Prop_lut3_I0_O)        0.329    76.358 r  dut/core0/u_divider/i__carry_i_146/O
                         net (fo=1, routed)           0.000    76.358    dut/core0/u_divider/i__carry_i_146_n_0
    SLICE_X37Y14         CARRY4 (Prop_carry4_S[1]_CO[3])
                                                      0.550    76.908 r  dut/core0/u_divider/i__carry_i_119/CO[3]
                         net (fo=1, routed)           0.000    76.908    dut/core0/u_divider/i__carry_i_119_n_0
    SLICE_X37Y15         CARRY4 (Prop_carry4_CI_CO[3])
                                                      0.114    77.022 r  dut/core0/u_divider/i__carry_i_93/CO[3]
                         net (fo=1, routed)           0.000    77.022    dut/core0/u_divider/i__carry_i_93_n_0
    SLICE_X37Y16         CARRY4 (Prop_carry4_CI_CO[3])
                                                      0.114    77.136 r  dut/core0/u_divider/out_res_reg[30]_i_61/CO[3]
                         net (fo=1, routed)           0.000    77.136    dut/core0/u_divider/out_res_reg[30]_i_61_n_0
    SLICE_X37Y17         CARRY4 (Prop_carry4_CI_CO[3])
                                                      0.114    77.250 r  dut/core0/u_divider/out_res_reg[30]_i_56/CO[3]
                         net (fo=1, routed)           0.000    77.250    dut/core0/u_divider/out_res_reg[30]_i_56_n_0
    SLICE_X37Y18         CARRY4 (Prop_carry4_CI_CO[3])
                                                      0.114    77.364 r  dut/core0/u_divider/out_res_reg[30]_i_51/CO[3]
                         net (fo=1, routed)           0.000    77.364    dut/core0/u_divider/out_res_reg[30]_i_51_n_0
    SLICE_X37Y19         CARRY4 (Prop_carry4_CI_CO[3])
                                                      0.114    77.478 r  dut/core0/u_divider/out_res_reg[30]_i_48/CO[3]
                         net (fo=1, routed)           0.000    77.478    dut/core0/u_divider/out_res_reg[30]_i_48_n_0
    SLICE_X37Y20         CARRY4 (Prop_carry4_CI_CO[1])
                                                      0.157    77.635 r  dut/core0/u_divider/out_res_reg[30]_i_47/CO[1]
                         net (fo=27, routed)          2.012    79.647    dut/core0/u_divider/out_res_reg[30]_i_47_n_2
    SLICE_X31Y15         LUT3 (Prop_lut3_I0_O)        0.329    79.976 r  dut/core0/u_divider/i__carry_i_122/O
                         net (fo=1, routed)           0.000    79.976    dut/core0/u_divider/i__carry_i_122_n_0
    SLICE_X31Y15         CARRY4 (Prop_carry4_S[1]_CO[3])
                                                      0.550    80.526 r  dut/core0/u_divider/i__carry_i_88/CO[3]
                         net (fo=1, routed)           0.000    80.526    dut/core0/u_divider/i__carry_i_88_n_0
    SLICE_X31Y16         CARRY4 (Prop_carry4_CI_CO[3])
                                                      0.114    80.640 r  dut/core0/u_divider/i__carry_i_67/CO[3]
                         net (fo=1, routed)           0.000    80.640    dut/core0/u_divider/i__carry_i_67_n_0
    SLICE_X31Y17         CARRY4 (Prop_carry4_CI_CO[3])
                                                      0.114    80.754 r  dut/core0/u_divider/out_res_reg[30]_i_41/CO[3]
                         net (fo=1, routed)           0.000    80.754    dut/core0/u_divider/out_res_reg[30]_i_41_n_0
    SLICE_X31Y18         CARRY4 (Prop_carry4_CI_CO[3])
                                                      0.114    80.868 r  dut/core0/u_divider/out_res_reg[30]_i_36/CO[3]
                         net (fo=1, routed)           0.000    80.868    dut/core0/u_divider/out_res_reg[30]_i_36_n_0
    SLICE_X31Y19         CARRY4 (Prop_carry4_CI_CO[3])
                                                      0.114    80.982 r  dut/core0/u_divider/out_res_reg[30]_i_33/CO[3]
                         net (fo=1, routed)           0.000    80.982    dut/core0/u_divider/out_res_reg[30]_i_33_n_0
    SLICE_X31Y20         CARRY4 (Prop_carry4_CI_CO[1])
                                                      0.157    81.139 r  dut/core0/u_divider/out_res_reg[30]_i_32/CO[1]
                         net (fo=27, routed)          1.791    82.930    dut/core0/u_divider/out_res_reg[30]_i_32_n_2
    SLICE_X32Y23         LUT3 (Prop_lut3_I0_O)        0.329    83.259 r  dut/core0/u_divider/i__carry_i_71/O
                         net (fo=1, routed)           0.000    83.259    dut/core0/u_divider/i__carry_i_71_n_0
    SLICE_X32Y23         CARRY4 (Prop_carry4_S[0]_CO[3])
                                                      0.513    83.772 r  dut/core0/u_divider/i__carry_i_46/CO[3]
                         net (fo=1, routed)           0.000    83.772    dut/core0/u_divider/i__carry_i_46_n_0
    SLICE_X32Y24         CARRY4 (Prop_carry4_CI_CO[3])
                                                      0.117    83.889 r  dut/core0/u_divider/out_res_reg[30]_i_26/CO[3]
                         net (fo=1, routed)           0.009    83.898    dut/core0/u_divider/out_res_reg[30]_i_26_n_0
    SLICE_X32Y25         CARRY4 (Prop_carry4_CI_CO[3])
                                                      0.117    84.015 r  dut/core0/u_divider/out_res_reg[30]_i_23/CO[3]
                         net (fo=1, routed)           0.000    84.015    dut/core0/u_divider/out_res_reg[30]_i_23_n_0
    SLICE_X32Y26         CARRY4 (Prop_carry4_CI_CO[1])
                                                      0.157    84.172 r  dut/core0/u_divider/out_res_reg[30]_i_22/CO[1]
                         net (fo=27, routed)          2.210    86.381    dut/core0/u_divider/out_res_reg[30]_i_22_n_2
    SLICE_X39Y20         LUT3 (Prop_lut3_I0_O)        0.332    86.713 r  dut/core0/u_divider/i__carry_i_137/O
                         net (fo=1, routed)           0.000    86.713    dut/core0/u_divider/i__carry_i_137_n_0
    SLICE_X39Y20         CARRY4 (Prop_carry4_S[1]_CO[3])
                                                      0.550    87.263 r  dut/core0/u_divider/i__carry_i_104/CO[3]
                         net (fo=1, routed)           0.000    87.263    dut/core0/u_divider/i__carry_i_104_n_0
    SLICE_X39Y21         CARRY4 (Prop_carry4_CI_CO[3])
                                                      0.114    87.377 r  dut/core0/u_divider/i__carry_i_78/CO[3]
                         net (fo=1, routed)           0.000    87.377    dut/core0/u_divider/i__carry_i_78_n_0
    SLICE_X39Y22         CARRY4 (Prop_carry4_CI_CO[3])
                                                      0.114    87.491 r  dut/core0/u_divider/i__carry_i_57/CO[3]
                         net (fo=1, routed)           0.000    87.491    dut/core0/u_divider/i__carry_i_57_n_0
    SLICE_X39Y23         CARRY4 (Prop_carry4_CI_CO[3])
                                                      0.114    87.605 r  dut/core0/u_divider/i__carry_i_41/CO[3]
                         net (fo=1, routed)           0.000    87.605    dut/core0/u_divider/i__carry_i_41_n_0
    SLICE_X39Y24         CARRY4 (Prop_carry4_CI_CO[3])
                                                      0.114    87.719 r  dut/core0/u_divider/i__carry_i_30/CO[3]
                         net (fo=1, routed)           0.009    87.728    dut/core0/u_divider/i__carry_i_30_n_0
    SLICE_X39Y25         CARRY4 (Prop_carry4_CI_CO[3])
                                                      0.114    87.842 r  dut/core0/u_divider/out_res_reg[30]_i_15/CO[3]
                         net (fo=1, routed)           0.000    87.842    dut/core0/u_divider/out_res_reg[30]_i_15_n_0
    SLICE_X39Y26         CARRY4 (Prop_carry4_CI_CO[1])
                                                      0.157    87.999 r  dut/core0/u_divider/out_res_reg[30]_i_14/CO[1]
                         net (fo=27, routed)          2.052    90.051    dut/core0/execute_unit/u_fpu/u_divider/out_res_reg[30]_i_8_0[1]
    SLICE_X39Y33         LUT3 (Prop_lut3_I0_O)        0.329    90.380 r  dut/core0/execute_unit/u_fpu/u_divider/out_res[30]_i_17/O
                         net (fo=1, routed)           0.000    90.380    dut/core0/execute_unit/u_fpu/u_divider/out_res[30]_i_17_n_0
    SLICE_X39Y33         CARRY4 (Prop_carry4_S[0]_CO[1])
                                                      0.457    90.837 r  dut/core0/execute_unit/u_fpu/u_divider/out_res_reg[30]_i_8/CO[1]
                         net (fo=70, routed)          2.017    92.854    dut/core0/execute_unit_n_53
    SLICE_X31Y26         LUT3 (Prop_lut3_I0_O)        0.329    93.183 r  dut/core0/u_divider/i__carry_i_100/O
                         net (fo=1, routed)           0.000    93.183    dut/core0/u_divider/i__carry_i_100_n_0
    SLICE_X31Y26         CARRY4 (Prop_carry4_S[3]_CO[3])
                                                      0.401    93.584 r  dut/core0/u_divider/i__carry_i_72/CO[3]
                         net (fo=1, routed)           0.000    93.584    dut/core0/u_divider/i__carry_i_72_n_0
    SLICE_X31Y27         CARRY4 (Prop_carry4_CI_CO[3])
                                                      0.114    93.698 r  dut/core0/u_divider/i__carry_i_51/CO[3]
                         net (fo=1, routed)           0.000    93.698    dut/core0/u_divider/i__carry_i_51_n_0
    SLICE_X31Y28         CARRY4 (Prop_carry4_CI_CO[3])
                                                      0.114    93.812 r  dut/core0/u_divider/i__carry_i_35/CO[3]
                         net (fo=1, routed)           0.000    93.812    dut/core0/u_divider/i__carry_i_35_n_0
    SLICE_X31Y29         CARRY4 (Prop_carry4_CI_CO[3])
                                                      0.114    93.926 r  dut/core0/u_divider/i__carry_i_24/CO[3]
                         net (fo=1, routed)           0.000    93.926    dut/core0/u_divider/i__carry_i_24_n_0
    SLICE_X31Y30         CARRY4 (Prop_carry4_CI_CO[3])
                                                      0.114    94.040 r  dut/core0/u_divider/i__carry_i_14/CO[3]
                         net (fo=1, routed)           0.000    94.040    dut/core0/u_divider/i__carry_i_14_n_0
    SLICE_X31Y31         CARRY4 (Prop_carry4_CI_CO[1])
                                                      0.157    94.197 r  dut/core0/u_divider/i__carry_i_11/CO[1]
                         net (fo=39, routed)          1.652    95.849    dut/core0/u_divider/i__carry_i_11_n_2
    SLICE_X30Y24         LUT3 (Prop_lut3_I0_O)        0.329    96.178 r  dut/core0/u_divider/out_res[21]_i_42/O
                         net (fo=1, routed)           0.000    96.178    dut/core0/u_divider/out_res[21]_i_42_n_0
    SLICE_X30Y24         CARRY4 (Prop_carry4_S[3]_CO[3])
                                                      0.376    96.554 r  dut/core0/u_divider/out_res_reg[21]_i_35/CO[3]
                         net (fo=1, routed)           0.009    96.563    dut/core0/u_divider/out_res_reg[21]_i_35_n_0
    SLICE_X30Y25         CARRY4 (Prop_carry4_CI_CO[3])
                                                      0.117    96.680 r  dut/core0/u_divider/out_res_reg[21]_i_29/CO[3]
                         net (fo=1, routed)           0.000    96.680    dut/core0/u_divider/out_res_reg[21]_i_29_n_0
    SLICE_X30Y26         CARRY4 (Prop_carry4_CI_CO[3])
                                                      0.117    96.797 r  dut/core0/u_divider/out_res_reg[21]_i_23/CO[3]
                         net (fo=1, routed)           0.000    96.797    dut/core0/u_divider/out_res_reg[21]_i_23_n_0
    SLICE_X30Y27         CARRY4 (Prop_carry4_CI_CO[3])
                                                      0.117    96.914 r  dut/core0/u_divider/out_res_reg[21]_i_17/CO[3]
                         net (fo=1, routed)           0.000    96.914    dut/core0/u_divider/out_res_reg[21]_i_17_n_0
    SLICE_X30Y28         CARRY4 (Prop_carry4_CI_CO[3])
                                                      0.117    97.031 r  dut/core0/u_divider/out_res_reg[21]_i_11/CO[3]
                         net (fo=1, routed)           0.000    97.031    dut/core0/u_divider/out_res_reg[21]_i_11_n_0
    SLICE_X30Y29         CARRY4 (Prop_carry4_CI_CO[3])
                                                      0.117    97.148 r  dut/core0/u_divider/out_res_reg[21]_i_7/CO[3]
                         net (fo=1, routed)           0.000    97.148    dut/core0/u_divider/out_res_reg[21]_i_7_n_0
    SLICE_X30Y30         CARRY4 (Prop_carry4_CI_CO[1])
                                                      0.157    97.305 r  dut/core0/u_divider/out_res_reg[21]_i_5/CO[1]
                         net (fo=32, routed)          2.084    99.389    dut/core0/execute_unit/u_fpu/u_divider/out_res_reg[21]_0[0]
    SLICE_X33Y21         LUT5 (Prop_lut5_I0_O)        0.332    99.721 r  dut/core0/execute_unit/u_fpu/u_divider/i__carry_i_18__4/O
                         net (fo=3, routed)           0.677   100.397    dut/core0/execute_unit/u_fpu/u_divider/i__carry_i_18__4_n_0
    SLICE_X33Y21         LUT6 (Prop_lut6_I0_O)        0.124   100.521 r  dut/core0/execute_unit/u_fpu/u_divider/i__carry_i_13__11/O
                         net (fo=33, routed)          0.788   101.309    dut/core0/execute_unit/u_fpu/u_divider/i__carry_i_13__11_n_0
    SLICE_X33Y23         LUT4 (Prop_lut4_I3_O)        0.124   101.433 r  dut/core0/execute_unit/u_fpu/u_divider/i__carry_i_8__20/O
                         net (fo=1, routed)           0.000   101.433    dut/core0/execute_unit/u_fpu/u_divider/i__carry_i_8__20_n_0
    SLICE_X33Y23         CARRY4 (Prop_carry4_S[0]_CO[3])
                                                      0.532   101.965 r  dut/core0/execute_unit/u_fpu/u_divider/exp_norm0_inferred__0/i__carry/CO[3]
                         net (fo=1, routed)           0.000   101.965    dut/core0/execute_unit/u_fpu/u_divider/exp_norm0_inferred__0/i__carry_n_0
    SLICE_X33Y24         CARRY4 (Prop_carry4_CI_O[3])
                                                      0.313   102.278 f  dut/core0/execute_unit/u_fpu/u_divider/exp_norm0_inferred__0/i__carry__0/O[3]
                         net (fo=3, routed)           1.287   103.565    dut/core0/execute_unit/u_fpu/u_divider/exp_norm[7]
    SLICE_X29Y24         LUT6 (Prop_lut6_I2_O)        0.306   103.871 f  dut/core0/execute_unit/u_fpu/u_divider/i__carry_i_12__14/O
                         net (fo=1, routed)           0.789   104.660    dut/core0/execute_unit/u_fpu/u_divider/i__carry_i_12__14_n_0
    SLICE_X31Y24         LUT6 (Prop_lut6_I1_O)        0.124   104.784 r  dut/core0/execute_unit/u_fpu/u_divider/i__carry_i_11__12/O
                         net (fo=4, routed)           0.318   105.102    dut/core0/execute_unit/u_fpu/u_divider/i__carry_i_11__12_n_0
    SLICE_X31Y23         LUT6 (Prop_lut6_I5_O)        0.124   105.226 r  dut/core0/execute_unit/u_fpu/u_divider/i__carry_i_5__19/O
                         net (fo=32, routed)          1.415   106.641    dut/core0/execute_unit/u_fpu/u_divider/i__carry_i_5__19_n_0
    SLICE_X24Y28         LUT2 (Prop_lut2_I1_O)        0.124   106.765 r  dut/core0/execute_unit/u_fpu/u_divider/i__carry_i_4__0/O
                         net (fo=1, routed)           0.000   106.765    dut/core0/execute_unit/u_fpu/u_divider/i__carry_i_4__0_n_0
    SLICE_X24Y28         CARRY4 (Prop_carry4_S[0]_CO[3])
                                                      0.532   107.297 r  dut/core0/execute_unit/u_fpu/u_divider/exp_norm0_inferred__1/i__carry/CO[3]
                         net (fo=1, routed)           0.000   107.297    dut/core0/execute_unit/u_fpu/u_divider/exp_norm0_inferred__1/i__carry_n_0
    SLICE_X24Y29         CARRY4 (Prop_carry4_CI_CO[3])
                                                      0.114   107.411 r  dut/core0/execute_unit/u_fpu/u_divider/exp_norm0_inferred__1/i__carry__0/CO[3]
                         net (fo=1, routed)           0.000   107.411    dut/core0/execute_unit/u_fpu/u_divider/exp_norm0_inferred__1/i__carry__0_n_0
    SLICE_X24Y30         CARRY4 (Prop_carry4_CI_O[0])
                                                      0.222   107.633 f  dut/core0/execute_unit/u_fpu/u_divider/exp_norm0_inferred__1/i__carry__1/O[0]
                         net (fo=3, routed)           1.193   108.826    dut/core0/execute_unit/u_fpu/u_divider/exp_norm0_inferred__1/i__carry__1_n_7
    SLICE_X22Y28         LUT6 (Prop_lut6_I1_O)        0.299   109.125 f  dut/core0/execute_unit/u_fpu/u_divider/i__carry_i_8__14/O
                         net (fo=1, routed)           0.162   109.287    dut/core0/execute_unit/u_fpu/u_divider/i__carry_i_8__14_n_0
    SLICE_X22Y28         LUT6 (Prop_lut6_I1_O)        0.124   109.411 r  dut/core0/execute_unit/u_fpu/u_divider/i__carry_i_7__14/O
                         net (fo=2, routed)           0.961   110.372    dut/core0/execute_unit/u_fpu/u_divider/i__carry_i_7__14_n_0
    SLICE_X29Y24         LUT6 (Prop_lut6_I5_O)        0.124   110.496 r  dut/core0/execute_unit/u_fpu/u_divider/i__carry_i_5__18/O
                         net (fo=30, routed)          1.373   111.869    dut/core0/execute_unit/u_fpu/u_divider/i__carry_i_5__18_n_0
    SLICE_X20Y27         LUT2 (Prop_lut2_I1_O)        0.124   111.993 r  dut/core0/execute_unit/u_fpu/u_divider/i__carry_i_4__1/O
                         net (fo=1, routed)           0.000   111.993    dut/core0/execute_unit/u_fpu/u_divider/i__carry_i_4__1_n_0
    SLICE_X20Y27         CARRY4 (Prop_carry4_S[0]_CO[3])
                                                      0.513   112.506 r  dut/core0/execute_unit/u_fpu/u_divider/exp_norm0_inferred__2/i__carry/CO[3]
                         net (fo=1, routed)           0.000   112.506    dut/core0/execute_unit/u_fpu/u_divider/exp_norm0_inferred__2/i__carry_n_0
    SLICE_X20Y28         CARRY4 (Prop_carry4_CI_O[2])
                                                      0.239   112.745 f  dut/core0/execute_unit/u_fpu/u_divider/exp_norm0_inferred__2/i__carry__0/O[2]
                         net (fo=3, routed)           0.828   113.573    dut/core0/execute_unit/u_fpu/u_divider/exp_norm0_inferred__2/i__carry__0_n_5
    SLICE_X21Y28         LUT6 (Prop_lut6_I1_O)        0.301   113.874 f  dut/core0/execute_unit/u_fpu/u_divider/i__carry_i_12__15/O
                         net (fo=1, routed)           0.264   114.139    dut/core0/execute_unit/u_fpu/u_divider/i__carry_i_12__15_n_0
    SLICE_X21Y28         LUT6 (Prop_lut6_I1_O)        0.124   114.263 r  dut/core0/execute_unit/u_fpu/u_divider/i__carry_i_9__6/O
                         net (fo=3, routed)           1.257   115.520    dut/core0/execute_unit/u_fpu/u_divider/i__carry_i_9__6_n_0
    SLICE_X29Y23         LUT6 (Prop_lut6_I5_O)        0.124   115.644 r  dut/core0/execute_unit/u_fpu/u_divider/i__carry_i_5__17/O
                         net (fo=28, routed)          1.329   116.972    dut/core0/execute_unit/u_fpu/u_divider/i__carry_i_5__17_n_0
    SLICE_X18Y24         LUT2 (Prop_lut2_I1_O)        0.124   117.096 r  dut/core0/execute_unit/u_fpu/u_divider/i__carry_i_4__2/O
                         net (fo=1, routed)           0.000   117.096    dut/core0/execute_unit/u_fpu/u_divider/i__carry_i_4__2_n_0
    SLICE_X18Y24         CARRY4 (Prop_carry4_S[0]_CO[3])
                                                      0.513   117.609 r  dut/core0/execute_unit/u_fpu/u_divider/exp_norm0_inferred__3/i__carry/CO[3]
                         net (fo=1, routed)           0.009   117.618    dut/core0/execute_unit/u_fpu/u_divider/exp_norm0_inferred__3/i__carry_n_0
    SLICE_X18Y25         CARRY4 (Prop_carry4_CI_O[2])
                                                      0.239   117.857 f  dut/core0/execute_unit/u_fpu/u_divider/exp_norm0_inferred__3/i__carry__0/O[2]
                         net (fo=3, routed)           0.843   118.701    dut/core0/execute_unit/u_fpu/u_divider/exp_norm0_inferred__3/i__carry__0_n_5
    SLICE_X16Y24         LUT6 (Prop_lut6_I1_O)        0.301   119.002 f  dut/core0/execute_unit/u_fpu/u_divider/i__carry_i_11__13/O
                         net (fo=1, routed)           0.670   119.672    dut/core0/execute_unit/u_fpu/u_divider/i__carry_i_11__13_n_0
    SLICE_X16Y24         LUT6 (Prop_lut6_I1_O)        0.124   119.796 r  dut/core0/execute_unit/u_fpu/u_divider/i__carry_i_9__7/O
                         net (fo=1, routed)           1.196   120.992    dut/core0/execute_unit/u_fpu/u_divider/i__carry_i_9__7_n_0
    SLICE_X28Y24         LUT6 (Prop_lut6_I5_O)        0.124   121.116 r  dut/core0/execute_unit/u_fpu/u_divider/i__carry_i_5__16/O
                         net (fo=29, routed)          0.944   122.060    dut/core0/execute_unit/u_fpu/u_divider/i__carry_i_5__16_n_0
    SLICE_X17Y23         LUT2 (Prop_lut2_I1_O)        0.124   122.184 r  dut/core0/execute_unit/u_fpu/u_divider/i__carry_i_4__3/O
                         net (fo=1, routed)           0.000   122.184    dut/core0/execute_unit/u_fpu/u_divider/i__carry_i_4__3_n_0
    SLICE_X17Y23         CARRY4 (Prop_carry4_S[0]_CO[3])
                                                      0.532   122.716 r  dut/core0/execute_unit/u_fpu/u_divider/exp_norm0_inferred__4/i__carry/CO[3]
                         net (fo=1, routed)           0.000   122.716    dut/core0/execute_unit/u_fpu/u_divider/exp_norm0_inferred__4/i__carry_n_0
    SLICE_X17Y24         CARRY4 (Prop_carry4_CI_O[0])
                                                      0.222   122.938 f  dut/core0/execute_unit/u_fpu/u_divider/exp_norm0_inferred__4/i__carry__0/O[0]
                         net (fo=3, routed)           0.986   123.924    dut/core0/execute_unit/u_fpu/u_divider/exp_norm0_inferred__4/i__carry__0_n_7
    SLICE_X18Y23         LUT6 (Prop_lut6_I4_O)        0.299   124.223 f  dut/core0/execute_unit/u_fpu/u_divider/i__carry_i_10__15/O
                         net (fo=1, routed)           0.161   124.384    dut/core0/execute_unit/u_fpu/u_divider/i__carry_i_10__15_n_0
    SLICE_X18Y23         LUT6 (Prop_lut6_I1_O)        0.124   124.508 r  dut/core0/execute_unit/u_fpu/u_divider/i__carry_i_8__15/O
                         net (fo=4, routed)           1.084   125.592    dut/core0/execute_unit/u_fpu/u_divider/i__carry_i_8__15_n_0
    SLICE_X27Y23         LUT4 (Prop_lut4_I3_O)        0.124   125.716 r  dut/core0/execute_unit/u_fpu/u_divider/i__carry_i_5__15/O
                         net (fo=26, routed)          0.717   126.432    dut/core0/execute_unit/u_fpu/u_divider/i__carry_i_5__15_n_0
    SLICE_X19Y23         LUT2 (Prop_lut2_I1_O)        0.124   126.556 r  dut/core0/execute_unit/u_fpu/u_divider/i__carry_i_4__4/O
                         net (fo=1, routed)           0.000   126.556    dut/core0/execute_unit/u_fpu/u_divider/i__carry_i_4__4_n_0
    SLICE_X19Y23         CARRY4 (Prop_carry4_S[0]_CO[3])
                                                      0.532   127.088 r  dut/core0/execute_unit/u_fpu/u_divider/exp_norm0_inferred__5/i__carry/CO[3]
                         net (fo=1, routed)           0.000   127.088    dut/core0/execute_unit/u_fpu/u_divider/exp_norm0_inferred__5/i__carry_n_0
    SLICE_X19Y24         CARRY4 (Prop_carry4_CI_O[3])
                                                      0.313   127.401 f  dut/core0/execute_unit/u_fpu/u_divider/exp_norm0_inferred__5/i__carry__0/O[3]
                         net (fo=3, routed)           1.037   128.438    dut/core0/execute_unit/u_fpu/u_divider/exp_norm0_inferred__5/i__carry__0_n_4
    SLICE_X18Y23         LUT6 (Prop_lut6_I2_O)        0.306   128.744 f  dut/core0/execute_unit/u_fpu/u_divider/i__carry_i_9__8/O
                         net (fo=1, routed)           0.884   129.628    dut/core0/execute_unit/u_fpu/u_divider/i__carry_i_9__8_n_0
    SLICE_X16Y24         LUT6 (Prop_lut6_I1_O)        0.124   129.752 r  dut/core0/execute_unit/u_fpu/u_divider/i__carry_i_7__15/O
                         net (fo=1, routed)           0.584   130.336    dut/core0/execute_unit/u_fpu/u_divider/i__carry_i_7__15_n_0
    SLICE_X24Y24         LUT6 (Prop_lut6_I5_O)        0.124   130.460 r  dut/core0/execute_unit/u_fpu/u_divider/i__carry_i_5__14/O
                         net (fo=27, routed)          0.588   131.048    dut/core0/execute_unit/u_fpu/u_divider/i__carry_i_5__14_n_0
    SLICE_X20Y24         LUT2 (Prop_lut2_I1_O)        0.124   131.172 r  dut/core0/execute_unit/u_fpu/u_divider/i__carry_i_4__5/O
                         net (fo=1, routed)           0.000   131.172    dut/core0/execute_unit/u_fpu/u_divider/i__carry_i_4__5_n_0
    SLICE_X20Y24         CARRY4 (Prop_carry4_S[0]_CO[3])
                                                      0.513   131.685 r  dut/core0/execute_unit/u_fpu/u_divider/exp_norm0_inferred__6/i__carry/CO[3]
                         net (fo=1, routed)           0.009   131.694    dut/core0/execute_unit/u_fpu/u_divider/exp_norm0_inferred__6/i__carry_n_0
    SLICE_X20Y25         CARRY4 (Prop_carry4_CI_O[3])
                                                      0.315   132.009 f  dut/core0/execute_unit/u_fpu/u_divider/exp_norm0_inferred__6/i__carry__0/O[3]
                         net (fo=3, routed)           1.146   133.154    dut/core0/execute_unit/u_fpu/u_divider/exp_norm0_inferred__6/i__carry__0_n_4
    SLICE_X24Y24         LUT6 (Prop_lut6_I2_O)        0.307   133.461 f  dut/core0/execute_unit/u_fpu/u_divider/i__carry_i_13__12/O
                         net (fo=1, routed)           0.161   133.622    dut/core0/execute_unit/u_fpu/u_divider/i__carry_i_13__12_n_0
    SLICE_X24Y24         LUT6 (Prop_lut6_I1_O)        0.124   133.746 r  dut/core0/execute_unit/u_fpu/u_divider/i__carry_i_9__9/O
                         net (fo=4, routed)           1.049   134.795    dut/core0/execute_unit/u_fpu/u_divider/i__carry_i_9__9_n_0
    SLICE_X24Y23         LUT6 (Prop_lut6_I5_O)        0.124   134.919 r  dut/core0/execute_unit/u_fpu/u_divider/i__carry_i_5__13/O
                         net (fo=27, routed)          0.349   135.269    dut/core0/execute_unit/u_fpu/u_divider/i__carry_i_5__13_n_0
    SLICE_X24Y25         LUT2 (Prop_lut2_I1_O)        0.124   135.393 r  dut/core0/execute_unit/u_fpu/u_divider/i__carry_i_4__6/O
                         net (fo=1, routed)           0.000   135.393    dut/core0/execute_unit/u_fpu/u_divider/i__carry_i_4__6_n_0
    SLICE_X24Y25         CARRY4 (Prop_carry4_S[0]_CO[3])
                                                      0.532   135.925 r  dut/core0/execute_unit/u_fpu/u_divider/exp_norm0_inferred__7/i__carry/CO[3]
                         net (fo=1, routed)           0.000   135.925    dut/core0/execute_unit/u_fpu/u_divider/exp_norm0_inferred__7/i__carry_n_0
    SLICE_X24Y26         CARRY4 (Prop_carry4_CI_O[3])
                                                      0.313   136.238 f  dut/core0/execute_unit/u_fpu/u_divider/exp_norm0_inferred__7/i__carry__0/O[3]
                         net (fo=3, routed)           1.838   138.076    dut/core0/execute_unit/u_fpu/u_divider/exp_norm0_inferred__7/i__carry__0_n_4
    SLICE_X24Y23         LUT6 (Prop_lut6_I2_O)        0.306   138.382 f  dut/core0/execute_unit/u_fpu/u_divider/i__carry_i_10__16/O
                         net (fo=1, routed)           0.161   138.543    dut/core0/execute_unit/u_fpu/u_divider/i__carry_i_10__16_n_0
    SLICE_X24Y23         LUT6 (Prop_lut6_I1_O)        0.124   138.667 r  dut/core0/execute_unit/u_fpu/u_divider/i__carry_i_8__16/O
                         net (fo=2, routed)           0.963   139.630    dut/core0/execute_unit/u_fpu/u_divider/i__carry_i_8__16_n_0
    SLICE_X21Y19         LUT4 (Prop_lut4_I3_O)        0.150   139.780 r  dut/core0/execute_unit/u_fpu/u_divider/i__carry_i_5__12/O
                         net (fo=29, routed)          0.371   140.151    dut/core0/execute_unit/u_fpu/u_divider/i__carry_i_5__12_n_0
    SLICE_X23Y20         LUT2 (Prop_lut2_I1_O)        0.326   140.477 r  dut/core0/execute_unit/u_fpu/u_divider/i__carry_i_4__7/O
                         net (fo=1, routed)           0.000   140.477    dut/core0/execute_unit/u_fpu/u_divider/i__carry_i_4__7_n_0
    SLICE_X23Y20         CARRY4 (Prop_carry4_S[0]_CO[3])
                                                      0.532   141.009 r  dut/core0/execute_unit/u_fpu/u_divider/exp_norm0_inferred__8/i__carry/CO[3]
                         net (fo=1, routed)           0.000   141.009    dut/core0/execute_unit/u_fpu/u_divider/exp_norm0_inferred__8/i__carry_n_0
    SLICE_X23Y21         CARRY4 (Prop_carry4_CI_CO[3])
                                                      0.114   141.123 r  dut/core0/execute_unit/u_fpu/u_divider/exp_norm0_inferred__8/i__carry__0/CO[3]
                         net (fo=1, routed)           0.000   141.123    dut/core0/execute_unit/u_fpu/u_divider/exp_norm0_inferred__8/i__carry__0_n_0
    SLICE_X23Y22         CARRY4 (Prop_carry4_CI_O[1])
                                                      0.334   141.457 f  dut/core0/execute_unit/u_fpu/u_divider/exp_norm0_inferred__8/i__carry__1/O[1]
                         net (fo=3, routed)           1.239   142.696    dut/core0/execute_unit/u_fpu/u_divider/exp_norm0_inferred__8/i__carry__1_n_6
    SLICE_X21Y20         LUT6 (Prop_lut6_I3_O)        0.303   142.999 r  dut/core0/execute_unit/u_fpu/u_divider/i__carry_i_7__16/O
                         net (fo=3, routed)           0.827   143.826    dut/core0/execute_unit/u_fpu/u_divider/i__carry_i_7__16_n_0
    SLICE_X21Y19         LUT6 (Prop_lut6_I5_O)        0.124   143.950 r  dut/core0/execute_unit/u_fpu/u_divider/i__carry_i_5__11/O
                         net (fo=26, routed)          0.753   144.703    dut/core0/execute_unit/u_fpu/u_divider/i__carry_i_5__11_n_0
    SLICE_X19Y20         LUT2 (Prop_lut2_I1_O)        0.124   144.827 r  dut/core0/execute_unit/u_fpu/u_divider/i__carry_i_4__8/O
                         net (fo=1, routed)           0.000   144.827    dut/core0/execute_unit/u_fpu/u_divider/i__carry_i_4__8_n_0
    SLICE_X19Y20         CARRY4 (Prop_carry4_S[0]_CO[3])
                                                      0.532   145.359 r  dut/core0/execute_unit/u_fpu/u_divider/exp_norm0_inferred__9/i__carry/CO[3]
                         net (fo=1, routed)           0.000   145.359    dut/core0/execute_unit/u_fpu/u_divider/exp_norm0_inferred__9/i__carry_n_0
    SLICE_X19Y21         CARRY4 (Prop_carry4_CI_O[1])
                                                      0.334   145.693 f  dut/core0/execute_unit/u_fpu/u_divider/exp_norm0_inferred__9/i__carry__0/O[1]
                         net (fo=3, routed)           1.001   146.694    dut/core0/execute_unit/u_fpu/u_divider/exp_norm0_inferred__9/i__carry__0_n_6
    SLICE_X19Y19         LUT6 (Prop_lut6_I0_O)        0.303   146.997 f  dut/core0/execute_unit/u_fpu/u_divider/i__carry_i_11__14/O
                         net (fo=1, routed)           1.093   148.090    dut/core0/execute_unit/u_fpu/u_divider/i__carry_i_11__14_n_0
    SLICE_X18Y22         LUT6 (Prop_lut6_I1_O)        0.124   148.214 r  dut/core0/execute_unit/u_fpu/u_divider/i__carry_i_9__11/O
                         net (fo=1, routed)           1.011   149.225    dut/core0/execute_unit/u_fpu/u_divider/i__carry_i_9__11_n_0
    SLICE_X21Y19         LUT6 (Prop_lut6_I5_O)        0.124   149.349 r  dut/core0/execute_unit/u_fpu/u_divider/i__carry_i_5__10/O
                         net (fo=30, routed)          0.645   149.994    dut/core0/execute_unit/u_fpu/u_divider/i__carry_i_5__10_n_0
    SLICE_X18Y19         LUT2 (Prop_lut2_I1_O)        0.124   150.118 r  dut/core0/execute_unit/u_fpu/u_divider/i__carry_i_4__9/O
                         net (fo=1, routed)           0.000   150.118    dut/core0/execute_unit/u_fpu/u_divider/i__carry_i_4__9_n_0
    SLICE_X18Y19         CARRY4 (Prop_carry4_S[0]_CO[3])
                                                      0.513   150.631 r  dut/core0/execute_unit/u_fpu/u_divider/exp_norm0_inferred__10/i__carry/CO[3]
                         net (fo=1, routed)           0.000   150.631    dut/core0/execute_unit/u_fpu/u_divider/exp_norm0_inferred__10/i__carry_n_0
    SLICE_X18Y20         CARRY4 (Prop_carry4_CI_CO[3])
                                                      0.117   150.748 r  dut/core0/execute_unit/u_fpu/u_divider/exp_norm0_inferred__10/i__carry__0/CO[3]
                         net (fo=1, routed)           0.000   150.748    dut/core0/execute_unit/u_fpu/u_divider/exp_norm0_inferred__10/i__carry__0_n_0
    SLICE_X18Y21         CARRY4 (Prop_carry4_CI_O[0])
                                                      0.219   150.967 f  dut/core0/execute_unit/u_fpu/u_divider/exp_norm0_inferred__10/i__carry__1/O[0]
                         net (fo=3, routed)           1.149   152.116    dut/core0/execute_unit/u_fpu/u_divider/exp_norm0_inferred__10/i__carry__1_n_7
    SLICE_X19Y18         LUT6 (Prop_lut6_I1_O)        0.295   152.411 f  dut/core0/execute_unit/u_fpu/u_divider/i__carry_i_10__17/O
                         net (fo=1, routed)           0.264   152.675    dut/core0/execute_unit/u_fpu/u_divider/i__carry_i_10__17_n_0
    SLICE_X19Y18         LUT6 (Prop_lut6_I1_O)        0.124   152.799 r  dut/core0/execute_unit/u_fpu/u_divider/i__carry_i_8__17/O
                         net (fo=4, routed)           1.130   153.929    dut/core0/execute_unit/u_fpu/u_divider/i__carry_i_8__17_n_0
    SLICE_X23Y17         LUT4 (Prop_lut4_I3_O)        0.124   154.053 r  dut/core0/execute_unit/u_fpu/u_divider/i__carry_i_5__9/O
                         net (fo=27, routed)          0.856   154.910    dut/core0/execute_unit/u_fpu/u_divider/i__carry_i_5__9_n_0
    SLICE_X18Y16         LUT2 (Prop_lut2_I1_O)        0.124   155.034 r  dut/core0/execute_unit/u_fpu/u_divider/i__carry_i_4__10/O
                         net (fo=1, routed)           0.000   155.034    dut/core0/execute_unit/u_fpu/u_divider/i__carry_i_4__10_n_0
    SLICE_X18Y16         CARRY4 (Prop_carry4_S[0]_CO[3])
                                                      0.513   155.547 r  dut/core0/execute_unit/u_fpu/u_divider/exp_norm0_inferred__11/i__carry/CO[3]
                         net (fo=1, routed)           0.000   155.547    dut/core0/execute_unit/u_fpu/u_divider/exp_norm0_inferred__11/i__carry_n_0
    SLICE_X18Y17         CARRY4 (Prop_carry4_CI_CO[3])
                                                      0.117   155.664 r  dut/core0/execute_unit/u_fpu/u_divider/exp_norm0_inferred__11/i__carry__0/CO[3]
                         net (fo=1, routed)           0.000   155.664    dut/core0/execute_unit/u_fpu/u_divider/exp_norm0_inferred__11/i__carry__0_n_0
    SLICE_X18Y18         CARRY4 (Prop_carry4_CI_O[0])
                                                      0.219   155.883 f  dut/core0/execute_unit/u_fpu/u_divider/exp_norm0_inferred__11/i__carry__1/O[0]
                         net (fo=3, routed)           1.014   156.897    dut/core0/execute_unit/u_fpu/u_divider/exp_norm0_inferred__11/i__carry__1_n_7
    SLICE_X18Y15         LUT6 (Prop_lut6_I1_O)        0.295   157.192 f  dut/core0/execute_unit/u_fpu/u_divider/i__carry_i_9__12/O
                         net (fo=1, routed)           0.788   157.979    dut/core0/execute_unit/u_fpu/u_divider/i__carry_i_9__12_n_0
    SLICE_X17Y17         LUT6 (Prop_lut6_I1_O)        0.124   158.103 r  dut/core0/execute_unit/u_fpu/u_divider/i__carry_i_7__17/O
                         net (fo=1, routed)           0.969   159.072    dut/core0/execute_unit/u_fpu/u_divider/i__carry_i_7__17_n_0
    SLICE_X23Y17         LUT6 (Prop_lut6_I5_O)        0.124   159.196 r  dut/core0/execute_unit/u_fpu/u_divider/i__carry_i_5__8/O
                         net (fo=28, routed)          1.145   160.341    dut/core0/execute_unit/u_fpu/u_divider/i__carry_i_5__8_n_0
    SLICE_X19Y15         LUT2 (Prop_lut2_I1_O)        0.124   160.465 r  dut/core0/execute_unit/u_fpu/u_divider/i__carry_i_4__11/O
                         net (fo=1, routed)           0.000   160.465    dut/core0/execute_unit/u_fpu/u_divider/i__carry_i_4__11_n_0
    SLICE_X19Y15         CARRY4 (Prop_carry4_S[0]_CO[3])
                                                      0.532   160.997 r  dut/core0/execute_unit/u_fpu/u_divider/exp_norm0_inferred__12/i__carry/CO[3]
                         net (fo=1, routed)           0.000   160.997    dut/core0/execute_unit/u_fpu/u_divider/exp_norm0_inferred__12/i__carry_n_0
    SLICE_X19Y16         CARRY4 (Prop_carry4_CI_O[1])
                                                      0.334   161.331 f  dut/core0/execute_unit/u_fpu/u_divider/exp_norm0_inferred__12/i__carry__0/O[1]
                         net (fo=3, routed)           1.143   162.474    dut/core0/execute_unit/u_fpu/u_divider/exp_norm0_inferred__12/i__carry__0_n_6
    SLICE_X23Y16         LUT6 (Prop_lut6_I0_O)        0.303   162.777 f  dut/core0/execute_unit/u_fpu/u_divider/i__carry_i_11__15/O
                         net (fo=1, routed)           0.642   163.420    dut/core0/execute_unit/u_fpu/u_divider/i__carry_i_11__15_n_0
    SLICE_X23Y16         LUT6 (Prop_lut6_I1_O)        0.124   163.544 r  dut/core0/execute_unit/u_fpu/u_divider/i__carry_i_9__13/O
                         net (fo=4, routed)           0.166   163.710    dut/core0/execute_unit/u_fpu/u_divider/i__carry_i_9__13_n_0
    SLICE_X23Y16         LUT6 (Prop_lut6_I5_O)        0.124   163.834 r  dut/core0/execute_unit/u_fpu/u_divider/i__carry_i_5__7/O
                         net (fo=27, routed)          0.951   164.785    dut/core0/execute_unit/u_fpu/u_divider/i__carry_i_5__7_n_0
    SLICE_X23Y13         LUT2 (Prop_lut2_I1_O)        0.124   164.909 r  dut/core0/execute_unit/u_fpu/u_divider/i__carry_i_4__12/O
                         net (fo=1, routed)           0.000   164.909    dut/core0/execute_unit/u_fpu/u_divider/i__carry_i_4__12_n_0
    SLICE_X23Y13         CARRY4 (Prop_carry4_S[0]_CO[3])
                                                      0.532   165.441 r  dut/core0/execute_unit/u_fpu/u_divider/exp_norm0_inferred__13/i__carry/CO[3]
                         net (fo=1, routed)           0.000   165.441    dut/core0/execute_unit/u_fpu/u_divider/exp_norm0_inferred__13/i__carry_n_0
    SLICE_X23Y14         CARRY4 (Prop_carry4_CI_O[0])
                                                      0.222   165.663 f  dut/core0/execute_unit/u_fpu/u_divider/exp_norm0_inferred__13/i__carry__0/O[0]
                         net (fo=3, routed)           1.217   166.880    dut/core0/execute_unit/u_fpu/u_divider/exp_norm0_inferred__13/i__carry__0_n_7
    SLICE_X19Y13         LUT6 (Prop_lut6_I4_O)        0.299   167.179 f  dut/core0/execute_unit/u_fpu/u_divider/i__carry_i_10__18/O
                         net (fo=1, routed)           0.154   167.333    dut/core0/execute_unit/u_fpu/u_divider/i__carry_i_10__18_n_0
    SLICE_X19Y13         LUT6 (Prop_lut6_I1_O)        0.124   167.457 r  dut/core0/execute_unit/u_fpu/u_divider/i__carry_i_8__18/O
                         net (fo=2, routed)           0.676   168.133    dut/core0/execute_unit/u_fpu/u_divider/i__carry_i_8__18_n_0
    SLICE_X19Y13         LUT4 (Prop_lut4_I3_O)        0.124   168.257 r  dut/core0/execute_unit/u_fpu/u_divider/i__carry_i_5__6/O
                         net (fo=29, routed)          0.820   169.077    dut/core0/execute_unit/u_fpu/u_divider/i__carry_i_5__6_n_0
    SLICE_X18Y9          LUT2 (Prop_lut2_I1_O)        0.124   169.201 r  dut/core0/execute_unit/u_fpu/u_divider/i__carry_i_4__13/O
                         net (fo=1, routed)           0.000   169.201    dut/core0/execute_unit/u_fpu/u_divider/i__carry_i_4__13_n_0
    SLICE_X18Y9          CARRY4 (Prop_carry4_S[0]_CO[3])
                                                      0.513   169.714 r  dut/core0/execute_unit/u_fpu/u_divider/exp_norm0_inferred__14/i__carry/CO[3]
                         net (fo=1, routed)           0.000   169.714    dut/core0/execute_unit/u_fpu/u_divider/exp_norm0_inferred__14/i__carry_n_0
    SLICE_X18Y10         CARRY4 (Prop_carry4_CI_O[0])
                                                      0.219   169.933 f  dut/core0/execute_unit/u_fpu/u_divider/exp_norm0_inferred__14/i__carry__0/O[0]
                         net (fo=3, routed)           0.960   170.893    dut/core0/execute_unit/u_fpu/u_divider/exp_norm0_inferred__14/i__carry__0_n_7
    SLICE_X17Y9          LUT6 (Prop_lut6_I4_O)        0.295   171.188 f  dut/core0/execute_unit/u_fpu/u_divider/i__carry_i_9__14/O
                         net (fo=1, routed)           0.433   171.621    dut/core0/execute_unit/u_fpu/u_divider/i__carry_i_9__14_n_0
    SLICE_X17Y9          LUT6 (Prop_lut6_I1_O)        0.124   171.745 r  dut/core0/execute_unit/u_fpu/u_divider/i__carry_i_7__18/O
                         net (fo=3, routed)           1.253   172.998    dut/core0/execute_unit/u_fpu/u_divider/i__carry_i_7__18_n_0
    SLICE_X19Y13         LUT6 (Prop_lut6_I5_O)        0.124   173.122 r  dut/core0/execute_unit/u_fpu/u_divider/i__carry_i_5__5/O
                         net (fo=26, routed)          1.397   174.519    dut/core0/execute_unit/u_fpu/u_divider/i__carry_i_5__5_n_0
    SLICE_X19Y7          LUT2 (Prop_lut2_I1_O)        0.124   174.643 r  dut/core0/execute_unit/u_fpu/u_divider/i__carry_i_4__14/O
                         net (fo=1, routed)           0.000   174.643    dut/core0/execute_unit/u_fpu/u_divider/i__carry_i_4__14_n_0
    SLICE_X19Y7          CARRY4 (Prop_carry4_S[0]_CO[3])
                                                      0.532   175.175 r  dut/core0/execute_unit/u_fpu/u_divider/exp_norm0_inferred__15/i__carry/CO[3]
                         net (fo=1, routed)           0.000   175.175    dut/core0/execute_unit/u_fpu/u_divider/exp_norm0_inferred__15/i__carry_n_0
    SLICE_X19Y8          CARRY4 (Prop_carry4_CI_CO[3])
                                                      0.114   175.289 r  dut/core0/execute_unit/u_fpu/u_divider/exp_norm0_inferred__15/i__carry__0/CO[3]
                         net (fo=1, routed)           0.000   175.289    dut/core0/execute_unit/u_fpu/u_divider/exp_norm0_inferred__15/i__carry__0_n_0
    SLICE_X19Y9          CARRY4 (Prop_carry4_CI_O[0])
                                                      0.222   175.511 f  dut/core0/execute_unit/u_fpu/u_divider/exp_norm0_inferred__15/i__carry__1/O[0]
                         net (fo=3, routed)           0.980   176.492    dut/core0/execute_unit/u_fpu/u_divider/exp_norm0_inferred__15/i__carry__1_n_7
    SLICE_X20Y8          LUT6 (Prop_lut6_I1_O)        0.299   176.791 f  dut/core0/execute_unit/u_fpu/u_divider/i__carry_i_11__16/O
                         net (fo=1, routed)           0.286   177.077    dut/core0/execute_unit/u_fpu/u_divider/i__carry_i_11__16_n_0
    SLICE_X20Y8          LUT6 (Prop_lut6_I1_O)        0.124   177.201 r  dut/core0/execute_unit/u_fpu/u_divider/i__carry_i_9__15/O
                         net (fo=4, routed)           0.968   178.169    dut/core0/execute_unit/u_fpu/u_divider/i__carry_i_9__15_n_0
    SLICE_X19Y11         LUT6 (Prop_lut6_I5_O)        0.124   178.293 r  dut/core0/execute_unit/u_fpu/u_divider/i__carry_i_5__4/O
                         net (fo=28, routed)          1.369   179.662    dut/core0/execute_unit/u_fpu/u_divider/i__carry_i_5__4_n_0
    SLICE_X23Y7          LUT2 (Prop_lut2_I1_O)        0.124   179.786 r  dut/core0/execute_unit/u_fpu/u_divider/i__carry_i_4__15/O
                         net (fo=1, routed)           0.000   179.786    dut/core0/execute_unit/u_fpu/u_divider/i__carry_i_4__15_n_0
    SLICE_X23Y7          CARRY4 (Prop_carry4_S[0]_CO[3])
                                                      0.532   180.318 r  dut/core0/execute_unit/u_fpu/u_divider/exp_norm0_inferred__16/i__carry/CO[3]
                         net (fo=1, routed)           0.000   180.318    dut/core0/execute_unit/u_fpu/u_divider/exp_norm0_inferred__16/i__carry_n_0
    SLICE_X23Y8          CARRY4 (Prop_carry4_CI_O[0])
                                                      0.222   180.540 f  dut/core0/execute_unit/u_fpu/u_divider/exp_norm0_inferred__16/i__carry__0/O[0]
                         net (fo=3, routed)           0.983   181.523    dut/core0/execute_unit/u_fpu/u_divider/exp_norm0_inferred__16/i__carry__0_n_7
    SLICE_X22Y9          LUT6 (Prop_lut6_I4_O)        0.299   181.822 f  dut/core0/execute_unit/u_fpu/u_divider/i__carry_i_10__19/O
                         net (fo=1, routed)           0.670   182.492    dut/core0/execute_unit/u_fpu/u_divider/i__carry_i_10__19_n_0
    SLICE_X22Y9          LUT6 (Prop_lut6_I1_O)        0.124   182.616 r  dut/core0/execute_unit/u_fpu/u_divider/i__carry_i_8__19/O
                         net (fo=4, routed)           0.812   183.429    dut/core0/execute_unit/u_fpu/u_divider/i__carry_i_8__19_n_0
    SLICE_X22Y8          LUT4 (Prop_lut4_I3_O)        0.124   183.553 r  dut/core0/execute_unit/u_fpu/u_divider/i__carry_i_5__3/O
                         net (fo=28, routed)          0.673   184.226    dut/core0/execute_unit/u_fpu/u_divider/i__carry_i_5__3_n_0
    SLICE_X23Y10         LUT2 (Prop_lut2_I1_O)        0.124   184.350 r  dut/core0/execute_unit/u_fpu/u_divider/i__carry_i_4__16/O
                         net (fo=1, routed)           0.000   184.350    dut/core0/execute_unit/u_fpu/u_divider/i__carry_i_4__16_n_0
    SLICE_X23Y10         CARRY4 (Prop_carry4_S[0]_CO[3])
                                                      0.532   184.882 r  dut/core0/execute_unit/u_fpu/u_divider/exp_norm0_inferred__17/i__carry/CO[3]
                         net (fo=1, routed)           0.000   184.882    dut/core0/execute_unit/u_fpu/u_divider/exp_norm0_inferred__17/i__carry_n_0
    SLICE_X23Y11         CARRY4 (Prop_carry4_CI_O[2])
                                                      0.239   185.121 f  dut/core0/execute_unit/u_fpu/u_divider/exp_norm0_inferred__17/i__carry__0/O[2]
                         net (fo=3, routed)           0.990   186.111    dut/core0/execute_unit/u_fpu/u_divider/exp_norm0_inferred__17/i__carry__0_n_5
    SLICE_X22Y9          LUT6 (Prop_lut6_I1_O)        0.302   186.413 f  dut/core0/execute_unit/u_fpu/u_divider/i__carry_i_9__16/O
                         net (fo=1, routed)           0.670   187.083    dut/core0/execute_unit/u_fpu/u_divider/i__carry_i_9__16_n_0
    SLICE_X22Y9          LUT6 (Prop_lut6_I1_O)        0.124   187.207 r  dut/core0/execute_unit/u_fpu/u_divider/i__carry_i_7__19/O
                         net (fo=3, routed)           0.323   187.530    dut/core0/execute_unit/u_fpu/u_divider/i__carry_i_7__19_n_0
    SLICE_X22Y8          LUT6 (Prop_lut6_I5_O)        0.124   187.654 r  dut/core0/execute_unit/u_fpu/u_divider/i__carry_i_5__2/O
                         net (fo=26, routed)          0.332   187.986    dut/core0/execute_unit/u_fpu/u_divider/i__carry_i_5__2_n_0
    SLICE_X22Y10         LUT2 (Prop_lut2_I1_O)        0.124   188.110 r  dut/core0/execute_unit/u_fpu/u_divider/i__carry_i_4__17/O
                         net (fo=1, routed)           0.000   188.110    dut/core0/execute_unit/u_fpu/u_divider/i__carry_i_4__17_n_0
    SLICE_X22Y10         CARRY4 (Prop_carry4_S[0]_CO[3])
                                                      0.513   188.623 r  dut/core0/execute_unit/u_fpu/u_divider/exp_norm0_inferred__18/i__carry/CO[3]
                         net (fo=1, routed)           0.000   188.623    dut/core0/execute_unit/u_fpu/u_divider/exp_norm0_inferred__18/i__carry_n_0
    SLICE_X22Y11         CARRY4 (Prop_carry4_CI_CO[3])
                                                      0.117   188.740 r  dut/core0/execute_unit/u_fpu/u_divider/exp_norm0_inferred__18/i__carry__0/CO[3]
                         net (fo=1, routed)           0.000   188.740    dut/core0/execute_unit/u_fpu/u_divider/exp_norm0_inferred__18/i__carry__0_n_0
    SLICE_X22Y12         CARRY4 (Prop_carry4_CI_O[1])
                                                      0.323   189.063 f  dut/core0/execute_unit/u_fpu/u_divider/exp_norm0_inferred__18/i__carry__1/O[1]
                         net (fo=3, routed)           1.604   190.667    dut/core0/execute_unit/u_fpu/u_divider/exp_norm0_inferred__18/i__carry__1_n_6
    SLICE_X30Y10         LUT6 (Prop_lut6_I3_O)        0.306   190.973 r  dut/core0/execute_unit/u_fpu/u_divider/i__carry_i_9__17/O
                         net (fo=5, routed)           1.005   191.978    dut/core0/execute_unit/u_fpu/u_divider/i__carry_i_9__17_n_0
    SLICE_X22Y8          LUT6 (Prop_lut6_I5_O)        0.124   192.102 r  dut/core0/execute_unit/u_fpu/u_divider/i__carry_i_5__1/O
                         net (fo=26, routed)          1.317   193.419    dut/core0/execute_unit/u_fpu/u_divider/i__carry_i_5__1_n_0
    SLICE_X31Y10         LUT2 (Prop_lut2_I1_O)        0.124   193.543 r  dut/core0/execute_unit/u_fpu/u_divider/i__carry_i_4__18/O
                         net (fo=1, routed)           0.000   193.543    dut/core0/execute_unit/u_fpu/u_divider/i__carry_i_4__18_n_0
    SLICE_X31Y10         CARRY4 (Prop_carry4_S[0]_CO[3])
                                                      0.532   194.075 r  dut/core0/execute_unit/u_fpu/u_divider/exp_norm0_inferred__19/i__carry/CO[3]
                         net (fo=1, routed)           0.000   194.075    dut/core0/execute_unit/u_fpu/u_divider/exp_norm0_inferred__19/i__carry_n_0
    SLICE_X31Y11         CARRY4 (Prop_carry4_CI_O[2])
                                                      0.239   194.314 f  dut/core0/execute_unit/u_fpu/u_divider/exp_norm0_inferred__19/i__carry__0/O[2]
                         net (fo=3, routed)           1.141   195.456    dut/core0/execute_unit/u_fpu/u_divider/exp_norm0_inferred__19/i__carry__0_n_5
    SLICE_X33Y13         LUT6 (Prop_lut6_I1_O)        0.302   195.758 f  dut/core0/execute_unit/u_fpu/u_divider/i__carry_i_9__18/O
                         net (fo=1, routed)           0.473   196.231    dut/core0/execute_unit/u_fpu/u_divider/i__carry_i_9__18_n_0
    SLICE_X33Y13         LUT6 (Prop_lut6_I1_O)        0.124   196.355 r  dut/core0/execute_unit/u_fpu/u_divider/i__carry_i_6__20/O
                         net (fo=6, routed)           0.917   197.272    dut/core0/execute_unit/u_fpu/u_divider/i__carry_i_6__20_n_0
    SLICE_X34Y15         LUT4 (Prop_lut4_I0_O)        0.124   197.396 r  dut/core0/execute_unit/u_fpu/u_divider/i__carry_i_5__0/O
                         net (fo=24, routed)          1.000   198.397    dut/core0/execute_unit/u_fpu/u_divider/i__carry_i_5__0_n_0
    SLICE_X32Y13         LUT2 (Prop_lut2_I1_O)        0.124   198.521 r  dut/core0/execute_unit/u_fpu/u_divider/i__carry_i_4__19/O
                         net (fo=1, routed)           0.000   198.521    dut/core0/execute_unit/u_fpu/u_divider/i__carry_i_4__19_n_0
    SLICE_X32Y13         CARRY4 (Prop_carry4_S[0]_CO[3])
                                                      0.513   199.034 r  dut/core0/execute_unit/u_fpu/u_divider/exp_norm0_inferred__20/i__carry/CO[3]
                         net (fo=1, routed)           0.000   199.034    dut/core0/execute_unit/u_fpu/u_divider/exp_norm0_inferred__20/i__carry_n_0
    SLICE_X32Y14         CARRY4 (Prop_carry4_CI_O[2])
                                                      0.239   199.273 r  dut/core0/execute_unit/u_fpu/u_divider/exp_norm0_inferred__20/i__carry__0/O[2]
                         net (fo=3, routed)           1.282   200.555    dut/core0/execute_unit/u_fpu/u_divider/exp_norm0_inferred__20/i__carry__0_n_5
    SLICE_X33Y13         LUT6 (Prop_lut6_I2_O)        0.301   200.856 r  dut/core0/execute_unit/u_fpu/u_divider/i__carry_i_9__19/O
                         net (fo=1, routed)           0.466   201.322    dut/core0/execute_unit/u_fpu/u_divider/i__carry_i_9__19_n_0
    SLICE_X34Y15         LUT6 (Prop_lut6_I1_O)        0.124   201.446 f  dut/core0/execute_unit/u_fpu/u_divider/i__carry_i_7__20/O
                         net (fo=12, routed)          0.691   202.137    dut/core0/execute_unit/u_fpu/u_divider/i__carry_i_7__20_n_0
    SLICE_X34Y16         LUT2 (Prop_lut2_I1_O)        0.124   202.261 r  dut/core0/execute_unit/u_fpu/u_divider/i__carry_i_5/O
                         net (fo=24, routed)          0.981   203.242    dut/core0/execute_unit/u_fpu/u_divider/i__carry_i_5_n_0
    SLICE_X33Y14         LUT2 (Prop_lut2_I1_O)        0.124   203.366 r  dut/core0/execute_unit/u_fpu/u_divider/i__carry_i_4__20/O
                         net (fo=1, routed)           0.000   203.366    dut/core0/execute_unit/u_fpu/u_divider/i__carry_i_4__20_n_0
    SLICE_X33Y14         CARRY4 (Prop_carry4_S[0]_CO[3])
                                                      0.532   203.898 r  dut/core0/execute_unit/u_fpu/u_divider/exp_norm0_inferred__21/i__carry/CO[3]
                         net (fo=1, routed)           0.000   203.898    dut/core0/execute_unit/u_fpu/u_divider/exp_norm0_inferred__21/i__carry_n_0
    SLICE_X33Y15         CARRY4 (Prop_carry4_CI_O[0])
                                                      0.222   204.120 f  dut/core0/execute_unit/u_fpu/u_divider/exp_norm0_inferred__21/i__carry__0/O[0]
                         net (fo=4, routed)           0.986   205.106    dut/core0/execute_unit/u_fpu/u_divider/exp_norm0_inferred__21/i__carry__0_n_7
    SLICE_X35Y15         LUT6 (Prop_lut6_I0_O)        0.299   205.405 r  dut/core0/execute_unit/u_fpu/u_divider/out_res[30]_i_10/O
                         net (fo=8, routed)           0.682   206.087    dut/core0/execute_unit/u_fpu/u_divider/out_res[30]_i_10_n_0
    SLICE_X35Y16         LUT6 (Prop_lut6_I3_O)        0.124   206.211 r  dut/core0/execute_unit/u_fpu/u_divider/out_res[30]_i_21/O
                         net (fo=9, routed)           0.757   206.968    dut/core0/execute_unit/u_fpu/u_divider/out_res[30]_i_21_n_0
    SLICE_X34Y16         LUT6 (Prop_lut6_I5_O)        0.124   207.092 r  dut/core0/execute_unit/u_fpu/u_divider/out_res[30]_i_9/O
                         net (fo=33, routed)          0.916   208.008    dut/core0/execute_unit/u_fpu/u_divider/out_res[30]_i_9_n_0
    SLICE_X38Y21         LUT5 (Prop_lut5_I2_O)        0.124   208.132 f  dut/core0/execute_unit/u_fpu/u_divider/out_res[27]_i_2/O
                         net (fo=3, routed)           1.408   209.540    dut/core0/execute_unit/u_fpu/u_divider/out_res[27]_i_2_n_0
    SLICE_X41Y14         LUT6 (Prop_lut6_I1_O)        0.124   209.664 f  dut/core0/execute_unit/u_fpu/u_divider/out_res[21]_i_2/O
                         net (fo=22, routed)          2.116   211.780    dut/core0/execute_unit/u_fpu/u_divider/out_res[21]_i_2_n_0
    SLICE_X30Y19         LUT6 (Prop_lut6_I0_O)        0.124   211.904 r  dut/core0/execute_unit/u_fpu/u_divider/out_res[12]_i_1/O
                         net (fo=1, routed)           0.000   211.904    dut/core0/execute_unit/u_fpu/u_divider/out_res[12]_i_1_n_0
    SLICE_X30Y19         FDCE                                         r  dut/core0/execute_unit/u_fpu/u_divider/out_res_reg[12]/D
  -------------------------------------------------------------------    -------------------

Slack:                    inf
  Source:                 dut/core0/ex_mem/RD_F_M_reg[2]/C
                            (rising edge-triggered cell FDRE)
  Destination:            dut/core0/execute_unit/u_fpu/u_divider/out_res_reg[13]/D
  Path Group:             (none)
  Path Type:              Max at Slow Process Corner
  Data Path Delay:        211.853ns  (logic 71.863ns (33.921%)  route 139.990ns (66.079%))
  Logic Levels:           332  (CARRY4=211 FDRE=1 LUT1=1 LUT2=22 LUT3=25 LUT4=7 LUT5=2 LUT6=63)

    Location             Delay type                Incr(ns)  Path(ns)    Netlist Resource(s)
  -------------------------------------------------------------------    -------------------
    SLICE_X59Y31         FDRE                         0.000     0.000 r  dut/core0/ex_mem/RD_F_M_reg[2]/C
    SLICE_X59Y31         FDRE (Prop_fdre_C_Q)         0.456     0.456 r  dut/core0/ex_mem/RD_F_M_reg[2]/Q
                         net (fo=5, routed)           0.990     1.446    dut/core0/id_ex/RD_F_M[2]
    SLICE_X61Y29         LUT6 (Prop_lut6_I4_O)        0.124     1.570 f  dut/core0/id_ex/B_r[31]_i_6/O
                         net (fo=3, routed)           1.048     2.618    dut/core0/ex_mem/B_r[31]_i_2
    SLICE_X59Y29         LUT6 (Prop_lut6_I5_O)        0.124     2.742 r  dut/core0/ex_mem/B_r[31]_i_4/O
                         net (fo=1, routed)           0.805     3.547    dut/core0/mem_wb/B_r_reg[0]
    SLICE_X61Y29         LUT3 (Prop_lut3_I1_O)        0.124     3.671 r  dut/core0/mem_wb/B_r[31]_i_2/O
                         net (fo=34, routed)          4.860     8.531    dut/core0/mem_wb/ForwardBE_F[0]
    SLICE_X29Y38         LUT5 (Prop_lut5_I1_O)        0.124     8.655 f  dut/core0/mem_wb/forward_fb_mux/B_r[3]_i_1/O
                         net (fo=138, routed)         6.026    14.681    dut/core0/mem_wb/SrcB_F_Forwarded[3]
    SLICE_X56Y17         LUT1 (Prop_lut1_I0_O)        0.124    14.805 r  dut/core0/mem_wb/u_divider/out_res[30]_i_684/O
                         net (fo=1, routed)           0.000    14.805    dut/core0/mem_wb_n_55
    SLICE_X56Y17         CARRY4 (Prop_carry4_S[3]_CO[3])
                                                      0.401    15.206 r  dut/core0/u_divider/out_res_reg[30]_i_633/CO[3]
                         net (fo=1, routed)           0.000    15.206    dut/core0/u_divider/out_res_reg[30]_i_633_n_0
    SLICE_X56Y18         CARRY4 (Prop_carry4_CI_CO[3])
                                                      0.114    15.320 r  dut/core0/u_divider/out_res_reg[30]_i_628/CO[3]
                         net (fo=1, routed)           0.000    15.320    dut/core0/u_divider/out_res_reg[30]_i_628_n_0
    SLICE_X56Y19         CARRY4 (Prop_carry4_CI_CO[3])
                                                      0.114    15.434 r  dut/core0/u_divider/out_res_reg[30]_i_623/CO[3]
                         net (fo=1, routed)           0.000    15.434    dut/core0/u_divider/out_res_reg[30]_i_623_n_0
    SLICE_X56Y20         CARRY4 (Prop_carry4_CI_CO[3])
                                                      0.114    15.548 r  dut/core0/u_divider/out_res_reg[30]_i_618/CO[3]
                         net (fo=1, routed)           0.000    15.548    dut/core0/u_divider/out_res_reg[30]_i_618_n_0
    SLICE_X56Y21         CARRY4 (Prop_carry4_CI_CO[3])
                                                      0.114    15.662 r  dut/core0/u_divider/out_res_reg[30]_i_613/CO[3]
                         net (fo=1, routed)           0.000    15.662    dut/core0/u_divider/out_res_reg[30]_i_613_n_0
    SLICE_X56Y22         CARRY4 (Prop_carry4_CI_CO[3])
                                                      0.114    15.776 r  dut/core0/u_divider/out_res_reg[30]_i_610/CO[3]
                         net (fo=1, routed)           0.000    15.776    dut/core0/u_divider/out_res_reg[30]_i_610_n_0
    SLICE_X56Y23         CARRY4 (Prop_carry4_CI_CO[0])
                                                      0.271    16.047 r  dut/core0/u_divider/out_res_reg[30]_i_609/CO[0]
                         net (fo=27, routed)          1.561    17.608    dut/core0/u_divider/out_res_reg[30]_i_609_n_3
    SLICE_X57Y17         LUT3 (Prop_lut3_I0_O)        0.373    17.981 r  dut/core0/u_divider/out_res[30]_i_640/O
                         net (fo=1, routed)           0.000    17.981    dut/core0/u_divider/out_res[30]_i_640_n_0
    SLICE_X57Y17         CARRY4 (Prop_carry4_S[1]_CO[3])
                                                      0.550    18.531 r  dut/core0/u_divider/out_res_reg[30]_i_601/CO[3]
                         net (fo=1, routed)           0.000    18.531    dut/core0/u_divider/out_res_reg[30]_i_601_n_0
    SLICE_X57Y18         CARRY4 (Prop_carry4_CI_CO[3])
                                                      0.114    18.645 r  dut/core0/u_divider/out_res_reg[30]_i_596/CO[3]
                         net (fo=1, routed)           0.000    18.645    dut/core0/u_divider/out_res_reg[30]_i_596_n_0
    SLICE_X57Y19         CARRY4 (Prop_carry4_CI_CO[3])
                                                      0.114    18.759 r  dut/core0/u_divider/out_res_reg[30]_i_591/CO[3]
                         net (fo=1, routed)           0.000    18.759    dut/core0/u_divider/out_res_reg[30]_i_591_n_0
    SLICE_X57Y20         CARRY4 (Prop_carry4_CI_CO[3])
                                                      0.114    18.873 r  dut/core0/u_divider/out_res_reg[30]_i_586/CO[3]
                         net (fo=1, routed)           0.000    18.873    dut/core0/u_divider/out_res_reg[30]_i_586_n_0
    SLICE_X57Y21         CARRY4 (Prop_carry4_CI_CO[3])
                                                      0.114    18.987 r  dut/core0/u_divider/out_res_reg[30]_i_581/CO[3]
                         net (fo=1, routed)           0.000    18.987    dut/core0/u_divider/out_res_reg[30]_i_581_n_0
    SLICE_X57Y22         CARRY4 (Prop_carry4_CI_CO[3])
                                                      0.114    19.101 r  dut/core0/u_divider/out_res_reg[30]_i_578/CO[3]
                         net (fo=1, routed)           0.000    19.101    dut/core0/u_divider/out_res_reg[30]_i_578_n_0
    SLICE_X57Y23         CARRY4 (Prop_carry4_CI_CO[1])
                                                      0.157    19.258 r  dut/core0/u_divider/out_res_reg[30]_i_577/CO[1]
                         net (fo=27, routed)          2.139    21.397    dut/core0/u_divider/out_res_reg[30]_i_577_n_2
    SLICE_X53Y17         LUT3 (Prop_lut3_I0_O)        0.329    21.726 r  dut/core0/u_divider/out_res[30]_i_608/O
                         net (fo=1, routed)           0.000    21.726    dut/core0/u_divider/out_res[30]_i_608_n_0
    SLICE_X53Y17         CARRY4 (Prop_carry4_S[1]_CO[3])
                                                      0.550    22.276 r  dut/core0/u_divider/out_res_reg[30]_i_569/CO[3]
                         net (fo=1, routed)           0.000    22.276    dut/core0/u_divider/out_res_reg[30]_i_569_n_0
    SLICE_X53Y18         CARRY4 (Prop_carry4_CI_CO[3])
                                                      0.114    22.390 r  dut/core0/u_divider/out_res_reg[30]_i_564/CO[3]
                         net (fo=1, routed)           0.000    22.390    dut/core0/u_divider/out_res_reg[30]_i_564_n_0
    SLICE_X53Y19         CARRY4 (Prop_carry4_CI_CO[3])
                                                      0.114    22.504 r  dut/core0/u_divider/out_res_reg[30]_i_559/CO[3]
                         net (fo=1, routed)           0.000    22.504    dut/core0/u_divider/out_res_reg[30]_i_559_n_0
    SLICE_X53Y20         CARRY4 (Prop_carry4_CI_CO[3])
                                                      0.114    22.618 r  dut/core0/u_divider/out_res_reg[30]_i_554/CO[3]
                         net (fo=1, routed)           0.000    22.618    dut/core0/u_divider/out_res_reg[30]_i_554_n_0
    SLICE_X53Y21         CARRY4 (Prop_carry4_CI_CO[3])
                                                      0.114    22.732 r  dut/core0/u_divider/out_res_reg[30]_i_549/CO[3]
                         net (fo=1, routed)           0.000    22.732    dut/core0/u_divider/out_res_reg[30]_i_549_n_0
    SLICE_X53Y22         CARRY4 (Prop_carry4_CI_CO[3])
                                                      0.114    22.846 r  dut/core0/u_divider/out_res_reg[30]_i_546/CO[3]
                         net (fo=1, routed)           0.000    22.846    dut/core0/u_divider/out_res_reg[30]_i_546_n_0
    SLICE_X53Y23         CARRY4 (Prop_carry4_CI_CO[1])
                                                      0.157    23.003 r  dut/core0/u_divider/out_res_reg[30]_i_545/CO[1]
                         net (fo=27, routed)          2.101    25.104    dut/core0/u_divider/out_res_reg[30]_i_545_n_2
    SLICE_X55Y17         LUT3 (Prop_lut3_I0_O)        0.329    25.433 r  dut/core0/u_divider/out_res[30]_i_576/O
                         net (fo=1, routed)           0.000    25.433    dut/core0/u_divider/out_res[30]_i_576_n_0
    SLICE_X55Y17         CARRY4 (Prop_carry4_S[1]_CO[3])
                                                      0.550    25.983 r  dut/core0/u_divider/out_res_reg[30]_i_537/CO[3]
                         net (fo=1, routed)           0.000    25.983    dut/core0/u_divider/out_res_reg[30]_i_537_n_0
    SLICE_X55Y18         CARRY4 (Prop_carry4_CI_CO[3])
                                                      0.114    26.097 r  dut/core0/u_divider/out_res_reg[30]_i_532/CO[3]
                         net (fo=1, routed)           0.000    26.097    dut/core0/u_divider/out_res_reg[30]_i_532_n_0
    SLICE_X55Y19         CARRY4 (Prop_carry4_CI_CO[3])
                                                      0.114    26.211 r  dut/core0/u_divider/out_res_reg[30]_i_527/CO[3]
                         net (fo=1, routed)           0.000    26.211    dut/core0/u_divider/out_res_reg[30]_i_527_n_0
    SLICE_X55Y20         CARRY4 (Prop_carry4_CI_CO[3])
                                                      0.114    26.325 r  dut/core0/u_divider/out_res_reg[30]_i_522/CO[3]
                         net (fo=1, routed)           0.000    26.325    dut/core0/u_divider/out_res_reg[30]_i_522_n_0
    SLICE_X55Y21         CARRY4 (Prop_carry4_CI_CO[3])
                                                      0.114    26.439 r  dut/core0/u_divider/out_res_reg[30]_i_517/CO[3]
                         net (fo=1, routed)           0.000    26.439    dut/core0/u_divider/out_res_reg[30]_i_517_n_0
    SLICE_X55Y22         CARRY4 (Prop_carry4_CI_CO[3])
                                                      0.114    26.553 r  dut/core0/u_divider/out_res_reg[30]_i_514/CO[3]
                         net (fo=1, routed)           0.000    26.553    dut/core0/u_divider/out_res_reg[30]_i_514_n_0
    SLICE_X55Y23         CARRY4 (Prop_carry4_CI_CO[1])
                                                      0.157    26.710 r  dut/core0/u_divider/out_res_reg[30]_i_513/CO[1]
                         net (fo=27, routed)          2.078    28.788    dut/core0/u_divider/out_res_reg[30]_i_513_n_2
    SLICE_X52Y17         LUT3 (Prop_lut3_I0_O)        0.329    29.117 r  dut/core0/u_divider/out_res[30]_i_544/O
                         net (fo=1, routed)           0.000    29.117    dut/core0/u_divider/out_res[30]_i_544_n_0
    SLICE_X52Y17         CARRY4 (Prop_carry4_S[1]_CO[3])
                                                      0.550    29.667 r  dut/core0/u_divider/out_res_reg[30]_i_505/CO[3]
                         net (fo=1, routed)           0.000    29.667    dut/core0/u_divider/out_res_reg[30]_i_505_n_0
    SLICE_X52Y18         CARRY4 (Prop_carry4_CI_CO[3])
                                                      0.114    29.781 r  dut/core0/u_divider/out_res_reg[30]_i_500/CO[3]
                         net (fo=1, routed)           0.000    29.781    dut/core0/u_divider/out_res_reg[30]_i_500_n_0
    SLICE_X52Y19         CARRY4 (Prop_carry4_CI_CO[3])
                                                      0.114    29.895 r  dut/core0/u_divider/out_res_reg[30]_i_495/CO[3]
                         net (fo=1, routed)           0.000    29.895    dut/core0/u_divider/out_res_reg[30]_i_495_n_0
    SLICE_X52Y20         CARRY4 (Prop_carry4_CI_CO[3])
                                                      0.114    30.009 r  dut/core0/u_divider/out_res_reg[30]_i_490/CO[3]
                         net (fo=1, routed)           0.000    30.009    dut/core0/u_divider/out_res_reg[30]_i_490_n_0
    SLICE_X52Y21         CARRY4 (Prop_carry4_CI_CO[3])
                                                      0.114    30.123 r  dut/core0/u_divider/out_res_reg[30]_i_485/CO[3]
                         net (fo=1, routed)           0.000    30.123    dut/core0/u_divider/out_res_reg[30]_i_485_n_0
    SLICE_X52Y22         CARRY4 (Prop_carry4_CI_CO[3])
                                                      0.114    30.237 r  dut/core0/u_divider/out_res_reg[30]_i_482/CO[3]
                         net (fo=1, routed)           0.000    30.237    dut/core0/u_divider/out_res_reg[30]_i_482_n_0
    SLICE_X52Y23         CARRY4 (Prop_carry4_CI_CO[1])
                                                      0.157    30.394 r  dut/core0/u_divider/out_res_reg[30]_i_481/CO[1]
                         net (fo=27, routed)          1.844    32.238    dut/core0/u_divider/out_res_reg[30]_i_481_n_2
    SLICE_X44Y17         LUT3 (Prop_lut3_I0_O)        0.329    32.567 r  dut/core0/u_divider/out_res[30]_i_511/O
                         net (fo=1, routed)           0.000    32.567    dut/core0/u_divider/out_res[30]_i_511_n_0
    SLICE_X44Y17         CARRY4 (Prop_carry4_S[2]_CO[3])
                                                      0.398    32.965 r  dut/core0/u_divider/out_res_reg[30]_i_473/CO[3]
                         net (fo=1, routed)           0.000    32.965    dut/core0/u_divider/out_res_reg[30]_i_473_n_0
    SLICE_X44Y18         CARRY4 (Prop_carry4_CI_CO[3])
                                                      0.114    33.079 r  dut/core0/u_divider/out_res_reg[30]_i_468/CO[3]
                         net (fo=1, routed)           0.000    33.079    dut/core0/u_divider/out_res_reg[30]_i_468_n_0
    SLICE_X44Y19         CARRY4 (Prop_carry4_CI_CO[3])
                                                      0.114    33.193 r  dut/core0/u_divider/out_res_reg[30]_i_463/CO[3]
                         net (fo=1, routed)           0.000    33.193    dut/core0/u_divider/out_res_reg[30]_i_463_n_0
    SLICE_X44Y20         CARRY4 (Prop_carry4_CI_CO[3])
                                                      0.114    33.307 r  dut/core0/u_divider/out_res_reg[30]_i_458/CO[3]
                         net (fo=1, routed)           0.000    33.307    dut/core0/u_divider/out_res_reg[30]_i_458_n_0
    SLICE_X44Y21         CARRY4 (Prop_carry4_CI_CO[3])
                                                      0.114    33.421 r  dut/core0/u_divider/out_res_reg[30]_i_453/CO[3]
                         net (fo=1, routed)           0.000    33.421    dut/core0/u_divider/out_res_reg[30]_i_453_n_0
    SLICE_X44Y22         CARRY4 (Prop_carry4_CI_CO[3])
                                                      0.114    33.535 r  dut/core0/u_divider/out_res_reg[30]_i_450/CO[3]
                         net (fo=1, routed)           0.000    33.535    dut/core0/u_divider/out_res_reg[30]_i_450_n_0
    SLICE_X44Y23         CARRY4 (Prop_carry4_CI_CO[1])
                                                      0.157    33.692 r  dut/core0/u_divider/out_res_reg[30]_i_449/CO[1]
                         net (fo=27, routed)          1.557    35.249    dut/core0/u_divider/out_res_reg[30]_i_449_n_2
    SLICE_X45Y17         LUT3 (Prop_lut3_I0_O)        0.329    35.578 r  dut/core0/u_divider/out_res[30]_i_480/O
                         net (fo=1, routed)           0.000    35.578    dut/core0/u_divider/out_res[30]_i_480_n_0
    SLICE_X45Y17         CARRY4 (Prop_carry4_S[1]_CO[3])
                                                      0.550    36.128 r  dut/core0/u_divider/out_res_reg[30]_i_441/CO[3]
                         net (fo=1, routed)           0.000    36.128    dut/core0/u_divider/out_res_reg[30]_i_441_n_0
    SLICE_X45Y18         CARRY4 (Prop_carry4_CI_CO[3])
                                                      0.114    36.242 r  dut/core0/u_divider/out_res_reg[30]_i_436/CO[3]
                         net (fo=1, routed)           0.000    36.242    dut/core0/u_divider/out_res_reg[30]_i_436_n_0
    SLICE_X45Y19         CARRY4 (Prop_carry4_CI_CO[3])
                                                      0.114    36.356 r  dut/core0/u_divider/out_res_reg[30]_i_431/CO[3]
                         net (fo=1, routed)           0.000    36.356    dut/core0/u_divider/out_res_reg[30]_i_431_n_0
    SLICE_X45Y20         CARRY4 (Prop_carry4_CI_CO[3])
                                                      0.114    36.470 r  dut/core0/u_divider/out_res_reg[30]_i_426/CO[3]
                         net (fo=1, routed)           0.000    36.470    dut/core0/u_divider/out_res_reg[30]_i_426_n_0
    SLICE_X45Y21         CARRY4 (Prop_carry4_CI_CO[3])
                                                      0.114    36.584 r  dut/core0/u_divider/out_res_reg[30]_i_421/CO[3]
                         net (fo=1, routed)           0.000    36.584    dut/core0/u_divider/out_res_reg[30]_i_421_n_0
    SLICE_X45Y22         CARRY4 (Prop_carry4_CI_CO[3])
                                                      0.114    36.698 r  dut/core0/u_divider/out_res_reg[30]_i_418/CO[3]
                         net (fo=1, routed)           0.000    36.698    dut/core0/u_divider/out_res_reg[30]_i_418_n_0
    SLICE_X45Y23         CARRY4 (Prop_carry4_CI_CO[1])
                                                      0.157    36.855 r  dut/core0/u_divider/out_res_reg[30]_i_417/CO[1]
                         net (fo=27, routed)          1.567    38.421    dut/core0/u_divider/out_res_reg[30]_i_417_n_2
    SLICE_X48Y17         LUT3 (Prop_lut3_I0_O)        0.329    38.750 r  dut/core0/u_divider/out_res[30]_i_448/O
                         net (fo=1, routed)           0.000    38.750    dut/core0/u_divider/out_res[30]_i_448_n_0
    SLICE_X48Y17         CARRY4 (Prop_carry4_S[1]_CO[3])
                                                      0.550    39.300 r  dut/core0/u_divider/out_res_reg[30]_i_409/CO[3]
                         net (fo=1, routed)           0.000    39.300    dut/core0/u_divider/out_res_reg[30]_i_409_n_0
    SLICE_X48Y18         CARRY4 (Prop_carry4_CI_CO[3])
                                                      0.114    39.414 r  dut/core0/u_divider/out_res_reg[30]_i_404/CO[3]
                         net (fo=1, routed)           0.000    39.414    dut/core0/u_divider/out_res_reg[30]_i_404_n_0
    SLICE_X48Y19         CARRY4 (Prop_carry4_CI_CO[3])
                                                      0.114    39.528 r  dut/core0/u_divider/out_res_reg[30]_i_399/CO[3]
                         net (fo=1, routed)           0.000    39.528    dut/core0/u_divider/out_res_reg[30]_i_399_n_0
    SLICE_X48Y20         CARRY4 (Prop_carry4_CI_CO[3])
                                                      0.114    39.642 r  dut/core0/u_divider/out_res_reg[30]_i_394/CO[3]
                         net (fo=1, routed)           0.000    39.642    dut/core0/u_divider/out_res_reg[30]_i_394_n_0
    SLICE_X48Y21         CARRY4 (Prop_carry4_CI_CO[3])
                                                      0.114    39.756 r  dut/core0/u_divider/out_res_reg[30]_i_389/CO[3]
                         net (fo=1, routed)           0.000    39.756    dut/core0/u_divider/out_res_reg[30]_i_389_n_0
    SLICE_X48Y22         CARRY4 (Prop_carry4_CI_CO[3])
                                                      0.114    39.870 r  dut/core0/u_divider/out_res_reg[30]_i_386/CO[3]
                         net (fo=1, routed)           0.000    39.870    dut/core0/u_divider/out_res_reg[30]_i_386_n_0
    SLICE_X48Y23         CARRY4 (Prop_carry4_CI_CO[1])
                                                      0.157    40.027 r  dut/core0/u_divider/out_res_reg[30]_i_385/CO[1]
                         net (fo=27, routed)          1.066    41.093    dut/core0/u_divider/out_res_reg[30]_i_385_n_2
    SLICE_X49Y21         LUT3 (Prop_lut3_I0_O)        0.329    41.422 r  dut/core0/u_divider/out_res[30]_i_414/O
                         net (fo=1, routed)           0.000    41.422    dut/core0/u_divider/out_res[30]_i_414_n_0
    SLICE_X49Y21         CARRY4 (Prop_carry4_S[3]_CO[3])
                                                      0.401    41.823 r  dut/core0/u_divider/out_res_reg[30]_i_377/CO[3]
                         net (fo=1, routed)           0.000    41.823    dut/core0/u_divider/out_res_reg[30]_i_377_n_0
    SLICE_X49Y22         CARRY4 (Prop_carry4_CI_CO[3])
                                                      0.114    41.937 r  dut/core0/u_divider/out_res_reg[30]_i_372/CO[3]
                         net (fo=1, routed)           0.000    41.937    dut/core0/u_divider/out_res_reg[30]_i_372_n_0
    SLICE_X49Y23         CARRY4 (Prop_carry4_CI_CO[3])
                                                      0.114    42.051 r  dut/core0/u_divider/out_res_reg[30]_i_367/CO[3]
                         net (fo=1, routed)           0.000    42.051    dut/core0/u_divider/out_res_reg[30]_i_367_n_0
    SLICE_X49Y24         CARRY4 (Prop_carry4_CI_CO[3])
                                                      0.114    42.165 r  dut/core0/u_divider/out_res_reg[30]_i_362/CO[3]
                         net (fo=1, routed)           0.009    42.174    dut/core0/u_divider/out_res_reg[30]_i_362_n_0
    SLICE_X49Y25         CARRY4 (Prop_carry4_CI_CO[3])
                                                      0.114    42.288 r  dut/core0/u_divider/out_res_reg[30]_i_357/CO[3]
                         net (fo=1, routed)           0.000    42.288    dut/core0/u_divider/out_res_reg[30]_i_357_n_0
    SLICE_X49Y26         CARRY4 (Prop_carry4_CI_CO[3])
                                                      0.114    42.402 r  dut/core0/u_divider/out_res_reg[30]_i_354/CO[3]
                         net (fo=1, routed)           0.000    42.402    dut/core0/u_divider/out_res_reg[30]_i_354_n_0
    SLICE_X49Y27         CARRY4 (Prop_carry4_CI_CO[1])
                                                      0.157    42.559 r  dut/core0/u_divider/out_res_reg[30]_i_353/CO[1]
                         net (fo=27, routed)          2.049    44.608    dut/core0/u_divider/out_res_reg[30]_i_353_n_2
    SLICE_X47Y22         LUT3 (Prop_lut3_I0_O)        0.329    44.937 r  dut/core0/u_divider/out_res[30]_i_380/O
                         net (fo=1, routed)           0.000    44.937    dut/core0/u_divider/out_res[30]_i_380_n_0
    SLICE_X47Y22         CARRY4 (Prop_carry4_S[1]_CO[3])
                                                      0.550    45.487 r  dut/core0/u_divider/out_res_reg[30]_i_339/CO[3]
                         net (fo=1, routed)           0.000    45.487    dut/core0/u_divider/out_res_reg[30]_i_339_n_0
    SLICE_X47Y23         CARRY4 (Prop_carry4_CI_CO[3])
                                                      0.114    45.601 r  dut/core0/u_divider/out_res_reg[30]_i_334/CO[3]
                         net (fo=1, routed)           0.000    45.601    dut/core0/u_divider/out_res_reg[30]_i_334_n_0
    SLICE_X47Y24         CARRY4 (Prop_carry4_CI_CO[3])
                                                      0.114    45.715 r  dut/core0/u_divider/out_res_reg[30]_i_329/CO[3]
                         net (fo=1, routed)           0.009    45.724    dut/core0/u_divider/out_res_reg[30]_i_329_n_0
    SLICE_X47Y25         CARRY4 (Prop_carry4_CI_CO[3])
                                                      0.114    45.838 r  dut/core0/u_divider/out_res_reg[30]_i_324/CO[3]
                         net (fo=1, routed)           0.000    45.838    dut/core0/u_divider/out_res_reg[30]_i_324_n_0
    SLICE_X47Y26         CARRY4 (Prop_carry4_CI_CO[3])
                                                      0.114    45.952 r  dut/core0/u_divider/out_res_reg[30]_i_321/CO[3]
                         net (fo=1, routed)           0.000    45.952    dut/core0/u_divider/out_res_reg[30]_i_321_n_0
    SLICE_X47Y27         CARRY4 (Prop_carry4_CI_CO[1])
                                                      0.157    46.109 r  dut/core0/u_divider/out_res_reg[30]_i_320/CO[1]
                         net (fo=27, routed)          2.185    48.294    dut/core0/u_divider/out_res_reg[30]_i_320_n_2
    SLICE_X43Y21         LUT3 (Prop_lut3_I0_O)        0.329    48.623 r  dut/core0/u_divider/out_res[30]_i_351/O
                         net (fo=1, routed)           0.000    48.623    dut/core0/u_divider/out_res[30]_i_351_n_0
    SLICE_X43Y21         CARRY4 (Prop_carry4_S[1]_CO[3])
                                                      0.550    49.173 r  dut/core0/u_divider/out_res_reg[30]_i_311/CO[3]
                         net (fo=1, routed)           0.000    49.173    dut/core0/u_divider/out_res_reg[30]_i_311_n_0
    SLICE_X43Y22         CARRY4 (Prop_carry4_CI_CO[3])
                                                      0.114    49.287 r  dut/core0/u_divider/out_res_reg[30]_i_306/CO[3]
                         net (fo=1, routed)           0.000    49.287    dut/core0/u_divider/out_res_reg[30]_i_306_n_0
    SLICE_X43Y23         CARRY4 (Prop_carry4_CI_CO[3])
                                                      0.114    49.401 r  dut/core0/u_divider/out_res_reg[30]_i_301/CO[3]
                         net (fo=1, routed)           0.000    49.401    dut/core0/u_divider/out_res_reg[30]_i_301_n_0
    SLICE_X43Y24         CARRY4 (Prop_carry4_CI_CO[3])
                                                      0.114    49.515 r  dut/core0/u_divider/out_res_reg[30]_i_296/CO[3]
                         net (fo=1, routed)           0.009    49.524    dut/core0/u_divider/out_res_reg[30]_i_296_n_0
    SLICE_X43Y25         CARRY4 (Prop_carry4_CI_CO[3])
                                                      0.114    49.638 r  dut/core0/u_divider/out_res_reg[30]_i_291/CO[3]
                         net (fo=1, routed)           0.000    49.638    dut/core0/u_divider/out_res_reg[30]_i_291_n_0
    SLICE_X43Y26         CARRY4 (Prop_carry4_CI_CO[3])
                                                      0.114    49.752 r  dut/core0/u_divider/out_res_reg[30]_i_288/CO[3]
                         net (fo=1, routed)           0.000    49.752    dut/core0/u_divider/out_res_reg[30]_i_288_n_0
    SLICE_X43Y27         CARRY4 (Prop_carry4_CI_CO[1])
                                                      0.157    49.909 r  dut/core0/u_divider/out_res_reg[30]_i_287/CO[1]
                         net (fo=27, routed)          1.751    51.661    dut/core0/u_divider/out_res_reg[30]_i_287_n_2
    SLICE_X41Y23         LUT3 (Prop_lut3_I0_O)        0.329    51.990 r  dut/core0/u_divider/out_res[30]_i_316/O
                         net (fo=1, routed)           0.000    51.990    dut/core0/u_divider/out_res[30]_i_316_n_0
    SLICE_X41Y23         CARRY4 (Prop_carry4_S[3]_CO[3])
                                                      0.401    52.391 r  dut/core0/u_divider/out_res_reg[30]_i_278/CO[3]
                         net (fo=1, routed)           0.000    52.391    dut/core0/u_divider/out_res_reg[30]_i_278_n_0
    SLICE_X41Y24         CARRY4 (Prop_carry4_CI_CO[3])
                                                      0.114    52.505 r  dut/core0/u_divider/out_res_reg[30]_i_273/CO[3]
                         net (fo=1, routed)           0.009    52.514    dut/core0/u_divider/out_res_reg[30]_i_273_n_0
    SLICE_X41Y25         CARRY4 (Prop_carry4_CI_CO[3])
                                                      0.114    52.628 r  dut/core0/u_divider/out_res_reg[30]_i_268/CO[3]
                         net (fo=1, routed)           0.000    52.628    dut/core0/u_divider/out_res_reg[30]_i_268_n_0
    SLICE_X41Y26         CARRY4 (Prop_carry4_CI_CO[3])
                                                      0.114    52.742 r  dut/core0/u_divider/out_res_reg[30]_i_263/CO[3]
                         net (fo=1, routed)           0.000    52.742    dut/core0/u_divider/out_res_reg[30]_i_263_n_0
    SLICE_X41Y27         CARRY4 (Prop_carry4_CI_CO[3])
                                                      0.114    52.856 r  dut/core0/u_divider/out_res_reg[30]_i_258/CO[3]
                         net (fo=1, routed)           0.000    52.856    dut/core0/u_divider/out_res_reg[30]_i_258_n_0
    SLICE_X41Y28         CARRY4 (Prop_carry4_CI_CO[3])
                                                      0.114    52.970 r  dut/core0/u_divider/out_res_reg[30]_i_255/CO[3]
                         net (fo=1, routed)           0.000    52.970    dut/core0/u_divider/out_res_reg[30]_i_255_n_0
    SLICE_X41Y29         CARRY4 (Prop_carry4_CI_CO[1])
                                                      0.157    53.127 r  dut/core0/u_divider/out_res_reg[30]_i_254/CO[1]
                         net (fo=27, routed)          1.773    54.899    dut/core0/u_divider/out_res_reg[30]_i_254_n_2
    SLICE_X40Y23         LUT3 (Prop_lut3_I0_O)        0.329    55.228 r  dut/core0/u_divider/out_res[30]_i_285/O
                         net (fo=1, routed)           0.000    55.228    dut/core0/u_divider/out_res[30]_i_285_n_0
    SLICE_X40Y23         CARRY4 (Prop_carry4_S[1]_CO[3])
                                                      0.550    55.778 r  dut/core0/u_divider/out_res_reg[30]_i_245/CO[3]
                         net (fo=1, routed)           0.000    55.778    dut/core0/u_divider/out_res_reg[30]_i_245_n_0
    SLICE_X40Y24         CARRY4 (Prop_carry4_CI_CO[3])
                                                      0.114    55.892 r  dut/core0/u_divider/out_res_reg[30]_i_240/CO[3]
                         net (fo=1, routed)           0.009    55.901    dut/core0/u_divider/out_res_reg[30]_i_240_n_0
    SLICE_X40Y25         CARRY4 (Prop_carry4_CI_CO[3])
                                                      0.114    56.015 r  dut/core0/u_divider/out_res_reg[30]_i_235/CO[3]
                         net (fo=1, routed)           0.000    56.015    dut/core0/u_divider/out_res_reg[30]_i_235_n_0
    SLICE_X40Y26         CARRY4 (Prop_carry4_CI_CO[3])
                                                      0.114    56.129 r  dut/core0/u_divider/out_res_reg[30]_i_230/CO[3]
                         net (fo=1, routed)           0.000    56.129    dut/core0/u_divider/out_res_reg[30]_i_230_n_0
    SLICE_X40Y27         CARRY4 (Prop_carry4_CI_CO[3])
                                                      0.114    56.243 r  dut/core0/u_divider/out_res_reg[30]_i_225/CO[3]
                         net (fo=1, routed)           0.000    56.243    dut/core0/u_divider/out_res_reg[30]_i_225_n_0
    SLICE_X40Y28         CARRY4 (Prop_carry4_CI_CO[3])
                                                      0.114    56.357 r  dut/core0/u_divider/out_res_reg[30]_i_222/CO[3]
                         net (fo=1, routed)           0.000    56.357    dut/core0/u_divider/out_res_reg[30]_i_222_n_0
    SLICE_X40Y29         CARRY4 (Prop_carry4_CI_CO[1])
                                                      0.157    56.514 r  dut/core0/u_divider/out_res_reg[30]_i_221/CO[1]
                         net (fo=27, routed)          2.225    58.740    dut/core0/u_divider/out_res_reg[30]_i_221_n_2
    SLICE_X36Y21         LUT3 (Prop_lut3_I0_O)        0.329    59.069 r  dut/core0/u_divider/out_res[30]_i_251/O
                         net (fo=1, routed)           0.000    59.069    dut/core0/u_divider/out_res[30]_i_251_n_0
    SLICE_X36Y21         CARRY4 (Prop_carry4_S[2]_CO[3])
                                                      0.380    59.449 r  dut/core0/u_divider/out_res_reg[30]_i_212/CO[3]
                         net (fo=1, routed)           0.000    59.449    dut/core0/u_divider/out_res_reg[30]_i_212_n_0
    SLICE_X36Y22         CARRY4 (Prop_carry4_CI_CO[3])
                                                      0.117    59.566 r  dut/core0/u_divider/out_res_reg[30]_i_207/CO[3]
                         net (fo=1, routed)           0.000    59.566    dut/core0/u_divider/out_res_reg[30]_i_207_n_0
    SLICE_X36Y23         CARRY4 (Prop_carry4_CI_CO[3])
                                                      0.117    59.683 r  dut/core0/u_divider/out_res_reg[30]_i_202/CO[3]
                         net (fo=1, routed)           0.000    59.683    dut/core0/u_divider/out_res_reg[30]_i_202_n_0
    SLICE_X36Y24         CARRY4 (Prop_carry4_CI_CO[3])
                                                      0.117    59.800 r  dut/core0/u_divider/out_res_reg[30]_i_197/CO[3]
                         net (fo=1, routed)           0.009    59.809    dut/core0/u_divider/out_res_reg[30]_i_197_n_0
    SLICE_X36Y25         CARRY4 (Prop_carry4_CI_CO[3])
                                                      0.117    59.926 r  dut/core0/u_divider/out_res_reg[30]_i_192/CO[3]
                         net (fo=1, routed)           0.000    59.926    dut/core0/u_divider/out_res_reg[30]_i_192_n_0
    SLICE_X36Y26         CARRY4 (Prop_carry4_CI_CO[3])
                                                      0.117    60.043 r  dut/core0/u_divider/out_res_reg[30]_i_189/CO[3]
                         net (fo=1, routed)           0.000    60.043    dut/core0/u_divider/out_res_reg[30]_i_189_n_0
    SLICE_X36Y27         CARRY4 (Prop_carry4_CI_CO[1])
                                                      0.157    60.200 r  dut/core0/u_divider/out_res_reg[30]_i_188/CO[1]
                         net (fo=27, routed)          2.078    62.278    dut/core0/u_divider/out_res_reg[30]_i_188_n_2
    SLICE_X35Y21         LUT3 (Prop_lut3_I0_O)        0.332    62.610 r  dut/core0/u_divider/out_res[30]_i_219/O
                         net (fo=1, routed)           0.000    62.610    dut/core0/u_divider/out_res[30]_i_219_n_0
    SLICE_X35Y21         CARRY4 (Prop_carry4_S[1]_CO[3])
                                                      0.550    63.160 r  dut/core0/u_divider/out_res_reg[30]_i_179/CO[3]
                         net (fo=1, routed)           0.000    63.160    dut/core0/u_divider/out_res_reg[30]_i_179_n_0
    SLICE_X35Y22         CARRY4 (Prop_carry4_CI_CO[3])
                                                      0.114    63.274 r  dut/core0/u_divider/out_res_reg[30]_i_174/CO[3]
                         net (fo=1, routed)           0.000    63.274    dut/core0/u_divider/out_res_reg[30]_i_174_n_0
    SLICE_X35Y23         CARRY4 (Prop_carry4_CI_CO[3])
                                                      0.114    63.388 r  dut/core0/u_divider/out_res_reg[30]_i_169/CO[3]
                         net (fo=1, routed)           0.000    63.388    dut/core0/u_divider/out_res_reg[30]_i_169_n_0
    SLICE_X35Y24         CARRY4 (Prop_carry4_CI_CO[3])
                                                      0.114    63.502 r  dut/core0/u_divider/out_res_reg[30]_i_164/CO[3]
                         net (fo=1, routed)           0.009    63.511    dut/core0/u_divider/out_res_reg[30]_i_164_n_0
    SLICE_X35Y25         CARRY4 (Prop_carry4_CI_CO[3])
                                                      0.114    63.625 r  dut/core0/u_divider/out_res_reg[30]_i_159/CO[3]
                         net (fo=1, routed)           0.000    63.625    dut/core0/u_divider/out_res_reg[30]_i_159_n_0
    SLICE_X35Y26         CARRY4 (Prop_carry4_CI_CO[3])
                                                      0.114    63.739 r  dut/core0/u_divider/out_res_reg[30]_i_156/CO[3]
                         net (fo=1, routed)           0.000    63.739    dut/core0/u_divider/out_res_reg[30]_i_156_n_0
    SLICE_X35Y27         CARRY4 (Prop_carry4_CI_CO[1])
                                                      0.157    63.896 r  dut/core0/u_divider/out_res_reg[30]_i_155/CO[1]
                         net (fo=27, routed)          1.602    65.498    dut/core0/u_divider/out_res_reg[30]_i_155_n_2
    SLICE_X37Y22         LUT3 (Prop_lut3_I0_O)        0.329    65.827 r  dut/core0/u_divider/out_res[30]_i_182/O
                         net (fo=1, routed)           0.000    65.827    dut/core0/u_divider/out_res[30]_i_182_n_0
    SLICE_X37Y22         CARRY4 (Prop_carry4_S[1]_CO[3])
                                                      0.550    66.377 r  dut/core0/u_divider/out_res_reg[30]_i_141/CO[3]
                         net (fo=1, routed)           0.000    66.377    dut/core0/u_divider/out_res_reg[30]_i_141_n_0
    SLICE_X37Y23         CARRY4 (Prop_carry4_CI_CO[3])
                                                      0.114    66.491 r  dut/core0/u_divider/out_res_reg[30]_i_136/CO[3]
                         net (fo=1, routed)           0.000    66.491    dut/core0/u_divider/out_res_reg[30]_i_136_n_0
    SLICE_X37Y24         CARRY4 (Prop_carry4_CI_CO[3])
                                                      0.114    66.605 r  dut/core0/u_divider/out_res_reg[30]_i_131/CO[3]
                         net (fo=1, routed)           0.009    66.614    dut/core0/u_divider/out_res_reg[30]_i_131_n_0
    SLICE_X37Y25         CARRY4 (Prop_carry4_CI_CO[3])
                                                      0.114    66.728 r  dut/core0/u_divider/out_res_reg[30]_i_126/CO[3]
                         net (fo=1, routed)           0.000    66.728    dut/core0/u_divider/out_res_reg[30]_i_126_n_0
    SLICE_X37Y26         CARRY4 (Prop_carry4_CI_CO[3])
                                                      0.114    66.842 r  dut/core0/u_divider/out_res_reg[30]_i_123/CO[3]
                         net (fo=1, routed)           0.000    66.842    dut/core0/u_divider/out_res_reg[30]_i_123_n_0
    SLICE_X37Y27         CARRY4 (Prop_carry4_CI_CO[1])
                                                      0.157    66.999 r  dut/core0/u_divider/out_res_reg[30]_i_122/CO[1]
                         net (fo=27, routed)          2.334    69.333    dut/core0/u_divider/out_res_reg[30]_i_122_n_2
    SLICE_X38Y14         LUT3 (Prop_lut3_I0_O)        0.329    69.662 r  dut/core0/u_divider/out_res[30]_i_153/O
                         net (fo=1, routed)           0.000    69.662    dut/core0/u_divider/out_res[30]_i_153_n_0
    SLICE_X38Y14         CARRY4 (Prop_carry4_S[1]_CO[3])
                                                      0.533    70.195 r  dut/core0/u_divider/out_res_reg[30]_i_116/CO[3]
                         net (fo=1, routed)           0.000    70.195    dut/core0/u_divider/out_res_reg[30]_i_116_n_0
    SLICE_X38Y15         CARRY4 (Prop_carry4_CI_CO[3])
                                                      0.117    70.312 r  dut/core0/u_divider/out_res_reg[30]_i_111/CO[3]
                         net (fo=1, routed)           0.000    70.312    dut/core0/u_divider/out_res_reg[30]_i_111_n_0
    SLICE_X38Y16         CARRY4 (Prop_carry4_CI_CO[3])
                                                      0.117    70.429 r  dut/core0/u_divider/out_res_reg[30]_i_106/CO[3]
                         net (fo=1, routed)           0.000    70.429    dut/core0/u_divider/out_res_reg[30]_i_106_n_0
    SLICE_X38Y17         CARRY4 (Prop_carry4_CI_CO[3])
                                                      0.117    70.546 r  dut/core0/u_divider/out_res_reg[30]_i_101/CO[3]
                         net (fo=1, routed)           0.000    70.546    dut/core0/u_divider/out_res_reg[30]_i_101_n_0
    SLICE_X38Y18         CARRY4 (Prop_carry4_CI_CO[3])
                                                      0.117    70.663 r  dut/core0/u_divider/out_res_reg[30]_i_96/CO[3]
                         net (fo=1, routed)           0.000    70.663    dut/core0/u_divider/out_res_reg[30]_i_96_n_0
    SLICE_X38Y19         CARRY4 (Prop_carry4_CI_CO[3])
                                                      0.117    70.780 r  dut/core0/u_divider/out_res_reg[30]_i_93/CO[3]
                         net (fo=1, routed)           0.000    70.780    dut/core0/u_divider/out_res_reg[30]_i_93_n_0
    SLICE_X38Y20         CARRY4 (Prop_carry4_CI_CO[1])
                                                      0.157    70.937 r  dut/core0/u_divider/out_res_reg[30]_i_92/CO[1]
                         net (fo=27, routed)          1.858    72.795    dut/core0/u_divider/out_res_reg[30]_i_92_n_2
    SLICE_X39Y14         LUT3 (Prop_lut3_I0_O)        0.332    73.127 r  dut/core0/u_divider/out_res[30]_i_119/O
                         net (fo=1, routed)           0.000    73.127    dut/core0/u_divider/out_res[30]_i_119_n_0
    SLICE_X39Y14         CARRY4 (Prop_carry4_S[1]_CO[3])
                                                      0.550    73.677 r  dut/core0/u_divider/out_res_reg[30]_i_86/CO[3]
                         net (fo=1, routed)           0.000    73.677    dut/core0/u_divider/out_res_reg[30]_i_86_n_0
    SLICE_X39Y15         CARRY4 (Prop_carry4_CI_CO[3])
                                                      0.114    73.791 r  dut/core0/u_divider/out_res_reg[30]_i_81/CO[3]
                         net (fo=1, routed)           0.000    73.791    dut/core0/u_divider/out_res_reg[30]_i_81_n_0
    SLICE_X39Y16         CARRY4 (Prop_carry4_CI_CO[3])
                                                      0.114    73.905 r  dut/core0/u_divider/out_res_reg[30]_i_76/CO[3]
                         net (fo=1, routed)           0.000    73.905    dut/core0/u_divider/out_res_reg[30]_i_76_n_0
    SLICE_X39Y17         CARRY4 (Prop_carry4_CI_CO[3])
                                                      0.114    74.019 r  dut/core0/u_divider/out_res_reg[30]_i_71/CO[3]
                         net (fo=1, routed)           0.000    74.019    dut/core0/u_divider/out_res_reg[30]_i_71_n_0
    SLICE_X39Y18         CARRY4 (Prop_carry4_CI_CO[3])
                                                      0.114    74.133 r  dut/core0/u_divider/out_res_reg[30]_i_68/CO[3]
                         net (fo=1, routed)           0.000    74.133    dut/core0/u_divider/out_res_reg[30]_i_68_n_0
    SLICE_X39Y19         CARRY4 (Prop_carry4_CI_CO[1])
                                                      0.157    74.290 r  dut/core0/u_divider/out_res_reg[30]_i_67/CO[1]
                         net (fo=27, routed)          1.738    76.029    dut/core0/u_divider/out_res_reg[30]_i_67_n_2
    SLICE_X37Y14         LUT3 (Prop_lut3_I0_O)        0.329    76.358 r  dut/core0/u_divider/i__carry_i_146/O
                         net (fo=1, routed)           0.000    76.358    dut/core0/u_divider/i__carry_i_146_n_0
    SLICE_X37Y14         CARRY4 (Prop_carry4_S[1]_CO[3])
                                                      0.550    76.908 r  dut/core0/u_divider/i__carry_i_119/CO[3]
                         net (fo=1, routed)           0.000    76.908    dut/core0/u_divider/i__carry_i_119_n_0
    SLICE_X37Y15         CARRY4 (Prop_carry4_CI_CO[3])
                                                      0.114    77.022 r  dut/core0/u_divider/i__carry_i_93/CO[3]
                         net (fo=1, routed)           0.000    77.022    dut/core0/u_divider/i__carry_i_93_n_0
    SLICE_X37Y16         CARRY4 (Prop_carry4_CI_CO[3])
                                                      0.114    77.136 r  dut/core0/u_divider/out_res_reg[30]_i_61/CO[3]
                         net (fo=1, routed)           0.000    77.136    dut/core0/u_divider/out_res_reg[30]_i_61_n_0
    SLICE_X37Y17         CARRY4 (Prop_carry4_CI_CO[3])
                                                      0.114    77.250 r  dut/core0/u_divider/out_res_reg[30]_i_56/CO[3]
                         net (fo=1, routed)           0.000    77.250    dut/core0/u_divider/out_res_reg[30]_i_56_n_0
    SLICE_X37Y18         CARRY4 (Prop_carry4_CI_CO[3])
                                                      0.114    77.364 r  dut/core0/u_divider/out_res_reg[30]_i_51/CO[3]
                         net (fo=1, routed)           0.000    77.364    dut/core0/u_divider/out_res_reg[30]_i_51_n_0
    SLICE_X37Y19         CARRY4 (Prop_carry4_CI_CO[3])
                                                      0.114    77.478 r  dut/core0/u_divider/out_res_reg[30]_i_48/CO[3]
                         net (fo=1, routed)           0.000    77.478    dut/core0/u_divider/out_res_reg[30]_i_48_n_0
    SLICE_X37Y20         CARRY4 (Prop_carry4_CI_CO[1])
                                                      0.157    77.635 r  dut/core0/u_divider/out_res_reg[30]_i_47/CO[1]
                         net (fo=27, routed)          2.012    79.647    dut/core0/u_divider/out_res_reg[30]_i_47_n_2
    SLICE_X31Y15         LUT3 (Prop_lut3_I0_O)        0.329    79.976 r  dut/core0/u_divider/i__carry_i_122/O
                         net (fo=1, routed)           0.000    79.976    dut/core0/u_divider/i__carry_i_122_n_0
    SLICE_X31Y15         CARRY4 (Prop_carry4_S[1]_CO[3])
                                                      0.550    80.526 r  dut/core0/u_divider/i__carry_i_88/CO[3]
                         net (fo=1, routed)           0.000    80.526    dut/core0/u_divider/i__carry_i_88_n_0
    SLICE_X31Y16         CARRY4 (Prop_carry4_CI_CO[3])
                                                      0.114    80.640 r  dut/core0/u_divider/i__carry_i_67/CO[3]
                         net (fo=1, routed)           0.000    80.640    dut/core0/u_divider/i__carry_i_67_n_0
    SLICE_X31Y17         CARRY4 (Prop_carry4_CI_CO[3])
                                                      0.114    80.754 r  dut/core0/u_divider/out_res_reg[30]_i_41/CO[3]
                         net (fo=1, routed)           0.000    80.754    dut/core0/u_divider/out_res_reg[30]_i_41_n_0
    SLICE_X31Y18         CARRY4 (Prop_carry4_CI_CO[3])
                                                      0.114    80.868 r  dut/core0/u_divider/out_res_reg[30]_i_36/CO[3]
                         net (fo=1, routed)           0.000    80.868    dut/core0/u_divider/out_res_reg[30]_i_36_n_0
    SLICE_X31Y19         CARRY4 (Prop_carry4_CI_CO[3])
                                                      0.114    80.982 r  dut/core0/u_divider/out_res_reg[30]_i_33/CO[3]
                         net (fo=1, routed)           0.000    80.982    dut/core0/u_divider/out_res_reg[30]_i_33_n_0
    SLICE_X31Y20         CARRY4 (Prop_carry4_CI_CO[1])
                                                      0.157    81.139 r  dut/core0/u_divider/out_res_reg[30]_i_32/CO[1]
                         net (fo=27, routed)          1.791    82.930    dut/core0/u_divider/out_res_reg[30]_i_32_n_2
    SLICE_X32Y23         LUT3 (Prop_lut3_I0_O)        0.329    83.259 r  dut/core0/u_divider/i__carry_i_71/O
                         net (fo=1, routed)           0.000    83.259    dut/core0/u_divider/i__carry_i_71_n_0
    SLICE_X32Y23         CARRY4 (Prop_carry4_S[0]_CO[3])
                                                      0.513    83.772 r  dut/core0/u_divider/i__carry_i_46/CO[3]
                         net (fo=1, routed)           0.000    83.772    dut/core0/u_divider/i__carry_i_46_n_0
    SLICE_X32Y24         CARRY4 (Prop_carry4_CI_CO[3])
                                                      0.117    83.889 r  dut/core0/u_divider/out_res_reg[30]_i_26/CO[3]
                         net (fo=1, routed)           0.009    83.898    dut/core0/u_divider/out_res_reg[30]_i_26_n_0
    SLICE_X32Y25         CARRY4 (Prop_carry4_CI_CO[3])
                                                      0.117    84.015 r  dut/core0/u_divider/out_res_reg[30]_i_23/CO[3]
                         net (fo=1, routed)           0.000    84.015    dut/core0/u_divider/out_res_reg[30]_i_23_n_0
    SLICE_X32Y26         CARRY4 (Prop_carry4_CI_CO[1])
                                                      0.157    84.172 r  dut/core0/u_divider/out_res_reg[30]_i_22/CO[1]
                         net (fo=27, routed)          2.210    86.381    dut/core0/u_divider/out_res_reg[30]_i_22_n_2
    SLICE_X39Y20         LUT3 (Prop_lut3_I0_O)        0.332    86.713 r  dut/core0/u_divider/i__carry_i_137/O
                         net (fo=1, routed)           0.000    86.713    dut/core0/u_divider/i__carry_i_137_n_0
    SLICE_X39Y20         CARRY4 (Prop_carry4_S[1]_CO[3])
                                                      0.550    87.263 r  dut/core0/u_divider/i__carry_i_104/CO[3]
                         net (fo=1, routed)           0.000    87.263    dut/core0/u_divider/i__carry_i_104_n_0
    SLICE_X39Y21         CARRY4 (Prop_carry4_CI_CO[3])
                                                      0.114    87.377 r  dut/core0/u_divider/i__carry_i_78/CO[3]
                         net (fo=1, routed)           0.000    87.377    dut/core0/u_divider/i__carry_i_78_n_0
    SLICE_X39Y22         CARRY4 (Prop_carry4_CI_CO[3])
                                                      0.114    87.491 r  dut/core0/u_divider/i__carry_i_57/CO[3]
                         net (fo=1, routed)           0.000    87.491    dut/core0/u_divider/i__carry_i_57_n_0
    SLICE_X39Y23         CARRY4 (Prop_carry4_CI_CO[3])
                                                      0.114    87.605 r  dut/core0/u_divider/i__carry_i_41/CO[3]
                         net (fo=1, routed)           0.000    87.605    dut/core0/u_divider/i__carry_i_41_n_0
    SLICE_X39Y24         CARRY4 (Prop_carry4_CI_CO[3])
                                                      0.114    87.719 r  dut/core0/u_divider/i__carry_i_30/CO[3]
                         net (fo=1, routed)           0.009    87.728    dut/core0/u_divider/i__carry_i_30_n_0
    SLICE_X39Y25         CARRY4 (Prop_carry4_CI_CO[3])
                                                      0.114    87.842 r  dut/core0/u_divider/out_res_reg[30]_i_15/CO[3]
                         net (fo=1, routed)           0.000    87.842    dut/core0/u_divider/out_res_reg[30]_i_15_n_0
    SLICE_X39Y26         CARRY4 (Prop_carry4_CI_CO[1])
                                                      0.157    87.999 r  dut/core0/u_divider/out_res_reg[30]_i_14/CO[1]
                         net (fo=27, routed)          2.052    90.051    dut/core0/execute_unit/u_fpu/u_divider/out_res_reg[30]_i_8_0[1]
    SLICE_X39Y33         LUT3 (Prop_lut3_I0_O)        0.329    90.380 r  dut/core0/execute_unit/u_fpu/u_divider/out_res[30]_i_17/O
                         net (fo=1, routed)           0.000    90.380    dut/core0/execute_unit/u_fpu/u_divider/out_res[30]_i_17_n_0
    SLICE_X39Y33         CARRY4 (Prop_carry4_S[0]_CO[1])
                                                      0.457    90.837 r  dut/core0/execute_unit/u_fpu/u_divider/out_res_reg[30]_i_8/CO[1]
                         net (fo=70, routed)          2.017    92.854    dut/core0/execute_unit_n_53
    SLICE_X31Y26         LUT3 (Prop_lut3_I0_O)        0.329    93.183 r  dut/core0/u_divider/i__carry_i_100/O
                         net (fo=1, routed)           0.000    93.183    dut/core0/u_divider/i__carry_i_100_n_0
    SLICE_X31Y26         CARRY4 (Prop_carry4_S[3]_CO[3])
                                                      0.401    93.584 r  dut/core0/u_divider/i__carry_i_72/CO[3]
                         net (fo=1, routed)           0.000    93.584    dut/core0/u_divider/i__carry_i_72_n_0
    SLICE_X31Y27         CARRY4 (Prop_carry4_CI_CO[3])
                                                      0.114    93.698 r  dut/core0/u_divider/i__carry_i_51/CO[3]
                         net (fo=1, routed)           0.000    93.698    dut/core0/u_divider/i__carry_i_51_n_0
    SLICE_X31Y28         CARRY4 (Prop_carry4_CI_CO[3])
                                                      0.114    93.812 r  dut/core0/u_divider/i__carry_i_35/CO[3]
                         net (fo=1, routed)           0.000    93.812    dut/core0/u_divider/i__carry_i_35_n_0
    SLICE_X31Y29         CARRY4 (Prop_carry4_CI_CO[3])
                                                      0.114    93.926 r  dut/core0/u_divider/i__carry_i_24/CO[3]
                         net (fo=1, routed)           0.000    93.926    dut/core0/u_divider/i__carry_i_24_n_0
    SLICE_X31Y30         CARRY4 (Prop_carry4_CI_CO[3])
                                                      0.114    94.040 r  dut/core0/u_divider/i__carry_i_14/CO[3]
                         net (fo=1, routed)           0.000    94.040    dut/core0/u_divider/i__carry_i_14_n_0
    SLICE_X31Y31         CARRY4 (Prop_carry4_CI_CO[1])
                                                      0.157    94.197 r  dut/core0/u_divider/i__carry_i_11/CO[1]
                         net (fo=39, routed)          1.652    95.849    dut/core0/u_divider/i__carry_i_11_n_2
    SLICE_X30Y24         LUT3 (Prop_lut3_I0_O)        0.329    96.178 r  dut/core0/u_divider/out_res[21]_i_42/O
                         net (fo=1, routed)           0.000    96.178    dut/core0/u_divider/out_res[21]_i_42_n_0
    SLICE_X30Y24         CARRY4 (Prop_carry4_S[3]_CO[3])
                                                      0.376    96.554 r  dut/core0/u_divider/out_res_reg[21]_i_35/CO[3]
                         net (fo=1, routed)           0.009    96.563    dut/core0/u_divider/out_res_reg[21]_i_35_n_0
    SLICE_X30Y25         CARRY4 (Prop_carry4_CI_CO[3])
                                                      0.117    96.680 r  dut/core0/u_divider/out_res_reg[21]_i_29/CO[3]
                         net (fo=1, routed)           0.000    96.680    dut/core0/u_divider/out_res_reg[21]_i_29_n_0
    SLICE_X30Y26         CARRY4 (Prop_carry4_CI_CO[3])
                                                      0.117    96.797 r  dut/core0/u_divider/out_res_reg[21]_i_23/CO[3]
                         net (fo=1, routed)           0.000    96.797    dut/core0/u_divider/out_res_reg[21]_i_23_n_0
    SLICE_X30Y27         CARRY4 (Prop_carry4_CI_CO[3])
                                                      0.117    96.914 r  dut/core0/u_divider/out_res_reg[21]_i_17/CO[3]
                         net (fo=1, routed)           0.000    96.914    dut/core0/u_divider/out_res_reg[21]_i_17_n_0
    SLICE_X30Y28         CARRY4 (Prop_carry4_CI_CO[3])
                                                      0.117    97.031 r  dut/core0/u_divider/out_res_reg[21]_i_11/CO[3]
                         net (fo=1, routed)           0.000    97.031    dut/core0/u_divider/out_res_reg[21]_i_11_n_0
    SLICE_X30Y29         CARRY4 (Prop_carry4_CI_CO[3])
                                                      0.117    97.148 r  dut/core0/u_divider/out_res_reg[21]_i_7/CO[3]
                         net (fo=1, routed)           0.000    97.148    dut/core0/u_divider/out_res_reg[21]_i_7_n_0
    SLICE_X30Y30         CARRY4 (Prop_carry4_CI_CO[1])
                                                      0.157    97.305 r  dut/core0/u_divider/out_res_reg[21]_i_5/CO[1]
                         net (fo=32, routed)          2.084    99.389    dut/core0/execute_unit/u_fpu/u_divider/out_res_reg[21]_0[0]
    SLICE_X33Y21         LUT5 (Prop_lut5_I0_O)        0.332    99.721 r  dut/core0/execute_unit/u_fpu/u_divider/i__carry_i_18__4/O
                         net (fo=3, routed)           0.677   100.397    dut/core0/execute_unit/u_fpu/u_divider/i__carry_i_18__4_n_0
    SLICE_X33Y21         LUT6 (Prop_lut6_I0_O)        0.124   100.521 r  dut/core0/execute_unit/u_fpu/u_divider/i__carry_i_13__11/O
                         net (fo=33, routed)          0.788   101.309    dut/core0/execute_unit/u_fpu/u_divider/i__carry_i_13__11_n_0
    SLICE_X33Y23         LUT4 (Prop_lut4_I3_O)        0.124   101.433 r  dut/core0/execute_unit/u_fpu/u_divider/i__carry_i_8__20/O
                         net (fo=1, routed)           0.000   101.433    dut/core0/execute_unit/u_fpu/u_divider/i__carry_i_8__20_n_0
    SLICE_X33Y23         CARRY4 (Prop_carry4_S[0]_CO[3])
                                                      0.532   101.965 r  dut/core0/execute_unit/u_fpu/u_divider/exp_norm0_inferred__0/i__carry/CO[3]
                         net (fo=1, routed)           0.000   101.965    dut/core0/execute_unit/u_fpu/u_divider/exp_norm0_inferred__0/i__carry_n_0
    SLICE_X33Y24         CARRY4 (Prop_carry4_CI_O[3])
                                                      0.313   102.278 f  dut/core0/execute_unit/u_fpu/u_divider/exp_norm0_inferred__0/i__carry__0/O[3]
                         net (fo=3, routed)           1.287   103.565    dut/core0/execute_unit/u_fpu/u_divider/exp_norm[7]
    SLICE_X29Y24         LUT6 (Prop_lut6_I2_O)        0.306   103.871 f  dut/core0/execute_unit/u_fpu/u_divider/i__carry_i_12__14/O
                         net (fo=1, routed)           0.789   104.660    dut/core0/execute_unit/u_fpu/u_divider/i__carry_i_12__14_n_0
    SLICE_X31Y24         LUT6 (Prop_lut6_I1_O)        0.124   104.784 r  dut/core0/execute_unit/u_fpu/u_divider/i__carry_i_11__12/O
                         net (fo=4, routed)           0.318   105.102    dut/core0/execute_unit/u_fpu/u_divider/i__carry_i_11__12_n_0
    SLICE_X31Y23         LUT6 (Prop_lut6_I5_O)        0.124   105.226 r  dut/core0/execute_unit/u_fpu/u_divider/i__carry_i_5__19/O
                         net (fo=32, routed)          1.415   106.641    dut/core0/execute_unit/u_fpu/u_divider/i__carry_i_5__19_n_0
    SLICE_X24Y28         LUT2 (Prop_lut2_I1_O)        0.124   106.765 r  dut/core0/execute_unit/u_fpu/u_divider/i__carry_i_4__0/O
                         net (fo=1, routed)           0.000   106.765    dut/core0/execute_unit/u_fpu/u_divider/i__carry_i_4__0_n_0
    SLICE_X24Y28         CARRY4 (Prop_carry4_S[0]_CO[3])
                                                      0.532   107.297 r  dut/core0/execute_unit/u_fpu/u_divider/exp_norm0_inferred__1/i__carry/CO[3]
                         net (fo=1, routed)           0.000   107.297    dut/core0/execute_unit/u_fpu/u_divider/exp_norm0_inferred__1/i__carry_n_0
    SLICE_X24Y29         CARRY4 (Prop_carry4_CI_CO[3])
                                                      0.114   107.411 r  dut/core0/execute_unit/u_fpu/u_divider/exp_norm0_inferred__1/i__carry__0/CO[3]
                         net (fo=1, routed)           0.000   107.411    dut/core0/execute_unit/u_fpu/u_divider/exp_norm0_inferred__1/i__carry__0_n_0
    SLICE_X24Y30         CARRY4 (Prop_carry4_CI_O[0])
                                                      0.222   107.633 f  dut/core0/execute_unit/u_fpu/u_divider/exp_norm0_inferred__1/i__carry__1/O[0]
                         net (fo=3, routed)           1.193   108.826    dut/core0/execute_unit/u_fpu/u_divider/exp_norm0_inferred__1/i__carry__1_n_7
    SLICE_X22Y28         LUT6 (Prop_lut6_I1_O)        0.299   109.125 f  dut/core0/execute_unit/u_fpu/u_divider/i__carry_i_8__14/O
                         net (fo=1, routed)           0.162   109.287    dut/core0/execute_unit/u_fpu/u_divider/i__carry_i_8__14_n_0
    SLICE_X22Y28         LUT6 (Prop_lut6_I1_O)        0.124   109.411 r  dut/core0/execute_unit/u_fpu/u_divider/i__carry_i_7__14/O
                         net (fo=2, routed)           0.961   110.372    dut/core0/execute_unit/u_fpu/u_divider/i__carry_i_7__14_n_0
    SLICE_X29Y24         LUT6 (Prop_lut6_I5_O)        0.124   110.496 r  dut/core0/execute_unit/u_fpu/u_divider/i__carry_i_5__18/O
                         net (fo=30, routed)          1.373   111.869    dut/core0/execute_unit/u_fpu/u_divider/i__carry_i_5__18_n_0
    SLICE_X20Y27         LUT2 (Prop_lut2_I1_O)        0.124   111.993 r  dut/core0/execute_unit/u_fpu/u_divider/i__carry_i_4__1/O
                         net (fo=1, routed)           0.000   111.993    dut/core0/execute_unit/u_fpu/u_divider/i__carry_i_4__1_n_0
    SLICE_X20Y27         CARRY4 (Prop_carry4_S[0]_CO[3])
                                                      0.513   112.506 r  dut/core0/execute_unit/u_fpu/u_divider/exp_norm0_inferred__2/i__carry/CO[3]
                         net (fo=1, routed)           0.000   112.506    dut/core0/execute_unit/u_fpu/u_divider/exp_norm0_inferred__2/i__carry_n_0
    SLICE_X20Y28         CARRY4 (Prop_carry4_CI_O[2])
                                                      0.239   112.745 f  dut/core0/execute_unit/u_fpu/u_divider/exp_norm0_inferred__2/i__carry__0/O[2]
                         net (fo=3, routed)           0.828   113.573    dut/core0/execute_unit/u_fpu/u_divider/exp_norm0_inferred__2/i__carry__0_n_5
    SLICE_X21Y28         LUT6 (Prop_lut6_I1_O)        0.301   113.874 f  dut/core0/execute_unit/u_fpu/u_divider/i__carry_i_12__15/O
                         net (fo=1, routed)           0.264   114.139    dut/core0/execute_unit/u_fpu/u_divider/i__carry_i_12__15_n_0
    SLICE_X21Y28         LUT6 (Prop_lut6_I1_O)        0.124   114.263 r  dut/core0/execute_unit/u_fpu/u_divider/i__carry_i_9__6/O
                         net (fo=3, routed)           1.257   115.520    dut/core0/execute_unit/u_fpu/u_divider/i__carry_i_9__6_n_0
    SLICE_X29Y23         LUT6 (Prop_lut6_I5_O)        0.124   115.644 r  dut/core0/execute_unit/u_fpu/u_divider/i__carry_i_5__17/O
                         net (fo=28, routed)          1.329   116.972    dut/core0/execute_unit/u_fpu/u_divider/i__carry_i_5__17_n_0
    SLICE_X18Y24         LUT2 (Prop_lut2_I1_O)        0.124   117.096 r  dut/core0/execute_unit/u_fpu/u_divider/i__carry_i_4__2/O
                         net (fo=1, routed)           0.000   117.096    dut/core0/execute_unit/u_fpu/u_divider/i__carry_i_4__2_n_0
    SLICE_X18Y24         CARRY4 (Prop_carry4_S[0]_CO[3])
                                                      0.513   117.609 r  dut/core0/execute_unit/u_fpu/u_divider/exp_norm0_inferred__3/i__carry/CO[3]
                         net (fo=1, routed)           0.009   117.618    dut/core0/execute_unit/u_fpu/u_divider/exp_norm0_inferred__3/i__carry_n_0
    SLICE_X18Y25         CARRY4 (Prop_carry4_CI_O[2])
                                                      0.239   117.857 f  dut/core0/execute_unit/u_fpu/u_divider/exp_norm0_inferred__3/i__carry__0/O[2]
                         net (fo=3, routed)           0.843   118.701    dut/core0/execute_unit/u_fpu/u_divider/exp_norm0_inferred__3/i__carry__0_n_5
    SLICE_X16Y24         LUT6 (Prop_lut6_I1_O)        0.301   119.002 f  dut/core0/execute_unit/u_fpu/u_divider/i__carry_i_11__13/O
                         net (fo=1, routed)           0.670   119.672    dut/core0/execute_unit/u_fpu/u_divider/i__carry_i_11__13_n_0
    SLICE_X16Y24         LUT6 (Prop_lut6_I1_O)        0.124   119.796 r  dut/core0/execute_unit/u_fpu/u_divider/i__carry_i_9__7/O
                         net (fo=1, routed)           1.196   120.992    dut/core0/execute_unit/u_fpu/u_divider/i__carry_i_9__7_n_0
    SLICE_X28Y24         LUT6 (Prop_lut6_I5_O)        0.124   121.116 r  dut/core0/execute_unit/u_fpu/u_divider/i__carry_i_5__16/O
                         net (fo=29, routed)          0.944   122.060    dut/core0/execute_unit/u_fpu/u_divider/i__carry_i_5__16_n_0
    SLICE_X17Y23         LUT2 (Prop_lut2_I1_O)        0.124   122.184 r  dut/core0/execute_unit/u_fpu/u_divider/i__carry_i_4__3/O
                         net (fo=1, routed)           0.000   122.184    dut/core0/execute_unit/u_fpu/u_divider/i__carry_i_4__3_n_0
    SLICE_X17Y23         CARRY4 (Prop_carry4_S[0]_CO[3])
                                                      0.532   122.716 r  dut/core0/execute_unit/u_fpu/u_divider/exp_norm0_inferred__4/i__carry/CO[3]
                         net (fo=1, routed)           0.000   122.716    dut/core0/execute_unit/u_fpu/u_divider/exp_norm0_inferred__4/i__carry_n_0
    SLICE_X17Y24         CARRY4 (Prop_carry4_CI_O[0])
                                                      0.222   122.938 f  dut/core0/execute_unit/u_fpu/u_divider/exp_norm0_inferred__4/i__carry__0/O[0]
                         net (fo=3, routed)           0.986   123.924    dut/core0/execute_unit/u_fpu/u_divider/exp_norm0_inferred__4/i__carry__0_n_7
    SLICE_X18Y23         LUT6 (Prop_lut6_I4_O)        0.299   124.223 f  dut/core0/execute_unit/u_fpu/u_divider/i__carry_i_10__15/O
                         net (fo=1, routed)           0.161   124.384    dut/core0/execute_unit/u_fpu/u_divider/i__carry_i_10__15_n_0
    SLICE_X18Y23         LUT6 (Prop_lut6_I1_O)        0.124   124.508 r  dut/core0/execute_unit/u_fpu/u_divider/i__carry_i_8__15/O
                         net (fo=4, routed)           1.084   125.592    dut/core0/execute_unit/u_fpu/u_divider/i__carry_i_8__15_n_0
    SLICE_X27Y23         LUT4 (Prop_lut4_I3_O)        0.124   125.716 r  dut/core0/execute_unit/u_fpu/u_divider/i__carry_i_5__15/O
                         net (fo=26, routed)          0.717   126.432    dut/core0/execute_unit/u_fpu/u_divider/i__carry_i_5__15_n_0
    SLICE_X19Y23         LUT2 (Prop_lut2_I1_O)        0.124   126.556 r  dut/core0/execute_unit/u_fpu/u_divider/i__carry_i_4__4/O
                         net (fo=1, routed)           0.000   126.556    dut/core0/execute_unit/u_fpu/u_divider/i__carry_i_4__4_n_0
    SLICE_X19Y23         CARRY4 (Prop_carry4_S[0]_CO[3])
                                                      0.532   127.088 r  dut/core0/execute_unit/u_fpu/u_divider/exp_norm0_inferred__5/i__carry/CO[3]
                         net (fo=1, routed)           0.000   127.088    dut/core0/execute_unit/u_fpu/u_divider/exp_norm0_inferred__5/i__carry_n_0
    SLICE_X19Y24         CARRY4 (Prop_carry4_CI_O[3])
                                                      0.313   127.401 f  dut/core0/execute_unit/u_fpu/u_divider/exp_norm0_inferred__5/i__carry__0/O[3]
                         net (fo=3, routed)           1.037   128.438    dut/core0/execute_unit/u_fpu/u_divider/exp_norm0_inferred__5/i__carry__0_n_4
    SLICE_X18Y23         LUT6 (Prop_lut6_I2_O)        0.306   128.744 f  dut/core0/execute_unit/u_fpu/u_divider/i__carry_i_9__8/O
                         net (fo=1, routed)           0.884   129.628    dut/core0/execute_unit/u_fpu/u_divider/i__carry_i_9__8_n_0
    SLICE_X16Y24         LUT6 (Prop_lut6_I1_O)        0.124   129.752 r  dut/core0/execute_unit/u_fpu/u_divider/i__carry_i_7__15/O
                         net (fo=1, routed)           0.584   130.336    dut/core0/execute_unit/u_fpu/u_divider/i__carry_i_7__15_n_0
    SLICE_X24Y24         LUT6 (Prop_lut6_I5_O)        0.124   130.460 r  dut/core0/execute_unit/u_fpu/u_divider/i__carry_i_5__14/O
                         net (fo=27, routed)          0.588   131.048    dut/core0/execute_unit/u_fpu/u_divider/i__carry_i_5__14_n_0
    SLICE_X20Y24         LUT2 (Prop_lut2_I1_O)        0.124   131.172 r  dut/core0/execute_unit/u_fpu/u_divider/i__carry_i_4__5/O
                         net (fo=1, routed)           0.000   131.172    dut/core0/execute_unit/u_fpu/u_divider/i__carry_i_4__5_n_0
    SLICE_X20Y24         CARRY4 (Prop_carry4_S[0]_CO[3])
                                                      0.513   131.685 r  dut/core0/execute_unit/u_fpu/u_divider/exp_norm0_inferred__6/i__carry/CO[3]
                         net (fo=1, routed)           0.009   131.694    dut/core0/execute_unit/u_fpu/u_divider/exp_norm0_inferred__6/i__carry_n_0
    SLICE_X20Y25         CARRY4 (Prop_carry4_CI_O[3])
                                                      0.315   132.009 f  dut/core0/execute_unit/u_fpu/u_divider/exp_norm0_inferred__6/i__carry__0/O[3]
                         net (fo=3, routed)           1.146   133.154    dut/core0/execute_unit/u_fpu/u_divider/exp_norm0_inferred__6/i__carry__0_n_4
    SLICE_X24Y24         LUT6 (Prop_lut6_I2_O)        0.307   133.461 f  dut/core0/execute_unit/u_fpu/u_divider/i__carry_i_13__12/O
                         net (fo=1, routed)           0.161   133.622    dut/core0/execute_unit/u_fpu/u_divider/i__carry_i_13__12_n_0
    SLICE_X24Y24         LUT6 (Prop_lut6_I1_O)        0.124   133.746 r  dut/core0/execute_unit/u_fpu/u_divider/i__carry_i_9__9/O
                         net (fo=4, routed)           1.049   134.795    dut/core0/execute_unit/u_fpu/u_divider/i__carry_i_9__9_n_0
    SLICE_X24Y23         LUT6 (Prop_lut6_I5_O)        0.124   134.919 r  dut/core0/execute_unit/u_fpu/u_divider/i__carry_i_5__13/O
                         net (fo=27, routed)          0.349   135.269    dut/core0/execute_unit/u_fpu/u_divider/i__carry_i_5__13_n_0
    SLICE_X24Y25         LUT2 (Prop_lut2_I1_O)        0.124   135.393 r  dut/core0/execute_unit/u_fpu/u_divider/i__carry_i_4__6/O
                         net (fo=1, routed)           0.000   135.393    dut/core0/execute_unit/u_fpu/u_divider/i__carry_i_4__6_n_0
    SLICE_X24Y25         CARRY4 (Prop_carry4_S[0]_CO[3])
                                                      0.532   135.925 r  dut/core0/execute_unit/u_fpu/u_divider/exp_norm0_inferred__7/i__carry/CO[3]
                         net (fo=1, routed)           0.000   135.925    dut/core0/execute_unit/u_fpu/u_divider/exp_norm0_inferred__7/i__carry_n_0
    SLICE_X24Y26         CARRY4 (Prop_carry4_CI_O[3])
                                                      0.313   136.238 f  dut/core0/execute_unit/u_fpu/u_divider/exp_norm0_inferred__7/i__carry__0/O[3]
                         net (fo=3, routed)           1.838   138.076    dut/core0/execute_unit/u_fpu/u_divider/exp_norm0_inferred__7/i__carry__0_n_4
    SLICE_X24Y23         LUT6 (Prop_lut6_I2_O)        0.306   138.382 f  dut/core0/execute_unit/u_fpu/u_divider/i__carry_i_10__16/O
                         net (fo=1, routed)           0.161   138.543    dut/core0/execute_unit/u_fpu/u_divider/i__carry_i_10__16_n_0
    SLICE_X24Y23         LUT6 (Prop_lut6_I1_O)        0.124   138.667 r  dut/core0/execute_unit/u_fpu/u_divider/i__carry_i_8__16/O
                         net (fo=2, routed)           0.963   139.630    dut/core0/execute_unit/u_fpu/u_divider/i__carry_i_8__16_n_0
    SLICE_X21Y19         LUT4 (Prop_lut4_I3_O)        0.150   139.780 r  dut/core0/execute_unit/u_fpu/u_divider/i__carry_i_5__12/O
                         net (fo=29, routed)          0.371   140.151    dut/core0/execute_unit/u_fpu/u_divider/i__carry_i_5__12_n_0
    SLICE_X23Y20         LUT2 (Prop_lut2_I1_O)        0.326   140.477 r  dut/core0/execute_unit/u_fpu/u_divider/i__carry_i_4__7/O
                         net (fo=1, routed)           0.000   140.477    dut/core0/execute_unit/u_fpu/u_divider/i__carry_i_4__7_n_0
    SLICE_X23Y20         CARRY4 (Prop_carry4_S[0]_CO[3])
                                                      0.532   141.009 r  dut/core0/execute_unit/u_fpu/u_divider/exp_norm0_inferred__8/i__carry/CO[3]
                         net (fo=1, routed)           0.000   141.009    dut/core0/execute_unit/u_fpu/u_divider/exp_norm0_inferred__8/i__carry_n_0
    SLICE_X23Y21         CARRY4 (Prop_carry4_CI_CO[3])
                                                      0.114   141.123 r  dut/core0/execute_unit/u_fpu/u_divider/exp_norm0_inferred__8/i__carry__0/CO[3]
                         net (fo=1, routed)           0.000   141.123    dut/core0/execute_unit/u_fpu/u_divider/exp_norm0_inferred__8/i__carry__0_n_0
    SLICE_X23Y22         CARRY4 (Prop_carry4_CI_O[1])
                                                      0.334   141.457 f  dut/core0/execute_unit/u_fpu/u_divider/exp_norm0_inferred__8/i__carry__1/O[1]
                         net (fo=3, routed)           1.239   142.696    dut/core0/execute_unit/u_fpu/u_divider/exp_norm0_inferred__8/i__carry__1_n_6
    SLICE_X21Y20         LUT6 (Prop_lut6_I3_O)        0.303   142.999 r  dut/core0/execute_unit/u_fpu/u_divider/i__carry_i_7__16/O
                         net (fo=3, routed)           0.827   143.826    dut/core0/execute_unit/u_fpu/u_divider/i__carry_i_7__16_n_0
    SLICE_X21Y19         LUT6 (Prop_lut6_I5_O)        0.124   143.950 r  dut/core0/execute_unit/u_fpu/u_divider/i__carry_i_5__11/O
                         net (fo=26, routed)          0.753   144.703    dut/core0/execute_unit/u_fpu/u_divider/i__carry_i_5__11_n_0
    SLICE_X19Y20         LUT2 (Prop_lut2_I1_O)        0.124   144.827 r  dut/core0/execute_unit/u_fpu/u_divider/i__carry_i_4__8/O
                         net (fo=1, routed)           0.000   144.827    dut/core0/execute_unit/u_fpu/u_divider/i__carry_i_4__8_n_0
    SLICE_X19Y20         CARRY4 (Prop_carry4_S[0]_CO[3])
                                                      0.532   145.359 r  dut/core0/execute_unit/u_fpu/u_divider/exp_norm0_inferred__9/i__carry/CO[3]
                         net (fo=1, routed)           0.000   145.359    dut/core0/execute_unit/u_fpu/u_divider/exp_norm0_inferred__9/i__carry_n_0
    SLICE_X19Y21         CARRY4 (Prop_carry4_CI_O[1])
                                                      0.334   145.693 f  dut/core0/execute_unit/u_fpu/u_divider/exp_norm0_inferred__9/i__carry__0/O[1]
                         net (fo=3, routed)           1.001   146.694    dut/core0/execute_unit/u_fpu/u_divider/exp_norm0_inferred__9/i__carry__0_n_6
    SLICE_X19Y19         LUT6 (Prop_lut6_I0_O)        0.303   146.997 f  dut/core0/execute_unit/u_fpu/u_divider/i__carry_i_11__14/O
                         net (fo=1, routed)           1.093   148.090    dut/core0/execute_unit/u_fpu/u_divider/i__carry_i_11__14_n_0
    SLICE_X18Y22         LUT6 (Prop_lut6_I1_O)        0.124   148.214 r  dut/core0/execute_unit/u_fpu/u_divider/i__carry_i_9__11/O
                         net (fo=1, routed)           1.011   149.225    dut/core0/execute_unit/u_fpu/u_divider/i__carry_i_9__11_n_0
    SLICE_X21Y19         LUT6 (Prop_lut6_I5_O)        0.124   149.349 r  dut/core0/execute_unit/u_fpu/u_divider/i__carry_i_5__10/O
                         net (fo=30, routed)          0.645   149.994    dut/core0/execute_unit/u_fpu/u_divider/i__carry_i_5__10_n_0
    SLICE_X18Y19         LUT2 (Prop_lut2_I1_O)        0.124   150.118 r  dut/core0/execute_unit/u_fpu/u_divider/i__carry_i_4__9/O
                         net (fo=1, routed)           0.000   150.118    dut/core0/execute_unit/u_fpu/u_divider/i__carry_i_4__9_n_0
    SLICE_X18Y19         CARRY4 (Prop_carry4_S[0]_CO[3])
                                                      0.513   150.631 r  dut/core0/execute_unit/u_fpu/u_divider/exp_norm0_inferred__10/i__carry/CO[3]
                         net (fo=1, routed)           0.000   150.631    dut/core0/execute_unit/u_fpu/u_divider/exp_norm0_inferred__10/i__carry_n_0
    SLICE_X18Y20         CARRY4 (Prop_carry4_CI_CO[3])
                                                      0.117   150.748 r  dut/core0/execute_unit/u_fpu/u_divider/exp_norm0_inferred__10/i__carry__0/CO[3]
                         net (fo=1, routed)           0.000   150.748    dut/core0/execute_unit/u_fpu/u_divider/exp_norm0_inferred__10/i__carry__0_n_0
    SLICE_X18Y21         CARRY4 (Prop_carry4_CI_O[0])
                                                      0.219   150.967 f  dut/core0/execute_unit/u_fpu/u_divider/exp_norm0_inferred__10/i__carry__1/O[0]
                         net (fo=3, routed)           1.149   152.116    dut/core0/execute_unit/u_fpu/u_divider/exp_norm0_inferred__10/i__carry__1_n_7
    SLICE_X19Y18         LUT6 (Prop_lut6_I1_O)        0.295   152.411 f  dut/core0/execute_unit/u_fpu/u_divider/i__carry_i_10__17/O
                         net (fo=1, routed)           0.264   152.675    dut/core0/execute_unit/u_fpu/u_divider/i__carry_i_10__17_n_0
    SLICE_X19Y18         LUT6 (Prop_lut6_I1_O)        0.124   152.799 r  dut/core0/execute_unit/u_fpu/u_divider/i__carry_i_8__17/O
                         net (fo=4, routed)           1.130   153.929    dut/core0/execute_unit/u_fpu/u_divider/i__carry_i_8__17_n_0
    SLICE_X23Y17         LUT4 (Prop_lut4_I3_O)        0.124   154.053 r  dut/core0/execute_unit/u_fpu/u_divider/i__carry_i_5__9/O
                         net (fo=27, routed)          0.856   154.910    dut/core0/execute_unit/u_fpu/u_divider/i__carry_i_5__9_n_0
    SLICE_X18Y16         LUT2 (Prop_lut2_I1_O)        0.124   155.034 r  dut/core0/execute_unit/u_fpu/u_divider/i__carry_i_4__10/O
                         net (fo=1, routed)           0.000   155.034    dut/core0/execute_unit/u_fpu/u_divider/i__carry_i_4__10_n_0
    SLICE_X18Y16         CARRY4 (Prop_carry4_S[0]_CO[3])
                                                      0.513   155.547 r  dut/core0/execute_unit/u_fpu/u_divider/exp_norm0_inferred__11/i__carry/CO[3]
                         net (fo=1, routed)           0.000   155.547    dut/core0/execute_unit/u_fpu/u_divider/exp_norm0_inferred__11/i__carry_n_0
    SLICE_X18Y17         CARRY4 (Prop_carry4_CI_CO[3])
                                                      0.117   155.664 r  dut/core0/execute_unit/u_fpu/u_divider/exp_norm0_inferred__11/i__carry__0/CO[3]
                         net (fo=1, routed)           0.000   155.664    dut/core0/execute_unit/u_fpu/u_divider/exp_norm0_inferred__11/i__carry__0_n_0
    SLICE_X18Y18         CARRY4 (Prop_carry4_CI_O[0])
                                                      0.219   155.883 f  dut/core0/execute_unit/u_fpu/u_divider/exp_norm0_inferred__11/i__carry__1/O[0]
                         net (fo=3, routed)           1.014   156.897    dut/core0/execute_unit/u_fpu/u_divider/exp_norm0_inferred__11/i__carry__1_n_7
    SLICE_X18Y15         LUT6 (Prop_lut6_I1_O)        0.295   157.192 f  dut/core0/execute_unit/u_fpu/u_divider/i__carry_i_9__12/O
                         net (fo=1, routed)           0.788   157.979    dut/core0/execute_unit/u_fpu/u_divider/i__carry_i_9__12_n_0
    SLICE_X17Y17         LUT6 (Prop_lut6_I1_O)        0.124   158.103 r  dut/core0/execute_unit/u_fpu/u_divider/i__carry_i_7__17/O
                         net (fo=1, routed)           0.969   159.072    dut/core0/execute_unit/u_fpu/u_divider/i__carry_i_7__17_n_0
    SLICE_X23Y17         LUT6 (Prop_lut6_I5_O)        0.124   159.196 r  dut/core0/execute_unit/u_fpu/u_divider/i__carry_i_5__8/O
                         net (fo=28, routed)          1.145   160.341    dut/core0/execute_unit/u_fpu/u_divider/i__carry_i_5__8_n_0
    SLICE_X19Y15         LUT2 (Prop_lut2_I1_O)        0.124   160.465 r  dut/core0/execute_unit/u_fpu/u_divider/i__carry_i_4__11/O
                         net (fo=1, routed)           0.000   160.465    dut/core0/execute_unit/u_fpu/u_divider/i__carry_i_4__11_n_0
    SLICE_X19Y15         CARRY4 (Prop_carry4_S[0]_CO[3])
                                                      0.532   160.997 r  dut/core0/execute_unit/u_fpu/u_divider/exp_norm0_inferred__12/i__carry/CO[3]
                         net (fo=1, routed)           0.000   160.997    dut/core0/execute_unit/u_fpu/u_divider/exp_norm0_inferred__12/i__carry_n_0
    SLICE_X19Y16         CARRY4 (Prop_carry4_CI_O[1])
                                                      0.334   161.331 f  dut/core0/execute_unit/u_fpu/u_divider/exp_norm0_inferred__12/i__carry__0/O[1]
                         net (fo=3, routed)           1.143   162.474    dut/core0/execute_unit/u_fpu/u_divider/exp_norm0_inferred__12/i__carry__0_n_6
    SLICE_X23Y16         LUT6 (Prop_lut6_I0_O)        0.303   162.777 f  dut/core0/execute_unit/u_fpu/u_divider/i__carry_i_11__15/O
                         net (fo=1, routed)           0.642   163.420    dut/core0/execute_unit/u_fpu/u_divider/i__carry_i_11__15_n_0
    SLICE_X23Y16         LUT6 (Prop_lut6_I1_O)        0.124   163.544 r  dut/core0/execute_unit/u_fpu/u_divider/i__carry_i_9__13/O
                         net (fo=4, routed)           0.166   163.710    dut/core0/execute_unit/u_fpu/u_divider/i__carry_i_9__13_n_0
    SLICE_X23Y16         LUT6 (Prop_lut6_I5_O)        0.124   163.834 r  dut/core0/execute_unit/u_fpu/u_divider/i__carry_i_5__7/O
                         net (fo=27, routed)          0.951   164.785    dut/core0/execute_unit/u_fpu/u_divider/i__carry_i_5__7_n_0
    SLICE_X23Y13         LUT2 (Prop_lut2_I1_O)        0.124   164.909 r  dut/core0/execute_unit/u_fpu/u_divider/i__carry_i_4__12/O
                         net (fo=1, routed)           0.000   164.909    dut/core0/execute_unit/u_fpu/u_divider/i__carry_i_4__12_n_0
    SLICE_X23Y13         CARRY4 (Prop_carry4_S[0]_CO[3])
                                                      0.532   165.441 r  dut/core0/execute_unit/u_fpu/u_divider/exp_norm0_inferred__13/i__carry/CO[3]
                         net (fo=1, routed)           0.000   165.441    dut/core0/execute_unit/u_fpu/u_divider/exp_norm0_inferred__13/i__carry_n_0
    SLICE_X23Y14         CARRY4 (Prop_carry4_CI_O[0])
                                                      0.222   165.663 f  dut/core0/execute_unit/u_fpu/u_divider/exp_norm0_inferred__13/i__carry__0/O[0]
                         net (fo=3, routed)           1.217   166.880    dut/core0/execute_unit/u_fpu/u_divider/exp_norm0_inferred__13/i__carry__0_n_7
    SLICE_X19Y13         LUT6 (Prop_lut6_I4_O)        0.299   167.179 f  dut/core0/execute_unit/u_fpu/u_divider/i__carry_i_10__18/O
                         net (fo=1, routed)           0.154   167.333    dut/core0/execute_unit/u_fpu/u_divider/i__carry_i_10__18_n_0
    SLICE_X19Y13         LUT6 (Prop_lut6_I1_O)        0.124   167.457 r  dut/core0/execute_unit/u_fpu/u_divider/i__carry_i_8__18/O
                         net (fo=2, routed)           0.676   168.133    dut/core0/execute_unit/u_fpu/u_divider/i__carry_i_8__18_n_0
    SLICE_X19Y13         LUT4 (Prop_lut4_I3_O)        0.124   168.257 r  dut/core0/execute_unit/u_fpu/u_divider/i__carry_i_5__6/O
                         net (fo=29, routed)          0.820   169.077    dut/core0/execute_unit/u_fpu/u_divider/i__carry_i_5__6_n_0
    SLICE_X18Y9          LUT2 (Prop_lut2_I1_O)        0.124   169.201 r  dut/core0/execute_unit/u_fpu/u_divider/i__carry_i_4__13/O
                         net (fo=1, routed)           0.000   169.201    dut/core0/execute_unit/u_fpu/u_divider/i__carry_i_4__13_n_0
    SLICE_X18Y9          CARRY4 (Prop_carry4_S[0]_CO[3])
                                                      0.513   169.714 r  dut/core0/execute_unit/u_fpu/u_divider/exp_norm0_inferred__14/i__carry/CO[3]
                         net (fo=1, routed)           0.000   169.714    dut/core0/execute_unit/u_fpu/u_divider/exp_norm0_inferred__14/i__carry_n_0
    SLICE_X18Y10         CARRY4 (Prop_carry4_CI_O[0])
                                                      0.219   169.933 f  dut/core0/execute_unit/u_fpu/u_divider/exp_norm0_inferred__14/i__carry__0/O[0]
                         net (fo=3, routed)           0.960   170.893    dut/core0/execute_unit/u_fpu/u_divider/exp_norm0_inferred__14/i__carry__0_n_7
    SLICE_X17Y9          LUT6 (Prop_lut6_I4_O)        0.295   171.188 f  dut/core0/execute_unit/u_fpu/u_divider/i__carry_i_9__14/O
                         net (fo=1, routed)           0.433   171.621    dut/core0/execute_unit/u_fpu/u_divider/i__carry_i_9__14_n_0
    SLICE_X17Y9          LUT6 (Prop_lut6_I1_O)        0.124   171.745 r  dut/core0/execute_unit/u_fpu/u_divider/i__carry_i_7__18/O
                         net (fo=3, routed)           1.253   172.998    dut/core0/execute_unit/u_fpu/u_divider/i__carry_i_7__18_n_0
    SLICE_X19Y13         LUT6 (Prop_lut6_I5_O)        0.124   173.122 r  dut/core0/execute_unit/u_fpu/u_divider/i__carry_i_5__5/O
                         net (fo=26, routed)          1.397   174.519    dut/core0/execute_unit/u_fpu/u_divider/i__carry_i_5__5_n_0
    SLICE_X19Y7          LUT2 (Prop_lut2_I1_O)        0.124   174.643 r  dut/core0/execute_unit/u_fpu/u_divider/i__carry_i_4__14/O
                         net (fo=1, routed)           0.000   174.643    dut/core0/execute_unit/u_fpu/u_divider/i__carry_i_4__14_n_0
    SLICE_X19Y7          CARRY4 (Prop_carry4_S[0]_CO[3])
                                                      0.532   175.175 r  dut/core0/execute_unit/u_fpu/u_divider/exp_norm0_inferred__15/i__carry/CO[3]
                         net (fo=1, routed)           0.000   175.175    dut/core0/execute_unit/u_fpu/u_divider/exp_norm0_inferred__15/i__carry_n_0
    SLICE_X19Y8          CARRY4 (Prop_carry4_CI_CO[3])
                                                      0.114   175.289 r  dut/core0/execute_unit/u_fpu/u_divider/exp_norm0_inferred__15/i__carry__0/CO[3]
                         net (fo=1, routed)           0.000   175.289    dut/core0/execute_unit/u_fpu/u_divider/exp_norm0_inferred__15/i__carry__0_n_0
    SLICE_X19Y9          CARRY4 (Prop_carry4_CI_O[0])
                                                      0.222   175.511 f  dut/core0/execute_unit/u_fpu/u_divider/exp_norm0_inferred__15/i__carry__1/O[0]
                         net (fo=3, routed)           0.980   176.492    dut/core0/execute_unit/u_fpu/u_divider/exp_norm0_inferred__15/i__carry__1_n_7
    SLICE_X20Y8          LUT6 (Prop_lut6_I1_O)        0.299   176.791 f  dut/core0/execute_unit/u_fpu/u_divider/i__carry_i_11__16/O
                         net (fo=1, routed)           0.286   177.077    dut/core0/execute_unit/u_fpu/u_divider/i__carry_i_11__16_n_0
    SLICE_X20Y8          LUT6 (Prop_lut6_I1_O)        0.124   177.201 r  dut/core0/execute_unit/u_fpu/u_divider/i__carry_i_9__15/O
                         net (fo=4, routed)           0.968   178.169    dut/core0/execute_unit/u_fpu/u_divider/i__carry_i_9__15_n_0
    SLICE_X19Y11         LUT6 (Prop_lut6_I5_O)        0.124   178.293 r  dut/core0/execute_unit/u_fpu/u_divider/i__carry_i_5__4/O
                         net (fo=28, routed)          1.369   179.662    dut/core0/execute_unit/u_fpu/u_divider/i__carry_i_5__4_n_0
    SLICE_X23Y7          LUT2 (Prop_lut2_I1_O)        0.124   179.786 r  dut/core0/execute_unit/u_fpu/u_divider/i__carry_i_4__15/O
                         net (fo=1, routed)           0.000   179.786    dut/core0/execute_unit/u_fpu/u_divider/i__carry_i_4__15_n_0
    SLICE_X23Y7          CARRY4 (Prop_carry4_S[0]_CO[3])
                                                      0.532   180.318 r  dut/core0/execute_unit/u_fpu/u_divider/exp_norm0_inferred__16/i__carry/CO[3]
                         net (fo=1, routed)           0.000   180.318    dut/core0/execute_unit/u_fpu/u_divider/exp_norm0_inferred__16/i__carry_n_0
    SLICE_X23Y8          CARRY4 (Prop_carry4_CI_O[0])
                                                      0.222   180.540 f  dut/core0/execute_unit/u_fpu/u_divider/exp_norm0_inferred__16/i__carry__0/O[0]
                         net (fo=3, routed)           0.983   181.523    dut/core0/execute_unit/u_fpu/u_divider/exp_norm0_inferred__16/i__carry__0_n_7
    SLICE_X22Y9          LUT6 (Prop_lut6_I4_O)        0.299   181.822 f  dut/core0/execute_unit/u_fpu/u_divider/i__carry_i_10__19/O
                         net (fo=1, routed)           0.670   182.492    dut/core0/execute_unit/u_fpu/u_divider/i__carry_i_10__19_n_0
    SLICE_X22Y9          LUT6 (Prop_lut6_I1_O)        0.124   182.616 r  dut/core0/execute_unit/u_fpu/u_divider/i__carry_i_8__19/O
                         net (fo=4, routed)           0.812   183.429    dut/core0/execute_unit/u_fpu/u_divider/i__carry_i_8__19_n_0
    SLICE_X22Y8          LUT4 (Prop_lut4_I3_O)        0.124   183.553 r  dut/core0/execute_unit/u_fpu/u_divider/i__carry_i_5__3/O
                         net (fo=28, routed)          0.673   184.226    dut/core0/execute_unit/u_fpu/u_divider/i__carry_i_5__3_n_0
    SLICE_X23Y10         LUT2 (Prop_lut2_I1_O)        0.124   184.350 r  dut/core0/execute_unit/u_fpu/u_divider/i__carry_i_4__16/O
                         net (fo=1, routed)           0.000   184.350    dut/core0/execute_unit/u_fpu/u_divider/i__carry_i_4__16_n_0
    SLICE_X23Y10         CARRY4 (Prop_carry4_S[0]_CO[3])
                                                      0.532   184.882 r  dut/core0/execute_unit/u_fpu/u_divider/exp_norm0_inferred__17/i__carry/CO[3]
                         net (fo=1, routed)           0.000   184.882    dut/core0/execute_unit/u_fpu/u_divider/exp_norm0_inferred__17/i__carry_n_0
    SLICE_X23Y11         CARRY4 (Prop_carry4_CI_O[2])
                                                      0.239   185.121 f  dut/core0/execute_unit/u_fpu/u_divider/exp_norm0_inferred__17/i__carry__0/O[2]
                         net (fo=3, routed)           0.990   186.111    dut/core0/execute_unit/u_fpu/u_divider/exp_norm0_inferred__17/i__carry__0_n_5
    SLICE_X22Y9          LUT6 (Prop_lut6_I1_O)        0.302   186.413 f  dut/core0/execute_unit/u_fpu/u_divider/i__carry_i_9__16/O
                         net (fo=1, routed)           0.670   187.083    dut/core0/execute_unit/u_fpu/u_divider/i__carry_i_9__16_n_0
    SLICE_X22Y9          LUT6 (Prop_lut6_I1_O)        0.124   187.207 r  dut/core0/execute_unit/u_fpu/u_divider/i__carry_i_7__19/O
                         net (fo=3, routed)           0.323   187.530    dut/core0/execute_unit/u_fpu/u_divider/i__carry_i_7__19_n_0
    SLICE_X22Y8          LUT6 (Prop_lut6_I5_O)        0.124   187.654 r  dut/core0/execute_unit/u_fpu/u_divider/i__carry_i_5__2/O
                         net (fo=26, routed)          0.332   187.986    dut/core0/execute_unit/u_fpu/u_divider/i__carry_i_5__2_n_0
    SLICE_X22Y10         LUT2 (Prop_lut2_I1_O)        0.124   188.110 r  dut/core0/execute_unit/u_fpu/u_divider/i__carry_i_4__17/O
                         net (fo=1, routed)           0.000   188.110    dut/core0/execute_unit/u_fpu/u_divider/i__carry_i_4__17_n_0
    SLICE_X22Y10         CARRY4 (Prop_carry4_S[0]_CO[3])
                                                      0.513   188.623 r  dut/core0/execute_unit/u_fpu/u_divider/exp_norm0_inferred__18/i__carry/CO[3]
                         net (fo=1, routed)           0.000   188.623    dut/core0/execute_unit/u_fpu/u_divider/exp_norm0_inferred__18/i__carry_n_0
    SLICE_X22Y11         CARRY4 (Prop_carry4_CI_CO[3])
                                                      0.117   188.740 r  dut/core0/execute_unit/u_fpu/u_divider/exp_norm0_inferred__18/i__carry__0/CO[3]
                         net (fo=1, routed)           0.000   188.740    dut/core0/execute_unit/u_fpu/u_divider/exp_norm0_inferred__18/i__carry__0_n_0
    SLICE_X22Y12         CARRY4 (Prop_carry4_CI_O[1])
                                                      0.323   189.063 f  dut/core0/execute_unit/u_fpu/u_divider/exp_norm0_inferred__18/i__carry__1/O[1]
                         net (fo=3, routed)           1.604   190.667    dut/core0/execute_unit/u_fpu/u_divider/exp_norm0_inferred__18/i__carry__1_n_6
    SLICE_X30Y10         LUT6 (Prop_lut6_I3_O)        0.306   190.973 r  dut/core0/execute_unit/u_fpu/u_divider/i__carry_i_9__17/O
                         net (fo=5, routed)           1.005   191.978    dut/core0/execute_unit/u_fpu/u_divider/i__carry_i_9__17_n_0
    SLICE_X22Y8          LUT6 (Prop_lut6_I5_O)        0.124   192.102 r  dut/core0/execute_unit/u_fpu/u_divider/i__carry_i_5__1/O
                         net (fo=26, routed)          1.317   193.419    dut/core0/execute_unit/u_fpu/u_divider/i__carry_i_5__1_n_0
    SLICE_X31Y10         LUT2 (Prop_lut2_I1_O)        0.124   193.543 r  dut/core0/execute_unit/u_fpu/u_divider/i__carry_i_4__18/O
                         net (fo=1, routed)           0.000   193.543    dut/core0/execute_unit/u_fpu/u_divider/i__carry_i_4__18_n_0
    SLICE_X31Y10         CARRY4 (Prop_carry4_S[0]_CO[3])
                                                      0.532   194.075 r  dut/core0/execute_unit/u_fpu/u_divider/exp_norm0_inferred__19/i__carry/CO[3]
                         net (fo=1, routed)           0.000   194.075    dut/core0/execute_unit/u_fpu/u_divider/exp_norm0_inferred__19/i__carry_n_0
    SLICE_X31Y11         CARRY4 (Prop_carry4_CI_O[2])
                                                      0.239   194.314 f  dut/core0/execute_unit/u_fpu/u_divider/exp_norm0_inferred__19/i__carry__0/O[2]
                         net (fo=3, routed)           1.141   195.456    dut/core0/execute_unit/u_fpu/u_divider/exp_norm0_inferred__19/i__carry__0_n_5
    SLICE_X33Y13         LUT6 (Prop_lut6_I1_O)        0.302   195.758 f  dut/core0/execute_unit/u_fpu/u_divider/i__carry_i_9__18/O
                         net (fo=1, routed)           0.473   196.231    dut/core0/execute_unit/u_fpu/u_divider/i__carry_i_9__18_n_0
    SLICE_X33Y13         LUT6 (Prop_lut6_I1_O)        0.124   196.355 r  dut/core0/execute_unit/u_fpu/u_divider/i__carry_i_6__20/O
                         net (fo=6, routed)           0.917   197.272    dut/core0/execute_unit/u_fpu/u_divider/i__carry_i_6__20_n_0
    SLICE_X34Y15         LUT4 (Prop_lut4_I0_O)        0.124   197.396 r  dut/core0/execute_unit/u_fpu/u_divider/i__carry_i_5__0/O
                         net (fo=24, routed)          1.000   198.397    dut/core0/execute_unit/u_fpu/u_divider/i__carry_i_5__0_n_0
    SLICE_X32Y13         LUT2 (Prop_lut2_I1_O)        0.124   198.521 r  dut/core0/execute_unit/u_fpu/u_divider/i__carry_i_4__19/O
                         net (fo=1, routed)           0.000   198.521    dut/core0/execute_unit/u_fpu/u_divider/i__carry_i_4__19_n_0
    SLICE_X32Y13         CARRY4 (Prop_carry4_S[0]_CO[3])
                                                      0.513   199.034 r  dut/core0/execute_unit/u_fpu/u_divider/exp_norm0_inferred__20/i__carry/CO[3]
                         net (fo=1, routed)           0.000   199.034    dut/core0/execute_unit/u_fpu/u_divider/exp_norm0_inferred__20/i__carry_n_0
    SLICE_X32Y14         CARRY4 (Prop_carry4_CI_O[2])
                                                      0.239   199.273 r  dut/core0/execute_unit/u_fpu/u_divider/exp_norm0_inferred__20/i__carry__0/O[2]
                         net (fo=3, routed)           1.282   200.555    dut/core0/execute_unit/u_fpu/u_divider/exp_norm0_inferred__20/i__carry__0_n_5
    SLICE_X33Y13         LUT6 (Prop_lut6_I2_O)        0.301   200.856 r  dut/core0/execute_unit/u_fpu/u_divider/i__carry_i_9__19/O
                         net (fo=1, routed)           0.466   201.322    dut/core0/execute_unit/u_fpu/u_divider/i__carry_i_9__19_n_0
    SLICE_X34Y15         LUT6 (Prop_lut6_I1_O)        0.124   201.446 f  dut/core0/execute_unit/u_fpu/u_divider/i__carry_i_7__20/O
                         net (fo=12, routed)          0.691   202.137    dut/core0/execute_unit/u_fpu/u_divider/i__carry_i_7__20_n_0
    SLICE_X34Y16         LUT2 (Prop_lut2_I1_O)        0.124   202.261 r  dut/core0/execute_unit/u_fpu/u_divider/i__carry_i_5/O
                         net (fo=24, routed)          0.981   203.242    dut/core0/execute_unit/u_fpu/u_divider/i__carry_i_5_n_0
    SLICE_X33Y14         LUT2 (Prop_lut2_I1_O)        0.124   203.366 r  dut/core0/execute_unit/u_fpu/u_divider/i__carry_i_4__20/O
                         net (fo=1, routed)           0.000   203.366    dut/core0/execute_unit/u_fpu/u_divider/i__carry_i_4__20_n_0
    SLICE_X33Y14         CARRY4 (Prop_carry4_S[0]_CO[3])
                                                      0.532   203.898 r  dut/core0/execute_unit/u_fpu/u_divider/exp_norm0_inferred__21/i__carry/CO[3]
                         net (fo=1, routed)           0.000   203.898    dut/core0/execute_unit/u_fpu/u_divider/exp_norm0_inferred__21/i__carry_n_0
    SLICE_X33Y15         CARRY4 (Prop_carry4_CI_O[0])
                                                      0.222   204.120 f  dut/core0/execute_unit/u_fpu/u_divider/exp_norm0_inferred__21/i__carry__0/O[0]
                         net (fo=4, routed)           0.986   205.106    dut/core0/execute_unit/u_fpu/u_divider/exp_norm0_inferred__21/i__carry__0_n_7
    SLICE_X35Y15         LUT6 (Prop_lut6_I0_O)        0.299   205.405 r  dut/core0/execute_unit/u_fpu/u_divider/out_res[30]_i_10/O
                         net (fo=8, routed)           0.682   206.087    dut/core0/execute_unit/u_fpu/u_divider/out_res[30]_i_10_n_0
    SLICE_X35Y16         LUT6 (Prop_lut6_I3_O)        0.124   206.211 r  dut/core0/execute_unit/u_fpu/u_divider/out_res[30]_i_21/O
                         net (fo=9, routed)           1.439   207.650    dut/core0/execute_unit/u_fpu/u_divider/out_res[30]_i_21_n_0
    SLICE_X40Y13         LUT6 (Prop_lut6_I3_O)        0.124   207.774 r  dut/core0/execute_unit/u_fpu/u_divider/out_res[29]_i_16/O
                         net (fo=2, routed)           1.139   208.913    dut/core0/execute_unit/u_fpu/u_divider/out_res[29]_i_16_n_0
    SLICE_X41Y16         LUT6 (Prop_lut6_I3_O)        0.124   209.037 r  dut/core0/execute_unit/u_fpu/u_divider/out_res[29]_i_13/O
                         net (fo=2, routed)           0.809   209.845    dut/core0/execute_unit/u_fpu/u_divider/out_res[29]_i_13_n_0
    SLICE_X41Y15         LUT6 (Prop_lut6_I0_O)        0.124   209.969 r  dut/core0/execute_unit/u_fpu/u_divider/out_res[22]_i_3/O
                         net (fo=23, routed)          1.759   211.728    dut/core0/execute_unit/u_fpu/u_divider/out_res[22]_i_3_n_0
    SLICE_X30Y19         LUT6 (Prop_lut6_I3_O)        0.124   211.852 r  dut/core0/execute_unit/u_fpu/u_divider/out_res[13]_i_1/O
                         net (fo=1, routed)           0.000   211.852    dut/core0/execute_unit/u_fpu/u_divider/out_res[13]_i_1_n_0
    SLICE_X30Y19         FDCE                                         r  dut/core0/execute_unit/u_fpu/u_divider/out_res_reg[13]/D
  -------------------------------------------------------------------    -------------------

Slack:                    inf
  Source:                 dut/core1/ex_mem/RD_F_M_reg[1]/C
                            (rising edge-triggered cell FDRE)
  Destination:            dut/core1/execute_unit/u_fpu/u_divider/out_res_reg[21]/D
  Path Group:             (none)
  Path Type:              Max at Slow Process Corner
  Data Path Delay:        211.841ns  (logic 72.691ns (34.314%)  route 139.150ns (65.686%))
  Logic Levels:           338  (CARRY4=217 FDRE=1 LUT2=23 LUT3=23 LUT4=7 LUT5=3 LUT6=64)

    Location             Delay type                Incr(ns)  Path(ns)    Netlist Resource(s)
  -------------------------------------------------------------------    -------------------
    SLICE_X52Y80         FDRE                         0.000     0.000 r  dut/core1/ex_mem/RD_F_M_reg[1]/C
    SLICE_X52Y80         FDRE (Prop_fdre_C_Q)         0.456     0.456 f  dut/core1/ex_mem/RD_F_M_reg[1]/Q
                         net (fo=9, routed)           2.131     2.587    dut/core1/ex_mem/RD_F_M[1]
    SLICE_X39Y81         LUT6 (Prop_lut6_I0_O)        0.124     2.711 f  dut/core1/ex_mem/A_r[31]_i_13/O
                         net (fo=2, routed)           0.636     3.347    dut/core1/ex_mem/A_r[31]_i_13_n_0
    SLICE_X37Y81         LUT6 (Prop_lut6_I0_O)        0.124     3.471 f  dut/core1/ex_mem/A_r[31]_i_8/O
                         net (fo=65, routed)          0.841     4.312    dut/core1/id_ex/A_r_reg[31][0]
    SLICE_X37Y80         LUT3 (Prop_lut3_I2_O)        0.124     4.436 r  dut/core1/id_ex/A_r[31]_i_7/O
                         net (fo=64, routed)          1.682     6.118    dut/core1/id_ex/ForwardAE[0]
    SLICE_X45Y82         LUT5 (Prop_lut5_I1_O)        0.124     6.242 r  dut/core1/id_ex/forward_a_mux/A_r[26]_i_3/O
                         net (fo=8, routed)           3.358     9.600    dut/core1/id_ex/execute_unit/SrcA_Forwarded[26]
    SLICE_X81Y118        LUT3 (Prop_lut3_I2_O)        0.124     9.724 r  dut/core1/id_ex/A_r[26]_i_1/O
                         net (fo=82, routed)          4.034    13.758    dut/core1/id_ex/FPU_RS1_Input[26]
    SLICE_X64Y124        LUT5 (Prop_lut5_I1_O)        0.124    13.882 r  dut/core1/id_ex/out_res[31]_i_3/O
                         net (fo=4, routed)           1.403    15.285    dut/core1/mem_wb/exp_norm20_in[0]
    SLICE_X56Y133        LUT2 (Prop_lut2_I1_O)        0.124    15.409 r  dut/core1/mem_wb/out_res[30]_i_687/O
                         net (fo=1, routed)           0.000    15.409    dut/core1/mem_wb_n_58
    SLICE_X56Y133        CARRY4 (Prop_carry4_S[0]_CO[3])
                                                      0.532    15.941 r  dut/core1/u_divider/out_res_reg[30]_i_633/CO[3]
                         net (fo=1, routed)           0.000    15.941    dut/core1/u_divider/out_res_reg[30]_i_633_n_0
    SLICE_X56Y134        CARRY4 (Prop_carry4_CI_CO[3])
                                                      0.114    16.055 r  dut/core1/u_divider/out_res_reg[30]_i_628/CO[3]
                         net (fo=1, routed)           0.000    16.055    dut/core1/u_divider/out_res_reg[30]_i_628_n_0
    SLICE_X56Y135        CARRY4 (Prop_carry4_CI_CO[3])
                                                      0.114    16.169 r  dut/core1/u_divider/out_res_reg[30]_i_623/CO[3]
                         net (fo=1, routed)           0.000    16.169    dut/core1/u_divider/out_res_reg[30]_i_623_n_0
    SLICE_X56Y136        CARRY4 (Prop_carry4_CI_CO[3])
                                                      0.114    16.283 r  dut/core1/u_divider/out_res_reg[30]_i_618/CO[3]
                         net (fo=1, routed)           0.000    16.283    dut/core1/u_divider/out_res_reg[30]_i_618_n_0
    SLICE_X56Y137        CARRY4 (Prop_carry4_CI_CO[3])
                                                      0.114    16.397 r  dut/core1/u_divider/out_res_reg[30]_i_613/CO[3]
                         net (fo=1, routed)           0.000    16.397    dut/core1/u_divider/out_res_reg[30]_i_613_n_0
    SLICE_X56Y138        CARRY4 (Prop_carry4_CI_CO[3])
                                                      0.114    16.511 r  dut/core1/u_divider/out_res_reg[30]_i_610/CO[3]
                         net (fo=1, routed)           0.000    16.511    dut/core1/u_divider/out_res_reg[30]_i_610_n_0
    SLICE_X56Y139        CARRY4 (Prop_carry4_CI_CO[0])
                                                      0.271    16.782 r  dut/core1/u_divider/out_res_reg[30]_i_609/CO[0]
                         net (fo=27, routed)          2.223    19.005    dut/core1/u_divider/out_res_reg[30]_i_609_n_3
    SLICE_X55Y131        LUT3 (Prop_lut3_I0_O)        0.373    19.378 r  dut/core1/u_divider/out_res[30]_i_640/O
                         net (fo=1, routed)           0.000    19.378    dut/core1/u_divider/out_res[30]_i_640_n_0
    SLICE_X55Y131        CARRY4 (Prop_carry4_S[1]_CO[3])
                                                      0.550    19.928 r  dut/core1/u_divider/out_res_reg[30]_i_601/CO[3]
                         net (fo=1, routed)           0.000    19.928    dut/core1/u_divider/out_res_reg[30]_i_601_n_0
    SLICE_X55Y132        CARRY4 (Prop_carry4_CI_CO[3])
                                                      0.114    20.042 r  dut/core1/u_divider/out_res_reg[30]_i_596/CO[3]
                         net (fo=1, routed)           0.000    20.042    dut/core1/u_divider/out_res_reg[30]_i_596_n_0
    SLICE_X55Y133        CARRY4 (Prop_carry4_CI_CO[3])
                                                      0.114    20.156 r  dut/core1/u_divider/out_res_reg[30]_i_591/CO[3]
                         net (fo=1, routed)           0.000    20.156    dut/core1/u_divider/out_res_reg[30]_i_591_n_0
    SLICE_X55Y134        CARRY4 (Prop_carry4_CI_CO[3])
                                                      0.114    20.270 r  dut/core1/u_divider/out_res_reg[30]_i_586/CO[3]
                         net (fo=1, routed)           0.000    20.270    dut/core1/u_divider/out_res_reg[30]_i_586_n_0
    SLICE_X55Y135        CARRY4 (Prop_carry4_CI_CO[3])
                                                      0.114    20.384 r  dut/core1/u_divider/out_res_reg[30]_i_581/CO[3]
                         net (fo=1, routed)           0.000    20.384    dut/core1/u_divider/out_res_reg[30]_i_581_n_0
    SLICE_X55Y136        CARRY4 (Prop_carry4_CI_CO[3])
                                                      0.114    20.498 r  dut/core1/u_divider/out_res_reg[30]_i_578/CO[3]
                         net (fo=1, routed)           0.000    20.498    dut/core1/u_divider/out_res_reg[30]_i_578_n_0
    SLICE_X55Y137        CARRY4 (Prop_carry4_CI_CO[1])
                                                      0.157    20.655 r  dut/core1/u_divider/out_res_reg[30]_i_577/CO[1]
                         net (fo=27, routed)          2.249    22.904    dut/core1/u_divider/out_res_reg[30]_i_577_n_2
    SLICE_X53Y129        LUT3 (Prop_lut3_I0_O)        0.329    23.233 r  dut/core1/u_divider/out_res[30]_i_608/O
                         net (fo=1, routed)           0.000    23.233    dut/core1/u_divider/out_res[30]_i_608_n_0
    SLICE_X53Y129        CARRY4 (Prop_carry4_S[1]_CO[3])
                                                      0.550    23.783 r  dut/core1/u_divider/out_res_reg[30]_i_569/CO[3]
                         net (fo=1, routed)           0.000    23.783    dut/core1/u_divider/out_res_reg[30]_i_569_n_0
    SLICE_X53Y130        CARRY4 (Prop_carry4_CI_CO[3])
                                                      0.114    23.897 r  dut/core1/u_divider/out_res_reg[30]_i_564/CO[3]
                         net (fo=1, routed)           0.000    23.897    dut/core1/u_divider/out_res_reg[30]_i_564_n_0
    SLICE_X53Y131        CARRY4 (Prop_carry4_CI_CO[3])
                                                      0.114    24.011 r  dut/core1/u_divider/out_res_reg[30]_i_559/CO[3]
                         net (fo=1, routed)           0.000    24.011    dut/core1/u_divider/out_res_reg[30]_i_559_n_0
    SLICE_X53Y132        CARRY4 (Prop_carry4_CI_CO[3])
                                                      0.114    24.125 r  dut/core1/u_divider/out_res_reg[30]_i_554/CO[3]
                         net (fo=1, routed)           0.000    24.125    dut/core1/u_divider/out_res_reg[30]_i_554_n_0
    SLICE_X53Y133        CARRY4 (Prop_carry4_CI_CO[3])
                                                      0.114    24.239 r  dut/core1/u_divider/out_res_reg[30]_i_549/CO[3]
                         net (fo=1, routed)           0.000    24.239    dut/core1/u_divider/out_res_reg[30]_i_549_n_0
    SLICE_X53Y134        CARRY4 (Prop_carry4_CI_CO[3])
                                                      0.114    24.353 r  dut/core1/u_divider/out_res_reg[30]_i_546/CO[3]
                         net (fo=1, routed)           0.000    24.353    dut/core1/u_divider/out_res_reg[30]_i_546_n_0
    SLICE_X53Y135        CARRY4 (Prop_carry4_CI_CO[1])
                                                      0.157    24.510 r  dut/core1/u_divider/out_res_reg[30]_i_545/CO[1]
                         net (fo=27, routed)          1.533    26.043    dut/core1/u_divider/out_res_reg[30]_i_545_n_2
    SLICE_X52Y128        LUT3 (Prop_lut3_I0_O)        0.329    26.372 r  dut/core1/u_divider/out_res[30]_i_576/O
                         net (fo=1, routed)           0.000    26.372    dut/core1/u_divider/out_res[30]_i_576_n_0
    SLICE_X52Y128        CARRY4 (Prop_carry4_S[1]_CO[3])
                                                      0.550    26.922 r  dut/core1/u_divider/out_res_reg[30]_i_537/CO[3]
                         net (fo=1, routed)           0.000    26.922    dut/core1/u_divider/out_res_reg[30]_i_537_n_0
    SLICE_X52Y129        CARRY4 (Prop_carry4_CI_CO[3])
                                                      0.114    27.036 r  dut/core1/u_divider/out_res_reg[30]_i_532/CO[3]
                         net (fo=1, routed)           0.000    27.036    dut/core1/u_divider/out_res_reg[30]_i_532_n_0
    SLICE_X52Y130        CARRY4 (Prop_carry4_CI_CO[3])
                                                      0.114    27.150 r  dut/core1/u_divider/out_res_reg[30]_i_527/CO[3]
                         net (fo=1, routed)           0.000    27.150    dut/core1/u_divider/out_res_reg[30]_i_527_n_0
    SLICE_X52Y131        CARRY4 (Prop_carry4_CI_CO[3])
                                                      0.114    27.264 r  dut/core1/u_divider/out_res_reg[30]_i_522/CO[3]
                         net (fo=1, routed)           0.000    27.264    dut/core1/u_divider/out_res_reg[30]_i_522_n_0
    SLICE_X52Y132        CARRY4 (Prop_carry4_CI_CO[3])
                                                      0.114    27.378 r  dut/core1/u_divider/out_res_reg[30]_i_517/CO[3]
                         net (fo=1, routed)           0.000    27.378    dut/core1/u_divider/out_res_reg[30]_i_517_n_0
    SLICE_X52Y133        CARRY4 (Prop_carry4_CI_CO[3])
                                                      0.114    27.492 r  dut/core1/u_divider/out_res_reg[30]_i_514/CO[3]
                         net (fo=1, routed)           0.000    27.492    dut/core1/u_divider/out_res_reg[30]_i_514_n_0
    SLICE_X52Y134        CARRY4 (Prop_carry4_CI_CO[1])
                                                      0.157    27.649 r  dut/core1/u_divider/out_res_reg[30]_i_513/CO[1]
                         net (fo=27, routed)          1.847    29.496    dut/core1/u_divider/out_res_reg[30]_i_513_n_2
    SLICE_X51Y128        LUT3 (Prop_lut3_I0_O)        0.329    29.825 r  dut/core1/u_divider/out_res[30]_i_544/O
                         net (fo=1, routed)           0.000    29.825    dut/core1/u_divider/out_res[30]_i_544_n_0
    SLICE_X51Y128        CARRY4 (Prop_carry4_S[1]_CO[3])
                                                      0.550    30.375 r  dut/core1/u_divider/out_res_reg[30]_i_505/CO[3]
                         net (fo=1, routed)           0.000    30.375    dut/core1/u_divider/out_res_reg[30]_i_505_n_0
    SLICE_X51Y129        CARRY4 (Prop_carry4_CI_CO[3])
                                                      0.114    30.489 r  dut/core1/u_divider/out_res_reg[30]_i_500/CO[3]
                         net (fo=1, routed)           0.000    30.489    dut/core1/u_divider/out_res_reg[30]_i_500_n_0
    SLICE_X51Y130        CARRY4 (Prop_carry4_CI_CO[3])
                                                      0.114    30.603 r  dut/core1/u_divider/out_res_reg[30]_i_495/CO[3]
                         net (fo=1, routed)           0.000    30.603    dut/core1/u_divider/out_res_reg[30]_i_495_n_0
    SLICE_X51Y131        CARRY4 (Prop_carry4_CI_CO[3])
                                                      0.114    30.717 r  dut/core1/u_divider/out_res_reg[30]_i_490/CO[3]
                         net (fo=1, routed)           0.000    30.717    dut/core1/u_divider/out_res_reg[30]_i_490_n_0
    SLICE_X51Y132        CARRY4 (Prop_carry4_CI_CO[3])
                                                      0.114    30.831 r  dut/core1/u_divider/out_res_reg[30]_i_485/CO[3]
                         net (fo=1, routed)           0.000    30.831    dut/core1/u_divider/out_res_reg[30]_i_485_n_0
    SLICE_X51Y133        CARRY4 (Prop_carry4_CI_CO[3])
                                                      0.114    30.945 r  dut/core1/u_divider/out_res_reg[30]_i_482/CO[3]
                         net (fo=1, routed)           0.000    30.945    dut/core1/u_divider/out_res_reg[30]_i_482_n_0
    SLICE_X51Y134        CARRY4 (Prop_carry4_CI_CO[1])
                                                      0.157    31.102 r  dut/core1/u_divider/out_res_reg[30]_i_481/CO[1]
                         net (fo=27, routed)          1.537    32.639    dut/core1/u_divider/out_res_reg[30]_i_481_n_2
    SLICE_X50Y128        LUT3 (Prop_lut3_I0_O)        0.329    32.968 r  dut/core1/u_divider/out_res[30]_i_511/O
                         net (fo=1, routed)           0.000    32.968    dut/core1/u_divider/out_res[30]_i_511_n_0
    SLICE_X50Y128        CARRY4 (Prop_carry4_S[2]_CO[3])
                                                      0.380    33.348 r  dut/core1/u_divider/out_res_reg[30]_i_473/CO[3]
                         net (fo=1, routed)           0.000    33.348    dut/core1/u_divider/out_res_reg[30]_i_473_n_0
    SLICE_X50Y129        CARRY4 (Prop_carry4_CI_CO[3])
                                                      0.117    33.465 r  dut/core1/u_divider/out_res_reg[30]_i_468/CO[3]
                         net (fo=1, routed)           0.000    33.465    dut/core1/u_divider/out_res_reg[30]_i_468_n_0
    SLICE_X50Y130        CARRY4 (Prop_carry4_CI_CO[3])
                                                      0.117    33.582 r  dut/core1/u_divider/out_res_reg[30]_i_463/CO[3]
                         net (fo=1, routed)           0.000    33.582    dut/core1/u_divider/out_res_reg[30]_i_463_n_0
    SLICE_X50Y131        CARRY4 (Prop_carry4_CI_CO[3])
                                                      0.117    33.699 r  dut/core1/u_divider/out_res_reg[30]_i_458/CO[3]
                         net (fo=1, routed)           0.000    33.699    dut/core1/u_divider/out_res_reg[30]_i_458_n_0
    SLICE_X50Y132        CARRY4 (Prop_carry4_CI_CO[3])
                                                      0.117    33.816 r  dut/core1/u_divider/out_res_reg[30]_i_453/CO[3]
                         net (fo=1, routed)           0.000    33.816    dut/core1/u_divider/out_res_reg[30]_i_453_n_0
    SLICE_X50Y133        CARRY4 (Prop_carry4_CI_CO[3])
                                                      0.117    33.933 r  dut/core1/u_divider/out_res_reg[30]_i_450/CO[3]
                         net (fo=1, routed)           0.000    33.933    dut/core1/u_divider/out_res_reg[30]_i_450_n_0
    SLICE_X50Y134        CARRY4 (Prop_carry4_CI_CO[1])
                                                      0.157    34.090 r  dut/core1/u_divider/out_res_reg[30]_i_449/CO[1]
                         net (fo=27, routed)          2.011    36.102    dut/core1/u_divider/out_res_reg[30]_i_449_n_2
    SLICE_X47Y128        LUT3 (Prop_lut3_I0_O)        0.332    36.434 r  dut/core1/u_divider/out_res[30]_i_478/O
                         net (fo=1, routed)           0.000    36.434    dut/core1/u_divider/out_res[30]_i_478_n_0
    SLICE_X47Y128        CARRY4 (Prop_carry4_S[3]_CO[3])
                                                      0.401    36.835 r  dut/core1/u_divider/out_res_reg[30]_i_441/CO[3]
                         net (fo=1, routed)           0.000    36.835    dut/core1/u_divider/out_res_reg[30]_i_441_n_0
    SLICE_X47Y129        CARRY4 (Prop_carry4_CI_CO[3])
                                                      0.114    36.949 r  dut/core1/u_divider/out_res_reg[30]_i_436/CO[3]
                         net (fo=1, routed)           0.000    36.949    dut/core1/u_divider/out_res_reg[30]_i_436_n_0
    SLICE_X47Y130        CARRY4 (Prop_carry4_CI_CO[3])
                                                      0.114    37.063 r  dut/core1/u_divider/out_res_reg[30]_i_431/CO[3]
                         net (fo=1, routed)           0.000    37.063    dut/core1/u_divider/out_res_reg[30]_i_431_n_0
    SLICE_X47Y131        CARRY4 (Prop_carry4_CI_CO[3])
                                                      0.114    37.177 r  dut/core1/u_divider/out_res_reg[30]_i_426/CO[3]
                         net (fo=1, routed)           0.000    37.177    dut/core1/u_divider/out_res_reg[30]_i_426_n_0
    SLICE_X47Y132        CARRY4 (Prop_carry4_CI_CO[3])
                                                      0.114    37.291 r  dut/core1/u_divider/out_res_reg[30]_i_421/CO[3]
                         net (fo=1, routed)           0.000    37.291    dut/core1/u_divider/out_res_reg[30]_i_421_n_0
    SLICE_X47Y133        CARRY4 (Prop_carry4_CI_CO[3])
                                                      0.114    37.405 r  dut/core1/u_divider/out_res_reg[30]_i_418/CO[3]
                         net (fo=1, routed)           0.000    37.405    dut/core1/u_divider/out_res_reg[30]_i_418_n_0
    SLICE_X47Y134        CARRY4 (Prop_carry4_CI_CO[1])
                                                      0.157    37.562 r  dut/core1/u_divider/out_res_reg[30]_i_417/CO[1]
                         net (fo=27, routed)          1.865    39.427    dut/core1/u_divider/out_res_reg[30]_i_417_n_2
    SLICE_X45Y129        LUT3 (Prop_lut3_I0_O)        0.329    39.756 r  dut/core1/u_divider/out_res[30]_i_446/O
                         net (fo=1, routed)           0.000    39.756    dut/core1/u_divider/out_res[30]_i_446_n_0
    SLICE_X45Y129        CARRY4 (Prop_carry4_S[3]_CO[3])
                                                      0.401    40.157 r  dut/core1/u_divider/out_res_reg[30]_i_409/CO[3]
                         net (fo=1, routed)           0.000    40.157    dut/core1/u_divider/out_res_reg[30]_i_409_n_0
    SLICE_X45Y130        CARRY4 (Prop_carry4_CI_CO[3])
                                                      0.114    40.271 r  dut/core1/u_divider/out_res_reg[30]_i_404/CO[3]
                         net (fo=1, routed)           0.000    40.271    dut/core1/u_divider/out_res_reg[30]_i_404_n_0
    SLICE_X45Y131        CARRY4 (Prop_carry4_CI_CO[3])
                                                      0.114    40.385 r  dut/core1/u_divider/out_res_reg[30]_i_399/CO[3]
                         net (fo=1, routed)           0.000    40.385    dut/core1/u_divider/out_res_reg[30]_i_399_n_0
    SLICE_X45Y132        CARRY4 (Prop_carry4_CI_CO[3])
                                                      0.114    40.499 r  dut/core1/u_divider/out_res_reg[30]_i_394/CO[3]
                         net (fo=1, routed)           0.000    40.499    dut/core1/u_divider/out_res_reg[30]_i_394_n_0
    SLICE_X45Y133        CARRY4 (Prop_carry4_CI_CO[3])
                                                      0.114    40.613 r  dut/core1/u_divider/out_res_reg[30]_i_389/CO[3]
                         net (fo=1, routed)           0.000    40.613    dut/core1/u_divider/out_res_reg[30]_i_389_n_0
    SLICE_X45Y134        CARRY4 (Prop_carry4_CI_CO[3])
                                                      0.114    40.727 r  dut/core1/u_divider/out_res_reg[30]_i_386/CO[3]
                         net (fo=1, routed)           0.000    40.727    dut/core1/u_divider/out_res_reg[30]_i_386_n_0
    SLICE_X45Y135        CARRY4 (Prop_carry4_CI_CO[1])
                                                      0.157    40.884 r  dut/core1/u_divider/out_res_reg[30]_i_385/CO[1]
                         net (fo=27, routed)          2.270    43.155    dut/core1/u_divider/out_res_reg[30]_i_385_n_2
    SLICE_X45Y120        LUT3 (Prop_lut3_I0_O)        0.329    43.484 r  dut/core1/u_divider/out_res[30]_i_416/O
                         net (fo=1, routed)           0.000    43.484    dut/core1/u_divider/out_res[30]_i_416_n_0
    SLICE_X45Y120        CARRY4 (Prop_carry4_S[1]_CO[3])
                                                      0.550    44.034 r  dut/core1/u_divider/out_res_reg[30]_i_377/CO[3]
                         net (fo=1, routed)           0.000    44.034    dut/core1/u_divider/out_res_reg[30]_i_377_n_0
    SLICE_X45Y121        CARRY4 (Prop_carry4_CI_CO[3])
                                                      0.114    44.148 r  dut/core1/u_divider/out_res_reg[30]_i_372/CO[3]
                         net (fo=1, routed)           0.000    44.148    dut/core1/u_divider/out_res_reg[30]_i_372_n_0
    SLICE_X45Y122        CARRY4 (Prop_carry4_CI_CO[3])
                                                      0.114    44.262 r  dut/core1/u_divider/out_res_reg[30]_i_367/CO[3]
                         net (fo=1, routed)           0.000    44.262    dut/core1/u_divider/out_res_reg[30]_i_367_n_0
    SLICE_X45Y123        CARRY4 (Prop_carry4_CI_CO[3])
                                                      0.114    44.376 r  dut/core1/u_divider/out_res_reg[30]_i_362/CO[3]
                         net (fo=1, routed)           0.000    44.376    dut/core1/u_divider/out_res_reg[30]_i_362_n_0
    SLICE_X45Y124        CARRY4 (Prop_carry4_CI_CO[3])
                                                      0.114    44.490 r  dut/core1/u_divider/out_res_reg[30]_i_357/CO[3]
                         net (fo=1, routed)           0.009    44.499    dut/core1/u_divider/out_res_reg[30]_i_357_n_0
    SLICE_X45Y125        CARRY4 (Prop_carry4_CI_CO[3])
                                                      0.114    44.613 r  dut/core1/u_divider/out_res_reg[30]_i_354/CO[3]
                         net (fo=1, routed)           0.000    44.613    dut/core1/u_divider/out_res_reg[30]_i_354_n_0
    SLICE_X45Y126        CARRY4 (Prop_carry4_CI_CO[1])
                                                      0.157    44.770 r  dut/core1/u_divider/out_res_reg[30]_i_353/CO[1]
                         net (fo=27, routed)          1.636    46.406    dut/core1/u_divider/out_res_reg[30]_i_353_n_2
    SLICE_X46Y120        CARRY4 (Prop_carry4_CYINIT_CO[3])
                                                      0.800    47.206 r  dut/core1/u_divider/out_res_reg[30]_i_344/CO[3]
                         net (fo=1, routed)           0.000    47.206    dut/core1/u_divider/out_res_reg[30]_i_344_n_0
    SLICE_X46Y121        CARRY4 (Prop_carry4_CI_CO[3])
                                                      0.117    47.323 r  dut/core1/u_divider/out_res_reg[30]_i_339/CO[3]
                         net (fo=1, routed)           0.000    47.323    dut/core1/u_divider/out_res_reg[30]_i_339_n_0
    SLICE_X46Y122        CARRY4 (Prop_carry4_CI_CO[3])
                                                      0.117    47.440 r  dut/core1/u_divider/out_res_reg[30]_i_334/CO[3]
                         net (fo=1, routed)           0.000    47.440    dut/core1/u_divider/out_res_reg[30]_i_334_n_0
    SLICE_X46Y123        CARRY4 (Prop_carry4_CI_CO[3])
                                                      0.117    47.557 r  dut/core1/u_divider/out_res_reg[30]_i_329/CO[3]
                         net (fo=1, routed)           0.000    47.557    dut/core1/u_divider/out_res_reg[30]_i_329_n_0
    SLICE_X46Y124        CARRY4 (Prop_carry4_CI_CO[3])
                                                      0.117    47.674 r  dut/core1/u_divider/out_res_reg[30]_i_324/CO[3]
                         net (fo=1, routed)           0.009    47.683    dut/core1/u_divider/out_res_reg[30]_i_324_n_0
    SLICE_X46Y125        CARRY4 (Prop_carry4_CI_CO[3])
                                                      0.117    47.800 r  dut/core1/u_divider/out_res_reg[30]_i_321/CO[3]
                         net (fo=1, routed)           0.000    47.800    dut/core1/u_divider/out_res_reg[30]_i_321_n_0
    SLICE_X46Y126        CARRY4 (Prop_carry4_CI_CO[1])
                                                      0.157    47.957 r  dut/core1/u_divider/out_res_reg[30]_i_320/CO[1]
                         net (fo=27, routed)          1.474    49.431    dut/core1/u_divider/out_res_reg[30]_i_320_n_2
    SLICE_X49Y122        LUT3 (Prop_lut3_I0_O)        0.332    49.763 r  dut/core1/u_divider/out_res[30]_i_351/O
                         net (fo=1, routed)           0.000    49.763    dut/core1/u_divider/out_res[30]_i_351_n_0
    SLICE_X49Y122        CARRY4 (Prop_carry4_S[1]_CO[3])
                                                      0.550    50.313 r  dut/core1/u_divider/out_res_reg[30]_i_311/CO[3]
                         net (fo=1, routed)           0.000    50.313    dut/core1/u_divider/out_res_reg[30]_i_311_n_0
    SLICE_X49Y123        CARRY4 (Prop_carry4_CI_CO[3])
                                                      0.114    50.427 r  dut/core1/u_divider/out_res_reg[30]_i_306/CO[3]
                         net (fo=1, routed)           0.000    50.427    dut/core1/u_divider/out_res_reg[30]_i_306_n_0
    SLICE_X49Y124        CARRY4 (Prop_carry4_CI_CO[3])
                                                      0.114    50.541 r  dut/core1/u_divider/out_res_reg[30]_i_301/CO[3]
                         net (fo=1, routed)           0.009    50.550    dut/core1/u_divider/out_res_reg[30]_i_301_n_0
    SLICE_X49Y125        CARRY4 (Prop_carry4_CI_CO[3])
                                                      0.114    50.664 r  dut/core1/u_divider/out_res_reg[30]_i_296/CO[3]
                         net (fo=1, routed)           0.000    50.664    dut/core1/u_divider/out_res_reg[30]_i_296_n_0
    SLICE_X49Y126        CARRY4 (Prop_carry4_CI_CO[3])
                                                      0.114    50.778 r  dut/core1/u_divider/out_res_reg[30]_i_291/CO[3]
                         net (fo=1, routed)           0.000    50.778    dut/core1/u_divider/out_res_reg[30]_i_291_n_0
    SLICE_X49Y127        CARRY4 (Prop_carry4_CI_CO[3])
                                                      0.114    50.892 r  dut/core1/u_divider/out_res_reg[30]_i_288/CO[3]
                         net (fo=1, routed)           0.000    50.892    dut/core1/u_divider/out_res_reg[30]_i_288_n_0
    SLICE_X49Y128        CARRY4 (Prop_carry4_CI_CO[1])
                                                      0.157    51.049 r  dut/core1/u_divider/out_res_reg[30]_i_287/CO[1]
                         net (fo=27, routed)          2.158    53.207    dut/core1/u_divider/out_res_reg[30]_i_287_n_2
    SLICE_X58Y122        LUT3 (Prop_lut3_I0_O)        0.329    53.536 r  dut/core1/u_divider/out_res[30]_i_318/O
                         net (fo=1, routed)           0.000    53.536    dut/core1/u_divider/out_res[30]_i_318_n_0
    SLICE_X58Y122        CARRY4 (Prop_carry4_S[1]_CO[3])
                                                      0.533    54.069 r  dut/core1/u_divider/out_res_reg[30]_i_278/CO[3]
                         net (fo=1, routed)           0.000    54.069    dut/core1/u_divider/out_res_reg[30]_i_278_n_0
    SLICE_X58Y123        CARRY4 (Prop_carry4_CI_CO[3])
                                                      0.117    54.186 r  dut/core1/u_divider/out_res_reg[30]_i_273/CO[3]
                         net (fo=1, routed)           0.000    54.186    dut/core1/u_divider/out_res_reg[30]_i_273_n_0
    SLICE_X58Y124        CARRY4 (Prop_carry4_CI_CO[3])
                                                      0.117    54.303 r  dut/core1/u_divider/out_res_reg[30]_i_268/CO[3]
                         net (fo=1, routed)           0.009    54.312    dut/core1/u_divider/out_res_reg[30]_i_268_n_0
    SLICE_X58Y125        CARRY4 (Prop_carry4_CI_CO[3])
                                                      0.117    54.429 r  dut/core1/u_divider/out_res_reg[30]_i_263/CO[3]
                         net (fo=1, routed)           0.000    54.429    dut/core1/u_divider/out_res_reg[30]_i_263_n_0
    SLICE_X58Y126        CARRY4 (Prop_carry4_CI_CO[3])
                                                      0.117    54.546 r  dut/core1/u_divider/out_res_reg[30]_i_258/CO[3]
                         net (fo=1, routed)           0.000    54.546    dut/core1/u_divider/out_res_reg[30]_i_258_n_0
    SLICE_X58Y127        CARRY4 (Prop_carry4_CI_CO[3])
                                                      0.117    54.663 r  dut/core1/u_divider/out_res_reg[30]_i_255/CO[3]
                         net (fo=1, routed)           0.000    54.663    dut/core1/u_divider/out_res_reg[30]_i_255_n_0
    SLICE_X58Y128        CARRY4 (Prop_carry4_CI_CO[1])
                                                      0.157    54.820 r  dut/core1/u_divider/out_res_reg[30]_i_254/CO[1]
                         net (fo=27, routed)          1.560    56.380    dut/core1/u_divider/out_res_reg[30]_i_254_n_2
    SLICE_X55Y124        LUT3 (Prop_lut3_I0_O)        0.332    56.712 r  dut/core1/u_divider/out_res[30]_i_283/O
                         net (fo=1, routed)           0.000    56.712    dut/core1/u_divider/out_res[30]_i_283_n_0
    SLICE_X55Y124        CARRY4 (Prop_carry4_S[3]_CO[3])
                                                      0.401    57.113 r  dut/core1/u_divider/out_res_reg[30]_i_245/CO[3]
                         net (fo=1, routed)           0.009    57.122    dut/core1/u_divider/out_res_reg[30]_i_245_n_0
    SLICE_X55Y125        CARRY4 (Prop_carry4_CI_CO[3])
                                                      0.114    57.236 r  dut/core1/u_divider/out_res_reg[30]_i_240/CO[3]
                         net (fo=1, routed)           0.000    57.236    dut/core1/u_divider/out_res_reg[30]_i_240_n_0
    SLICE_X55Y126        CARRY4 (Prop_carry4_CI_CO[3])
                                                      0.114    57.350 r  dut/core1/u_divider/out_res_reg[30]_i_235/CO[3]
                         net (fo=1, routed)           0.000    57.350    dut/core1/u_divider/out_res_reg[30]_i_235_n_0
    SLICE_X55Y127        CARRY4 (Prop_carry4_CI_CO[3])
                                                      0.114    57.464 r  dut/core1/u_divider/out_res_reg[30]_i_230/CO[3]
                         net (fo=1, routed)           0.000    57.464    dut/core1/u_divider/out_res_reg[30]_i_230_n_0
    SLICE_X55Y128        CARRY4 (Prop_carry4_CI_CO[3])
                                                      0.114    57.578 r  dut/core1/u_divider/out_res_reg[30]_i_225/CO[3]
                         net (fo=1, routed)           0.000    57.578    dut/core1/u_divider/out_res_reg[30]_i_225_n_0
    SLICE_X55Y129        CARRY4 (Prop_carry4_CI_CO[3])
                                                      0.114    57.692 r  dut/core1/u_divider/out_res_reg[30]_i_222/CO[3]
                         net (fo=1, routed)           0.000    57.692    dut/core1/u_divider/out_res_reg[30]_i_222_n_0
    SLICE_X55Y130        CARRY4 (Prop_carry4_CI_CO[1])
                                                      0.157    57.849 r  dut/core1/u_divider/out_res_reg[30]_i_221/CO[1]
                         net (fo=27, routed)          2.021    59.871    dut/core1/u_divider/out_res_reg[30]_i_221_n_2
    SLICE_X57Y125        LUT3 (Prop_lut3_I0_O)        0.329    60.200 r  dut/core1/u_divider/out_res[30]_i_252/O
                         net (fo=1, routed)           0.000    60.200    dut/core1/u_divider/out_res[30]_i_252_n_0
    SLICE_X57Y125        CARRY4 (Prop_carry4_S[1]_CO[3])
                                                      0.550    60.750 r  dut/core1/u_divider/out_res_reg[30]_i_212/CO[3]
                         net (fo=1, routed)           0.000    60.750    dut/core1/u_divider/out_res_reg[30]_i_212_n_0
    SLICE_X57Y126        CARRY4 (Prop_carry4_CI_CO[3])
                                                      0.114    60.864 r  dut/core1/u_divider/out_res_reg[30]_i_207/CO[3]
                         net (fo=1, routed)           0.000    60.864    dut/core1/u_divider/out_res_reg[30]_i_207_n_0
    SLICE_X57Y127        CARRY4 (Prop_carry4_CI_CO[3])
                                                      0.114    60.978 r  dut/core1/u_divider/out_res_reg[30]_i_202/CO[3]
                         net (fo=1, routed)           0.000    60.978    dut/core1/u_divider/out_res_reg[30]_i_202_n_0
    SLICE_X57Y128        CARRY4 (Prop_carry4_CI_CO[3])
                                                      0.114    61.092 r  dut/core1/u_divider/out_res_reg[30]_i_197/CO[3]
                         net (fo=1, routed)           0.000    61.092    dut/core1/u_divider/out_res_reg[30]_i_197_n_0
    SLICE_X57Y129        CARRY4 (Prop_carry4_CI_CO[3])
                                                      0.114    61.206 r  dut/core1/u_divider/out_res_reg[30]_i_192/CO[3]
                         net (fo=1, routed)           0.000    61.206    dut/core1/u_divider/out_res_reg[30]_i_192_n_0
    SLICE_X57Y130        CARRY4 (Prop_carry4_CI_CO[3])
                                                      0.114    61.320 r  dut/core1/u_divider/out_res_reg[30]_i_189/CO[3]
                         net (fo=1, routed)           0.000    61.320    dut/core1/u_divider/out_res_reg[30]_i_189_n_0
    SLICE_X57Y131        CARRY4 (Prop_carry4_CI_CO[1])
                                                      0.157    61.477 r  dut/core1/u_divider/out_res_reg[30]_i_188/CO[1]
                         net (fo=27, routed)          1.834    63.311    dut/core1/u_divider/out_res_reg[30]_i_188_n_2
    SLICE_X56Y125        LUT3 (Prop_lut3_I0_O)        0.329    63.640 r  dut/core1/u_divider/out_res[30]_i_215/O
                         net (fo=1, routed)           0.000    63.640    dut/core1/u_divider/out_res[30]_i_215_n_0
    SLICE_X56Y125        CARRY4 (Prop_carry4_S[1]_CO[3])
                                                      0.550    64.190 r  dut/core1/u_divider/out_res_reg[30]_i_174/CO[3]
                         net (fo=1, routed)           0.000    64.190    dut/core1/u_divider/out_res_reg[30]_i_174_n_0
    SLICE_X56Y126        CARRY4 (Prop_carry4_CI_CO[3])
                                                      0.114    64.304 r  dut/core1/u_divider/out_res_reg[30]_i_169/CO[3]
                         net (fo=1, routed)           0.000    64.304    dut/core1/u_divider/out_res_reg[30]_i_169_n_0
    SLICE_X56Y127        CARRY4 (Prop_carry4_CI_CO[3])
                                                      0.114    64.418 r  dut/core1/u_divider/out_res_reg[30]_i_164/CO[3]
                         net (fo=1, routed)           0.000    64.418    dut/core1/u_divider/out_res_reg[30]_i_164_n_0
    SLICE_X56Y128        CARRY4 (Prop_carry4_CI_CO[3])
                                                      0.114    64.532 r  dut/core1/u_divider/out_res_reg[30]_i_159/CO[3]
                         net (fo=1, routed)           0.000    64.532    dut/core1/u_divider/out_res_reg[30]_i_159_n_0
    SLICE_X56Y129        CARRY4 (Prop_carry4_CI_CO[3])
                                                      0.114    64.646 r  dut/core1/u_divider/out_res_reg[30]_i_156/CO[3]
                         net (fo=1, routed)           0.000    64.646    dut/core1/u_divider/out_res_reg[30]_i_156_n_0
    SLICE_X56Y130        CARRY4 (Prop_carry4_CI_CO[1])
                                                      0.157    64.803 r  dut/core1/u_divider/out_res_reg[30]_i_155/CO[1]
                         net (fo=27, routed)          2.475    67.277    dut/core1/u_divider/out_res_reg[30]_i_155_n_2
    SLICE_X54Y123        LUT3 (Prop_lut3_I0_O)        0.329    67.606 r  dut/core1/u_divider/out_res[30]_i_182/O
                         net (fo=1, routed)           0.000    67.606    dut/core1/u_divider/out_res[30]_i_182_n_0
    SLICE_X54Y123        CARRY4 (Prop_carry4_S[1]_CO[3])
                                                      0.533    68.139 r  dut/core1/u_divider/out_res_reg[30]_i_141/CO[3]
                         net (fo=1, routed)           0.000    68.139    dut/core1/u_divider/out_res_reg[30]_i_141_n_0
    SLICE_X54Y124        CARRY4 (Prop_carry4_CI_CO[3])
                                                      0.117    68.256 r  dut/core1/u_divider/out_res_reg[30]_i_136/CO[3]
                         net (fo=1, routed)           0.009    68.265    dut/core1/u_divider/out_res_reg[30]_i_136_n_0
    SLICE_X54Y125        CARRY4 (Prop_carry4_CI_CO[3])
                                                      0.117    68.382 r  dut/core1/u_divider/out_res_reg[30]_i_131/CO[3]
                         net (fo=1, routed)           0.000    68.382    dut/core1/u_divider/out_res_reg[30]_i_131_n_0
    SLICE_X54Y126        CARRY4 (Prop_carry4_CI_CO[3])
                                                      0.117    68.499 r  dut/core1/u_divider/out_res_reg[30]_i_126/CO[3]
                         net (fo=1, routed)           0.000    68.499    dut/core1/u_divider/out_res_reg[30]_i_126_n_0
    SLICE_X54Y127        CARRY4 (Prop_carry4_CI_CO[3])
                                                      0.117    68.616 r  dut/core1/u_divider/out_res_reg[30]_i_123/CO[3]
                         net (fo=1, routed)           0.000    68.616    dut/core1/u_divider/out_res_reg[30]_i_123_n_0
    SLICE_X54Y128        CARRY4 (Prop_carry4_CI_CO[1])
                                                      0.157    68.773 r  dut/core1/u_divider/out_res_reg[30]_i_122/CO[1]
                         net (fo=27, routed)          2.287    71.060    dut/core1/u_divider/out_res_reg[30]_i_122_n_2
    SLICE_X48Y121        LUT3 (Prop_lut3_I0_O)        0.332    71.392 r  dut/core1/u_divider/out_res[30]_i_152/O
                         net (fo=1, routed)           0.000    71.392    dut/core1/u_divider/out_res[30]_i_152_n_0
    SLICE_X48Y121        CARRY4 (Prop_carry4_S[2]_CO[3])
                                                      0.398    71.790 r  dut/core1/u_divider/out_res_reg[30]_i_116/CO[3]
                         net (fo=1, routed)           0.000    71.790    dut/core1/u_divider/out_res_reg[30]_i_116_n_0
    SLICE_X48Y122        CARRY4 (Prop_carry4_CI_CO[3])
                                                      0.114    71.904 r  dut/core1/u_divider/out_res_reg[30]_i_111/CO[3]
                         net (fo=1, routed)           0.000    71.904    dut/core1/u_divider/out_res_reg[30]_i_111_n_0
    SLICE_X48Y123        CARRY4 (Prop_carry4_CI_CO[3])
                                                      0.114    72.018 r  dut/core1/u_divider/out_res_reg[30]_i_106/CO[3]
                         net (fo=1, routed)           0.000    72.018    dut/core1/u_divider/out_res_reg[30]_i_106_n_0
    SLICE_X48Y124        CARRY4 (Prop_carry4_CI_CO[3])
                                                      0.114    72.132 r  dut/core1/u_divider/out_res_reg[30]_i_101/CO[3]
                         net (fo=1, routed)           0.009    72.141    dut/core1/u_divider/out_res_reg[30]_i_101_n_0
    SLICE_X48Y125        CARRY4 (Prop_carry4_CI_CO[3])
                                                      0.114    72.255 r  dut/core1/u_divider/out_res_reg[30]_i_96/CO[3]
                         net (fo=1, routed)           0.000    72.255    dut/core1/u_divider/out_res_reg[30]_i_96_n_0
    SLICE_X48Y126        CARRY4 (Prop_carry4_CI_CO[3])
                                                      0.114    72.369 r  dut/core1/u_divider/out_res_reg[30]_i_93/CO[3]
                         net (fo=1, routed)           0.000    72.369    dut/core1/u_divider/out_res_reg[30]_i_93_n_0
    SLICE_X48Y127        CARRY4 (Prop_carry4_CI_CO[1])
                                                      0.157    72.526 r  dut/core1/u_divider/out_res_reg[30]_i_92/CO[1]
                         net (fo=27, routed)          1.945    74.471    dut/core1/u_divider/out_res_reg[30]_i_92_n_2
    SLICE_X47Y119        LUT3 (Prop_lut3_I0_O)        0.329    74.800 r  dut/core1/u_divider/i__carry_i_148/O
                         net (fo=1, routed)           0.000    74.800    dut/core1/u_divider/i__carry_i_148_n_0
    SLICE_X47Y119        CARRY4 (Prop_carry4_S[2]_CO[3])
                                                      0.398    75.198 r  dut/core1/u_divider/i__carry_i_124/CO[3]
                         net (fo=1, routed)           0.000    75.198    dut/core1/u_divider/i__carry_i_124_n_0
    SLICE_X47Y120        CARRY4 (Prop_carry4_CI_CO[3])
                                                      0.114    75.312 r  dut/core1/u_divider/out_res_reg[30]_i_86/CO[3]
                         net (fo=1, routed)           0.000    75.312    dut/core1/u_divider/out_res_reg[30]_i_86_n_0
    SLICE_X47Y121        CARRY4 (Prop_carry4_CI_CO[3])
                                                      0.114    75.426 r  dut/core1/u_divider/out_res_reg[30]_i_81/CO[3]
                         net (fo=1, routed)           0.000    75.426    dut/core1/u_divider/out_res_reg[30]_i_81_n_0
    SLICE_X47Y122        CARRY4 (Prop_carry4_CI_CO[3])
                                                      0.114    75.540 r  dut/core1/u_divider/out_res_reg[30]_i_76/CO[3]
                         net (fo=1, routed)           0.000    75.540    dut/core1/u_divider/out_res_reg[30]_i_76_n_0
    SLICE_X47Y123        CARRY4 (Prop_carry4_CI_CO[3])
                                                      0.114    75.654 r  dut/core1/u_divider/out_res_reg[30]_i_71/CO[3]
                         net (fo=1, routed)           0.000    75.654    dut/core1/u_divider/out_res_reg[30]_i_71_n_0
    SLICE_X47Y124        CARRY4 (Prop_carry4_CI_CO[3])
                                                      0.114    75.768 r  dut/core1/u_divider/out_res_reg[30]_i_68/CO[3]
                         net (fo=1, routed)           0.009    75.777    dut/core1/u_divider/out_res_reg[30]_i_68_n_0
    SLICE_X47Y125        CARRY4 (Prop_carry4_CI_CO[1])
                                                      0.157    75.934 r  dut/core1/u_divider/out_res_reg[30]_i_67/CO[1]
                         net (fo=27, routed)          1.425    77.359    dut/core1/u_divider/out_res_reg[30]_i_67_n_2
    SLICE_X50Y119        CARRY4 (Prop_carry4_CYINIT_CO[3])
                                                      0.800    78.159 r  dut/core1/u_divider/i__carry_i_119/CO[3]
                         net (fo=1, routed)           0.000    78.159    dut/core1/u_divider/i__carry_i_119_n_0
    SLICE_X50Y120        CARRY4 (Prop_carry4_CI_CO[3])
                                                      0.117    78.276 r  dut/core1/u_divider/i__carry_i_93/CO[3]
                         net (fo=1, routed)           0.000    78.276    dut/core1/u_divider/i__carry_i_93_n_0
    SLICE_X50Y121        CARRY4 (Prop_carry4_CI_CO[3])
                                                      0.117    78.393 r  dut/core1/u_divider/out_res_reg[30]_i_61/CO[3]
                         net (fo=1, routed)           0.000    78.393    dut/core1/u_divider/out_res_reg[30]_i_61_n_0
    SLICE_X50Y122        CARRY4 (Prop_carry4_CI_CO[3])
                                                      0.117    78.510 r  dut/core1/u_divider/out_res_reg[30]_i_56/CO[3]
                         net (fo=1, routed)           0.000    78.510    dut/core1/u_divider/out_res_reg[30]_i_56_n_0
    SLICE_X50Y123        CARRY4 (Prop_carry4_CI_CO[3])
                                                      0.117    78.627 r  dut/core1/u_divider/out_res_reg[30]_i_51/CO[3]
                         net (fo=1, routed)           0.000    78.627    dut/core1/u_divider/out_res_reg[30]_i_51_n_0
    SLICE_X50Y124        CARRY4 (Prop_carry4_CI_CO[3])
                                                      0.117    78.744 r  dut/core1/u_divider/out_res_reg[30]_i_48/CO[3]
                         net (fo=1, routed)           0.009    78.753    dut/core1/u_divider/out_res_reg[30]_i_48_n_0
    SLICE_X50Y125        CARRY4 (Prop_carry4_CI_CO[1])
                                                      0.157    78.910 r  dut/core1/u_divider/out_res_reg[30]_i_47/CO[1]
                         net (fo=27, routed)          1.640    80.550    dut/core1/u_divider/out_res_reg[30]_i_47_n_2
    SLICE_X52Y119        CARRY4 (Prop_carry4_CYINIT_CO[3])
                                                      0.788    81.338 r  dut/core1/u_divider/i__carry_i_114/CO[3]
                         net (fo=1, routed)           0.000    81.338    dut/core1/u_divider/i__carry_i_114_n_0
    SLICE_X52Y120        CARRY4 (Prop_carry4_CI_CO[3])
                                                      0.114    81.452 r  dut/core1/u_divider/i__carry_i_88/CO[3]
                         net (fo=1, routed)           0.000    81.452    dut/core1/u_divider/i__carry_i_88_n_0
    SLICE_X52Y121        CARRY4 (Prop_carry4_CI_CO[3])
                                                      0.114    81.566 r  dut/core1/u_divider/i__carry_i_67/CO[3]
                         net (fo=1, routed)           0.000    81.566    dut/core1/u_divider/i__carry_i_67_n_0
    SLICE_X52Y122        CARRY4 (Prop_carry4_CI_CO[3])
                                                      0.114    81.680 r  dut/core1/u_divider/out_res_reg[30]_i_41/CO[3]
                         net (fo=1, routed)           0.000    81.680    dut/core1/u_divider/out_res_reg[30]_i_41_n_0
    SLICE_X52Y123        CARRY4 (Prop_carry4_CI_CO[3])
                                                      0.114    81.794 r  dut/core1/u_divider/out_res_reg[30]_i_36/CO[3]
                         net (fo=1, routed)           0.000    81.794    dut/core1/u_divider/out_res_reg[30]_i_36_n_0
    SLICE_X52Y124        CARRY4 (Prop_carry4_CI_CO[3])
                                                      0.114    81.908 r  dut/core1/u_divider/out_res_reg[30]_i_33/CO[3]
                         net (fo=1, routed)           0.009    81.917    dut/core1/u_divider/out_res_reg[30]_i_33_n_0
    SLICE_X52Y125        CARRY4 (Prop_carry4_CI_CO[1])
                                                      0.157    82.074 r  dut/core1/u_divider/out_res_reg[30]_i_32/CO[1]
                         net (fo=27, routed)          1.739    83.814    dut/core1/u_divider/out_res_reg[30]_i_32_n_2
    SLICE_X53Y119        LUT3 (Prop_lut3_I0_O)        0.329    84.143 r  dut/core1/u_divider/i__carry_i_139/O
                         net (fo=1, routed)           0.000    84.143    dut/core1/u_divider/i__carry_i_139_n_0
    SLICE_X53Y119        CARRY4 (Prop_carry4_S[2]_CO[3])
                                                      0.398    84.541 r  dut/core1/u_divider/i__carry_i_109/CO[3]
                         net (fo=1, routed)           0.000    84.541    dut/core1/u_divider/i__carry_i_109_n_0
    SLICE_X53Y120        CARRY4 (Prop_carry4_CI_CO[3])
                                                      0.114    84.655 r  dut/core1/u_divider/i__carry_i_83/CO[3]
                         net (fo=1, routed)           0.000    84.655    dut/core1/u_divider/i__carry_i_83_n_0
    SLICE_X53Y121        CARRY4 (Prop_carry4_CI_CO[3])
                                                      0.114    84.769 r  dut/core1/u_divider/i__carry_i_62/CO[3]
                         net (fo=1, routed)           0.000    84.769    dut/core1/u_divider/i__carry_i_62_n_0
    SLICE_X53Y122        CARRY4 (Prop_carry4_CI_CO[3])
                                                      0.114    84.883 r  dut/core1/u_divider/i__carry_i_46/CO[3]
                         net (fo=1, routed)           0.000    84.883    dut/core1/u_divider/i__carry_i_46_n_0
    SLICE_X53Y123        CARRY4 (Prop_carry4_CI_CO[3])
                                                      0.114    84.997 r  dut/core1/u_divider/out_res_reg[30]_i_26/CO[3]
                         net (fo=1, routed)           0.000    84.997    dut/core1/u_divider/out_res_reg[30]_i_26_n_0
    SLICE_X53Y124        CARRY4 (Prop_carry4_CI_CO[3])
                                                      0.114    85.111 r  dut/core1/u_divider/out_res_reg[30]_i_23/CO[3]
                         net (fo=1, routed)           0.009    85.120    dut/core1/u_divider/out_res_reg[30]_i_23_n_0
    SLICE_X53Y125        CARRY4 (Prop_carry4_CI_CO[1])
                                                      0.157    85.277 r  dut/core1/u_divider/out_res_reg[30]_i_22/CO[1]
                         net (fo=27, routed)          2.313    87.590    dut/core1/u_divider/out_res_reg[30]_i_22_n_2
    SLICE_X55Y117        LUT3 (Prop_lut3_I0_O)        0.329    87.919 r  dut/core1/u_divider/i__carry_i_135/O
                         net (fo=1, routed)           0.000    87.919    dut/core1/u_divider/i__carry_i_135_n_0
    SLICE_X55Y117        CARRY4 (Prop_carry4_S[3]_CO[3])
                                                      0.401    88.320 r  dut/core1/u_divider/i__carry_i_104/CO[3]
                         net (fo=1, routed)           0.000    88.320    dut/core1/u_divider/i__carry_i_104_n_0
    SLICE_X55Y118        CARRY4 (Prop_carry4_CI_CO[3])
                                                      0.114    88.434 r  dut/core1/u_divider/i__carry_i_78/CO[3]
                         net (fo=1, routed)           0.000    88.434    dut/core1/u_divider/i__carry_i_78_n_0
    SLICE_X55Y119        CARRY4 (Prop_carry4_CI_CO[3])
                                                      0.114    88.548 r  dut/core1/u_divider/i__carry_i_57/CO[3]
                         net (fo=1, routed)           0.000    88.548    dut/core1/u_divider/i__carry_i_57_n_0
    SLICE_X55Y120        CARRY4 (Prop_carry4_CI_CO[3])
                                                      0.114    88.662 r  dut/core1/u_divider/i__carry_i_41/CO[3]
                         net (fo=1, routed)           0.000    88.662    dut/core1/u_divider/i__carry_i_41_n_0
    SLICE_X55Y121        CARRY4 (Prop_carry4_CI_CO[3])
                                                      0.114    88.776 r  dut/core1/u_divider/i__carry_i_30/CO[3]
                         net (fo=1, routed)           0.000    88.776    dut/core1/u_divider/i__carry_i_30_n_0
    SLICE_X55Y122        CARRY4 (Prop_carry4_CI_CO[3])
                                                      0.114    88.890 r  dut/core1/u_divider/out_res_reg[30]_i_15/CO[3]
                         net (fo=1, routed)           0.000    88.890    dut/core1/u_divider/out_res_reg[30]_i_15_n_0
    SLICE_X55Y123        CARRY4 (Prop_carry4_CI_CO[1])
                                                      0.157    89.047 r  dut/core1/u_divider/out_res_reg[30]_i_14/CO[1]
                         net (fo=27, routed)          1.678    90.725    dut/core1/u_divider/out_res_reg[30]_i_14_n_2
    SLICE_X56Y117        LUT3 (Prop_lut3_I0_O)        0.329    91.054 r  dut/core1/u_divider/i__carry_i_134/O
                         net (fo=1, routed)           0.000    91.054    dut/core1/u_divider/i__carry_i_134_n_0
    SLICE_X56Y117        CARRY4 (Prop_carry4_S[1]_CO[3])
                                                      0.550    91.604 r  dut/core1/u_divider/i__carry_i_99/CO[3]
                         net (fo=1, routed)           0.000    91.604    dut/core1/u_divider/i__carry_i_99_n_0
    SLICE_X56Y118        CARRY4 (Prop_carry4_CI_CO[3])
                                                      0.114    91.718 r  dut/core1/u_divider/i__carry_i_73/CO[3]
                         net (fo=1, routed)           0.000    91.718    dut/core1/u_divider/i__carry_i_73_n_0
    SLICE_X56Y119        CARRY4 (Prop_carry4_CI_CO[3])
                                                      0.114    91.832 r  dut/core1/u_divider/i__carry_i_52/CO[3]
                         net (fo=1, routed)           0.000    91.832    dut/core1/u_divider/i__carry_i_52_n_0
    SLICE_X56Y120        CARRY4 (Prop_carry4_CI_CO[3])
                                                      0.114    91.946 r  dut/core1/u_divider/i__carry_i_36/CO[3]
                         net (fo=1, routed)           0.000    91.946    dut/core1/u_divider/i__carry_i_36_n_0
    SLICE_X56Y121        CARRY4 (Prop_carry4_CI_CO[3])
                                                      0.114    92.060 r  dut/core1/u_divider/i__carry_i_25/CO[3]
                         net (fo=1, routed)           0.000    92.060    dut/core1/u_divider/i__carry_i_25_n_0
    SLICE_X56Y122        CARRY4 (Prop_carry4_CI_CO[3])
                                                      0.114    92.174 r  dut/core1/u_divider/i__carry_i_15/CO[3]
                         net (fo=1, routed)           0.000    92.174    dut/core1/execute_unit/u_fpu/u_divider/u_divider/i__carry_i_16[0]
    SLICE_X56Y123        CARRY4 (Prop_carry4_CI_CO[1])
                                                      0.157    92.331 r  dut/core1/execute_unit/u_fpu/u_divider/out_res_reg[30]_i_8/CO[1]
                         net (fo=70, routed)          1.425    93.756    dut/core1/execute_unit_n_53
    SLICE_X57Y119        LUT3 (Prop_lut3_I0_O)        0.329    94.085 r  dut/core1/u_divider/i__carry_i_102/O
                         net (fo=1, routed)           0.000    94.085    dut/core1/u_divider/i__carry_i_102_n_0
    SLICE_X57Y119        CARRY4 (Prop_carry4_S[1]_CO[3])
                                                      0.550    94.635 r  dut/core1/u_divider/i__carry_i_72/CO[3]
                         net (fo=1, routed)           0.000    94.635    dut/core1/u_divider/i__carry_i_72_n_0
    SLICE_X57Y120        CARRY4 (Prop_carry4_CI_CO[3])
                                                      0.114    94.749 r  dut/core1/u_divider/i__carry_i_51/CO[3]
                         net (fo=1, routed)           0.000    94.749    dut/core1/u_divider/i__carry_i_51_n_0
    SLICE_X57Y121        CARRY4 (Prop_carry4_CI_CO[3])
                                                      0.114    94.863 r  dut/core1/u_divider/i__carry_i_35/CO[3]
                         net (fo=1, routed)           0.000    94.863    dut/core1/u_divider/i__carry_i_35_n_0
    SLICE_X57Y122        CARRY4 (Prop_carry4_CI_CO[3])
                                                      0.114    94.977 r  dut/core1/u_divider/i__carry_i_24/CO[3]
                         net (fo=1, routed)           0.000    94.977    dut/core1/u_divider/i__carry_i_24_n_0
    SLICE_X57Y123        CARRY4 (Prop_carry4_CI_CO[3])
                                                      0.114    95.091 r  dut/core1/u_divider/i__carry_i_14/CO[3]
                         net (fo=1, routed)           0.000    95.091    dut/core1/u_divider/i__carry_i_14_n_0
    SLICE_X57Y124        CARRY4 (Prop_carry4_CI_CO[1])
                                                      0.157    95.248 r  dut/core1/u_divider/i__carry_i_11/CO[1]
                         net (fo=39, routed)          1.572    96.820    dut/core1/u_divider/i__carry_i_11_n_2
    SLICE_X59Y120        LUT3 (Prop_lut3_I0_O)        0.329    97.149 r  dut/core1/u_divider/out_res[21]_i_38/O
                         net (fo=1, routed)           0.000    97.149    dut/core1/u_divider/out_res[21]_i_38_n_0
    SLICE_X59Y120        CARRY4 (Prop_carry4_S[1]_CO[3])
                                                      0.550    97.699 r  dut/core1/u_divider/out_res_reg[21]_i_29/CO[3]
                         net (fo=1, routed)           0.000    97.699    dut/core1/u_divider/out_res_reg[21]_i_29_n_0
    SLICE_X59Y121        CARRY4 (Prop_carry4_CI_CO[3])
                                                      0.114    97.813 r  dut/core1/u_divider/out_res_reg[21]_i_23/CO[3]
                         net (fo=1, routed)           0.000    97.813    dut/core1/u_divider/out_res_reg[21]_i_23_n_0
    SLICE_X59Y122        CARRY4 (Prop_carry4_CI_CO[3])
                                                      0.114    97.927 r  dut/core1/u_divider/out_res_reg[21]_i_17/CO[3]
                         net (fo=1, routed)           0.000    97.927    dut/core1/u_divider/out_res_reg[21]_i_17_n_0
    SLICE_X59Y123        CARRY4 (Prop_carry4_CI_CO[3])
                                                      0.114    98.041 r  dut/core1/u_divider/out_res_reg[21]_i_11/CO[3]
                         net (fo=1, routed)           0.000    98.041    dut/core1/u_divider/out_res_reg[21]_i_11_n_0
    SLICE_X59Y124        CARRY4 (Prop_carry4_CI_CO[3])
                                                      0.114    98.155 r  dut/core1/u_divider/out_res_reg[21]_i_7/CO[3]
                         net (fo=1, routed)           0.009    98.164    dut/core1/u_divider/out_res_reg[21]_i_7_n_0
    SLICE_X59Y125        CARRY4 (Prop_carry4_CI_CO[1])
                                                      0.157    98.321 r  dut/core1/u_divider/out_res_reg[21]_i_5/CO[1]
                         net (fo=32, routed)          2.734   101.055    dut/core1/execute_unit/u_fpu/u_divider/out_res_reg[21]_0[0]
    SLICE_X59Y106        LUT5 (Prop_lut5_I0_O)        0.329   101.384 r  dut/core1/execute_unit/u_fpu/u_divider/i__carry_i_18__4/O
                         net (fo=3, routed)           0.592   101.976    dut/core1/execute_unit/u_fpu/u_divider/i__carry_i_18__4_n_0
    SLICE_X59Y105        LUT6 (Prop_lut6_I0_O)        0.124   102.100 r  dut/core1/execute_unit/u_fpu/u_divider/i__carry_i_13__11/O
                         net (fo=33, routed)          0.817   102.916    dut/core1/execute_unit/u_fpu/u_divider/i__carry_i_13__11_n_0
    SLICE_X57Y106        LUT4 (Prop_lut4_I3_O)        0.124   103.040 r  dut/core1/execute_unit/u_fpu/u_divider/i__carry_i_8__20/O
                         net (fo=1, routed)           0.000   103.040    dut/core1/execute_unit/u_fpu/u_divider/i__carry_i_8__20_n_0
    SLICE_X57Y106        CARRY4 (Prop_carry4_S[0]_CO[3])
                                                      0.532   103.572 r  dut/core1/execute_unit/u_fpu/u_divider/exp_norm0_inferred__0/i__carry/CO[3]
                         net (fo=1, routed)           0.000   103.572    dut/core1/execute_unit/u_fpu/u_divider/exp_norm0_inferred__0/i__carry_n_0
    SLICE_X57Y107        CARRY4 (Prop_carry4_CI_O[2])
                                                      0.239   103.811 f  dut/core1/execute_unit/u_fpu/u_divider/exp_norm0_inferred__0/i__carry__0/O[2]
                         net (fo=3, routed)           1.158   104.969    dut/core1/execute_unit/u_fpu/u_divider/exp_norm[6]
    SLICE_X60Y107        LUT6 (Prop_lut6_I1_O)        0.302   105.271 f  dut/core1/execute_unit/u_fpu/u_divider/i__carry_i_12__14/O
                         net (fo=1, routed)           0.444   105.715    dut/core1/execute_unit/u_fpu/u_divider/i__carry_i_12__14_n_0
    SLICE_X60Y107        LUT6 (Prop_lut6_I1_O)        0.124   105.839 r  dut/core1/execute_unit/u_fpu/u_divider/i__carry_i_11__12/O
                         net (fo=4, routed)           0.666   106.504    dut/core1/execute_unit/u_fpu/u_divider/i__carry_i_11__12_n_0
    SLICE_X60Y107        LUT6 (Prop_lut6_I5_O)        0.124   106.628 r  dut/core1/execute_unit/u_fpu/u_divider/i__carry_i_5__19/O
                         net (fo=32, routed)          0.568   107.196    dut/core1/execute_unit/u_fpu/u_divider/i__carry_i_5__19_n_0
    SLICE_X61Y106        LUT2 (Prop_lut2_I1_O)        0.124   107.320 r  dut/core1/execute_unit/u_fpu/u_divider/i__carry_i_4__0/O
                         net (fo=1, routed)           0.000   107.320    dut/core1/execute_unit/u_fpu/u_divider/i__carry_i_4__0_n_0
    SLICE_X61Y106        CARRY4 (Prop_carry4_S[0]_CO[3])
                                                      0.532   107.852 r  dut/core1/execute_unit/u_fpu/u_divider/exp_norm0_inferred__1/i__carry/CO[3]
                         net (fo=1, routed)           0.000   107.852    dut/core1/execute_unit/u_fpu/u_divider/exp_norm0_inferred__1/i__carry_n_0
    SLICE_X61Y107        CARRY4 (Prop_carry4_CI_CO[3])
                                                      0.114   107.966 r  dut/core1/execute_unit/u_fpu/u_divider/exp_norm0_inferred__1/i__carry__0/CO[3]
                         net (fo=1, routed)           0.000   107.966    dut/core1/execute_unit/u_fpu/u_divider/exp_norm0_inferred__1/i__carry__0_n_0
    SLICE_X61Y108        CARRY4 (Prop_carry4_CI_O[0])
                                                      0.222   108.188 f  dut/core1/execute_unit/u_fpu/u_divider/exp_norm0_inferred__1/i__carry__1/O[0]
                         net (fo=3, routed)           0.824   109.012    dut/core1/execute_unit/u_fpu/u_divider/exp_norm0_inferred__1/i__carry__1_n_7
    SLICE_X63Y107        LUT6 (Prop_lut6_I1_O)        0.299   109.311 f  dut/core1/execute_unit/u_fpu/u_divider/i__carry_i_8__14/O
                         net (fo=1, routed)           0.151   109.462    dut/core1/execute_unit/u_fpu/u_divider/i__carry_i_8__14_n_0
    SLICE_X63Y107        LUT6 (Prop_lut6_I1_O)        0.124   109.586 r  dut/core1/execute_unit/u_fpu/u_divider/i__carry_i_7__14/O
                         net (fo=2, routed)           0.445   110.031    dut/core1/execute_unit/u_fpu/u_divider/i__carry_i_7__14_n_0
    SLICE_X63Y107        LUT6 (Prop_lut6_I5_O)        0.124   110.155 r  dut/core1/execute_unit/u_fpu/u_divider/i__carry_i_5__18/O
                         net (fo=30, routed)          0.976   111.131    dut/core1/execute_unit/u_fpu/u_divider/i__carry_i_5__18_n_0
    SLICE_X67Y106        LUT2 (Prop_lut2_I1_O)        0.124   111.255 r  dut/core1/execute_unit/u_fpu/u_divider/i__carry_i_4__1/O
                         net (fo=1, routed)           0.000   111.255    dut/core1/execute_unit/u_fpu/u_divider/i__carry_i_4__1_n_0
    SLICE_X67Y106        CARRY4 (Prop_carry4_S[0]_CO[3])
                                                      0.532   111.787 r  dut/core1/execute_unit/u_fpu/u_divider/exp_norm0_inferred__2/i__carry/CO[3]
                         net (fo=1, routed)           0.000   111.787    dut/core1/execute_unit/u_fpu/u_divider/exp_norm0_inferred__2/i__carry_n_0
    SLICE_X67Y107        CARRY4 (Prop_carry4_CI_O[3])
                                                      0.313   112.100 f  dut/core1/execute_unit/u_fpu/u_divider/exp_norm0_inferred__2/i__carry__0/O[3]
                         net (fo=3, routed)           0.974   113.074    dut/core1/execute_unit/u_fpu/u_divider/exp_norm0_inferred__2/i__carry__0_n_4
    SLICE_X66Y109        LUT6 (Prop_lut6_I2_O)        0.306   113.380 f  dut/core1/execute_unit/u_fpu/u_divider/i__carry_i_12__15/O
                         net (fo=1, routed)           0.658   114.039    dut/core1/execute_unit/u_fpu/u_divider/i__carry_i_12__15_n_0
    SLICE_X66Y109        LUT6 (Prop_lut6_I1_O)        0.124   114.163 r  dut/core1/execute_unit/u_fpu/u_divider/i__carry_i_9__6/O
                         net (fo=3, routed)           0.817   114.979    dut/core1/execute_unit/u_fpu/u_divider/i__carry_i_9__6_n_0
    SLICE_X64Y106        LUT6 (Prop_lut6_I5_O)        0.124   115.103 r  dut/core1/execute_unit/u_fpu/u_divider/i__carry_i_5__17/O
                         net (fo=28, routed)          1.125   116.228    dut/core1/execute_unit/u_fpu/u_divider/i__carry_i_5__17_n_0
    SLICE_X80Y110        LUT2 (Prop_lut2_I1_O)        0.124   116.352 r  dut/core1/execute_unit/u_fpu/u_divider/i__carry_i_4__2/O
                         net (fo=1, routed)           0.000   116.352    dut/core1/execute_unit/u_fpu/u_divider/i__carry_i_4__2_n_0
    SLICE_X80Y110        CARRY4 (Prop_carry4_S[0]_CO[3])
                                                      0.532   116.884 r  dut/core1/execute_unit/u_fpu/u_divider/exp_norm0_inferred__3/i__carry/CO[3]
                         net (fo=1, routed)           0.000   116.884    dut/core1/execute_unit/u_fpu/u_divider/exp_norm0_inferred__3/i__carry_n_0
    SLICE_X80Y111        CARRY4 (Prop_carry4_CI_O[3])
                                                      0.313   117.197 f  dut/core1/execute_unit/u_fpu/u_divider/exp_norm0_inferred__3/i__carry__0/O[3]
                         net (fo=3, routed)           0.825   118.022    dut/core1/execute_unit/u_fpu/u_divider/exp_norm0_inferred__3/i__carry__0_n_4
    SLICE_X80Y113        LUT6 (Prop_lut6_I2_O)        0.306   118.328 f  dut/core1/execute_unit/u_fpu/u_divider/i__carry_i_11__13/O
                         net (fo=1, routed)           0.798   119.126    dut/core1/execute_unit/u_fpu/u_divider/i__carry_i_11__13_n_0
    SLICE_X80Y114        LUT6 (Prop_lut6_I1_O)        0.124   119.250 r  dut/core1/execute_unit/u_fpu/u_divider/i__carry_i_9__7/O
                         net (fo=1, routed)           0.795   120.046    dut/core1/execute_unit/u_fpu/u_divider/i__carry_i_9__7_n_0
    SLICE_X66Y109        LUT6 (Prop_lut6_I5_O)        0.124   120.170 r  dut/core1/execute_unit/u_fpu/u_divider/i__carry_i_5__16/O
                         net (fo=29, routed)          1.323   121.492    dut/core1/execute_unit/u_fpu/u_divider/i__carry_i_5__16_n_0
    SLICE_X81Y112        LUT2 (Prop_lut2_I1_O)        0.124   121.616 r  dut/core1/execute_unit/u_fpu/u_divider/i__carry_i_4__3/O
                         net (fo=1, routed)           0.000   121.616    dut/core1/execute_unit/u_fpu/u_divider/i__carry_i_4__3_n_0
    SLICE_X81Y112        CARRY4 (Prop_carry4_S[0]_CO[3])
                                                      0.532   122.148 r  dut/core1/execute_unit/u_fpu/u_divider/exp_norm0_inferred__4/i__carry/CO[3]
                         net (fo=1, routed)           0.000   122.148    dut/core1/execute_unit/u_fpu/u_divider/exp_norm0_inferred__4/i__carry_n_0
    SLICE_X81Y113        CARRY4 (Prop_carry4_CI_O[0])
                                                      0.222   122.370 f  dut/core1/execute_unit/u_fpu/u_divider/exp_norm0_inferred__4/i__carry__0/O[0]
                         net (fo=3, routed)           0.883   123.253    dut/core1/execute_unit/u_fpu/u_divider/exp_norm0_inferred__4/i__carry__0_n_7
    SLICE_X80Y113        LUT6 (Prop_lut6_I4_O)        0.299   123.552 f  dut/core1/execute_unit/u_fpu/u_divider/i__carry_i_10__15/O
                         net (fo=1, routed)           0.669   124.221    dut/core1/execute_unit/u_fpu/u_divider/i__carry_i_10__15_n_0
    SLICE_X80Y113        LUT6 (Prop_lut6_I1_O)        0.124   124.345 r  dut/core1/execute_unit/u_fpu/u_divider/i__carry_i_8__15/O
                         net (fo=4, routed)           1.010   125.355    dut/core1/execute_unit/u_fpu/u_divider/i__carry_i_8__15_n_0
    SLICE_X83Y111        LUT4 (Prop_lut4_I3_O)        0.124   125.479 r  dut/core1/execute_unit/u_fpu/u_divider/i__carry_i_5__15/O
                         net (fo=26, routed)          0.576   126.054    dut/core1/execute_unit/u_fpu/u_divider/i__carry_i_5__15_n_0
    SLICE_X81Y109        LUT2 (Prop_lut2_I1_O)        0.124   126.178 r  dut/core1/execute_unit/u_fpu/u_divider/i__carry_i_4__4/O
                         net (fo=1, routed)           0.000   126.178    dut/core1/execute_unit/u_fpu/u_divider/i__carry_i_4__4_n_0
    SLICE_X81Y109        CARRY4 (Prop_carry4_S[0]_CO[3])
                                                      0.532   126.710 r  dut/core1/execute_unit/u_fpu/u_divider/exp_norm0_inferred__5/i__carry/CO[3]
                         net (fo=1, routed)           0.000   126.710    dut/core1/execute_unit/u_fpu/u_divider/exp_norm0_inferred__5/i__carry_n_0
    SLICE_X81Y110        CARRY4 (Prop_carry4_CI_O[2])
                                                      0.239   126.949 f  dut/core1/execute_unit/u_fpu/u_divider/exp_norm0_inferred__5/i__carry__0/O[2]
                         net (fo=3, routed)           1.279   128.228    dut/core1/execute_unit/u_fpu/u_divider/exp_norm0_inferred__5/i__carry__0_n_5
    SLICE_X85Y109        LUT6 (Prop_lut6_I1_O)        0.302   128.530 f  dut/core1/execute_unit/u_fpu/u_divider/i__carry_i_9__8/O
                         net (fo=1, routed)           0.589   129.119    dut/core1/execute_unit/u_fpu/u_divider/i__carry_i_9__8_n_0
    SLICE_X84Y111        LUT6 (Prop_lut6_I1_O)        0.124   129.243 r  dut/core1/execute_unit/u_fpu/u_divider/i__carry_i_7__15/O
                         net (fo=1, routed)           0.788   130.032    dut/core1/execute_unit/u_fpu/u_divider/i__carry_i_7__15_n_0
    SLICE_X83Y111        LUT6 (Prop_lut6_I5_O)        0.124   130.156 r  dut/core1/execute_unit/u_fpu/u_divider/i__carry_i_5__14/O
                         net (fo=27, routed)          0.569   130.725    dut/core1/execute_unit/u_fpu/u_divider/i__carry_i_5__14_n_0
    SLICE_X85Y110        LUT2 (Prop_lut2_I1_O)        0.124   130.849 r  dut/core1/execute_unit/u_fpu/u_divider/i__carry_i_4__5/O
                         net (fo=1, routed)           0.000   130.849    dut/core1/execute_unit/u_fpu/u_divider/i__carry_i_4__5_n_0
    SLICE_X85Y110        CARRY4 (Prop_carry4_S[0]_CO[3])
                                                      0.532   131.381 r  dut/core1/execute_unit/u_fpu/u_divider/exp_norm0_inferred__6/i__carry/CO[3]
                         net (fo=1, routed)           0.000   131.381    dut/core1/execute_unit/u_fpu/u_divider/exp_norm0_inferred__6/i__carry_n_0
    SLICE_X85Y111        CARRY4 (Prop_carry4_CI_O[0])
                                                      0.222   131.603 f  dut/core1/execute_unit/u_fpu/u_divider/exp_norm0_inferred__6/i__carry__0/O[0]
                         net (fo=3, routed)           0.854   132.456    dut/core1/execute_unit/u_fpu/u_divider/exp_norm0_inferred__6/i__carry__0_n_7
    SLICE_X84Y110        LUT6 (Prop_lut6_I4_O)        0.299   132.755 f  dut/core1/execute_unit/u_fpu/u_divider/i__carry_i_13__12/O
                         net (fo=1, routed)           0.421   133.176    dut/core1/execute_unit/u_fpu/u_divider/i__carry_i_13__12_n_0
    SLICE_X84Y111        LUT6 (Prop_lut6_I1_O)        0.124   133.300 r  dut/core1/execute_unit/u_fpu/u_divider/i__carry_i_9__9/O
                         net (fo=4, routed)           0.792   134.092    dut/core1/execute_unit/u_fpu/u_divider/i__carry_i_9__9_n_0
    SLICE_X83Y113        LUT6 (Prop_lut6_I5_O)        0.124   134.216 r  dut/core1/execute_unit/u_fpu/u_divider/i__carry_i_5__13/O
                         net (fo=27, routed)          1.264   135.480    dut/core1/execute_unit/u_fpu/u_divider/i__carry_i_5__13_n_0
    SLICE_X87Y110        LUT2 (Prop_lut2_I1_O)        0.124   135.604 r  dut/core1/execute_unit/u_fpu/u_divider/i__carry_i_4__6/O
                         net (fo=1, routed)           0.000   135.604    dut/core1/execute_unit/u_fpu/u_divider/i__carry_i_4__6_n_0
    SLICE_X87Y110        CARRY4 (Prop_carry4_S[0]_CO[3])
                                                      0.532   136.136 r  dut/core1/execute_unit/u_fpu/u_divider/exp_norm0_inferred__7/i__carry/CO[3]
                         net (fo=1, routed)           0.000   136.136    dut/core1/execute_unit/u_fpu/u_divider/exp_norm0_inferred__7/i__carry_n_0
    SLICE_X87Y111        CARRY4 (Prop_carry4_CI_O[3])
                                                      0.313   136.449 f  dut/core1/execute_unit/u_fpu/u_divider/exp_norm0_inferred__7/i__carry__0/O[3]
                         net (fo=3, routed)           1.252   137.701    dut/core1/execute_unit/u_fpu/u_divider/exp_norm0_inferred__7/i__carry__0_n_4
    SLICE_X88Y113        LUT6 (Prop_lut6_I2_O)        0.306   138.007 f  dut/core1/execute_unit/u_fpu/u_divider/i__carry_i_10__16/O
                         net (fo=1, routed)           0.279   138.286    dut/core1/execute_unit/u_fpu/u_divider/i__carry_i_10__16_n_0
    SLICE_X88Y113        LUT6 (Prop_lut6_I1_O)        0.124   138.410 r  dut/core1/execute_unit/u_fpu/u_divider/i__carry_i_8__16/O
                         net (fo=2, routed)           0.656   139.066    dut/core1/execute_unit/u_fpu/u_divider/i__carry_i_8__16_n_0
    SLICE_X89Y113        LUT4 (Prop_lut4_I3_O)        0.124   139.190 r  dut/core1/execute_unit/u_fpu/u_divider/i__carry_i_5__12/O
                         net (fo=29, routed)          0.648   139.838    dut/core1/execute_unit/u_fpu/u_divider/i__carry_i_5__12_n_0
    SLICE_X87Y113        LUT2 (Prop_lut2_I1_O)        0.124   139.962 r  dut/core1/execute_unit/u_fpu/u_divider/i__carry_i_4__7/O
                         net (fo=1, routed)           0.000   139.962    dut/core1/execute_unit/u_fpu/u_divider/i__carry_i_4__7_n_0
    SLICE_X87Y113        CARRY4 (Prop_carry4_S[0]_CO[3])
                                                      0.532   140.494 r  dut/core1/execute_unit/u_fpu/u_divider/exp_norm0_inferred__8/i__carry/CO[3]
                         net (fo=1, routed)           0.000   140.494    dut/core1/execute_unit/u_fpu/u_divider/exp_norm0_inferred__8/i__carry_n_0
    SLICE_X87Y114        CARRY4 (Prop_carry4_CI_O[0])
                                                      0.222   140.716 f  dut/core1/execute_unit/u_fpu/u_divider/exp_norm0_inferred__8/i__carry__0/O[0]
                         net (fo=3, routed)           0.816   141.531    dut/core1/execute_unit/u_fpu/u_divider/exp_norm0_inferred__8/i__carry__0_n_7
    SLICE_X86Y115        LUT6 (Prop_lut6_I4_O)        0.299   141.830 f  dut/core1/execute_unit/u_fpu/u_divider/i__carry_i_9__10/O
                         net (fo=1, routed)           0.162   141.992    dut/core1/execute_unit/u_fpu/u_divider/i__carry_i_9__10_n_0
    SLICE_X86Y115        LUT6 (Prop_lut6_I1_O)        0.124   142.116 r  dut/core1/execute_unit/u_fpu/u_divider/i__carry_i_7__16/O
                         net (fo=3, routed)           0.721   142.838    dut/core1/execute_unit/u_fpu/u_divider/i__carry_i_7__16_n_0
    SLICE_X89Y113        LUT6 (Prop_lut6_I5_O)        0.124   142.962 r  dut/core1/execute_unit/u_fpu/u_divider/i__carry_i_5__11/O
                         net (fo=26, routed)          0.330   143.292    dut/core1/execute_unit/u_fpu/u_divider/i__carry_i_5__11_n_0
    SLICE_X85Y113        LUT2 (Prop_lut2_I1_O)        0.124   143.416 r  dut/core1/execute_unit/u_fpu/u_divider/i__carry_i_4__8/O
                         net (fo=1, routed)           0.000   143.416    dut/core1/execute_unit/u_fpu/u_divider/i__carry_i_4__8_n_0
    SLICE_X85Y113        CARRY4 (Prop_carry4_S[0]_CO[3])
                                                      0.532   143.948 r  dut/core1/execute_unit/u_fpu/u_divider/exp_norm0_inferred__9/i__carry/CO[3]
                         net (fo=1, routed)           0.000   143.948    dut/core1/execute_unit/u_fpu/u_divider/exp_norm0_inferred__9/i__carry_n_0
    SLICE_X85Y114        CARRY4 (Prop_carry4_CI_O[1])
                                                      0.334   144.282 f  dut/core1/execute_unit/u_fpu/u_divider/exp_norm0_inferred__9/i__carry__0/O[1]
                         net (fo=3, routed)           1.043   145.324    dut/core1/execute_unit/u_fpu/u_divider/exp_norm0_inferred__9/i__carry__0_n_6
    SLICE_X84Y114        LUT6 (Prop_lut6_I0_O)        0.303   145.627 f  dut/core1/execute_unit/u_fpu/u_divider/i__carry_i_11__14/O
                         net (fo=1, routed)           0.847   146.475    dut/core1/execute_unit/u_fpu/u_divider/i__carry_i_11__14_n_0
    SLICE_X86Y115        LUT6 (Prop_lut6_I1_O)        0.124   146.599 r  dut/core1/execute_unit/u_fpu/u_divider/i__carry_i_9__11/O
                         net (fo=1, routed)           1.162   147.761    dut/core1/execute_unit/u_fpu/u_divider/i__carry_i_9__11_n_0
    SLICE_X89Y113        LUT6 (Prop_lut6_I5_O)        0.124   147.885 r  dut/core1/execute_unit/u_fpu/u_divider/i__carry_i_5__10/O
                         net (fo=30, routed)          0.596   148.481    dut/core1/execute_unit/u_fpu/u_divider/i__carry_i_5__10_n_0
    SLICE_X88Y114        LUT2 (Prop_lut2_I1_O)        0.124   148.605 r  dut/core1/execute_unit/u_fpu/u_divider/i__carry_i_4__9/O
                         net (fo=1, routed)           0.000   148.605    dut/core1/execute_unit/u_fpu/u_divider/i__carry_i_4__9_n_0
    SLICE_X88Y114        CARRY4 (Prop_carry4_S[0]_CO[3])
                                                      0.532   149.137 r  dut/core1/execute_unit/u_fpu/u_divider/exp_norm0_inferred__10/i__carry/CO[3]
                         net (fo=1, routed)           0.000   149.137    dut/core1/execute_unit/u_fpu/u_divider/exp_norm0_inferred__10/i__carry_n_0
    SLICE_X88Y115        CARRY4 (Prop_carry4_CI_O[1])
                                                      0.334   149.471 f  dut/core1/execute_unit/u_fpu/u_divider/exp_norm0_inferred__10/i__carry__0/O[1]
                         net (fo=3, routed)           1.023   150.494    dut/core1/execute_unit/u_fpu/u_divider/exp_norm0_inferred__10/i__carry__0_n_6
    SLICE_X86Y115        LUT6 (Prop_lut6_I0_O)        0.303   150.797 f  dut/core1/execute_unit/u_fpu/u_divider/i__carry_i_10__17/O
                         net (fo=1, routed)           0.516   151.312    dut/core1/execute_unit/u_fpu/u_divider/i__carry_i_10__17_n_0
    SLICE_X86Y116        LUT6 (Prop_lut6_I1_O)        0.124   151.436 r  dut/core1/execute_unit/u_fpu/u_divider/i__carry_i_8__17/O
                         net (fo=4, routed)           0.829   152.266    dut/core1/execute_unit/u_fpu/u_divider/i__carry_i_8__17_n_0
    SLICE_X87Y116        LUT4 (Prop_lut4_I3_O)        0.124   152.390 r  dut/core1/execute_unit/u_fpu/u_divider/i__carry_i_5__9/O
                         net (fo=27, routed)          0.948   153.338    dut/core1/execute_unit/u_fpu/u_divider/i__carry_i_5__9_n_0
    SLICE_X89Y114        LUT2 (Prop_lut2_I1_O)        0.124   153.462 r  dut/core1/execute_unit/u_fpu/u_divider/i__carry_i_4__10/O
                         net (fo=1, routed)           0.000   153.462    dut/core1/execute_unit/u_fpu/u_divider/i__carry_i_4__10_n_0
    SLICE_X89Y114        CARRY4 (Prop_carry4_S[0]_CO[3])
                                                      0.532   153.994 r  dut/core1/execute_unit/u_fpu/u_divider/exp_norm0_inferred__11/i__carry/CO[3]
                         net (fo=1, routed)           0.000   153.994    dut/core1/execute_unit/u_fpu/u_divider/exp_norm0_inferred__11/i__carry_n_0
    SLICE_X89Y115        CARRY4 (Prop_carry4_CI_O[2])
                                                      0.239   154.233 f  dut/core1/execute_unit/u_fpu/u_divider/exp_norm0_inferred__11/i__carry__0/O[2]
                         net (fo=3, routed)           1.090   155.322    dut/core1/execute_unit/u_fpu/u_divider/exp_norm0_inferred__11/i__carry__0_n_5
    SLICE_X87Y116        LUT6 (Prop_lut6_I2_O)        0.302   155.624 f  dut/core1/execute_unit/u_fpu/u_divider/i__carry_i_9__12/O
                         net (fo=1, routed)           0.263   155.887    dut/core1/execute_unit/u_fpu/u_divider/i__carry_i_9__12_n_0
    SLICE_X87Y116        LUT6 (Prop_lut6_I1_O)        0.124   156.011 r  dut/core1/execute_unit/u_fpu/u_divider/i__carry_i_7__17/O
                         net (fo=1, routed)           0.473   156.484    dut/core1/execute_unit/u_fpu/u_divider/i__carry_i_7__17_n_0
    SLICE_X87Y116        LUT6 (Prop_lut6_I5_O)        0.124   156.608 r  dut/core1/execute_unit/u_fpu/u_divider/i__carry_i_5__8/O
                         net (fo=28, routed)          0.587   157.196    dut/core1/execute_unit/u_fpu/u_divider/i__carry_i_5__8_n_0
    SLICE_X89Y117        LUT2 (Prop_lut2_I1_O)        0.124   157.320 r  dut/core1/execute_unit/u_fpu/u_divider/i__carry_i_4__11/O
                         net (fo=1, routed)           0.000   157.320    dut/core1/execute_unit/u_fpu/u_divider/i__carry_i_4__11_n_0
    SLICE_X89Y117        CARRY4 (Prop_carry4_S[0]_CO[3])
                                                      0.532   157.852 r  dut/core1/execute_unit/u_fpu/u_divider/exp_norm0_inferred__12/i__carry/CO[3]
                         net (fo=1, routed)           0.000   157.852    dut/core1/execute_unit/u_fpu/u_divider/exp_norm0_inferred__12/i__carry_n_0
    SLICE_X89Y118        CARRY4 (Prop_carry4_CI_O[1])
                                                      0.334   158.186 f  dut/core1/execute_unit/u_fpu/u_divider/exp_norm0_inferred__12/i__carry__0/O[1]
                         net (fo=3, routed)           0.828   159.014    dut/core1/execute_unit/u_fpu/u_divider/exp_norm0_inferred__12/i__carry__0_n_6
    SLICE_X88Y117        LUT6 (Prop_lut6_I0_O)        0.303   159.317 f  dut/core1/execute_unit/u_fpu/u_divider/i__carry_i_11__15/O
                         net (fo=1, routed)           0.161   159.478    dut/core1/execute_unit/u_fpu/u_divider/i__carry_i_11__15_n_0
    SLICE_X88Y117        LUT6 (Prop_lut6_I1_O)        0.124   159.602 r  dut/core1/execute_unit/u_fpu/u_divider/i__carry_i_9__13/O
                         net (fo=4, routed)           0.563   160.165    dut/core1/execute_unit/u_fpu/u_divider/i__carry_i_9__13_n_0
    SLICE_X90Y116        LUT6 (Prop_lut6_I5_O)        0.124   160.289 r  dut/core1/execute_unit/u_fpu/u_divider/i__carry_i_5__7/O
                         net (fo=27, routed)          0.686   160.974    dut/core1/execute_unit/u_fpu/u_divider/i__carry_i_5__7_n_0
    SLICE_X88Y118        LUT2 (Prop_lut2_I1_O)        0.124   161.098 r  dut/core1/execute_unit/u_fpu/u_divider/i__carry_i_4__12/O
                         net (fo=1, routed)           0.000   161.098    dut/core1/execute_unit/u_fpu/u_divider/i__carry_i_4__12_n_0
    SLICE_X88Y118        CARRY4 (Prop_carry4_S[0]_CO[3])
                                                      0.532   161.630 r  dut/core1/execute_unit/u_fpu/u_divider/exp_norm0_inferred__13/i__carry/CO[3]
                         net (fo=1, routed)           0.000   161.630    dut/core1/execute_unit/u_fpu/u_divider/exp_norm0_inferred__13/i__carry_n_0
    SLICE_X88Y119        CARRY4 (Prop_carry4_CI_O[2])
                                                      0.239   161.869 f  dut/core1/execute_unit/u_fpu/u_divider/exp_norm0_inferred__13/i__carry__0/O[2]
                         net (fo=3, routed)           1.126   162.995    dut/core1/execute_unit/u_fpu/u_divider/exp_norm0_inferred__13/i__carry__0_n_5
    SLICE_X88Y121        LUT6 (Prop_lut6_I1_O)        0.302   163.297 f  dut/core1/execute_unit/u_fpu/u_divider/i__carry_i_10__18/O
                         net (fo=1, routed)           0.158   163.455    dut/core1/execute_unit/u_fpu/u_divider/i__carry_i_10__18_n_0
    SLICE_X88Y121        LUT6 (Prop_lut6_I1_O)        0.124   163.579 r  dut/core1/execute_unit/u_fpu/u_divider/i__carry_i_8__18/O
                         net (fo=2, routed)           1.137   164.717    dut/core1/execute_unit/u_fpu/u_divider/i__carry_i_8__18_n_0
    SLICE_X88Y117        LUT4 (Prop_lut4_I3_O)        0.124   164.841 r  dut/core1/execute_unit/u_fpu/u_divider/i__carry_i_5__6/O
                         net (fo=29, routed)          0.729   165.569    dut/core1/execute_unit/u_fpu/u_divider/i__carry_i_5__6_n_0
    SLICE_X87Y119        LUT2 (Prop_lut2_I1_O)        0.124   165.693 r  dut/core1/execute_unit/u_fpu/u_divider/i__carry_i_4__13/O
                         net (fo=1, routed)           0.000   165.693    dut/core1/execute_unit/u_fpu/u_divider/i__carry_i_4__13_n_0
    SLICE_X87Y119        CARRY4 (Prop_carry4_S[0]_CO[3])
                                                      0.532   166.225 r  dut/core1/execute_unit/u_fpu/u_divider/exp_norm0_inferred__14/i__carry/CO[3]
                         net (fo=1, routed)           0.000   166.225    dut/core1/execute_unit/u_fpu/u_divider/exp_norm0_inferred__14/i__carry_n_0
    SLICE_X87Y120        CARRY4 (Prop_carry4_CI_O[3])
                                                      0.313   166.538 f  dut/core1/execute_unit/u_fpu/u_divider/exp_norm0_inferred__14/i__carry__0/O[3]
                         net (fo=3, routed)           0.970   167.508    dut/core1/execute_unit/u_fpu/u_divider/exp_norm0_inferred__14/i__carry__0_n_4
    SLICE_X88Y121        LUT6 (Prop_lut6_I2_O)        0.306   167.814 f  dut/core1/execute_unit/u_fpu/u_divider/i__carry_i_9__14/O
                         net (fo=1, routed)           0.580   168.395    dut/core1/execute_unit/u_fpu/u_divider/i__carry_i_9__14_n_0
    SLICE_X87Y122        LUT6 (Prop_lut6_I1_O)        0.124   168.519 r  dut/core1/execute_unit/u_fpu/u_divider/i__carry_i_7__18/O
                         net (fo=3, routed)           1.049   169.568    dut/core1/execute_unit/u_fpu/u_divider/i__carry_i_7__18_n_0
    SLICE_X88Y117        LUT6 (Prop_lut6_I5_O)        0.124   169.692 r  dut/core1/execute_unit/u_fpu/u_divider/i__carry_i_5__5/O
                         net (fo=26, routed)          1.457   171.148    dut/core1/execute_unit/u_fpu/u_divider/i__carry_i_5__5_n_0
    SLICE_X86Y121        LUT2 (Prop_lut2_I1_O)        0.124   171.272 r  dut/core1/execute_unit/u_fpu/u_divider/i__carry_i_4__14/O
                         net (fo=1, routed)           0.000   171.272    dut/core1/execute_unit/u_fpu/u_divider/i__carry_i_4__14_n_0
    SLICE_X86Y121        CARRY4 (Prop_carry4_S[0]_CO[3])
                                                      0.513   171.785 r  dut/core1/execute_unit/u_fpu/u_divider/exp_norm0_inferred__15/i__carry/CO[3]
                         net (fo=1, routed)           0.000   171.785    dut/core1/execute_unit/u_fpu/u_divider/exp_norm0_inferred__15/i__carry_n_0
    SLICE_X86Y122        CARRY4 (Prop_carry4_CI_CO[3])
                                                      0.117   171.902 r  dut/core1/execute_unit/u_fpu/u_divider/exp_norm0_inferred__15/i__carry__0/CO[3]
                         net (fo=1, routed)           0.000   171.902    dut/core1/execute_unit/u_fpu/u_divider/exp_norm0_inferred__15/i__carry__0_n_0
    SLICE_X86Y123        CARRY4 (Prop_carry4_CI_O[0])
                                                      0.219   172.121 f  dut/core1/execute_unit/u_fpu/u_divider/exp_norm0_inferred__15/i__carry__1/O[0]
                         net (fo=3, routed)           0.986   173.107    dut/core1/execute_unit/u_fpu/u_divider/exp_norm0_inferred__15/i__carry__1_n_7
    SLICE_X85Y122        LUT6 (Prop_lut6_I1_O)        0.295   173.402 f  dut/core1/execute_unit/u_fpu/u_divider/i__carry_i_11__16/O
                         net (fo=1, routed)           0.264   173.667    dut/core1/execute_unit/u_fpu/u_divider/i__carry_i_11__16_n_0
    SLICE_X85Y122        LUT6 (Prop_lut6_I1_O)        0.124   173.791 r  dut/core1/execute_unit/u_fpu/u_divider/i__carry_i_9__15/O
                         net (fo=4, routed)           0.823   174.614    dut/core1/execute_unit/u_fpu/u_divider/i__carry_i_9__15_n_0
    SLICE_X89Y122        LUT6 (Prop_lut6_I5_O)        0.124   174.738 r  dut/core1/execute_unit/u_fpu/u_divider/i__carry_i_5__4/O
                         net (fo=28, routed)          0.838   175.576    dut/core1/execute_unit/u_fpu/u_divider/i__carry_i_5__4_n_0
    SLICE_X84Y121        LUT2 (Prop_lut2_I1_O)        0.124   175.700 r  dut/core1/execute_unit/u_fpu/u_divider/i__carry_i_4__15/O
                         net (fo=1, routed)           0.000   175.700    dut/core1/execute_unit/u_fpu/u_divider/i__carry_i_4__15_n_0
    SLICE_X84Y121        CARRY4 (Prop_carry4_S[0]_CO[3])
                                                      0.532   176.232 r  dut/core1/execute_unit/u_fpu/u_divider/exp_norm0_inferred__16/i__carry/CO[3]
                         net (fo=1, routed)           0.000   176.232    dut/core1/execute_unit/u_fpu/u_divider/exp_norm0_inferred__16/i__carry_n_0
    SLICE_X84Y122        CARRY4 (Prop_carry4_CI_O[3])
                                                      0.313   176.545 f  dut/core1/execute_unit/u_fpu/u_divider/exp_norm0_inferred__16/i__carry__0/O[3]
                         net (fo=3, routed)           0.835   177.380    dut/core1/execute_unit/u_fpu/u_divider/exp_norm0_inferred__16/i__carry__0_n_4
    SLICE_X87Y122        LUT6 (Prop_lut6_I2_O)        0.306   177.686 f  dut/core1/execute_unit/u_fpu/u_divider/i__carry_i_10__19/O
                         net (fo=1, routed)           0.154   177.840    dut/core1/execute_unit/u_fpu/u_divider/i__carry_i_10__19_n_0
    SLICE_X87Y122        LUT6 (Prop_lut6_I1_O)        0.124   177.964 r  dut/core1/execute_unit/u_fpu/u_divider/i__carry_i_8__19/O
                         net (fo=4, routed)           0.625   178.589    dut/core1/execute_unit/u_fpu/u_divider/i__carry_i_8__19_n_0
    SLICE_X88Y122        LUT4 (Prop_lut4_I3_O)        0.124   178.713 r  dut/core1/execute_unit/u_fpu/u_divider/i__carry_i_5__3/O
                         net (fo=28, routed)          1.818   180.531    dut/core1/execute_unit/u_fpu/u_divider/i__carry_i_5__3_n_0
    SLICE_X86Y118        LUT2 (Prop_lut2_I1_O)        0.124   180.655 r  dut/core1/execute_unit/u_fpu/u_divider/i__carry_i_4__16/O
                         net (fo=1, routed)           0.000   180.655    dut/core1/execute_unit/u_fpu/u_divider/i__carry_i_4__16_n_0
    SLICE_X86Y118        CARRY4 (Prop_carry4_S[0]_CO[3])
                                                      0.513   181.168 r  dut/core1/execute_unit/u_fpu/u_divider/exp_norm0_inferred__17/i__carry/CO[3]
                         net (fo=1, routed)           0.000   181.168    dut/core1/execute_unit/u_fpu/u_divider/exp_norm0_inferred__17/i__carry_n_0
    SLICE_X86Y119        CARRY4 (Prop_carry4_CI_O[2])
                                                      0.239   181.407 f  dut/core1/execute_unit/u_fpu/u_divider/exp_norm0_inferred__17/i__carry__0/O[2]
                         net (fo=3, routed)           0.820   182.228    dut/core1/execute_unit/u_fpu/u_divider/exp_norm0_inferred__17/i__carry__0_n_5
    SLICE_X87Y118        LUT6 (Prop_lut6_I1_O)        0.301   182.529 f  dut/core1/execute_unit/u_fpu/u_divider/i__carry_i_9__16/O
                         net (fo=1, routed)           0.877   183.405    dut/core1/execute_unit/u_fpu/u_divider/i__carry_i_9__16_n_0
    SLICE_X87Y118        LUT6 (Prop_lut6_I1_O)        0.124   183.529 r  dut/core1/execute_unit/u_fpu/u_divider/i__carry_i_7__19/O
                         net (fo=3, routed)           1.402   184.932    dut/core1/execute_unit/u_fpu/u_divider/i__carry_i_7__19_n_0
    SLICE_X88Y122        LUT6 (Prop_lut6_I5_O)        0.124   185.056 r  dut/core1/execute_unit/u_fpu/u_divider/i__carry_i_5__2/O
                         net (fo=26, routed)          0.536   185.591    dut/core1/execute_unit/u_fpu/u_divider/i__carry_i_5__2_n_0
    SLICE_X84Y117        LUT2 (Prop_lut2_I1_O)        0.124   185.715 r  dut/core1/execute_unit/u_fpu/u_divider/i__carry_i_4__17/O
                         net (fo=1, routed)           0.000   185.715    dut/core1/execute_unit/u_fpu/u_divider/i__carry_i_4__17_n_0
    SLICE_X84Y117        CARRY4 (Prop_carry4_S[0]_CO[3])
                                                      0.532   186.247 r  dut/core1/execute_unit/u_fpu/u_divider/exp_norm0_inferred__18/i__carry/CO[3]
                         net (fo=1, routed)           0.000   186.247    dut/core1/execute_unit/u_fpu/u_divider/exp_norm0_inferred__18/i__carry_n_0
    SLICE_X84Y118        CARRY4 (Prop_carry4_CI_CO[3])
                                                      0.114   186.361 r  dut/core1/execute_unit/u_fpu/u_divider/exp_norm0_inferred__18/i__carry__0/CO[3]
                         net (fo=1, routed)           0.000   186.361    dut/core1/execute_unit/u_fpu/u_divider/exp_norm0_inferred__18/i__carry__0_n_0
    SLICE_X84Y119        CARRY4 (Prop_carry4_CI_O[1])
                                                      0.334   186.695 f  dut/core1/execute_unit/u_fpu/u_divider/exp_norm0_inferred__18/i__carry__1/O[1]
                         net (fo=3, routed)           1.175   187.870    dut/core1/execute_unit/u_fpu/u_divider/exp_norm0_inferred__18/i__carry__1_n_6
    SLICE_X81Y117        LUT6 (Prop_lut6_I3_O)        0.303   188.173 r  dut/core1/execute_unit/u_fpu/u_divider/i__carry_i_9__17/O
                         net (fo=5, routed)           1.248   189.421    dut/core1/execute_unit/u_fpu/u_divider/i__carry_i_9__17_n_0
    SLICE_X88Y122        LUT6 (Prop_lut6_I5_O)        0.124   189.545 r  dut/core1/execute_unit/u_fpu/u_divider/i__carry_i_5__1/O
                         net (fo=26, routed)          1.988   191.533    dut/core1/execute_unit/u_fpu/u_divider/i__carry_i_5__1_n_0
    SLICE_X67Y112        LUT2 (Prop_lut2_I1_O)        0.124   191.657 r  dut/core1/execute_unit/u_fpu/u_divider/i__carry_i_4__18/O
                         net (fo=1, routed)           0.000   191.657    dut/core1/execute_unit/u_fpu/u_divider/i__carry_i_4__18_n_0
    SLICE_X67Y112        CARRY4 (Prop_carry4_S[0]_O[3])
                                                      0.606   192.263 f  dut/core1/execute_unit/u_fpu/u_divider/exp_norm0_inferred__19/i__carry/O[3]
                         net (fo=3, routed)           1.308   193.571    dut/core1/execute_unit/u_fpu/u_divider/exp_norm0_inferred__19/i__carry_n_4
    SLICE_X81Y115        LUT6 (Prop_lut6_I3_O)        0.306   193.877 f  dut/core1/execute_unit/u_fpu/u_divider/i__carry_i_9__18/O
                         net (fo=1, routed)           0.633   194.510    dut/core1/execute_unit/u_fpu/u_divider/i__carry_i_9__18_n_0
    SLICE_X81Y116        LUT6 (Prop_lut6_I1_O)        0.124   194.634 r  dut/core1/execute_unit/u_fpu/u_divider/i__carry_i_6__20/O
                         net (fo=6, routed)           0.788   195.421    dut/core1/execute_unit/u_fpu/u_divider/i__carry_i_6__20_n_0
    SLICE_X81Y121        LUT4 (Prop_lut4_I0_O)        0.124   195.545 r  dut/core1/execute_unit/u_fpu/u_divider/i__carry_i_5__0/O
                         net (fo=24, routed)          1.790   197.335    dut/core1/execute_unit/u_fpu/u_divider/i__carry_i_5__0_n_0
    SLICE_X80Y115        LUT2 (Prop_lut2_I1_O)        0.124   197.459 r  dut/core1/execute_unit/u_fpu/u_divider/i__carry_i_4__19/O
                         net (fo=1, routed)           0.000   197.459    dut/core1/execute_unit/u_fpu/u_divider/i__carry_i_4__19_n_0
    SLICE_X80Y115        CARRY4 (Prop_carry4_S[0]_CO[3])
                                                      0.532   197.991 r  dut/core1/execute_unit/u_fpu/u_divider/exp_norm0_inferred__20/i__carry/CO[3]
                         net (fo=1, routed)           0.000   197.991    dut/core1/execute_unit/u_fpu/u_divider/exp_norm0_inferred__20/i__carry_n_0
    SLICE_X80Y116        CARRY4 (Prop_carry4_CI_O[2])
                                                      0.239   198.230 r  dut/core1/execute_unit/u_fpu/u_divider/exp_norm0_inferred__20/i__carry__0/O[2]
                         net (fo=3, routed)           0.974   199.204    dut/core1/execute_unit/u_fpu/u_divider/exp_norm0_inferred__20/i__carry__0_n_5
    SLICE_X81Y115        LUT6 (Prop_lut6_I2_O)        0.302   199.506 r  dut/core1/execute_unit/u_fpu/u_divider/i__carry_i_9__19/O
                         net (fo=1, routed)           0.154   199.661    dut/core1/execute_unit/u_fpu/u_divider/i__carry_i_9__19_n_0
    SLICE_X81Y115        LUT6 (Prop_lut6_I1_O)        0.124   199.785 f  dut/core1/execute_unit/u_fpu/u_divider/i__carry_i_7__20/O
                         net (fo=12, routed)          0.777   200.562    dut/core1/execute_unit/u_fpu/u_divider/i__carry_i_7__20_n_0
    SLICE_X81Y121        LUT2 (Prop_lut2_I1_O)        0.124   200.686 r  dut/core1/execute_unit/u_fpu/u_divider/i__carry_i_5/O
                         net (fo=24, routed)          1.004   201.690    dut/core1/execute_unit/u_fpu/u_divider/i__carry_i_5_n_0
    SLICE_X67Y109        LUT2 (Prop_lut2_I1_O)        0.124   201.814 r  dut/core1/execute_unit/u_fpu/u_divider/i__carry_i_4__20/O
                         net (fo=1, routed)           0.000   201.814    dut/core1/execute_unit/u_fpu/u_divider/i__carry_i_4__20_n_0
    SLICE_X67Y109        CARRY4 (Prop_carry4_S[0]_CO[3])
                                                      0.532   202.346 r  dut/core1/execute_unit/u_fpu/u_divider/exp_norm0_inferred__21/i__carry/CO[3]
                         net (fo=1, routed)           0.000   202.346    dut/core1/execute_unit/u_fpu/u_divider/exp_norm0_inferred__21/i__carry_n_0
    SLICE_X67Y110        CARRY4 (Prop_carry4_CI_O[0])
                                                      0.222   202.568 f  dut/core1/execute_unit/u_fpu/u_divider/exp_norm0_inferred__21/i__carry__0/O[0]
                         net (fo=4, routed)           0.831   203.399    dut/core1/execute_unit/u_fpu/u_divider/exp_norm0_inferred__21/i__carry__0_n_7
    SLICE_X63Y110        LUT6 (Prop_lut6_I0_O)        0.299   203.698 r  dut/core1/execute_unit/u_fpu/u_divider/out_res[30]_i_10/O
                         net (fo=8, routed)           0.599   204.297    dut/core1/execute_unit/u_fpu/u_divider/out_res[30]_i_10_n_0
    SLICE_X62Y112        LUT6 (Prop_lut6_I3_O)        0.124   204.421 r  dut/core1/execute_unit/u_fpu/u_divider/out_res[30]_i_21/O
                         net (fo=9, routed)           1.334   205.755    dut/core1/execute_unit/u_fpu/u_divider/out_res[30]_i_21_n_0
    SLICE_X80Y121        LUT6 (Prop_lut6_I5_O)        0.124   205.879 r  dut/core1/execute_unit/u_fpu/u_divider/out_res[30]_i_9/O
                         net (fo=33, routed)          2.445   208.323    dut/core1/execute_unit/u_fpu/u_divider/out_res[30]_i_9_n_0
    SLICE_X59Y106        LUT6 (Prop_lut6_I2_O)        0.124   208.447 r  dut/core1/execute_unit/u_fpu/u_divider/out_res[29]_i_5/O
                         net (fo=3, routed)           0.998   209.445    dut/core1/execute_unit/u_fpu/u_divider/out_res[29]_i_5_n_0
    SLICE_X59Y108        LUT6 (Prop_lut6_I5_O)        0.124   209.569 f  dut/core1/execute_unit/u_fpu/u_divider/out_res[21]_i_2/O
                         net (fo=22, routed)          2.147   211.716    dut/core1/execute_unit/u_fpu/u_divider/out_res[21]_i_2_n_0
    SLICE_X50Y118        LUT6 (Prop_lut6_I0_O)        0.124   211.840 r  dut/core1/execute_unit/u_fpu/u_divider/out_res[21]_i_1/O
                         net (fo=1, routed)           0.000   211.840    dut/core1/execute_unit/u_fpu/u_divider/out_res[21]_i_1_n_0
    SLICE_X50Y118        FDCE                                         r  dut/core1/execute_unit/u_fpu/u_divider/out_res_reg[21]/D
  -------------------------------------------------------------------    -------------------

Slack:                    inf
  Source:                 dut/core1/ex_mem/RD_F_M_reg[1]/C
                            (rising edge-triggered cell FDRE)
  Destination:            dut/core1/execute_unit/u_fpu/u_divider/out_res_reg[9]/D
  Path Group:             (none)
  Path Type:              Max at Slow Process Corner
  Data Path Delay:        211.821ns  (logic 72.919ns (34.425%)  route 138.901ns (65.575%))
  Logic Levels:           338  (CARRY4=217 FDRE=1 LUT2=23 LUT3=23 LUT4=7 LUT5=4 LUT6=63)

    Location             Delay type                Incr(ns)  Path(ns)    Netlist Resource(s)
  -------------------------------------------------------------------    -------------------
    SLICE_X52Y80         FDRE                         0.000     0.000 r  dut/core1/ex_mem/RD_F_M_reg[1]/C
    SLICE_X52Y80         FDRE (Prop_fdre_C_Q)         0.456     0.456 f  dut/core1/ex_mem/RD_F_M_reg[1]/Q
                         net (fo=9, routed)           2.131     2.587    dut/core1/ex_mem/RD_F_M[1]
    SLICE_X39Y81         LUT6 (Prop_lut6_I0_O)        0.124     2.711 f  dut/core1/ex_mem/A_r[31]_i_13/O
                         net (fo=2, routed)           0.636     3.347    dut/core1/ex_mem/A_r[31]_i_13_n_0
    SLICE_X37Y81         LUT6 (Prop_lut6_I0_O)        0.124     3.471 f  dut/core1/ex_mem/A_r[31]_i_8/O
                         net (fo=65, routed)          0.841     4.312    dut/core1/id_ex/A_r_reg[31][0]
    SLICE_X37Y80         LUT3 (Prop_lut3_I2_O)        0.124     4.436 r  dut/core1/id_ex/A_r[31]_i_7/O
                         net (fo=64, routed)          1.682     6.118    dut/core1/id_ex/ForwardAE[0]
    SLICE_X45Y82         LUT5 (Prop_lut5_I1_O)        0.124     6.242 r  dut/core1/id_ex/forward_a_mux/A_r[26]_i_3/O
                         net (fo=8, routed)           3.358     9.600    dut/core1/id_ex/execute_unit/SrcA_Forwarded[26]
    SLICE_X81Y118        LUT3 (Prop_lut3_I2_O)        0.124     9.724 r  dut/core1/id_ex/A_r[26]_i_1/O
                         net (fo=82, routed)          4.034    13.758    dut/core1/id_ex/FPU_RS1_Input[26]
    SLICE_X64Y124        LUT5 (Prop_lut5_I1_O)        0.124    13.882 r  dut/core1/id_ex/out_res[31]_i_3/O
                         net (fo=4, routed)           1.403    15.285    dut/core1/mem_wb/exp_norm20_in[0]
    SLICE_X56Y133        LUT2 (Prop_lut2_I1_O)        0.124    15.409 r  dut/core1/mem_wb/out_res[30]_i_687/O
                         net (fo=1, routed)           0.000    15.409    dut/core1/mem_wb_n_58
    SLICE_X56Y133        CARRY4 (Prop_carry4_S[0]_CO[3])
                                                      0.532    15.941 r  dut/core1/u_divider/out_res_reg[30]_i_633/CO[3]
                         net (fo=1, routed)           0.000    15.941    dut/core1/u_divider/out_res_reg[30]_i_633_n_0
    SLICE_X56Y134        CARRY4 (Prop_carry4_CI_CO[3])
                                                      0.114    16.055 r  dut/core1/u_divider/out_res_reg[30]_i_628/CO[3]
                         net (fo=1, routed)           0.000    16.055    dut/core1/u_divider/out_res_reg[30]_i_628_n_0
    SLICE_X56Y135        CARRY4 (Prop_carry4_CI_CO[3])
                                                      0.114    16.169 r  dut/core1/u_divider/out_res_reg[30]_i_623/CO[3]
                         net (fo=1, routed)           0.000    16.169    dut/core1/u_divider/out_res_reg[30]_i_623_n_0
    SLICE_X56Y136        CARRY4 (Prop_carry4_CI_CO[3])
                                                      0.114    16.283 r  dut/core1/u_divider/out_res_reg[30]_i_618/CO[3]
                         net (fo=1, routed)           0.000    16.283    dut/core1/u_divider/out_res_reg[30]_i_618_n_0
    SLICE_X56Y137        CARRY4 (Prop_carry4_CI_CO[3])
                                                      0.114    16.397 r  dut/core1/u_divider/out_res_reg[30]_i_613/CO[3]
                         net (fo=1, routed)           0.000    16.397    dut/core1/u_divider/out_res_reg[30]_i_613_n_0
    SLICE_X56Y138        CARRY4 (Prop_carry4_CI_CO[3])
                                                      0.114    16.511 r  dut/core1/u_divider/out_res_reg[30]_i_610/CO[3]
                         net (fo=1, routed)           0.000    16.511    dut/core1/u_divider/out_res_reg[30]_i_610_n_0
    SLICE_X56Y139        CARRY4 (Prop_carry4_CI_CO[0])
                                                      0.271    16.782 r  dut/core1/u_divider/out_res_reg[30]_i_609/CO[0]
                         net (fo=27, routed)          2.223    19.005    dut/core1/u_divider/out_res_reg[30]_i_609_n_3
    SLICE_X55Y131        LUT3 (Prop_lut3_I0_O)        0.373    19.378 r  dut/core1/u_divider/out_res[30]_i_640/O
                         net (fo=1, routed)           0.000    19.378    dut/core1/u_divider/out_res[30]_i_640_n_0
    SLICE_X55Y131        CARRY4 (Prop_carry4_S[1]_CO[3])
                                                      0.550    19.928 r  dut/core1/u_divider/out_res_reg[30]_i_601/CO[3]
                         net (fo=1, routed)           0.000    19.928    dut/core1/u_divider/out_res_reg[30]_i_601_n_0
    SLICE_X55Y132        CARRY4 (Prop_carry4_CI_CO[3])
                                                      0.114    20.042 r  dut/core1/u_divider/out_res_reg[30]_i_596/CO[3]
                         net (fo=1, routed)           0.000    20.042    dut/core1/u_divider/out_res_reg[30]_i_596_n_0
    SLICE_X55Y133        CARRY4 (Prop_carry4_CI_CO[3])
                                                      0.114    20.156 r  dut/core1/u_divider/out_res_reg[30]_i_591/CO[3]
                         net (fo=1, routed)           0.000    20.156    dut/core1/u_divider/out_res_reg[30]_i_591_n_0
    SLICE_X55Y134        CARRY4 (Prop_carry4_CI_CO[3])
                                                      0.114    20.270 r  dut/core1/u_divider/out_res_reg[30]_i_586/CO[3]
                         net (fo=1, routed)           0.000    20.270    dut/core1/u_divider/out_res_reg[30]_i_586_n_0
    SLICE_X55Y135        CARRY4 (Prop_carry4_CI_CO[3])
                                                      0.114    20.384 r  dut/core1/u_divider/out_res_reg[30]_i_581/CO[3]
                         net (fo=1, routed)           0.000    20.384    dut/core1/u_divider/out_res_reg[30]_i_581_n_0
    SLICE_X55Y136        CARRY4 (Prop_carry4_CI_CO[3])
                                                      0.114    20.498 r  dut/core1/u_divider/out_res_reg[30]_i_578/CO[3]
                         net (fo=1, routed)           0.000    20.498    dut/core1/u_divider/out_res_reg[30]_i_578_n_0
    SLICE_X55Y137        CARRY4 (Prop_carry4_CI_CO[1])
                                                      0.157    20.655 r  dut/core1/u_divider/out_res_reg[30]_i_577/CO[1]
                         net (fo=27, routed)          2.249    22.904    dut/core1/u_divider/out_res_reg[30]_i_577_n_2
    SLICE_X53Y129        LUT3 (Prop_lut3_I0_O)        0.329    23.233 r  dut/core1/u_divider/out_res[30]_i_608/O
                         net (fo=1, routed)           0.000    23.233    dut/core1/u_divider/out_res[30]_i_608_n_0
    SLICE_X53Y129        CARRY4 (Prop_carry4_S[1]_CO[3])
                                                      0.550    23.783 r  dut/core1/u_divider/out_res_reg[30]_i_569/CO[3]
                         net (fo=1, routed)           0.000    23.783    dut/core1/u_divider/out_res_reg[30]_i_569_n_0
    SLICE_X53Y130        CARRY4 (Prop_carry4_CI_CO[3])
                                                      0.114    23.897 r  dut/core1/u_divider/out_res_reg[30]_i_564/CO[3]
                         net (fo=1, routed)           0.000    23.897    dut/core1/u_divider/out_res_reg[30]_i_564_n_0
    SLICE_X53Y131        CARRY4 (Prop_carry4_CI_CO[3])
                                                      0.114    24.011 r  dut/core1/u_divider/out_res_reg[30]_i_559/CO[3]
                         net (fo=1, routed)           0.000    24.011    dut/core1/u_divider/out_res_reg[30]_i_559_n_0
    SLICE_X53Y132        CARRY4 (Prop_carry4_CI_CO[3])
                                                      0.114    24.125 r  dut/core1/u_divider/out_res_reg[30]_i_554/CO[3]
                         net (fo=1, routed)           0.000    24.125    dut/core1/u_divider/out_res_reg[30]_i_554_n_0
    SLICE_X53Y133        CARRY4 (Prop_carry4_CI_CO[3])
                                                      0.114    24.239 r  dut/core1/u_divider/out_res_reg[30]_i_549/CO[3]
                         net (fo=1, routed)           0.000    24.239    dut/core1/u_divider/out_res_reg[30]_i_549_n_0
    SLICE_X53Y134        CARRY4 (Prop_carry4_CI_CO[3])
                                                      0.114    24.353 r  dut/core1/u_divider/out_res_reg[30]_i_546/CO[3]
                         net (fo=1, routed)           0.000    24.353    dut/core1/u_divider/out_res_reg[30]_i_546_n_0
    SLICE_X53Y135        CARRY4 (Prop_carry4_CI_CO[1])
                                                      0.157    24.510 r  dut/core1/u_divider/out_res_reg[30]_i_545/CO[1]
                         net (fo=27, routed)          1.533    26.043    dut/core1/u_divider/out_res_reg[30]_i_545_n_2
    SLICE_X52Y128        LUT3 (Prop_lut3_I0_O)        0.329    26.372 r  dut/core1/u_divider/out_res[30]_i_576/O
                         net (fo=1, routed)           0.000    26.372    dut/core1/u_divider/out_res[30]_i_576_n_0
    SLICE_X52Y128        CARRY4 (Prop_carry4_S[1]_CO[3])
                                                      0.550    26.922 r  dut/core1/u_divider/out_res_reg[30]_i_537/CO[3]
                         net (fo=1, routed)           0.000    26.922    dut/core1/u_divider/out_res_reg[30]_i_537_n_0
    SLICE_X52Y129        CARRY4 (Prop_carry4_CI_CO[3])
                                                      0.114    27.036 r  dut/core1/u_divider/out_res_reg[30]_i_532/CO[3]
                         net (fo=1, routed)           0.000    27.036    dut/core1/u_divider/out_res_reg[30]_i_532_n_0
    SLICE_X52Y130        CARRY4 (Prop_carry4_CI_CO[3])
                                                      0.114    27.150 r  dut/core1/u_divider/out_res_reg[30]_i_527/CO[3]
                         net (fo=1, routed)           0.000    27.150    dut/core1/u_divider/out_res_reg[30]_i_527_n_0
    SLICE_X52Y131        CARRY4 (Prop_carry4_CI_CO[3])
                                                      0.114    27.264 r  dut/core1/u_divider/out_res_reg[30]_i_522/CO[3]
                         net (fo=1, routed)           0.000    27.264    dut/core1/u_divider/out_res_reg[30]_i_522_n_0
    SLICE_X52Y132        CARRY4 (Prop_carry4_CI_CO[3])
                                                      0.114    27.378 r  dut/core1/u_divider/out_res_reg[30]_i_517/CO[3]
                         net (fo=1, routed)           0.000    27.378    dut/core1/u_divider/out_res_reg[30]_i_517_n_0
    SLICE_X52Y133        CARRY4 (Prop_carry4_CI_CO[3])
                                                      0.114    27.492 r  dut/core1/u_divider/out_res_reg[30]_i_514/CO[3]
                         net (fo=1, routed)           0.000    27.492    dut/core1/u_divider/out_res_reg[30]_i_514_n_0
    SLICE_X52Y134        CARRY4 (Prop_carry4_CI_CO[1])
                                                      0.157    27.649 r  dut/core1/u_divider/out_res_reg[30]_i_513/CO[1]
                         net (fo=27, routed)          1.847    29.496    dut/core1/u_divider/out_res_reg[30]_i_513_n_2
    SLICE_X51Y128        LUT3 (Prop_lut3_I0_O)        0.329    29.825 r  dut/core1/u_divider/out_res[30]_i_544/O
                         net (fo=1, routed)           0.000    29.825    dut/core1/u_divider/out_res[30]_i_544_n_0
    SLICE_X51Y128        CARRY4 (Prop_carry4_S[1]_CO[3])
                                                      0.550    30.375 r  dut/core1/u_divider/out_res_reg[30]_i_505/CO[3]
                         net (fo=1, routed)           0.000    30.375    dut/core1/u_divider/out_res_reg[30]_i_505_n_0
    SLICE_X51Y129        CARRY4 (Prop_carry4_CI_CO[3])
                                                      0.114    30.489 r  dut/core1/u_divider/out_res_reg[30]_i_500/CO[3]
                         net (fo=1, routed)           0.000    30.489    dut/core1/u_divider/out_res_reg[30]_i_500_n_0
    SLICE_X51Y130        CARRY4 (Prop_carry4_CI_CO[3])
                                                      0.114    30.603 r  dut/core1/u_divider/out_res_reg[30]_i_495/CO[3]
                         net (fo=1, routed)           0.000    30.603    dut/core1/u_divider/out_res_reg[30]_i_495_n_0
    SLICE_X51Y131        CARRY4 (Prop_carry4_CI_CO[3])
                                                      0.114    30.717 r  dut/core1/u_divider/out_res_reg[30]_i_490/CO[3]
                         net (fo=1, routed)           0.000    30.717    dut/core1/u_divider/out_res_reg[30]_i_490_n_0
    SLICE_X51Y132        CARRY4 (Prop_carry4_CI_CO[3])
                                                      0.114    30.831 r  dut/core1/u_divider/out_res_reg[30]_i_485/CO[3]
                         net (fo=1, routed)           0.000    30.831    dut/core1/u_divider/out_res_reg[30]_i_485_n_0
    SLICE_X51Y133        CARRY4 (Prop_carry4_CI_CO[3])
                                                      0.114    30.945 r  dut/core1/u_divider/out_res_reg[30]_i_482/CO[3]
                         net (fo=1, routed)           0.000    30.945    dut/core1/u_divider/out_res_reg[30]_i_482_n_0
    SLICE_X51Y134        CARRY4 (Prop_carry4_CI_CO[1])
                                                      0.157    31.102 r  dut/core1/u_divider/out_res_reg[30]_i_481/CO[1]
                         net (fo=27, routed)          1.537    32.639    dut/core1/u_divider/out_res_reg[30]_i_481_n_2
    SLICE_X50Y128        LUT3 (Prop_lut3_I0_O)        0.329    32.968 r  dut/core1/u_divider/out_res[30]_i_511/O
                         net (fo=1, routed)           0.000    32.968    dut/core1/u_divider/out_res[30]_i_511_n_0
    SLICE_X50Y128        CARRY4 (Prop_carry4_S[2]_CO[3])
                                                      0.380    33.348 r  dut/core1/u_divider/out_res_reg[30]_i_473/CO[3]
                         net (fo=1, routed)           0.000    33.348    dut/core1/u_divider/out_res_reg[30]_i_473_n_0
    SLICE_X50Y129        CARRY4 (Prop_carry4_CI_CO[3])
                                                      0.117    33.465 r  dut/core1/u_divider/out_res_reg[30]_i_468/CO[3]
                         net (fo=1, routed)           0.000    33.465    dut/core1/u_divider/out_res_reg[30]_i_468_n_0
    SLICE_X50Y130        CARRY4 (Prop_carry4_CI_CO[3])
                                                      0.117    33.582 r  dut/core1/u_divider/out_res_reg[30]_i_463/CO[3]
                         net (fo=1, routed)           0.000    33.582    dut/core1/u_divider/out_res_reg[30]_i_463_n_0
    SLICE_X50Y131        CARRY4 (Prop_carry4_CI_CO[3])
                                                      0.117    33.699 r  dut/core1/u_divider/out_res_reg[30]_i_458/CO[3]
                         net (fo=1, routed)           0.000    33.699    dut/core1/u_divider/out_res_reg[30]_i_458_n_0
    SLICE_X50Y132        CARRY4 (Prop_carry4_CI_CO[3])
                                                      0.117    33.816 r  dut/core1/u_divider/out_res_reg[30]_i_453/CO[3]
                         net (fo=1, routed)           0.000    33.816    dut/core1/u_divider/out_res_reg[30]_i_453_n_0
    SLICE_X50Y133        CARRY4 (Prop_carry4_CI_CO[3])
                                                      0.117    33.933 r  dut/core1/u_divider/out_res_reg[30]_i_450/CO[3]
                         net (fo=1, routed)           0.000    33.933    dut/core1/u_divider/out_res_reg[30]_i_450_n_0
    SLICE_X50Y134        CARRY4 (Prop_carry4_CI_CO[1])
                                                      0.157    34.090 r  dut/core1/u_divider/out_res_reg[30]_i_449/CO[1]
                         net (fo=27, routed)          2.011    36.102    dut/core1/u_divider/out_res_reg[30]_i_449_n_2
    SLICE_X47Y128        LUT3 (Prop_lut3_I0_O)        0.332    36.434 r  dut/core1/u_divider/out_res[30]_i_478/O
                         net (fo=1, routed)           0.000    36.434    dut/core1/u_divider/out_res[30]_i_478_n_0
    SLICE_X47Y128        CARRY4 (Prop_carry4_S[3]_CO[3])
                                                      0.401    36.835 r  dut/core1/u_divider/out_res_reg[30]_i_441/CO[3]
                         net (fo=1, routed)           0.000    36.835    dut/core1/u_divider/out_res_reg[30]_i_441_n_0
    SLICE_X47Y129        CARRY4 (Prop_carry4_CI_CO[3])
                                                      0.114    36.949 r  dut/core1/u_divider/out_res_reg[30]_i_436/CO[3]
                         net (fo=1, routed)           0.000    36.949    dut/core1/u_divider/out_res_reg[30]_i_436_n_0
    SLICE_X47Y130        CARRY4 (Prop_carry4_CI_CO[3])
                                                      0.114    37.063 r  dut/core1/u_divider/out_res_reg[30]_i_431/CO[3]
                         net (fo=1, routed)           0.000    37.063    dut/core1/u_divider/out_res_reg[30]_i_431_n_0
    SLICE_X47Y131        CARRY4 (Prop_carry4_CI_CO[3])
                                                      0.114    37.177 r  dut/core1/u_divider/out_res_reg[30]_i_426/CO[3]
                         net (fo=1, routed)           0.000    37.177    dut/core1/u_divider/out_res_reg[30]_i_426_n_0
    SLICE_X47Y132        CARRY4 (Prop_carry4_CI_CO[3])
                                                      0.114    37.291 r  dut/core1/u_divider/out_res_reg[30]_i_421/CO[3]
                         net (fo=1, routed)           0.000    37.291    dut/core1/u_divider/out_res_reg[30]_i_421_n_0
    SLICE_X47Y133        CARRY4 (Prop_carry4_CI_CO[3])
                                                      0.114    37.405 r  dut/core1/u_divider/out_res_reg[30]_i_418/CO[3]
                         net (fo=1, routed)           0.000    37.405    dut/core1/u_divider/out_res_reg[30]_i_418_n_0
    SLICE_X47Y134        CARRY4 (Prop_carry4_CI_CO[1])
                                                      0.157    37.562 r  dut/core1/u_divider/out_res_reg[30]_i_417/CO[1]
                         net (fo=27, routed)          1.865    39.427    dut/core1/u_divider/out_res_reg[30]_i_417_n_2
    SLICE_X45Y129        LUT3 (Prop_lut3_I0_O)        0.329    39.756 r  dut/core1/u_divider/out_res[30]_i_446/O
                         net (fo=1, routed)           0.000    39.756    dut/core1/u_divider/out_res[30]_i_446_n_0
    SLICE_X45Y129        CARRY4 (Prop_carry4_S[3]_CO[3])
                                                      0.401    40.157 r  dut/core1/u_divider/out_res_reg[30]_i_409/CO[3]
                         net (fo=1, routed)           0.000    40.157    dut/core1/u_divider/out_res_reg[30]_i_409_n_0
    SLICE_X45Y130        CARRY4 (Prop_carry4_CI_CO[3])
                                                      0.114    40.271 r  dut/core1/u_divider/out_res_reg[30]_i_404/CO[3]
                         net (fo=1, routed)           0.000    40.271    dut/core1/u_divider/out_res_reg[30]_i_404_n_0
    SLICE_X45Y131        CARRY4 (Prop_carry4_CI_CO[3])
                                                      0.114    40.385 r  dut/core1/u_divider/out_res_reg[30]_i_399/CO[3]
                         net (fo=1, routed)           0.000    40.385    dut/core1/u_divider/out_res_reg[30]_i_399_n_0
    SLICE_X45Y132        CARRY4 (Prop_carry4_CI_CO[3])
                                                      0.114    40.499 r  dut/core1/u_divider/out_res_reg[30]_i_394/CO[3]
                         net (fo=1, routed)           0.000    40.499    dut/core1/u_divider/out_res_reg[30]_i_394_n_0
    SLICE_X45Y133        CARRY4 (Prop_carry4_CI_CO[3])
                                                      0.114    40.613 r  dut/core1/u_divider/out_res_reg[30]_i_389/CO[3]
                         net (fo=1, routed)           0.000    40.613    dut/core1/u_divider/out_res_reg[30]_i_389_n_0
    SLICE_X45Y134        CARRY4 (Prop_carry4_CI_CO[3])
                                                      0.114    40.727 r  dut/core1/u_divider/out_res_reg[30]_i_386/CO[3]
                         net (fo=1, routed)           0.000    40.727    dut/core1/u_divider/out_res_reg[30]_i_386_n_0
    SLICE_X45Y135        CARRY4 (Prop_carry4_CI_CO[1])
                                                      0.157    40.884 r  dut/core1/u_divider/out_res_reg[30]_i_385/CO[1]
                         net (fo=27, routed)          2.270    43.155    dut/core1/u_divider/out_res_reg[30]_i_385_n_2
    SLICE_X45Y120        LUT3 (Prop_lut3_I0_O)        0.329    43.484 r  dut/core1/u_divider/out_res[30]_i_416/O
                         net (fo=1, routed)           0.000    43.484    dut/core1/u_divider/out_res[30]_i_416_n_0
    SLICE_X45Y120        CARRY4 (Prop_carry4_S[1]_CO[3])
                                                      0.550    44.034 r  dut/core1/u_divider/out_res_reg[30]_i_377/CO[3]
                         net (fo=1, routed)           0.000    44.034    dut/core1/u_divider/out_res_reg[30]_i_377_n_0
    SLICE_X45Y121        CARRY4 (Prop_carry4_CI_CO[3])
                                                      0.114    44.148 r  dut/core1/u_divider/out_res_reg[30]_i_372/CO[3]
                         net (fo=1, routed)           0.000    44.148    dut/core1/u_divider/out_res_reg[30]_i_372_n_0
    SLICE_X45Y122        CARRY4 (Prop_carry4_CI_CO[3])
                                                      0.114    44.262 r  dut/core1/u_divider/out_res_reg[30]_i_367/CO[3]
                         net (fo=1, routed)           0.000    44.262    dut/core1/u_divider/out_res_reg[30]_i_367_n_0
    SLICE_X45Y123        CARRY4 (Prop_carry4_CI_CO[3])
                                                      0.114    44.376 r  dut/core1/u_divider/out_res_reg[30]_i_362/CO[3]
                         net (fo=1, routed)           0.000    44.376    dut/core1/u_divider/out_res_reg[30]_i_362_n_0
    SLICE_X45Y124        CARRY4 (Prop_carry4_CI_CO[3])
                                                      0.114    44.490 r  dut/core1/u_divider/out_res_reg[30]_i_357/CO[3]
                         net (fo=1, routed)           0.009    44.499    dut/core1/u_divider/out_res_reg[30]_i_357_n_0
    SLICE_X45Y125        CARRY4 (Prop_carry4_CI_CO[3])
                                                      0.114    44.613 r  dut/core1/u_divider/out_res_reg[30]_i_354/CO[3]
                         net (fo=1, routed)           0.000    44.613    dut/core1/u_divider/out_res_reg[30]_i_354_n_0
    SLICE_X45Y126        CARRY4 (Prop_carry4_CI_CO[1])
                                                      0.157    44.770 r  dut/core1/u_divider/out_res_reg[30]_i_353/CO[1]
                         net (fo=27, routed)          1.636    46.406    dut/core1/u_divider/out_res_reg[30]_i_353_n_2
    SLICE_X46Y120        CARRY4 (Prop_carry4_CYINIT_CO[3])
                                                      0.800    47.206 r  dut/core1/u_divider/out_res_reg[30]_i_344/CO[3]
                         net (fo=1, routed)           0.000    47.206    dut/core1/u_divider/out_res_reg[30]_i_344_n_0
    SLICE_X46Y121        CARRY4 (Prop_carry4_CI_CO[3])
                                                      0.117    47.323 r  dut/core1/u_divider/out_res_reg[30]_i_339/CO[3]
                         net (fo=1, routed)           0.000    47.323    dut/core1/u_divider/out_res_reg[30]_i_339_n_0
    SLICE_X46Y122        CARRY4 (Prop_carry4_CI_CO[3])
                                                      0.117    47.440 r  dut/core1/u_divider/out_res_reg[30]_i_334/CO[3]
                         net (fo=1, routed)           0.000    47.440    dut/core1/u_divider/out_res_reg[30]_i_334_n_0
    SLICE_X46Y123        CARRY4 (Prop_carry4_CI_CO[3])
                                                      0.117    47.557 r  dut/core1/u_divider/out_res_reg[30]_i_329/CO[3]
                         net (fo=1, routed)           0.000    47.557    dut/core1/u_divider/out_res_reg[30]_i_329_n_0
    SLICE_X46Y124        CARRY4 (Prop_carry4_CI_CO[3])
                                                      0.117    47.674 r  dut/core1/u_divider/out_res_reg[30]_i_324/CO[3]
                         net (fo=1, routed)           0.009    47.683    dut/core1/u_divider/out_res_reg[30]_i_324_n_0
    SLICE_X46Y125        CARRY4 (Prop_carry4_CI_CO[3])
                                                      0.117    47.800 r  dut/core1/u_divider/out_res_reg[30]_i_321/CO[3]
                         net (fo=1, routed)           0.000    47.800    dut/core1/u_divider/out_res_reg[30]_i_321_n_0
    SLICE_X46Y126        CARRY4 (Prop_carry4_CI_CO[1])
                                                      0.157    47.957 r  dut/core1/u_divider/out_res_reg[30]_i_320/CO[1]
                         net (fo=27, routed)          1.474    49.431    dut/core1/u_divider/out_res_reg[30]_i_320_n_2
    SLICE_X49Y122        LUT3 (Prop_lut3_I0_O)        0.332    49.763 r  dut/core1/u_divider/out_res[30]_i_351/O
                         net (fo=1, routed)           0.000    49.763    dut/core1/u_divider/out_res[30]_i_351_n_0
    SLICE_X49Y122        CARRY4 (Prop_carry4_S[1]_CO[3])
                                                      0.550    50.313 r  dut/core1/u_divider/out_res_reg[30]_i_311/CO[3]
                         net (fo=1, routed)           0.000    50.313    dut/core1/u_divider/out_res_reg[30]_i_311_n_0
    SLICE_X49Y123        CARRY4 (Prop_carry4_CI_CO[3])
                                                      0.114    50.427 r  dut/core1/u_divider/out_res_reg[30]_i_306/CO[3]
                         net (fo=1, routed)           0.000    50.427    dut/core1/u_divider/out_res_reg[30]_i_306_n_0
    SLICE_X49Y124        CARRY4 (Prop_carry4_CI_CO[3])
                                                      0.114    50.541 r  dut/core1/u_divider/out_res_reg[30]_i_301/CO[3]
                         net (fo=1, routed)           0.009    50.550    dut/core1/u_divider/out_res_reg[30]_i_301_n_0
    SLICE_X49Y125        CARRY4 (Prop_carry4_CI_CO[3])
                                                      0.114    50.664 r  dut/core1/u_divider/out_res_reg[30]_i_296/CO[3]
                         net (fo=1, routed)           0.000    50.664    dut/core1/u_divider/out_res_reg[30]_i_296_n_0
    SLICE_X49Y126        CARRY4 (Prop_carry4_CI_CO[3])
                                                      0.114    50.778 r  dut/core1/u_divider/out_res_reg[30]_i_291/CO[3]
                         net (fo=1, routed)           0.000    50.778    dut/core1/u_divider/out_res_reg[30]_i_291_n_0
    SLICE_X49Y127        CARRY4 (Prop_carry4_CI_CO[3])
                                                      0.114    50.892 r  dut/core1/u_divider/out_res_reg[30]_i_288/CO[3]
                         net (fo=1, routed)           0.000    50.892    dut/core1/u_divider/out_res_reg[30]_i_288_n_0
    SLICE_X49Y128        CARRY4 (Prop_carry4_CI_CO[1])
                                                      0.157    51.049 r  dut/core1/u_divider/out_res_reg[30]_i_287/CO[1]
                         net (fo=27, routed)          2.158    53.207    dut/core1/u_divider/out_res_reg[30]_i_287_n_2
    SLICE_X58Y122        LUT3 (Prop_lut3_I0_O)        0.329    53.536 r  dut/core1/u_divider/out_res[30]_i_318/O
                         net (fo=1, routed)           0.000    53.536    dut/core1/u_divider/out_res[30]_i_318_n_0
    SLICE_X58Y122        CARRY4 (Prop_carry4_S[1]_CO[3])
                                                      0.533    54.069 r  dut/core1/u_divider/out_res_reg[30]_i_278/CO[3]
                         net (fo=1, routed)           0.000    54.069    dut/core1/u_divider/out_res_reg[30]_i_278_n_0
    SLICE_X58Y123        CARRY4 (Prop_carry4_CI_CO[3])
                                                      0.117    54.186 r  dut/core1/u_divider/out_res_reg[30]_i_273/CO[3]
                         net (fo=1, routed)           0.000    54.186    dut/core1/u_divider/out_res_reg[30]_i_273_n_0
    SLICE_X58Y124        CARRY4 (Prop_carry4_CI_CO[3])
                                                      0.117    54.303 r  dut/core1/u_divider/out_res_reg[30]_i_268/CO[3]
                         net (fo=1, routed)           0.009    54.312    dut/core1/u_divider/out_res_reg[30]_i_268_n_0
    SLICE_X58Y125        CARRY4 (Prop_carry4_CI_CO[3])
                                                      0.117    54.429 r  dut/core1/u_divider/out_res_reg[30]_i_263/CO[3]
                         net (fo=1, routed)           0.000    54.429    dut/core1/u_divider/out_res_reg[30]_i_263_n_0
    SLICE_X58Y126        CARRY4 (Prop_carry4_CI_CO[3])
                                                      0.117    54.546 r  dut/core1/u_divider/out_res_reg[30]_i_258/CO[3]
                         net (fo=1, routed)           0.000    54.546    dut/core1/u_divider/out_res_reg[30]_i_258_n_0
    SLICE_X58Y127        CARRY4 (Prop_carry4_CI_CO[3])
                                                      0.117    54.663 r  dut/core1/u_divider/out_res_reg[30]_i_255/CO[3]
                         net (fo=1, routed)           0.000    54.663    dut/core1/u_divider/out_res_reg[30]_i_255_n_0
    SLICE_X58Y128        CARRY4 (Prop_carry4_CI_CO[1])
                                                      0.157    54.820 r  dut/core1/u_divider/out_res_reg[30]_i_254/CO[1]
                         net (fo=27, routed)          1.560    56.380    dut/core1/u_divider/out_res_reg[30]_i_254_n_2
    SLICE_X55Y124        LUT3 (Prop_lut3_I0_O)        0.332    56.712 r  dut/core1/u_divider/out_res[30]_i_283/O
                         net (fo=1, routed)           0.000    56.712    dut/core1/u_divider/out_res[30]_i_283_n_0
    SLICE_X55Y124        CARRY4 (Prop_carry4_S[3]_CO[3])
                                                      0.401    57.113 r  dut/core1/u_divider/out_res_reg[30]_i_245/CO[3]
                         net (fo=1, routed)           0.009    57.122    dut/core1/u_divider/out_res_reg[30]_i_245_n_0
    SLICE_X55Y125        CARRY4 (Prop_carry4_CI_CO[3])
                                                      0.114    57.236 r  dut/core1/u_divider/out_res_reg[30]_i_240/CO[3]
                         net (fo=1, routed)           0.000    57.236    dut/core1/u_divider/out_res_reg[30]_i_240_n_0
    SLICE_X55Y126        CARRY4 (Prop_carry4_CI_CO[3])
                                                      0.114    57.350 r  dut/core1/u_divider/out_res_reg[30]_i_235/CO[3]
                         net (fo=1, routed)           0.000    57.350    dut/core1/u_divider/out_res_reg[30]_i_235_n_0
    SLICE_X55Y127        CARRY4 (Prop_carry4_CI_CO[3])
                                                      0.114    57.464 r  dut/core1/u_divider/out_res_reg[30]_i_230/CO[3]
                         net (fo=1, routed)           0.000    57.464    dut/core1/u_divider/out_res_reg[30]_i_230_n_0
    SLICE_X55Y128        CARRY4 (Prop_carry4_CI_CO[3])
                                                      0.114    57.578 r  dut/core1/u_divider/out_res_reg[30]_i_225/CO[3]
                         net (fo=1, routed)           0.000    57.578    dut/core1/u_divider/out_res_reg[30]_i_225_n_0
    SLICE_X55Y129        CARRY4 (Prop_carry4_CI_CO[3])
                                                      0.114    57.692 r  dut/core1/u_divider/out_res_reg[30]_i_222/CO[3]
                         net (fo=1, routed)           0.000    57.692    dut/core1/u_divider/out_res_reg[30]_i_222_n_0
    SLICE_X55Y130        CARRY4 (Prop_carry4_CI_CO[1])
                                                      0.157    57.849 r  dut/core1/u_divider/out_res_reg[30]_i_221/CO[1]
                         net (fo=27, routed)          2.021    59.871    dut/core1/u_divider/out_res_reg[30]_i_221_n_2
    SLICE_X57Y125        LUT3 (Prop_lut3_I0_O)        0.329    60.200 r  dut/core1/u_divider/out_res[30]_i_252/O
                         net (fo=1, routed)           0.000    60.200    dut/core1/u_divider/out_res[30]_i_252_n_0
    SLICE_X57Y125        CARRY4 (Prop_carry4_S[1]_CO[3])
                                                      0.550    60.750 r  dut/core1/u_divider/out_res_reg[30]_i_212/CO[3]
                         net (fo=1, routed)           0.000    60.750    dut/core1/u_divider/out_res_reg[30]_i_212_n_0
    SLICE_X57Y126        CARRY4 (Prop_carry4_CI_CO[3])
                                                      0.114    60.864 r  dut/core1/u_divider/out_res_reg[30]_i_207/CO[3]
                         net (fo=1, routed)           0.000    60.864    dut/core1/u_divider/out_res_reg[30]_i_207_n_0
    SLICE_X57Y127        CARRY4 (Prop_carry4_CI_CO[3])
                                                      0.114    60.978 r  dut/core1/u_divider/out_res_reg[30]_i_202/CO[3]
                         net (fo=1, routed)           0.000    60.978    dut/core1/u_divider/out_res_reg[30]_i_202_n_0
    SLICE_X57Y128        CARRY4 (Prop_carry4_CI_CO[3])
                                                      0.114    61.092 r  dut/core1/u_divider/out_res_reg[30]_i_197/CO[3]
                         net (fo=1, routed)           0.000    61.092    dut/core1/u_divider/out_res_reg[30]_i_197_n_0
    SLICE_X57Y129        CARRY4 (Prop_carry4_CI_CO[3])
                                                      0.114    61.206 r  dut/core1/u_divider/out_res_reg[30]_i_192/CO[3]
                         net (fo=1, routed)           0.000    61.206    dut/core1/u_divider/out_res_reg[30]_i_192_n_0
    SLICE_X57Y130        CARRY4 (Prop_carry4_CI_CO[3])
                                                      0.114    61.320 r  dut/core1/u_divider/out_res_reg[30]_i_189/CO[3]
                         net (fo=1, routed)           0.000    61.320    dut/core1/u_divider/out_res_reg[30]_i_189_n_0
    SLICE_X57Y131        CARRY4 (Prop_carry4_CI_CO[1])
                                                      0.157    61.477 r  dut/core1/u_divider/out_res_reg[30]_i_188/CO[1]
                         net (fo=27, routed)          1.834    63.311    dut/core1/u_divider/out_res_reg[30]_i_188_n_2
    SLICE_X56Y125        LUT3 (Prop_lut3_I0_O)        0.329    63.640 r  dut/core1/u_divider/out_res[30]_i_215/O
                         net (fo=1, routed)           0.000    63.640    dut/core1/u_divider/out_res[30]_i_215_n_0
    SLICE_X56Y125        CARRY4 (Prop_carry4_S[1]_CO[3])
                                                      0.550    64.190 r  dut/core1/u_divider/out_res_reg[30]_i_174/CO[3]
                         net (fo=1, routed)           0.000    64.190    dut/core1/u_divider/out_res_reg[30]_i_174_n_0
    SLICE_X56Y126        CARRY4 (Prop_carry4_CI_CO[3])
                                                      0.114    64.304 r  dut/core1/u_divider/out_res_reg[30]_i_169/CO[3]
                         net (fo=1, routed)           0.000    64.304    dut/core1/u_divider/out_res_reg[30]_i_169_n_0
    SLICE_X56Y127        CARRY4 (Prop_carry4_CI_CO[3])
                                                      0.114    64.418 r  dut/core1/u_divider/out_res_reg[30]_i_164/CO[3]
                         net (fo=1, routed)           0.000    64.418    dut/core1/u_divider/out_res_reg[30]_i_164_n_0
    SLICE_X56Y128        CARRY4 (Prop_carry4_CI_CO[3])
                                                      0.114    64.532 r  dut/core1/u_divider/out_res_reg[30]_i_159/CO[3]
                         net (fo=1, routed)           0.000    64.532    dut/core1/u_divider/out_res_reg[30]_i_159_n_0
    SLICE_X56Y129        CARRY4 (Prop_carry4_CI_CO[3])
                                                      0.114    64.646 r  dut/core1/u_divider/out_res_reg[30]_i_156/CO[3]
                         net (fo=1, routed)           0.000    64.646    dut/core1/u_divider/out_res_reg[30]_i_156_n_0
    SLICE_X56Y130        CARRY4 (Prop_carry4_CI_CO[1])
                                                      0.157    64.803 r  dut/core1/u_divider/out_res_reg[30]_i_155/CO[1]
                         net (fo=27, routed)          2.475    67.277    dut/core1/u_divider/out_res_reg[30]_i_155_n_2
    SLICE_X54Y123        LUT3 (Prop_lut3_I0_O)        0.329    67.606 r  dut/core1/u_divider/out_res[30]_i_182/O
                         net (fo=1, routed)           0.000    67.606    dut/core1/u_divider/out_res[30]_i_182_n_0
    SLICE_X54Y123        CARRY4 (Prop_carry4_S[1]_CO[3])
                                                      0.533    68.139 r  dut/core1/u_divider/out_res_reg[30]_i_141/CO[3]
                         net (fo=1, routed)           0.000    68.139    dut/core1/u_divider/out_res_reg[30]_i_141_n_0
    SLICE_X54Y124        CARRY4 (Prop_carry4_CI_CO[3])
                                                      0.117    68.256 r  dut/core1/u_divider/out_res_reg[30]_i_136/CO[3]
                         net (fo=1, routed)           0.009    68.265    dut/core1/u_divider/out_res_reg[30]_i_136_n_0
    SLICE_X54Y125        CARRY4 (Prop_carry4_CI_CO[3])
                                                      0.117    68.382 r  dut/core1/u_divider/out_res_reg[30]_i_131/CO[3]
                         net (fo=1, routed)           0.000    68.382    dut/core1/u_divider/out_res_reg[30]_i_131_n_0
    SLICE_X54Y126        CARRY4 (Prop_carry4_CI_CO[3])
                                                      0.117    68.499 r  dut/core1/u_divider/out_res_reg[30]_i_126/CO[3]
                         net (fo=1, routed)           0.000    68.499    dut/core1/u_divider/out_res_reg[30]_i_126_n_0
    SLICE_X54Y127        CARRY4 (Prop_carry4_CI_CO[3])
                                                      0.117    68.616 r  dut/core1/u_divider/out_res_reg[30]_i_123/CO[3]
                         net (fo=1, routed)           0.000    68.616    dut/core1/u_divider/out_res_reg[30]_i_123_n_0
    SLICE_X54Y128        CARRY4 (Prop_carry4_CI_CO[1])
                                                      0.157    68.773 r  dut/core1/u_divider/out_res_reg[30]_i_122/CO[1]
                         net (fo=27, routed)          2.287    71.060    dut/core1/u_divider/out_res_reg[30]_i_122_n_2
    SLICE_X48Y121        LUT3 (Prop_lut3_I0_O)        0.332    71.392 r  dut/core1/u_divider/out_res[30]_i_152/O
                         net (fo=1, routed)           0.000    71.392    dut/core1/u_divider/out_res[30]_i_152_n_0
    SLICE_X48Y121        CARRY4 (Prop_carry4_S[2]_CO[3])
                                                      0.398    71.790 r  dut/core1/u_divider/out_res_reg[30]_i_116/CO[3]
                         net (fo=1, routed)           0.000    71.790    dut/core1/u_divider/out_res_reg[30]_i_116_n_0
    SLICE_X48Y122        CARRY4 (Prop_carry4_CI_CO[3])
                                                      0.114    71.904 r  dut/core1/u_divider/out_res_reg[30]_i_111/CO[3]
                         net (fo=1, routed)           0.000    71.904    dut/core1/u_divider/out_res_reg[30]_i_111_n_0
    SLICE_X48Y123        CARRY4 (Prop_carry4_CI_CO[3])
                                                      0.114    72.018 r  dut/core1/u_divider/out_res_reg[30]_i_106/CO[3]
                         net (fo=1, routed)           0.000    72.018    dut/core1/u_divider/out_res_reg[30]_i_106_n_0
    SLICE_X48Y124        CARRY4 (Prop_carry4_CI_CO[3])
                                                      0.114    72.132 r  dut/core1/u_divider/out_res_reg[30]_i_101/CO[3]
                         net (fo=1, routed)           0.009    72.141    dut/core1/u_divider/out_res_reg[30]_i_101_n_0
    SLICE_X48Y125        CARRY4 (Prop_carry4_CI_CO[3])
                                                      0.114    72.255 r  dut/core1/u_divider/out_res_reg[30]_i_96/CO[3]
                         net (fo=1, routed)           0.000    72.255    dut/core1/u_divider/out_res_reg[30]_i_96_n_0
    SLICE_X48Y126        CARRY4 (Prop_carry4_CI_CO[3])
                                                      0.114    72.369 r  dut/core1/u_divider/out_res_reg[30]_i_93/CO[3]
                         net (fo=1, routed)           0.000    72.369    dut/core1/u_divider/out_res_reg[30]_i_93_n_0
    SLICE_X48Y127        CARRY4 (Prop_carry4_CI_CO[1])
                                                      0.157    72.526 r  dut/core1/u_divider/out_res_reg[30]_i_92/CO[1]
                         net (fo=27, routed)          1.945    74.471    dut/core1/u_divider/out_res_reg[30]_i_92_n_2
    SLICE_X47Y119        LUT3 (Prop_lut3_I0_O)        0.329    74.800 r  dut/core1/u_divider/i__carry_i_148/O
                         net (fo=1, routed)           0.000    74.800    dut/core1/u_divider/i__carry_i_148_n_0
    SLICE_X47Y119        CARRY4 (Prop_carry4_S[2]_CO[3])
                                                      0.398    75.198 r  dut/core1/u_divider/i__carry_i_124/CO[3]
                         net (fo=1, routed)           0.000    75.198    dut/core1/u_divider/i__carry_i_124_n_0
    SLICE_X47Y120        CARRY4 (Prop_carry4_CI_CO[3])
                                                      0.114    75.312 r  dut/core1/u_divider/out_res_reg[30]_i_86/CO[3]
                         net (fo=1, routed)           0.000    75.312    dut/core1/u_divider/out_res_reg[30]_i_86_n_0
    SLICE_X47Y121        CARRY4 (Prop_carry4_CI_CO[3])
                                                      0.114    75.426 r  dut/core1/u_divider/out_res_reg[30]_i_81/CO[3]
                         net (fo=1, routed)           0.000    75.426    dut/core1/u_divider/out_res_reg[30]_i_81_n_0
    SLICE_X47Y122        CARRY4 (Prop_carry4_CI_CO[3])
                                                      0.114    75.540 r  dut/core1/u_divider/out_res_reg[30]_i_76/CO[3]
                         net (fo=1, routed)           0.000    75.540    dut/core1/u_divider/out_res_reg[30]_i_76_n_0
    SLICE_X47Y123        CARRY4 (Prop_carry4_CI_CO[3])
                                                      0.114    75.654 r  dut/core1/u_divider/out_res_reg[30]_i_71/CO[3]
                         net (fo=1, routed)           0.000    75.654    dut/core1/u_divider/out_res_reg[30]_i_71_n_0
    SLICE_X47Y124        CARRY4 (Prop_carry4_CI_CO[3])
                                                      0.114    75.768 r  dut/core1/u_divider/out_res_reg[30]_i_68/CO[3]
                         net (fo=1, routed)           0.009    75.777    dut/core1/u_divider/out_res_reg[30]_i_68_n_0
    SLICE_X47Y125        CARRY4 (Prop_carry4_CI_CO[1])
                                                      0.157    75.934 r  dut/core1/u_divider/out_res_reg[30]_i_67/CO[1]
                         net (fo=27, routed)          1.425    77.359    dut/core1/u_divider/out_res_reg[30]_i_67_n_2
    SLICE_X50Y119        CARRY4 (Prop_carry4_CYINIT_CO[3])
                                                      0.800    78.159 r  dut/core1/u_divider/i__carry_i_119/CO[3]
                         net (fo=1, routed)           0.000    78.159    dut/core1/u_divider/i__carry_i_119_n_0
    SLICE_X50Y120        CARRY4 (Prop_carry4_CI_CO[3])
                                                      0.117    78.276 r  dut/core1/u_divider/i__carry_i_93/CO[3]
                         net (fo=1, routed)           0.000    78.276    dut/core1/u_divider/i__carry_i_93_n_0
    SLICE_X50Y121        CARRY4 (Prop_carry4_CI_CO[3])
                                                      0.117    78.393 r  dut/core1/u_divider/out_res_reg[30]_i_61/CO[3]
                         net (fo=1, routed)           0.000    78.393    dut/core1/u_divider/out_res_reg[30]_i_61_n_0
    SLICE_X50Y122        CARRY4 (Prop_carry4_CI_CO[3])
                                                      0.117    78.510 r  dut/core1/u_divider/out_res_reg[30]_i_56/CO[3]
                         net (fo=1, routed)           0.000    78.510    dut/core1/u_divider/out_res_reg[30]_i_56_n_0
    SLICE_X50Y123        CARRY4 (Prop_carry4_CI_CO[3])
                                                      0.117    78.627 r  dut/core1/u_divider/out_res_reg[30]_i_51/CO[3]
                         net (fo=1, routed)           0.000    78.627    dut/core1/u_divider/out_res_reg[30]_i_51_n_0
    SLICE_X50Y124        CARRY4 (Prop_carry4_CI_CO[3])
                                                      0.117    78.744 r  dut/core1/u_divider/out_res_reg[30]_i_48/CO[3]
                         net (fo=1, routed)           0.009    78.753    dut/core1/u_divider/out_res_reg[30]_i_48_n_0
    SLICE_X50Y125        CARRY4 (Prop_carry4_CI_CO[1])
                                                      0.157    78.910 r  dut/core1/u_divider/out_res_reg[30]_i_47/CO[1]
                         net (fo=27, routed)          1.640    80.550    dut/core1/u_divider/out_res_reg[30]_i_47_n_2
    SLICE_X52Y119        CARRY4 (Prop_carry4_CYINIT_CO[3])
                                                      0.788    81.338 r  dut/core1/u_divider/i__carry_i_114/CO[3]
                         net (fo=1, routed)           0.000    81.338    dut/core1/u_divider/i__carry_i_114_n_0
    SLICE_X52Y120        CARRY4 (Prop_carry4_CI_CO[3])
                                                      0.114    81.452 r  dut/core1/u_divider/i__carry_i_88/CO[3]
                         net (fo=1, routed)           0.000    81.452    dut/core1/u_divider/i__carry_i_88_n_0
    SLICE_X52Y121        CARRY4 (Prop_carry4_CI_CO[3])
                                                      0.114    81.566 r  dut/core1/u_divider/i__carry_i_67/CO[3]
                         net (fo=1, routed)           0.000    81.566    dut/core1/u_divider/i__carry_i_67_n_0
    SLICE_X52Y122        CARRY4 (Prop_carry4_CI_CO[3])
                                                      0.114    81.680 r  dut/core1/u_divider/out_res_reg[30]_i_41/CO[3]
                         net (fo=1, routed)           0.000    81.680    dut/core1/u_divider/out_res_reg[30]_i_41_n_0
    SLICE_X52Y123        CARRY4 (Prop_carry4_CI_CO[3])
                                                      0.114    81.794 r  dut/core1/u_divider/out_res_reg[30]_i_36/CO[3]
                         net (fo=1, routed)           0.000    81.794    dut/core1/u_divider/out_res_reg[30]_i_36_n_0
    SLICE_X52Y124        CARRY4 (Prop_carry4_CI_CO[3])
                                                      0.114    81.908 r  dut/core1/u_divider/out_res_reg[30]_i_33/CO[3]
                         net (fo=1, routed)           0.009    81.917    dut/core1/u_divider/out_res_reg[30]_i_33_n_0
    SLICE_X52Y125        CARRY4 (Prop_carry4_CI_CO[1])
                                                      0.157    82.074 r  dut/core1/u_divider/out_res_reg[30]_i_32/CO[1]
                         net (fo=27, routed)          1.739    83.814    dut/core1/u_divider/out_res_reg[30]_i_32_n_2
    SLICE_X53Y119        LUT3 (Prop_lut3_I0_O)        0.329    84.143 r  dut/core1/u_divider/i__carry_i_139/O
                         net (fo=1, routed)           0.000    84.143    dut/core1/u_divider/i__carry_i_139_n_0
    SLICE_X53Y119        CARRY4 (Prop_carry4_S[2]_CO[3])
                                                      0.398    84.541 r  dut/core1/u_divider/i__carry_i_109/CO[3]
                         net (fo=1, routed)           0.000    84.541    dut/core1/u_divider/i__carry_i_109_n_0
    SLICE_X53Y120        CARRY4 (Prop_carry4_CI_CO[3])
                                                      0.114    84.655 r  dut/core1/u_divider/i__carry_i_83/CO[3]
                         net (fo=1, routed)           0.000    84.655    dut/core1/u_divider/i__carry_i_83_n_0
    SLICE_X53Y121        CARRY4 (Prop_carry4_CI_CO[3])
                                                      0.114    84.769 r  dut/core1/u_divider/i__carry_i_62/CO[3]
                         net (fo=1, routed)           0.000    84.769    dut/core1/u_divider/i__carry_i_62_n_0
    SLICE_X53Y122        CARRY4 (Prop_carry4_CI_CO[3])
                                                      0.114    84.883 r  dut/core1/u_divider/i__carry_i_46/CO[3]
                         net (fo=1, routed)           0.000    84.883    dut/core1/u_divider/i__carry_i_46_n_0
    SLICE_X53Y123        CARRY4 (Prop_carry4_CI_CO[3])
                                                      0.114    84.997 r  dut/core1/u_divider/out_res_reg[30]_i_26/CO[3]
                         net (fo=1, routed)           0.000    84.997    dut/core1/u_divider/out_res_reg[30]_i_26_n_0
    SLICE_X53Y124        CARRY4 (Prop_carry4_CI_CO[3])
                                                      0.114    85.111 r  dut/core1/u_divider/out_res_reg[30]_i_23/CO[3]
                         net (fo=1, routed)           0.009    85.120    dut/core1/u_divider/out_res_reg[30]_i_23_n_0
    SLICE_X53Y125        CARRY4 (Prop_carry4_CI_CO[1])
                                                      0.157    85.277 r  dut/core1/u_divider/out_res_reg[30]_i_22/CO[1]
                         net (fo=27, routed)          2.313    87.590    dut/core1/u_divider/out_res_reg[30]_i_22_n_2
    SLICE_X55Y117        LUT3 (Prop_lut3_I0_O)        0.329    87.919 r  dut/core1/u_divider/i__carry_i_135/O
                         net (fo=1, routed)           0.000    87.919    dut/core1/u_divider/i__carry_i_135_n_0
    SLICE_X55Y117        CARRY4 (Prop_carry4_S[3]_CO[3])
                                                      0.401    88.320 r  dut/core1/u_divider/i__carry_i_104/CO[3]
                         net (fo=1, routed)           0.000    88.320    dut/core1/u_divider/i__carry_i_104_n_0
    SLICE_X55Y118        CARRY4 (Prop_carry4_CI_CO[3])
                                                      0.114    88.434 r  dut/core1/u_divider/i__carry_i_78/CO[3]
                         net (fo=1, routed)           0.000    88.434    dut/core1/u_divider/i__carry_i_78_n_0
    SLICE_X55Y119        CARRY4 (Prop_carry4_CI_CO[3])
                                                      0.114    88.548 r  dut/core1/u_divider/i__carry_i_57/CO[3]
                         net (fo=1, routed)           0.000    88.548    dut/core1/u_divider/i__carry_i_57_n_0
    SLICE_X55Y120        CARRY4 (Prop_carry4_CI_CO[3])
                                                      0.114    88.662 r  dut/core1/u_divider/i__carry_i_41/CO[3]
                         net (fo=1, routed)           0.000    88.662    dut/core1/u_divider/i__carry_i_41_n_0
    SLICE_X55Y121        CARRY4 (Prop_carry4_CI_CO[3])
                                                      0.114    88.776 r  dut/core1/u_divider/i__carry_i_30/CO[3]
                         net (fo=1, routed)           0.000    88.776    dut/core1/u_divider/i__carry_i_30_n_0
    SLICE_X55Y122        CARRY4 (Prop_carry4_CI_CO[3])
                                                      0.114    88.890 r  dut/core1/u_divider/out_res_reg[30]_i_15/CO[3]
                         net (fo=1, routed)           0.000    88.890    dut/core1/u_divider/out_res_reg[30]_i_15_n_0
    SLICE_X55Y123        CARRY4 (Prop_carry4_CI_CO[1])
                                                      0.157    89.047 r  dut/core1/u_divider/out_res_reg[30]_i_14/CO[1]
                         net (fo=27, routed)          1.678    90.725    dut/core1/u_divider/out_res_reg[30]_i_14_n_2
    SLICE_X56Y117        LUT3 (Prop_lut3_I0_O)        0.329    91.054 r  dut/core1/u_divider/i__carry_i_134/O
                         net (fo=1, routed)           0.000    91.054    dut/core1/u_divider/i__carry_i_134_n_0
    SLICE_X56Y117        CARRY4 (Prop_carry4_S[1]_CO[3])
                                                      0.550    91.604 r  dut/core1/u_divider/i__carry_i_99/CO[3]
                         net (fo=1, routed)           0.000    91.604    dut/core1/u_divider/i__carry_i_99_n_0
    SLICE_X56Y118        CARRY4 (Prop_carry4_CI_CO[3])
                                                      0.114    91.718 r  dut/core1/u_divider/i__carry_i_73/CO[3]
                         net (fo=1, routed)           0.000    91.718    dut/core1/u_divider/i__carry_i_73_n_0
    SLICE_X56Y119        CARRY4 (Prop_carry4_CI_CO[3])
                                                      0.114    91.832 r  dut/core1/u_divider/i__carry_i_52/CO[3]
                         net (fo=1, routed)           0.000    91.832    dut/core1/u_divider/i__carry_i_52_n_0
    SLICE_X56Y120        CARRY4 (Prop_carry4_CI_CO[3])
                                                      0.114    91.946 r  dut/core1/u_divider/i__carry_i_36/CO[3]
                         net (fo=1, routed)           0.000    91.946    dut/core1/u_divider/i__carry_i_36_n_0
    SLICE_X56Y121        CARRY4 (Prop_carry4_CI_CO[3])
                                                      0.114    92.060 r  dut/core1/u_divider/i__carry_i_25/CO[3]
                         net (fo=1, routed)           0.000    92.060    dut/core1/u_divider/i__carry_i_25_n_0
    SLICE_X56Y122        CARRY4 (Prop_carry4_CI_CO[3])
                                                      0.114    92.174 r  dut/core1/u_divider/i__carry_i_15/CO[3]
                         net (fo=1, routed)           0.000    92.174    dut/core1/execute_unit/u_fpu/u_divider/u_divider/i__carry_i_16[0]
    SLICE_X56Y123        CARRY4 (Prop_carry4_CI_CO[1])
                                                      0.157    92.331 r  dut/core1/execute_unit/u_fpu/u_divider/out_res_reg[30]_i_8/CO[1]
                         net (fo=70, routed)          1.425    93.756    dut/core1/execute_unit_n_53
    SLICE_X57Y119        LUT3 (Prop_lut3_I0_O)        0.329    94.085 r  dut/core1/u_divider/i__carry_i_102/O
                         net (fo=1, routed)           0.000    94.085    dut/core1/u_divider/i__carry_i_102_n_0
    SLICE_X57Y119        CARRY4 (Prop_carry4_S[1]_CO[3])
                                                      0.550    94.635 r  dut/core1/u_divider/i__carry_i_72/CO[3]
                         net (fo=1, routed)           0.000    94.635    dut/core1/u_divider/i__carry_i_72_n_0
    SLICE_X57Y120        CARRY4 (Prop_carry4_CI_CO[3])
                                                      0.114    94.749 r  dut/core1/u_divider/i__carry_i_51/CO[3]
                         net (fo=1, routed)           0.000    94.749    dut/core1/u_divider/i__carry_i_51_n_0
    SLICE_X57Y121        CARRY4 (Prop_carry4_CI_CO[3])
                                                      0.114    94.863 r  dut/core1/u_divider/i__carry_i_35/CO[3]
                         net (fo=1, routed)           0.000    94.863    dut/core1/u_divider/i__carry_i_35_n_0
    SLICE_X57Y122        CARRY4 (Prop_carry4_CI_CO[3])
                                                      0.114    94.977 r  dut/core1/u_divider/i__carry_i_24/CO[3]
                         net (fo=1, routed)           0.000    94.977    dut/core1/u_divider/i__carry_i_24_n_0
    SLICE_X57Y123        CARRY4 (Prop_carry4_CI_CO[3])
                                                      0.114    95.091 r  dut/core1/u_divider/i__carry_i_14/CO[3]
                         net (fo=1, routed)           0.000    95.091    dut/core1/u_divider/i__carry_i_14_n_0
    SLICE_X57Y124        CARRY4 (Prop_carry4_CI_CO[1])
                                                      0.157    95.248 r  dut/core1/u_divider/i__carry_i_11/CO[1]
                         net (fo=39, routed)          1.572    96.820    dut/core1/u_divider/i__carry_i_11_n_2
    SLICE_X59Y120        LUT3 (Prop_lut3_I0_O)        0.329    97.149 r  dut/core1/u_divider/out_res[21]_i_38/O
                         net (fo=1, routed)           0.000    97.149    dut/core1/u_divider/out_res[21]_i_38_n_0
    SLICE_X59Y120        CARRY4 (Prop_carry4_S[1]_CO[3])
                                                      0.550    97.699 r  dut/core1/u_divider/out_res_reg[21]_i_29/CO[3]
                         net (fo=1, routed)           0.000    97.699    dut/core1/u_divider/out_res_reg[21]_i_29_n_0
    SLICE_X59Y121        CARRY4 (Prop_carry4_CI_CO[3])
                                                      0.114    97.813 r  dut/core1/u_divider/out_res_reg[21]_i_23/CO[3]
                         net (fo=1, routed)           0.000    97.813    dut/core1/u_divider/out_res_reg[21]_i_23_n_0
    SLICE_X59Y122        CARRY4 (Prop_carry4_CI_CO[3])
                                                      0.114    97.927 r  dut/core1/u_divider/out_res_reg[21]_i_17/CO[3]
                         net (fo=1, routed)           0.000    97.927    dut/core1/u_divider/out_res_reg[21]_i_17_n_0
    SLICE_X59Y123        CARRY4 (Prop_carry4_CI_CO[3])
                                                      0.114    98.041 r  dut/core1/u_divider/out_res_reg[21]_i_11/CO[3]
                         net (fo=1, routed)           0.000    98.041    dut/core1/u_divider/out_res_reg[21]_i_11_n_0
    SLICE_X59Y124        CARRY4 (Prop_carry4_CI_CO[3])
                                                      0.114    98.155 r  dut/core1/u_divider/out_res_reg[21]_i_7/CO[3]
                         net (fo=1, routed)           0.009    98.164    dut/core1/u_divider/out_res_reg[21]_i_7_n_0
    SLICE_X59Y125        CARRY4 (Prop_carry4_CI_CO[1])
                                                      0.157    98.321 r  dut/core1/u_divider/out_res_reg[21]_i_5/CO[1]
                         net (fo=32, routed)          2.734   101.055    dut/core1/execute_unit/u_fpu/u_divider/out_res_reg[21]_0[0]
    SLICE_X59Y106        LUT5 (Prop_lut5_I0_O)        0.329   101.384 r  dut/core1/execute_unit/u_fpu/u_divider/i__carry_i_18__4/O
                         net (fo=3, routed)           0.592   101.976    dut/core1/execute_unit/u_fpu/u_divider/i__carry_i_18__4_n_0
    SLICE_X59Y105        LUT6 (Prop_lut6_I0_O)        0.124   102.100 r  dut/core1/execute_unit/u_fpu/u_divider/i__carry_i_13__11/O
                         net (fo=33, routed)          0.817   102.916    dut/core1/execute_unit/u_fpu/u_divider/i__carry_i_13__11_n_0
    SLICE_X57Y106        LUT4 (Prop_lut4_I3_O)        0.124   103.040 r  dut/core1/execute_unit/u_fpu/u_divider/i__carry_i_8__20/O
                         net (fo=1, routed)           0.000   103.040    dut/core1/execute_unit/u_fpu/u_divider/i__carry_i_8__20_n_0
    SLICE_X57Y106        CARRY4 (Prop_carry4_S[0]_CO[3])
                                                      0.532   103.572 r  dut/core1/execute_unit/u_fpu/u_divider/exp_norm0_inferred__0/i__carry/CO[3]
                         net (fo=1, routed)           0.000   103.572    dut/core1/execute_unit/u_fpu/u_divider/exp_norm0_inferred__0/i__carry_n_0
    SLICE_X57Y107        CARRY4 (Prop_carry4_CI_O[2])
                                                      0.239   103.811 f  dut/core1/execute_unit/u_fpu/u_divider/exp_norm0_inferred__0/i__carry__0/O[2]
                         net (fo=3, routed)           1.158   104.969    dut/core1/execute_unit/u_fpu/u_divider/exp_norm[6]
    SLICE_X60Y107        LUT6 (Prop_lut6_I1_O)        0.302   105.271 f  dut/core1/execute_unit/u_fpu/u_divider/i__carry_i_12__14/O
                         net (fo=1, routed)           0.444   105.715    dut/core1/execute_unit/u_fpu/u_divider/i__carry_i_12__14_n_0
    SLICE_X60Y107        LUT6 (Prop_lut6_I1_O)        0.124   105.839 r  dut/core1/execute_unit/u_fpu/u_divider/i__carry_i_11__12/O
                         net (fo=4, routed)           0.666   106.504    dut/core1/execute_unit/u_fpu/u_divider/i__carry_i_11__12_n_0
    SLICE_X60Y107        LUT6 (Prop_lut6_I5_O)        0.124   106.628 r  dut/core1/execute_unit/u_fpu/u_divider/i__carry_i_5__19/O
                         net (fo=32, routed)          0.568   107.196    dut/core1/execute_unit/u_fpu/u_divider/i__carry_i_5__19_n_0
    SLICE_X61Y106        LUT2 (Prop_lut2_I1_O)        0.124   107.320 r  dut/core1/execute_unit/u_fpu/u_divider/i__carry_i_4__0/O
                         net (fo=1, routed)           0.000   107.320    dut/core1/execute_unit/u_fpu/u_divider/i__carry_i_4__0_n_0
    SLICE_X61Y106        CARRY4 (Prop_carry4_S[0]_CO[3])
                                                      0.532   107.852 r  dut/core1/execute_unit/u_fpu/u_divider/exp_norm0_inferred__1/i__carry/CO[3]
                         net (fo=1, routed)           0.000   107.852    dut/core1/execute_unit/u_fpu/u_divider/exp_norm0_inferred__1/i__carry_n_0
    SLICE_X61Y107        CARRY4 (Prop_carry4_CI_CO[3])
                                                      0.114   107.966 r  dut/core1/execute_unit/u_fpu/u_divider/exp_norm0_inferred__1/i__carry__0/CO[3]
                         net (fo=1, routed)           0.000   107.966    dut/core1/execute_unit/u_fpu/u_divider/exp_norm0_inferred__1/i__carry__0_n_0
    SLICE_X61Y108        CARRY4 (Prop_carry4_CI_O[0])
                                                      0.222   108.188 f  dut/core1/execute_unit/u_fpu/u_divider/exp_norm0_inferred__1/i__carry__1/O[0]
                         net (fo=3, routed)           0.824   109.012    dut/core1/execute_unit/u_fpu/u_divider/exp_norm0_inferred__1/i__carry__1_n_7
    SLICE_X63Y107        LUT6 (Prop_lut6_I1_O)        0.299   109.311 f  dut/core1/execute_unit/u_fpu/u_divider/i__carry_i_8__14/O
                         net (fo=1, routed)           0.151   109.462    dut/core1/execute_unit/u_fpu/u_divider/i__carry_i_8__14_n_0
    SLICE_X63Y107        LUT6 (Prop_lut6_I1_O)        0.124   109.586 r  dut/core1/execute_unit/u_fpu/u_divider/i__carry_i_7__14/O
                         net (fo=2, routed)           0.445   110.031    dut/core1/execute_unit/u_fpu/u_divider/i__carry_i_7__14_n_0
    SLICE_X63Y107        LUT6 (Prop_lut6_I5_O)        0.124   110.155 r  dut/core1/execute_unit/u_fpu/u_divider/i__carry_i_5__18/O
                         net (fo=30, routed)          0.976   111.131    dut/core1/execute_unit/u_fpu/u_divider/i__carry_i_5__18_n_0
    SLICE_X67Y106        LUT2 (Prop_lut2_I1_O)        0.124   111.255 r  dut/core1/execute_unit/u_fpu/u_divider/i__carry_i_4__1/O
                         net (fo=1, routed)           0.000   111.255    dut/core1/execute_unit/u_fpu/u_divider/i__carry_i_4__1_n_0
    SLICE_X67Y106        CARRY4 (Prop_carry4_S[0]_CO[3])
                                                      0.532   111.787 r  dut/core1/execute_unit/u_fpu/u_divider/exp_norm0_inferred__2/i__carry/CO[3]
                         net (fo=1, routed)           0.000   111.787    dut/core1/execute_unit/u_fpu/u_divider/exp_norm0_inferred__2/i__carry_n_0
    SLICE_X67Y107        CARRY4 (Prop_carry4_CI_O[3])
                                                      0.313   112.100 f  dut/core1/execute_unit/u_fpu/u_divider/exp_norm0_inferred__2/i__carry__0/O[3]
                         net (fo=3, routed)           0.974   113.074    dut/core1/execute_unit/u_fpu/u_divider/exp_norm0_inferred__2/i__carry__0_n_4
    SLICE_X66Y109        LUT6 (Prop_lut6_I2_O)        0.306   113.380 f  dut/core1/execute_unit/u_fpu/u_divider/i__carry_i_12__15/O
                         net (fo=1, routed)           0.658   114.039    dut/core1/execute_unit/u_fpu/u_divider/i__carry_i_12__15_n_0
    SLICE_X66Y109        LUT6 (Prop_lut6_I1_O)        0.124   114.163 r  dut/core1/execute_unit/u_fpu/u_divider/i__carry_i_9__6/O
                         net (fo=3, routed)           0.817   114.979    dut/core1/execute_unit/u_fpu/u_divider/i__carry_i_9__6_n_0
    SLICE_X64Y106        LUT6 (Prop_lut6_I5_O)        0.124   115.103 r  dut/core1/execute_unit/u_fpu/u_divider/i__carry_i_5__17/O
                         net (fo=28, routed)          1.125   116.228    dut/core1/execute_unit/u_fpu/u_divider/i__carry_i_5__17_n_0
    SLICE_X80Y110        LUT2 (Prop_lut2_I1_O)        0.124   116.352 r  dut/core1/execute_unit/u_fpu/u_divider/i__carry_i_4__2/O
                         net (fo=1, routed)           0.000   116.352    dut/core1/execute_unit/u_fpu/u_divider/i__carry_i_4__2_n_0
    SLICE_X80Y110        CARRY4 (Prop_carry4_S[0]_CO[3])
                                                      0.532   116.884 r  dut/core1/execute_unit/u_fpu/u_divider/exp_norm0_inferred__3/i__carry/CO[3]
                         net (fo=1, routed)           0.000   116.884    dut/core1/execute_unit/u_fpu/u_divider/exp_norm0_inferred__3/i__carry_n_0
    SLICE_X80Y111        CARRY4 (Prop_carry4_CI_O[3])
                                                      0.313   117.197 f  dut/core1/execute_unit/u_fpu/u_divider/exp_norm0_inferred__3/i__carry__0/O[3]
                         net (fo=3, routed)           0.825   118.022    dut/core1/execute_unit/u_fpu/u_divider/exp_norm0_inferred__3/i__carry__0_n_4
    SLICE_X80Y113        LUT6 (Prop_lut6_I2_O)        0.306   118.328 f  dut/core1/execute_unit/u_fpu/u_divider/i__carry_i_11__13/O
                         net (fo=1, routed)           0.798   119.126    dut/core1/execute_unit/u_fpu/u_divider/i__carry_i_11__13_n_0
    SLICE_X80Y114        LUT6 (Prop_lut6_I1_O)        0.124   119.250 r  dut/core1/execute_unit/u_fpu/u_divider/i__carry_i_9__7/O
                         net (fo=1, routed)           0.795   120.046    dut/core1/execute_unit/u_fpu/u_divider/i__carry_i_9__7_n_0
    SLICE_X66Y109        LUT6 (Prop_lut6_I5_O)        0.124   120.170 r  dut/core1/execute_unit/u_fpu/u_divider/i__carry_i_5__16/O
                         net (fo=29, routed)          1.323   121.492    dut/core1/execute_unit/u_fpu/u_divider/i__carry_i_5__16_n_0
    SLICE_X81Y112        LUT2 (Prop_lut2_I1_O)        0.124   121.616 r  dut/core1/execute_unit/u_fpu/u_divider/i__carry_i_4__3/O
                         net (fo=1, routed)           0.000   121.616    dut/core1/execute_unit/u_fpu/u_divider/i__carry_i_4__3_n_0
    SLICE_X81Y112        CARRY4 (Prop_carry4_S[0]_CO[3])
                                                      0.532   122.148 r  dut/core1/execute_unit/u_fpu/u_divider/exp_norm0_inferred__4/i__carry/CO[3]
                         net (fo=1, routed)           0.000   122.148    dut/core1/execute_unit/u_fpu/u_divider/exp_norm0_inferred__4/i__carry_n_0
    SLICE_X81Y113        CARRY4 (Prop_carry4_CI_O[0])
                                                      0.222   122.370 f  dut/core1/execute_unit/u_fpu/u_divider/exp_norm0_inferred__4/i__carry__0/O[0]
                         net (fo=3, routed)           0.883   123.253    dut/core1/execute_unit/u_fpu/u_divider/exp_norm0_inferred__4/i__carry__0_n_7
    SLICE_X80Y113        LUT6 (Prop_lut6_I4_O)        0.299   123.552 f  dut/core1/execute_unit/u_fpu/u_divider/i__carry_i_10__15/O
                         net (fo=1, routed)           0.669   124.221    dut/core1/execute_unit/u_fpu/u_divider/i__carry_i_10__15_n_0
    SLICE_X80Y113        LUT6 (Prop_lut6_I1_O)        0.124   124.345 r  dut/core1/execute_unit/u_fpu/u_divider/i__carry_i_8__15/O
                         net (fo=4, routed)           1.010   125.355    dut/core1/execute_unit/u_fpu/u_divider/i__carry_i_8__15_n_0
    SLICE_X83Y111        LUT4 (Prop_lut4_I3_O)        0.124   125.479 r  dut/core1/execute_unit/u_fpu/u_divider/i__carry_i_5__15/O
                         net (fo=26, routed)          0.576   126.054    dut/core1/execute_unit/u_fpu/u_divider/i__carry_i_5__15_n_0
    SLICE_X81Y109        LUT2 (Prop_lut2_I1_O)        0.124   126.178 r  dut/core1/execute_unit/u_fpu/u_divider/i__carry_i_4__4/O
                         net (fo=1, routed)           0.000   126.178    dut/core1/execute_unit/u_fpu/u_divider/i__carry_i_4__4_n_0
    SLICE_X81Y109        CARRY4 (Prop_carry4_S[0]_CO[3])
                                                      0.532   126.710 r  dut/core1/execute_unit/u_fpu/u_divider/exp_norm0_inferred__5/i__carry/CO[3]
                         net (fo=1, routed)           0.000   126.710    dut/core1/execute_unit/u_fpu/u_divider/exp_norm0_inferred__5/i__carry_n_0
    SLICE_X81Y110        CARRY4 (Prop_carry4_CI_O[2])
                                                      0.239   126.949 f  dut/core1/execute_unit/u_fpu/u_divider/exp_norm0_inferred__5/i__carry__0/O[2]
                         net (fo=3, routed)           1.279   128.228    dut/core1/execute_unit/u_fpu/u_divider/exp_norm0_inferred__5/i__carry__0_n_5
    SLICE_X85Y109        LUT6 (Prop_lut6_I1_O)        0.302   128.530 f  dut/core1/execute_unit/u_fpu/u_divider/i__carry_i_9__8/O
                         net (fo=1, routed)           0.589   129.119    dut/core1/execute_unit/u_fpu/u_divider/i__carry_i_9__8_n_0
    SLICE_X84Y111        LUT6 (Prop_lut6_I1_O)        0.124   129.243 r  dut/core1/execute_unit/u_fpu/u_divider/i__carry_i_7__15/O
                         net (fo=1, routed)           0.788   130.032    dut/core1/execute_unit/u_fpu/u_divider/i__carry_i_7__15_n_0
    SLICE_X83Y111        LUT6 (Prop_lut6_I5_O)        0.124   130.156 r  dut/core1/execute_unit/u_fpu/u_divider/i__carry_i_5__14/O
                         net (fo=27, routed)          0.569   130.725    dut/core1/execute_unit/u_fpu/u_divider/i__carry_i_5__14_n_0
    SLICE_X85Y110        LUT2 (Prop_lut2_I1_O)        0.124   130.849 r  dut/core1/execute_unit/u_fpu/u_divider/i__carry_i_4__5/O
                         net (fo=1, routed)           0.000   130.849    dut/core1/execute_unit/u_fpu/u_divider/i__carry_i_4__5_n_0
    SLICE_X85Y110        CARRY4 (Prop_carry4_S[0]_CO[3])
                                                      0.532   131.381 r  dut/core1/execute_unit/u_fpu/u_divider/exp_norm0_inferred__6/i__carry/CO[3]
                         net (fo=1, routed)           0.000   131.381    dut/core1/execute_unit/u_fpu/u_divider/exp_norm0_inferred__6/i__carry_n_0
    SLICE_X85Y111        CARRY4 (Prop_carry4_CI_O[0])
                                                      0.222   131.603 f  dut/core1/execute_unit/u_fpu/u_divider/exp_norm0_inferred__6/i__carry__0/O[0]
                         net (fo=3, routed)           0.854   132.456    dut/core1/execute_unit/u_fpu/u_divider/exp_norm0_inferred__6/i__carry__0_n_7
    SLICE_X84Y110        LUT6 (Prop_lut6_I4_O)        0.299   132.755 f  dut/core1/execute_unit/u_fpu/u_divider/i__carry_i_13__12/O
                         net (fo=1, routed)           0.421   133.176    dut/core1/execute_unit/u_fpu/u_divider/i__carry_i_13__12_n_0
    SLICE_X84Y111        LUT6 (Prop_lut6_I1_O)        0.124   133.300 r  dut/core1/execute_unit/u_fpu/u_divider/i__carry_i_9__9/O
                         net (fo=4, routed)           0.792   134.092    dut/core1/execute_unit/u_fpu/u_divider/i__carry_i_9__9_n_0
    SLICE_X83Y113        LUT6 (Prop_lut6_I5_O)        0.124   134.216 r  dut/core1/execute_unit/u_fpu/u_divider/i__carry_i_5__13/O
                         net (fo=27, routed)          1.264   135.480    dut/core1/execute_unit/u_fpu/u_divider/i__carry_i_5__13_n_0
    SLICE_X87Y110        LUT2 (Prop_lut2_I1_O)        0.124   135.604 r  dut/core1/execute_unit/u_fpu/u_divider/i__carry_i_4__6/O
                         net (fo=1, routed)           0.000   135.604    dut/core1/execute_unit/u_fpu/u_divider/i__carry_i_4__6_n_0
    SLICE_X87Y110        CARRY4 (Prop_carry4_S[0]_CO[3])
                                                      0.532   136.136 r  dut/core1/execute_unit/u_fpu/u_divider/exp_norm0_inferred__7/i__carry/CO[3]
                         net (fo=1, routed)           0.000   136.136    dut/core1/execute_unit/u_fpu/u_divider/exp_norm0_inferred__7/i__carry_n_0
    SLICE_X87Y111        CARRY4 (Prop_carry4_CI_O[3])
                                                      0.313   136.449 f  dut/core1/execute_unit/u_fpu/u_divider/exp_norm0_inferred__7/i__carry__0/O[3]
                         net (fo=3, routed)           1.252   137.701    dut/core1/execute_unit/u_fpu/u_divider/exp_norm0_inferred__7/i__carry__0_n_4
    SLICE_X88Y113        LUT6 (Prop_lut6_I2_O)        0.306   138.007 f  dut/core1/execute_unit/u_fpu/u_divider/i__carry_i_10__16/O
                         net (fo=1, routed)           0.279   138.286    dut/core1/execute_unit/u_fpu/u_divider/i__carry_i_10__16_n_0
    SLICE_X88Y113        LUT6 (Prop_lut6_I1_O)        0.124   138.410 r  dut/core1/execute_unit/u_fpu/u_divider/i__carry_i_8__16/O
                         net (fo=2, routed)           0.656   139.066    dut/core1/execute_unit/u_fpu/u_divider/i__carry_i_8__16_n_0
    SLICE_X89Y113        LUT4 (Prop_lut4_I3_O)        0.124   139.190 r  dut/core1/execute_unit/u_fpu/u_divider/i__carry_i_5__12/O
                         net (fo=29, routed)          0.648   139.838    dut/core1/execute_unit/u_fpu/u_divider/i__carry_i_5__12_n_0
    SLICE_X87Y113        LUT2 (Prop_lut2_I1_O)        0.124   139.962 r  dut/core1/execute_unit/u_fpu/u_divider/i__carry_i_4__7/O
                         net (fo=1, routed)           0.000   139.962    dut/core1/execute_unit/u_fpu/u_divider/i__carry_i_4__7_n_0
    SLICE_X87Y113        CARRY4 (Prop_carry4_S[0]_CO[3])
                                                      0.532   140.494 r  dut/core1/execute_unit/u_fpu/u_divider/exp_norm0_inferred__8/i__carry/CO[3]
                         net (fo=1, routed)           0.000   140.494    dut/core1/execute_unit/u_fpu/u_divider/exp_norm0_inferred__8/i__carry_n_0
    SLICE_X87Y114        CARRY4 (Prop_carry4_CI_O[0])
                                                      0.222   140.716 f  dut/core1/execute_unit/u_fpu/u_divider/exp_norm0_inferred__8/i__carry__0/O[0]
                         net (fo=3, routed)           0.816   141.531    dut/core1/execute_unit/u_fpu/u_divider/exp_norm0_inferred__8/i__carry__0_n_7
    SLICE_X86Y115        LUT6 (Prop_lut6_I4_O)        0.299   141.830 f  dut/core1/execute_unit/u_fpu/u_divider/i__carry_i_9__10/O
                         net (fo=1, routed)           0.162   141.992    dut/core1/execute_unit/u_fpu/u_divider/i__carry_i_9__10_n_0
    SLICE_X86Y115        LUT6 (Prop_lut6_I1_O)        0.124   142.116 r  dut/core1/execute_unit/u_fpu/u_divider/i__carry_i_7__16/O
                         net (fo=3, routed)           0.721   142.838    dut/core1/execute_unit/u_fpu/u_divider/i__carry_i_7__16_n_0
    SLICE_X89Y113        LUT6 (Prop_lut6_I5_O)        0.124   142.962 r  dut/core1/execute_unit/u_fpu/u_divider/i__carry_i_5__11/O
                         net (fo=26, routed)          0.330   143.292    dut/core1/execute_unit/u_fpu/u_divider/i__carry_i_5__11_n_0
    SLICE_X85Y113        LUT2 (Prop_lut2_I1_O)        0.124   143.416 r  dut/core1/execute_unit/u_fpu/u_divider/i__carry_i_4__8/O
                         net (fo=1, routed)           0.000   143.416    dut/core1/execute_unit/u_fpu/u_divider/i__carry_i_4__8_n_0
    SLICE_X85Y113        CARRY4 (Prop_carry4_S[0]_CO[3])
                                                      0.532   143.948 r  dut/core1/execute_unit/u_fpu/u_divider/exp_norm0_inferred__9/i__carry/CO[3]
                         net (fo=1, routed)           0.000   143.948    dut/core1/execute_unit/u_fpu/u_divider/exp_norm0_inferred__9/i__carry_n_0
    SLICE_X85Y114        CARRY4 (Prop_carry4_CI_O[1])
                                                      0.334   144.282 f  dut/core1/execute_unit/u_fpu/u_divider/exp_norm0_inferred__9/i__carry__0/O[1]
                         net (fo=3, routed)           1.043   145.324    dut/core1/execute_unit/u_fpu/u_divider/exp_norm0_inferred__9/i__carry__0_n_6
    SLICE_X84Y114        LUT6 (Prop_lut6_I0_O)        0.303   145.627 f  dut/core1/execute_unit/u_fpu/u_divider/i__carry_i_11__14/O
                         net (fo=1, routed)           0.847   146.475    dut/core1/execute_unit/u_fpu/u_divider/i__carry_i_11__14_n_0
    SLICE_X86Y115        LUT6 (Prop_lut6_I1_O)        0.124   146.599 r  dut/core1/execute_unit/u_fpu/u_divider/i__carry_i_9__11/O
                         net (fo=1, routed)           1.162   147.761    dut/core1/execute_unit/u_fpu/u_divider/i__carry_i_9__11_n_0
    SLICE_X89Y113        LUT6 (Prop_lut6_I5_O)        0.124   147.885 r  dut/core1/execute_unit/u_fpu/u_divider/i__carry_i_5__10/O
                         net (fo=30, routed)          0.596   148.481    dut/core1/execute_unit/u_fpu/u_divider/i__carry_i_5__10_n_0
    SLICE_X88Y114        LUT2 (Prop_lut2_I1_O)        0.124   148.605 r  dut/core1/execute_unit/u_fpu/u_divider/i__carry_i_4__9/O
                         net (fo=1, routed)           0.000   148.605    dut/core1/execute_unit/u_fpu/u_divider/i__carry_i_4__9_n_0
    SLICE_X88Y114        CARRY4 (Prop_carry4_S[0]_CO[3])
                                                      0.532   149.137 r  dut/core1/execute_unit/u_fpu/u_divider/exp_norm0_inferred__10/i__carry/CO[3]
                         net (fo=1, routed)           0.000   149.137    dut/core1/execute_unit/u_fpu/u_divider/exp_norm0_inferred__10/i__carry_n_0
    SLICE_X88Y115        CARRY4 (Prop_carry4_CI_O[1])
                                                      0.334   149.471 f  dut/core1/execute_unit/u_fpu/u_divider/exp_norm0_inferred__10/i__carry__0/O[1]
                         net (fo=3, routed)           1.023   150.494    dut/core1/execute_unit/u_fpu/u_divider/exp_norm0_inferred__10/i__carry__0_n_6
    SLICE_X86Y115        LUT6 (Prop_lut6_I0_O)        0.303   150.797 f  dut/core1/execute_unit/u_fpu/u_divider/i__carry_i_10__17/O
                         net (fo=1, routed)           0.516   151.312    dut/core1/execute_unit/u_fpu/u_divider/i__carry_i_10__17_n_0
    SLICE_X86Y116        LUT6 (Prop_lut6_I1_O)        0.124   151.436 r  dut/core1/execute_unit/u_fpu/u_divider/i__carry_i_8__17/O
                         net (fo=4, routed)           0.829   152.266    dut/core1/execute_unit/u_fpu/u_divider/i__carry_i_8__17_n_0
    SLICE_X87Y116        LUT4 (Prop_lut4_I3_O)        0.124   152.390 r  dut/core1/execute_unit/u_fpu/u_divider/i__carry_i_5__9/O
                         net (fo=27, routed)          0.948   153.338    dut/core1/execute_unit/u_fpu/u_divider/i__carry_i_5__9_n_0
    SLICE_X89Y114        LUT2 (Prop_lut2_I1_O)        0.124   153.462 r  dut/core1/execute_unit/u_fpu/u_divider/i__carry_i_4__10/O
                         net (fo=1, routed)           0.000   153.462    dut/core1/execute_unit/u_fpu/u_divider/i__carry_i_4__10_n_0
    SLICE_X89Y114        CARRY4 (Prop_carry4_S[0]_CO[3])
                                                      0.532   153.994 r  dut/core1/execute_unit/u_fpu/u_divider/exp_norm0_inferred__11/i__carry/CO[3]
                         net (fo=1, routed)           0.000   153.994    dut/core1/execute_unit/u_fpu/u_divider/exp_norm0_inferred__11/i__carry_n_0
    SLICE_X89Y115        CARRY4 (Prop_carry4_CI_O[2])
                                                      0.239   154.233 f  dut/core1/execute_unit/u_fpu/u_divider/exp_norm0_inferred__11/i__carry__0/O[2]
                         net (fo=3, routed)           1.090   155.322    dut/core1/execute_unit/u_fpu/u_divider/exp_norm0_inferred__11/i__carry__0_n_5
    SLICE_X87Y116        LUT6 (Prop_lut6_I2_O)        0.302   155.624 f  dut/core1/execute_unit/u_fpu/u_divider/i__carry_i_9__12/O
                         net (fo=1, routed)           0.263   155.887    dut/core1/execute_unit/u_fpu/u_divider/i__carry_i_9__12_n_0
    SLICE_X87Y116        LUT6 (Prop_lut6_I1_O)        0.124   156.011 r  dut/core1/execute_unit/u_fpu/u_divider/i__carry_i_7__17/O
                         net (fo=1, routed)           0.473   156.484    dut/core1/execute_unit/u_fpu/u_divider/i__carry_i_7__17_n_0
    SLICE_X87Y116        LUT6 (Prop_lut6_I5_O)        0.124   156.608 r  dut/core1/execute_unit/u_fpu/u_divider/i__carry_i_5__8/O
                         net (fo=28, routed)          0.587   157.196    dut/core1/execute_unit/u_fpu/u_divider/i__carry_i_5__8_n_0
    SLICE_X89Y117        LUT2 (Prop_lut2_I1_O)        0.124   157.320 r  dut/core1/execute_unit/u_fpu/u_divider/i__carry_i_4__11/O
                         net (fo=1, routed)           0.000   157.320    dut/core1/execute_unit/u_fpu/u_divider/i__carry_i_4__11_n_0
    SLICE_X89Y117        CARRY4 (Prop_carry4_S[0]_CO[3])
                                                      0.532   157.852 r  dut/core1/execute_unit/u_fpu/u_divider/exp_norm0_inferred__12/i__carry/CO[3]
                         net (fo=1, routed)           0.000   157.852    dut/core1/execute_unit/u_fpu/u_divider/exp_norm0_inferred__12/i__carry_n_0
    SLICE_X89Y118        CARRY4 (Prop_carry4_CI_O[1])
                                                      0.334   158.186 f  dut/core1/execute_unit/u_fpu/u_divider/exp_norm0_inferred__12/i__carry__0/O[1]
                         net (fo=3, routed)           0.828   159.014    dut/core1/execute_unit/u_fpu/u_divider/exp_norm0_inferred__12/i__carry__0_n_6
    SLICE_X88Y117        LUT6 (Prop_lut6_I0_O)        0.303   159.317 f  dut/core1/execute_unit/u_fpu/u_divider/i__carry_i_11__15/O
                         net (fo=1, routed)           0.161   159.478    dut/core1/execute_unit/u_fpu/u_divider/i__carry_i_11__15_n_0
    SLICE_X88Y117        LUT6 (Prop_lut6_I1_O)        0.124   159.602 r  dut/core1/execute_unit/u_fpu/u_divider/i__carry_i_9__13/O
                         net (fo=4, routed)           0.563   160.165    dut/core1/execute_unit/u_fpu/u_divider/i__carry_i_9__13_n_0
    SLICE_X90Y116        LUT6 (Prop_lut6_I5_O)        0.124   160.289 r  dut/core1/execute_unit/u_fpu/u_divider/i__carry_i_5__7/O
                         net (fo=27, routed)          0.686   160.974    dut/core1/execute_unit/u_fpu/u_divider/i__carry_i_5__7_n_0
    SLICE_X88Y118        LUT2 (Prop_lut2_I1_O)        0.124   161.098 r  dut/core1/execute_unit/u_fpu/u_divider/i__carry_i_4__12/O
                         net (fo=1, routed)           0.000   161.098    dut/core1/execute_unit/u_fpu/u_divider/i__carry_i_4__12_n_0
    SLICE_X88Y118        CARRY4 (Prop_carry4_S[0]_CO[3])
                                                      0.532   161.630 r  dut/core1/execute_unit/u_fpu/u_divider/exp_norm0_inferred__13/i__carry/CO[3]
                         net (fo=1, routed)           0.000   161.630    dut/core1/execute_unit/u_fpu/u_divider/exp_norm0_inferred__13/i__carry_n_0
    SLICE_X88Y119        CARRY4 (Prop_carry4_CI_O[2])
                                                      0.239   161.869 f  dut/core1/execute_unit/u_fpu/u_divider/exp_norm0_inferred__13/i__carry__0/O[2]
                         net (fo=3, routed)           1.126   162.995    dut/core1/execute_unit/u_fpu/u_divider/exp_norm0_inferred__13/i__carry__0_n_5
    SLICE_X88Y121        LUT6 (Prop_lut6_I1_O)        0.302   163.297 f  dut/core1/execute_unit/u_fpu/u_divider/i__carry_i_10__18/O
                         net (fo=1, routed)           0.158   163.455    dut/core1/execute_unit/u_fpu/u_divider/i__carry_i_10__18_n_0
    SLICE_X88Y121        LUT6 (Prop_lut6_I1_O)        0.124   163.579 r  dut/core1/execute_unit/u_fpu/u_divider/i__carry_i_8__18/O
                         net (fo=2, routed)           1.137   164.717    dut/core1/execute_unit/u_fpu/u_divider/i__carry_i_8__18_n_0
    SLICE_X88Y117        LUT4 (Prop_lut4_I3_O)        0.124   164.841 r  dut/core1/execute_unit/u_fpu/u_divider/i__carry_i_5__6/O
                         net (fo=29, routed)          0.729   165.569    dut/core1/execute_unit/u_fpu/u_divider/i__carry_i_5__6_n_0
    SLICE_X87Y119        LUT2 (Prop_lut2_I1_O)        0.124   165.693 r  dut/core1/execute_unit/u_fpu/u_divider/i__carry_i_4__13/O
                         net (fo=1, routed)           0.000   165.693    dut/core1/execute_unit/u_fpu/u_divider/i__carry_i_4__13_n_0
    SLICE_X87Y119        CARRY4 (Prop_carry4_S[0]_CO[3])
                                                      0.532   166.225 r  dut/core1/execute_unit/u_fpu/u_divider/exp_norm0_inferred__14/i__carry/CO[3]
                         net (fo=1, routed)           0.000   166.225    dut/core1/execute_unit/u_fpu/u_divider/exp_norm0_inferred__14/i__carry_n_0
    SLICE_X87Y120        CARRY4 (Prop_carry4_CI_O[3])
                                                      0.313   166.538 f  dut/core1/execute_unit/u_fpu/u_divider/exp_norm0_inferred__14/i__carry__0/O[3]
                         net (fo=3, routed)           0.970   167.508    dut/core1/execute_unit/u_fpu/u_divider/exp_norm0_inferred__14/i__carry__0_n_4
    SLICE_X88Y121        LUT6 (Prop_lut6_I2_O)        0.306   167.814 f  dut/core1/execute_unit/u_fpu/u_divider/i__carry_i_9__14/O
                         net (fo=1, routed)           0.580   168.395    dut/core1/execute_unit/u_fpu/u_divider/i__carry_i_9__14_n_0
    SLICE_X87Y122        LUT6 (Prop_lut6_I1_O)        0.124   168.519 r  dut/core1/execute_unit/u_fpu/u_divider/i__carry_i_7__18/O
                         net (fo=3, routed)           1.049   169.568    dut/core1/execute_unit/u_fpu/u_divider/i__carry_i_7__18_n_0
    SLICE_X88Y117        LUT6 (Prop_lut6_I5_O)        0.124   169.692 r  dut/core1/execute_unit/u_fpu/u_divider/i__carry_i_5__5/O
                         net (fo=26, routed)          1.457   171.148    dut/core1/execute_unit/u_fpu/u_divider/i__carry_i_5__5_n_0
    SLICE_X86Y121        LUT2 (Prop_lut2_I1_O)        0.124   171.272 r  dut/core1/execute_unit/u_fpu/u_divider/i__carry_i_4__14/O
                         net (fo=1, routed)           0.000   171.272    dut/core1/execute_unit/u_fpu/u_divider/i__carry_i_4__14_n_0
    SLICE_X86Y121        CARRY4 (Prop_carry4_S[0]_CO[3])
                                                      0.513   171.785 r  dut/core1/execute_unit/u_fpu/u_divider/exp_norm0_inferred__15/i__carry/CO[3]
                         net (fo=1, routed)           0.000   171.785    dut/core1/execute_unit/u_fpu/u_divider/exp_norm0_inferred__15/i__carry_n_0
    SLICE_X86Y122        CARRY4 (Prop_carry4_CI_CO[3])
                                                      0.117   171.902 r  dut/core1/execute_unit/u_fpu/u_divider/exp_norm0_inferred__15/i__carry__0/CO[3]
                         net (fo=1, routed)           0.000   171.902    dut/core1/execute_unit/u_fpu/u_divider/exp_norm0_inferred__15/i__carry__0_n_0
    SLICE_X86Y123        CARRY4 (Prop_carry4_CI_O[0])
                                                      0.219   172.121 f  dut/core1/execute_unit/u_fpu/u_divider/exp_norm0_inferred__15/i__carry__1/O[0]
                         net (fo=3, routed)           0.986   173.107    dut/core1/execute_unit/u_fpu/u_divider/exp_norm0_inferred__15/i__carry__1_n_7
    SLICE_X85Y122        LUT6 (Prop_lut6_I1_O)        0.295   173.402 f  dut/core1/execute_unit/u_fpu/u_divider/i__carry_i_11__16/O
                         net (fo=1, routed)           0.264   173.667    dut/core1/execute_unit/u_fpu/u_divider/i__carry_i_11__16_n_0
    SLICE_X85Y122        LUT6 (Prop_lut6_I1_O)        0.124   173.791 r  dut/core1/execute_unit/u_fpu/u_divider/i__carry_i_9__15/O
                         net (fo=4, routed)           0.823   174.614    dut/core1/execute_unit/u_fpu/u_divider/i__carry_i_9__15_n_0
    SLICE_X89Y122        LUT6 (Prop_lut6_I5_O)        0.124   174.738 r  dut/core1/execute_unit/u_fpu/u_divider/i__carry_i_5__4/O
                         net (fo=28, routed)          0.838   175.576    dut/core1/execute_unit/u_fpu/u_divider/i__carry_i_5__4_n_0
    SLICE_X84Y121        LUT2 (Prop_lut2_I1_O)        0.124   175.700 r  dut/core1/execute_unit/u_fpu/u_divider/i__carry_i_4__15/O
                         net (fo=1, routed)           0.000   175.700    dut/core1/execute_unit/u_fpu/u_divider/i__carry_i_4__15_n_0
    SLICE_X84Y121        CARRY4 (Prop_carry4_S[0]_CO[3])
                                                      0.532   176.232 r  dut/core1/execute_unit/u_fpu/u_divider/exp_norm0_inferred__16/i__carry/CO[3]
                         net (fo=1, routed)           0.000   176.232    dut/core1/execute_unit/u_fpu/u_divider/exp_norm0_inferred__16/i__carry_n_0
    SLICE_X84Y122        CARRY4 (Prop_carry4_CI_O[3])
                                                      0.313   176.545 f  dut/core1/execute_unit/u_fpu/u_divider/exp_norm0_inferred__16/i__carry__0/O[3]
                         net (fo=3, routed)           0.835   177.380    dut/core1/execute_unit/u_fpu/u_divider/exp_norm0_inferred__16/i__carry__0_n_4
    SLICE_X87Y122        LUT6 (Prop_lut6_I2_O)        0.306   177.686 f  dut/core1/execute_unit/u_fpu/u_divider/i__carry_i_10__19/O
                         net (fo=1, routed)           0.154   177.840    dut/core1/execute_unit/u_fpu/u_divider/i__carry_i_10__19_n_0
    SLICE_X87Y122        LUT6 (Prop_lut6_I1_O)        0.124   177.964 r  dut/core1/execute_unit/u_fpu/u_divider/i__carry_i_8__19/O
                         net (fo=4, routed)           0.625   178.589    dut/core1/execute_unit/u_fpu/u_divider/i__carry_i_8__19_n_0
    SLICE_X88Y122        LUT4 (Prop_lut4_I3_O)        0.124   178.713 r  dut/core1/execute_unit/u_fpu/u_divider/i__carry_i_5__3/O
                         net (fo=28, routed)          1.818   180.531    dut/core1/execute_unit/u_fpu/u_divider/i__carry_i_5__3_n_0
    SLICE_X86Y118        LUT2 (Prop_lut2_I1_O)        0.124   180.655 r  dut/core1/execute_unit/u_fpu/u_divider/i__carry_i_4__16/O
                         net (fo=1, routed)           0.000   180.655    dut/core1/execute_unit/u_fpu/u_divider/i__carry_i_4__16_n_0
    SLICE_X86Y118        CARRY4 (Prop_carry4_S[0]_CO[3])
                                                      0.513   181.168 r  dut/core1/execute_unit/u_fpu/u_divider/exp_norm0_inferred__17/i__carry/CO[3]
                         net (fo=1, routed)           0.000   181.168    dut/core1/execute_unit/u_fpu/u_divider/exp_norm0_inferred__17/i__carry_n_0
    SLICE_X86Y119        CARRY4 (Prop_carry4_CI_O[2])
                                                      0.239   181.407 f  dut/core1/execute_unit/u_fpu/u_divider/exp_norm0_inferred__17/i__carry__0/O[2]
                         net (fo=3, routed)           0.820   182.228    dut/core1/execute_unit/u_fpu/u_divider/exp_norm0_inferred__17/i__carry__0_n_5
    SLICE_X87Y118        LUT6 (Prop_lut6_I1_O)        0.301   182.529 f  dut/core1/execute_unit/u_fpu/u_divider/i__carry_i_9__16/O
                         net (fo=1, routed)           0.877   183.405    dut/core1/execute_unit/u_fpu/u_divider/i__carry_i_9__16_n_0
    SLICE_X87Y118        LUT6 (Prop_lut6_I1_O)        0.124   183.529 r  dut/core1/execute_unit/u_fpu/u_divider/i__carry_i_7__19/O
                         net (fo=3, routed)           1.402   184.932    dut/core1/execute_unit/u_fpu/u_divider/i__carry_i_7__19_n_0
    SLICE_X88Y122        LUT6 (Prop_lut6_I5_O)        0.124   185.056 r  dut/core1/execute_unit/u_fpu/u_divider/i__carry_i_5__2/O
                         net (fo=26, routed)          0.536   185.591    dut/core1/execute_unit/u_fpu/u_divider/i__carry_i_5__2_n_0
    SLICE_X84Y117        LUT2 (Prop_lut2_I1_O)        0.124   185.715 r  dut/core1/execute_unit/u_fpu/u_divider/i__carry_i_4__17/O
                         net (fo=1, routed)           0.000   185.715    dut/core1/execute_unit/u_fpu/u_divider/i__carry_i_4__17_n_0
    SLICE_X84Y117        CARRY4 (Prop_carry4_S[0]_CO[3])
                                                      0.532   186.247 r  dut/core1/execute_unit/u_fpu/u_divider/exp_norm0_inferred__18/i__carry/CO[3]
                         net (fo=1, routed)           0.000   186.247    dut/core1/execute_unit/u_fpu/u_divider/exp_norm0_inferred__18/i__carry_n_0
    SLICE_X84Y118        CARRY4 (Prop_carry4_CI_CO[3])
                                                      0.114   186.361 r  dut/core1/execute_unit/u_fpu/u_divider/exp_norm0_inferred__18/i__carry__0/CO[3]
                         net (fo=1, routed)           0.000   186.361    dut/core1/execute_unit/u_fpu/u_divider/exp_norm0_inferred__18/i__carry__0_n_0
    SLICE_X84Y119        CARRY4 (Prop_carry4_CI_O[1])
                                                      0.334   186.695 f  dut/core1/execute_unit/u_fpu/u_divider/exp_norm0_inferred__18/i__carry__1/O[1]
                         net (fo=3, routed)           1.175   187.870    dut/core1/execute_unit/u_fpu/u_divider/exp_norm0_inferred__18/i__carry__1_n_6
    SLICE_X81Y117        LUT6 (Prop_lut6_I3_O)        0.303   188.173 r  dut/core1/execute_unit/u_fpu/u_divider/i__carry_i_9__17/O
                         net (fo=5, routed)           1.248   189.421    dut/core1/execute_unit/u_fpu/u_divider/i__carry_i_9__17_n_0
    SLICE_X88Y122        LUT6 (Prop_lut6_I5_O)        0.124   189.545 r  dut/core1/execute_unit/u_fpu/u_divider/i__carry_i_5__1/O
                         net (fo=26, routed)          1.988   191.533    dut/core1/execute_unit/u_fpu/u_divider/i__carry_i_5__1_n_0
    SLICE_X67Y112        LUT2 (Prop_lut2_I1_O)        0.124   191.657 r  dut/core1/execute_unit/u_fpu/u_divider/i__carry_i_4__18/O
                         net (fo=1, routed)           0.000   191.657    dut/core1/execute_unit/u_fpu/u_divider/i__carry_i_4__18_n_0
    SLICE_X67Y112        CARRY4 (Prop_carry4_S[0]_O[3])
                                                      0.606   192.263 f  dut/core1/execute_unit/u_fpu/u_divider/exp_norm0_inferred__19/i__carry/O[3]
                         net (fo=3, routed)           1.308   193.571    dut/core1/execute_unit/u_fpu/u_divider/exp_norm0_inferred__19/i__carry_n_4
    SLICE_X81Y115        LUT6 (Prop_lut6_I3_O)        0.306   193.877 f  dut/core1/execute_unit/u_fpu/u_divider/i__carry_i_9__18/O
                         net (fo=1, routed)           0.633   194.510    dut/core1/execute_unit/u_fpu/u_divider/i__carry_i_9__18_n_0
    SLICE_X81Y116        LUT6 (Prop_lut6_I1_O)        0.124   194.634 r  dut/core1/execute_unit/u_fpu/u_divider/i__carry_i_6__20/O
                         net (fo=6, routed)           0.788   195.421    dut/core1/execute_unit/u_fpu/u_divider/i__carry_i_6__20_n_0
    SLICE_X81Y121        LUT4 (Prop_lut4_I0_O)        0.124   195.545 r  dut/core1/execute_unit/u_fpu/u_divider/i__carry_i_5__0/O
                         net (fo=24, routed)          1.790   197.335    dut/core1/execute_unit/u_fpu/u_divider/i__carry_i_5__0_n_0
    SLICE_X80Y115        LUT2 (Prop_lut2_I1_O)        0.124   197.459 r  dut/core1/execute_unit/u_fpu/u_divider/i__carry_i_4__19/O
                         net (fo=1, routed)           0.000   197.459    dut/core1/execute_unit/u_fpu/u_divider/i__carry_i_4__19_n_0
    SLICE_X80Y115        CARRY4 (Prop_carry4_S[0]_CO[3])
                                                      0.532   197.991 r  dut/core1/execute_unit/u_fpu/u_divider/exp_norm0_inferred__20/i__carry/CO[3]
                         net (fo=1, routed)           0.000   197.991    dut/core1/execute_unit/u_fpu/u_divider/exp_norm0_inferred__20/i__carry_n_0
    SLICE_X80Y116        CARRY4 (Prop_carry4_CI_O[2])
                                                      0.239   198.230 r  dut/core1/execute_unit/u_fpu/u_divider/exp_norm0_inferred__20/i__carry__0/O[2]
                         net (fo=3, routed)           0.974   199.204    dut/core1/execute_unit/u_fpu/u_divider/exp_norm0_inferred__20/i__carry__0_n_5
    SLICE_X81Y115        LUT6 (Prop_lut6_I2_O)        0.302   199.506 r  dut/core1/execute_unit/u_fpu/u_divider/i__carry_i_9__19/O
                         net (fo=1, routed)           0.154   199.661    dut/core1/execute_unit/u_fpu/u_divider/i__carry_i_9__19_n_0
    SLICE_X81Y115        LUT6 (Prop_lut6_I1_O)        0.124   199.785 f  dut/core1/execute_unit/u_fpu/u_divider/i__carry_i_7__20/O
                         net (fo=12, routed)          0.777   200.562    dut/core1/execute_unit/u_fpu/u_divider/i__carry_i_7__20_n_0
    SLICE_X81Y121        LUT2 (Prop_lut2_I1_O)        0.124   200.686 r  dut/core1/execute_unit/u_fpu/u_divider/i__carry_i_5/O
                         net (fo=24, routed)          1.004   201.690    dut/core1/execute_unit/u_fpu/u_divider/i__carry_i_5_n_0
    SLICE_X67Y109        LUT2 (Prop_lut2_I1_O)        0.124   201.814 r  dut/core1/execute_unit/u_fpu/u_divider/i__carry_i_4__20/O
                         net (fo=1, routed)           0.000   201.814    dut/core1/execute_unit/u_fpu/u_divider/i__carry_i_4__20_n_0
    SLICE_X67Y109        CARRY4 (Prop_carry4_S[0]_CO[3])
                                                      0.532   202.346 r  dut/core1/execute_unit/u_fpu/u_divider/exp_norm0_inferred__21/i__carry/CO[3]
                         net (fo=1, routed)           0.000   202.346    dut/core1/execute_unit/u_fpu/u_divider/exp_norm0_inferred__21/i__carry_n_0
    SLICE_X67Y110        CARRY4 (Prop_carry4_CI_O[0])
                                                      0.222   202.568 f  dut/core1/execute_unit/u_fpu/u_divider/exp_norm0_inferred__21/i__carry__0/O[0]
                         net (fo=4, routed)           0.831   203.399    dut/core1/execute_unit/u_fpu/u_divider/exp_norm0_inferred__21/i__carry__0_n_7
    SLICE_X63Y110        LUT6 (Prop_lut6_I0_O)        0.299   203.698 r  dut/core1/execute_unit/u_fpu/u_divider/out_res[30]_i_10/O
                         net (fo=8, routed)           0.599   204.297    dut/core1/execute_unit/u_fpu/u_divider/out_res[30]_i_10_n_0
    SLICE_X62Y112        LUT6 (Prop_lut6_I3_O)        0.124   204.421 r  dut/core1/execute_unit/u_fpu/u_divider/out_res[30]_i_21/O
                         net (fo=9, routed)           1.334   205.755    dut/core1/execute_unit/u_fpu/u_divider/out_res[30]_i_21_n_0
    SLICE_X80Y121        LUT6 (Prop_lut6_I5_O)        0.124   205.879 r  dut/core1/execute_unit/u_fpu/u_divider/out_res[30]_i_9/O
                         net (fo=33, routed)          2.438   208.316    dut/core1/execute_unit/u_fpu/u_divider/out_res[30]_i_9_n_0
    SLICE_X59Y107        LUT5 (Prop_lut5_I2_O)        0.150   208.466 r  dut/core1/execute_unit/u_fpu/u_divider/out_res[29]_i_4/O
                         net (fo=2, routed)           0.918   209.385    dut/core1/execute_unit/u_fpu/u_divider/out_res[29]_i_4_n_0
    SLICE_X59Y108        LUT6 (Prop_lut6_I2_O)        0.326   209.711 r  dut/core1/execute_unit/u_fpu/u_divider/out_res[22]_i_3/O
                         net (fo=23, routed)          1.985   211.696    dut/core1/execute_unit/u_fpu/u_divider/out_res[22]_i_3_n_0
    SLICE_X60Y118        LUT6 (Prop_lut6_I3_O)        0.124   211.820 r  dut/core1/execute_unit/u_fpu/u_divider/out_res[9]_i_1/O
                         net (fo=1, routed)           0.000   211.820    dut/core1/execute_unit/u_fpu/u_divider/out_res[9]_i_1_n_0
    SLICE_X60Y118        FDCE                                         r  dut/core1/execute_unit/u_fpu/u_divider/out_res_reg[9]/D
  -------------------------------------------------------------------    -------------------





Min Delay Paths
--------------------------------------------------------------------------------------
Slack:                    inf
  Source:                 dut/core0/execute_unit/u_fpu/u_fma/u_fma_mul/s1_raw_pp_reg[5][0]/C
                            (rising edge-triggered cell FDRE)
  Destination:            dut/core0/execute_unit/u_fpu/u_fma/u_fma_mul/s2_pp_shifted_reg[5][10]/D
  Path Group:             (none)
  Path Type:              Min at Fast Process Corner
  Data Path Delay:        0.187ns  (logic 0.128ns (68.397%)  route 0.059ns (31.603%))
  Logic Levels:           1  (FDRE=1)

    Location             Delay type                Incr(ns)  Path(ns)    Netlist Resource(s)
  -------------------------------------------------------------------    -------------------
    SLICE_X80Y2          FDRE                         0.000     0.000 r  dut/core0/execute_unit/u_fpu/u_fma/u_fma_mul/s1_raw_pp_reg[5][0]/C
    SLICE_X80Y2          FDRE (Prop_fdre_C_Q)         0.128     0.128 r  dut/core0/execute_unit/u_fpu/u_fma/u_fma_mul/s1_raw_pp_reg[5][0]/Q
                         net (fo=1, routed)           0.059     0.187    dut/core0/execute_unit/u_fpu/u_fma/u_fma_mul/s1_raw_pp_reg[5]_26[0]
    SLICE_X81Y2          FDRE                                         r  dut/core0/execute_unit/u_fpu/u_fma/u_fma_mul/s2_pp_shifted_reg[5][10]/D
  -------------------------------------------------------------------    -------------------

Slack:                    inf
  Source:                 dut/core0/execute_unit/u_fpu/u_fma/u_fma_mul/s1_raw_pp_reg[0][24]/C
                            (rising edge-triggered cell FDRE)
  Destination:            dut/core0/execute_unit/u_fpu/u_fma/u_fma_mul/s2_pp_shifted_reg[0][24]/D
  Path Group:             (none)
  Path Type:              Min at Fast Process Corner
  Data Path Delay:        0.193ns  (logic 0.128ns (66.390%)  route 0.065ns (33.610%))
  Logic Levels:           1  (FDRE=1)

    Location             Delay type                Incr(ns)  Path(ns)    Netlist Resource(s)
  -------------------------------------------------------------------    -------------------
    SLICE_X77Y6          FDRE                         0.000     0.000 r  dut/core0/execute_unit/u_fpu/u_fma/u_fma_mul/s1_raw_pp_reg[0][24]/C
    SLICE_X77Y6          FDRE (Prop_fdre_C_Q)         0.128     0.128 r  dut/core0/execute_unit/u_fpu/u_fma/u_fma_mul/s1_raw_pp_reg[0][24]/Q
                         net (fo=1, routed)           0.065     0.193    dut/core0/execute_unit/u_fpu/u_fma/u_fma_mul/s1_raw_pp_reg[0]_31[24]
    SLICE_X76Y6          FDRE                                         r  dut/core0/execute_unit/u_fpu/u_fma/u_fma_mul/s2_pp_shifted_reg[0][24]/D
  -------------------------------------------------------------------    -------------------

Slack:                    inf
  Source:                 dut/core0/execute_unit/u_fpu/u_fma/u_fma_mul/s1_raw_pp_reg[0][2]/C
                            (rising edge-triggered cell FDRE)
  Destination:            dut/core0/execute_unit/u_fpu/u_fma/u_fma_mul/s2_pp_shifted_reg[0][2]/D
  Path Group:             (none)
  Path Type:              Min at Fast Process Corner
  Data Path Delay:        0.197ns  (logic 0.141ns (71.611%)  route 0.056ns (28.389%))
  Logic Levels:           1  (FDRE=1)

    Location             Delay type                Incr(ns)  Path(ns)    Netlist Resource(s)
  -------------------------------------------------------------------    -------------------
    SLICE_X77Y2          FDRE                         0.000     0.000 r  dut/core0/execute_unit/u_fpu/u_fma/u_fma_mul/s1_raw_pp_reg[0][2]/C
    SLICE_X77Y2          FDRE (Prop_fdre_C_Q)         0.141     0.141 r  dut/core0/execute_unit/u_fpu/u_fma/u_fma_mul/s1_raw_pp_reg[0][2]/Q
                         net (fo=1, routed)           0.056     0.197    dut/core0/execute_unit/u_fpu/u_fma/u_fma_mul/s1_raw_pp_reg[0]_31[2]
    SLICE_X77Y2          FDRE                                         r  dut/core0/execute_unit/u_fpu/u_fma/u_fma_mul/s2_pp_shifted_reg[0][2]/D
  -------------------------------------------------------------------    -------------------

Slack:                    inf
  Source:                 dut/core0/execute_unit/u_fpu/u_fma/u_fma_mul/s1_raw_pp_reg[0][4]/C
                            (rising edge-triggered cell FDRE)
  Destination:            dut/core0/execute_unit/u_fpu/u_fma/u_fma_mul/s2_pp_shifted_reg[0][4]/D
  Path Group:             (none)
  Path Type:              Min at Fast Process Corner
  Data Path Delay:        0.197ns  (logic 0.141ns (71.611%)  route 0.056ns (28.389%))
  Logic Levels:           1  (FDRE=1)

    Location             Delay type                Incr(ns)  Path(ns)    Netlist Resource(s)
  -------------------------------------------------------------------    -------------------
    SLICE_X77Y1          FDRE                         0.000     0.000 r  dut/core0/execute_unit/u_fpu/u_fma/u_fma_mul/s1_raw_pp_reg[0][4]/C
    SLICE_X77Y1          FDRE (Prop_fdre_C_Q)         0.141     0.141 r  dut/core0/execute_unit/u_fpu/u_fma/u_fma_mul/s1_raw_pp_reg[0][4]/Q
                         net (fo=1, routed)           0.056     0.197    dut/core0/execute_unit/u_fpu/u_fma/u_fma_mul/s1_raw_pp_reg[0]_31[4]
    SLICE_X77Y1          FDRE                                         r  dut/core0/execute_unit/u_fpu/u_fma/u_fma_mul/s2_pp_shifted_reg[0][4]/D
  -------------------------------------------------------------------    -------------------

Slack:                    inf
  Source:                 dut/core0/execute_unit/u_fpu/u_fma/u_fma_mul/s1_raw_pp_reg[0][5]/C
                            (rising edge-triggered cell FDRE)
  Destination:            dut/core0/execute_unit/u_fpu/u_fma/u_fma_mul/s2_pp_shifted_reg[0][5]/D
  Path Group:             (none)
  Path Type:              Min at Fast Process Corner
  Data Path Delay:        0.197ns  (logic 0.141ns (71.611%)  route 0.056ns (28.389%))
  Logic Levels:           1  (FDRE=1)

    Location             Delay type                Incr(ns)  Path(ns)    Netlist Resource(s)
  -------------------------------------------------------------------    -------------------
    SLICE_X77Y1          FDRE                         0.000     0.000 r  dut/core0/execute_unit/u_fpu/u_fma/u_fma_mul/s1_raw_pp_reg[0][5]/C
    SLICE_X77Y1          FDRE (Prop_fdre_C_Q)         0.141     0.141 r  dut/core0/execute_unit/u_fpu/u_fma/u_fma_mul/s1_raw_pp_reg[0][5]/Q
                         net (fo=1, routed)           0.056     0.197    dut/core0/execute_unit/u_fpu/u_fma/u_fma_mul/s1_raw_pp_reg[0]_31[5]
    SLICE_X77Y1          FDRE                                         r  dut/core0/execute_unit/u_fpu/u_fma/u_fma_mul/s2_pp_shifted_reg[0][5]/D
  -------------------------------------------------------------------    -------------------

Slack:                    inf
  Source:                 dut/core0/execute_unit/u_fpu/u_fma/u_fma_mul/s1_raw_pp_reg[0][9]/C
                            (rising edge-triggered cell FDRE)
  Destination:            dut/core0/execute_unit/u_fpu/u_fma/u_fma_mul/s2_pp_shifted_reg[0][9]/D
  Path Group:             (none)
  Path Type:              Min at Fast Process Corner
  Data Path Delay:        0.197ns  (logic 0.141ns (71.611%)  route 0.056ns (28.389%))
  Logic Levels:           1  (FDRE=1)

    Location             Delay type                Incr(ns)  Path(ns)    Netlist Resource(s)
  -------------------------------------------------------------------    -------------------
    SLICE_X75Y2          FDRE                         0.000     0.000 r  dut/core0/execute_unit/u_fpu/u_fma/u_fma_mul/s1_raw_pp_reg[0][9]/C
    SLICE_X75Y2          FDRE (Prop_fdre_C_Q)         0.141     0.141 r  dut/core0/execute_unit/u_fpu/u_fma/u_fma_mul/s1_raw_pp_reg[0][9]/Q
                         net (fo=1, routed)           0.056     0.197    dut/core0/execute_unit/u_fpu/u_fma/u_fma_mul/s1_raw_pp_reg[0]_31[9]
    SLICE_X75Y2          FDRE                                         r  dut/core0/execute_unit/u_fpu/u_fma/u_fma_mul/s2_pp_shifted_reg[0][9]/D
  -------------------------------------------------------------------    -------------------

Slack:                    inf
  Source:                 dut/core0/execute_unit/u_fpu/u_fma/u_fma_mul/s1_raw_pp_reg[10][12]/C
                            (rising edge-triggered cell FDRE)
  Destination:            dut/core0/execute_unit/u_fpu/u_fma/u_fma_mul/s2_pp_shifted_reg[10][32]/D
  Path Group:             (none)
  Path Type:              Min at Fast Process Corner
  Data Path Delay:        0.197ns  (logic 0.141ns (71.611%)  route 0.056ns (28.389%))
  Logic Levels:           1  (FDRE=1)

    Location             Delay type                Incr(ns)  Path(ns)    Netlist Resource(s)
  -------------------------------------------------------------------    -------------------
    SLICE_X69Y1          FDRE                         0.000     0.000 r  dut/core0/execute_unit/u_fpu/u_fma/u_fma_mul/s1_raw_pp_reg[10][12]/C
    SLICE_X69Y1          FDRE (Prop_fdre_C_Q)         0.141     0.141 r  dut/core0/execute_unit/u_fpu/u_fma/u_fma_mul/s1_raw_pp_reg[10][12]/Q
                         net (fo=1, routed)           0.056     0.197    dut/core0/execute_unit/u_fpu/u_fma/u_fma_mul/s1_raw_pp_reg[10]_12[12]
    SLICE_X69Y1          FDRE                                         r  dut/core0/execute_unit/u_fpu/u_fma/u_fma_mul/s2_pp_shifted_reg[10][32]/D
  -------------------------------------------------------------------    -------------------

Slack:                    inf
  Source:                 dut/core0/execute_unit/u_fpu/u_fma/u_fma_mul/s1_raw_pp_reg[10][23]/C
                            (rising edge-triggered cell FDRE)
  Destination:            dut/core0/execute_unit/u_fpu/u_fma/u_fma_mul/s2_pp_shifted_reg[10][43]/D
  Path Group:             (none)
  Path Type:              Min at Fast Process Corner
  Data Path Delay:        0.197ns  (logic 0.141ns (71.611%)  route 0.056ns (28.389%))
  Logic Levels:           1  (FDRE=1)

    Location             Delay type                Incr(ns)  Path(ns)    Netlist Resource(s)
  -------------------------------------------------------------------    -------------------
    SLICE_X71Y9          FDRE                         0.000     0.000 r  dut/core0/execute_unit/u_fpu/u_fma/u_fma_mul/s1_raw_pp_reg[10][23]/C
    SLICE_X71Y9          FDRE (Prop_fdre_C_Q)         0.141     0.141 r  dut/core0/execute_unit/u_fpu/u_fma/u_fma_mul/s1_raw_pp_reg[10][23]/Q
                         net (fo=1, routed)           0.056     0.197    dut/core0/execute_unit/u_fpu/u_fma/u_fma_mul/s1_raw_pp_reg[10]_12[23]
    SLICE_X71Y9          FDRE                                         r  dut/core0/execute_unit/u_fpu/u_fma/u_fma_mul/s2_pp_shifted_reg[10][43]/D
  -------------------------------------------------------------------    -------------------

Slack:                    inf
  Source:                 dut/core0/execute_unit/u_fpu/u_fma/u_fma_mul/s1_raw_pp_reg[11][22]/C
                            (rising edge-triggered cell FDRE)
  Destination:            dut/core0/execute_unit/u_fpu/u_fma/u_fma_mul/s2_pp_shifted_reg[11][44]/D
  Path Group:             (none)
  Path Type:              Min at Fast Process Corner
  Data Path Delay:        0.197ns  (logic 0.141ns (71.611%)  route 0.056ns (28.389%))
  Logic Levels:           1  (FDRE=1)

    Location             Delay type                Incr(ns)  Path(ns)    Netlist Resource(s)
  -------------------------------------------------------------------    -------------------
    SLICE_X71Y9          FDRE                         0.000     0.000 r  dut/core0/execute_unit/u_fpu/u_fma/u_fma_mul/s1_raw_pp_reg[11][22]/C
    SLICE_X71Y9          FDRE (Prop_fdre_C_Q)         0.141     0.141 r  dut/core0/execute_unit/u_fpu/u_fma/u_fma_mul/s1_raw_pp_reg[11][22]/Q
                         net (fo=1, routed)           0.056     0.197    dut/core0/execute_unit/u_fpu/u_fma/u_fma_mul/s1_raw_pp_reg[11]_10[22]
    SLICE_X71Y9          FDRE                                         r  dut/core0/execute_unit/u_fpu/u_fma/u_fma_mul/s2_pp_shifted_reg[11][44]/D
  -------------------------------------------------------------------    -------------------

Slack:                    inf
  Source:                 dut/core0/execute_unit/u_fpu/u_fma/u_fma_mul/s1_raw_pp_reg[1][23]/C
                            (rising edge-triggered cell FDRE)
  Destination:            dut/core0/execute_unit/u_fpu/u_fma/u_fma_mul/s2_pp_shifted_reg[1][25]/D
  Path Group:             (none)
  Path Type:              Min at Fast Process Corner
  Data Path Delay:        0.197ns  (logic 0.141ns (71.611%)  route 0.056ns (28.389%))
  Logic Levels:           1  (FDRE=1)

    Location             Delay type                Incr(ns)  Path(ns)    Netlist Resource(s)
  -------------------------------------------------------------------    -------------------
    SLICE_X77Y6          FDRE                         0.000     0.000 r  dut/core0/execute_unit/u_fpu/u_fma/u_fma_mul/s1_raw_pp_reg[1][23]/C
    SLICE_X77Y6          FDRE (Prop_fdre_C_Q)         0.141     0.141 r  dut/core0/execute_unit/u_fpu/u_fma/u_fma_mul/s1_raw_pp_reg[1][23]/Q
                         net (fo=1, routed)           0.056     0.197    dut/core0/execute_unit/u_fpu/u_fma/u_fma_mul/s1_raw_pp_reg[1]_29[23]
    SLICE_X77Y6          FDRE                                         r  dut/core0/execute_unit/u_fpu/u_fma/u_fma_mul/s2_pp_shifted_reg[1][25]/D
  -------------------------------------------------------------------    -------------------





