Copyright 1986-2022 Xilinx, Inc. All Rights Reserved.
--------------------------------------------------------------------------------------------------------------------------------------------------------------------------------------------------------------------
| Tool Version : Vivado v.2022.2 (win64) Build 3671981 Fri Oct 14 05:00:03 MDT 2022
| Date         : Thu Aug  6 00:23:12 2026
| Host         : DESKTOP-750OH1D running 64-bit major release  (build 9200)
| Command      : report_methodology -file RV32IMFA_DualCore_BoardTop_methodology_drc_routed.rpt -pb RV32IMFA_DualCore_BoardTop_methodology_drc_routed.pb -rpx RV32IMFA_DualCore_BoardTop_methodology_drc_routed.rpx
| Design       : RV32IMFA_DualCore_BoardTop
| Device       : xc7z030fbv676-1
| Speed File   : -1
| Design State : Fully Routed
--------------------------------------------------------------------------------------------------------------------------------------------------------------------------------------------------------------------

Report Methodology

Table of Contents
-----------------
1. REPORT SUMMARY
2. REPORT DETAILS

1. REPORT SUMMARY
-----------------
            Netlist: netlist
          Floorplan: design_1
      Design limits: <entire design considered>
             Max violations: <unlimited>
             Violations found: 3072
+-----------+------------------+-----------------------------------------------------------+------------+
| Rule      | Severity         | Description                                               | Violations |
+-----------+------------------+-----------------------------------------------------------+------------+
| TIMING-17 | Critical Warning | Non-clocked sequential cell                               | 1000       |
| SYNTH-5   | Warning          | Mapped onto distributed RAM because of timing constraints | 2048       |
| SYNTH-10  | Warning          | Wide multiplier                                           | 24         |
+-----------+------------------+-----------------------------------------------------------+------------+

2. REPORT DETAILS
-----------------
TIMING-17#1 Critical Warning
Non-clocked sequential cell  
The clock pin dut/arbiter/turn_debug_reg/C is not reached by a timing clock
Related violations: <none>

TIMING-17#2 Critical Warning
Non-clocked sequential cell  
The clock pin dut/core0/BranchTypeE_reg[0]/C is not reached by a timing clock
Related violations: <none>

TIMING-17#3 Critical Warning
Non-clocked sequential cell  
The clock pin dut/core0/BranchTypeE_reg[1]/C is not reached by a timing clock
Related violations: <none>

TIMING-17#4 Critical Warning
Non-clocked sequential cell  
The clock pin dut/core0/BranchTypeE_reg[2]/C is not reached by a timing clock
Related violations: <none>

TIMING-17#5 Critical Warning
Non-clocked sequential cell  
The clock pin dut/core0/decode_unit/fprf/regs_reg[0][0]/C is not reached by a timing clock
Related violations: <none>

TIMING-17#6 Critical Warning
Non-clocked sequential cell  
The clock pin dut/core0/decode_unit/fprf/regs_reg[0][10]/C is not reached by a timing clock
Related violations: <none>

TIMING-17#7 Critical Warning
Non-clocked sequential cell  
The clock pin dut/core0/decode_unit/fprf/regs_reg[0][11]/C is not reached by a timing clock
Related violations: <none>

TIMING-17#8 Critical Warning
Non-clocked sequential cell  
The clock pin dut/core0/decode_unit/fprf/regs_reg[0][12]/C is not reached by a timing clock
Related violations: <none>

TIMING-17#9 Critical Warning
Non-clocked sequential cell  
The clock pin dut/core0/decode_unit/fprf/regs_reg[0][13]/C is not reached by a timing clock
Related violations: <none>

TIMING-17#10 Critical Warning
Non-clocked sequential cell  
The clock pin dut/core0/decode_unit/fprf/regs_reg[0][14]/C is not reached by a timing clock
Related violations: <none>

TIMING-17#11 Critical Warning
Non-clocked sequential cell  
The clock pin dut/core0/decode_unit/fprf/regs_reg[0][15]/C is not reached by a timing clock
Related violations: <none>

TIMING-17#12 Critical Warning
Non-clocked sequential cell  
The clock pin dut/core0/decode_unit/fprf/regs_reg[0][16]/C is not reached by a timing clock
Related violations: <none>

TIMING-17#13 Critical Warning
Non-clocked sequential cell  
The clock pin dut/core0/decode_unit/fprf/regs_reg[0][17]/C is not reached by a timing clock
Related violations: <none>

TIMING-17#14 Critical Warning
Non-clocked sequential cell  
The clock pin dut/core0/decode_unit/fprf/regs_reg[0][18]/C is not reached by a timing clock
Related violations: <none>

TIMING-17#15 Critical Warning
Non-clocked sequential cell  
The clock pin dut/core0/decode_unit/fprf/regs_reg[0][19]/C is not reached by a timing clock
Related violations: <none>

TIMING-17#16 Critical Warning
Non-clocked sequential cell  
The clock pin dut/core0/decode_unit/fprf/regs_reg[0][1]/C is not reached by a timing clock
Related violations: <none>

TIMING-17#17 Critical Warning
Non-clocked sequential cell  
The clock pin dut/core0/decode_unit/fprf/regs_reg[0][20]/C is not reached by a timing clock
Related violations: <none>

TIMING-17#18 Critical Warning
Non-clocked sequential cell  
The clock pin dut/core0/decode_unit/fprf/regs_reg[0][21]/C is not reached by a timing clock
Related violations: <none>

TIMING-17#19 Critical Warning
Non-clocked sequential cell  
The clock pin dut/core0/decode_unit/fprf/regs_reg[0][22]/C is not reached by a timing clock
Related violations: <none>

TIMING-17#20 Critical Warning
Non-clocked sequential cell  
The clock pin dut/core0/decode_unit/fprf/regs_reg[0][23]/C is not reached by a timing clock
Related violations: <none>

TIMING-17#21 Critical Warning
Non-clocked sequential cell  
The clock pin dut/core0/decode_unit/fprf/regs_reg[0][24]/C is not reached by a timing clock
Related violations: <none>

TIMING-17#22 Critical Warning
Non-clocked sequential cell  
The clock pin dut/core0/decode_unit/fprf/regs_reg[0][25]/C is not reached by a timing clock
Related violations: <none>

TIMING-17#23 Critical Warning
Non-clocked sequential cell  
The clock pin dut/core0/decode_unit/fprf/regs_reg[0][26]/C is not reached by a timing clock
Related violations: <none>

TIMING-17#24 Critical Warning
Non-clocked sequential cell  
The clock pin dut/core0/decode_unit/fprf/regs_reg[0][27]/C is not reached by a timing clock
Related violations: <none>

TIMING-17#25 Critical Warning
Non-clocked sequential cell  
The clock pin dut/core0/decode_unit/fprf/regs_reg[0][28]/C is not reached by a timing clock
Related violations: <none>

TIMING-17#26 Critical Warning
Non-clocked sequential cell  
The clock pin dut/core0/decode_unit/fprf/regs_reg[0][29]/C is not reached by a timing clock
Related violations: <none>

TIMING-17#27 Critical Warning
Non-clocked sequential cell  
The clock pin dut/core0/decode_unit/fprf/regs_reg[0][2]/C is not reached by a timing clock
Related violations: <none>

TIMING-17#28 Critical Warning
Non-clocked sequential cell  
The clock pin dut/core0/decode_unit/fprf/regs_reg[0][30]/C is not reached by a timing clock
Related violations: <none>

TIMING-17#29 Critical Warning
Non-clocked sequential cell  
The clock pin dut/core0/decode_unit/fprf/regs_reg[0][31]/C is not reached by a timing clock
Related violations: <none>

TIMING-17#30 Critical Warning
Non-clocked sequential cell  
The clock pin dut/core0/decode_unit/fprf/regs_reg[0][3]/C is not reached by a timing clock
Related violations: <none>

TIMING-17#31 Critical Warning
Non-clocked sequential cell  
The clock pin dut/core0/decode_unit/fprf/regs_reg[0][4]/C is not reached by a timing clock
Related violations: <none>

TIMING-17#32 Critical Warning
Non-clocked sequential cell  
The clock pin dut/core0/decode_unit/fprf/regs_reg[0][5]/C is not reached by a timing clock
Related violations: <none>

TIMING-17#33 Critical Warning
Non-clocked sequential cell  
The clock pin dut/core0/decode_unit/fprf/regs_reg[0][6]/C is not reached by a timing clock
Related violations: <none>

TIMING-17#34 Critical Warning
Non-clocked sequential cell  
The clock pin dut/core0/decode_unit/fprf/regs_reg[0][7]/C is not reached by a timing clock
Related violations: <none>

TIMING-17#35 Critical Warning
Non-clocked sequential cell  
The clock pin dut/core0/decode_unit/fprf/regs_reg[0][8]/C is not reached by a timing clock
Related violations: <none>

TIMING-17#36 Critical Warning
Non-clocked sequential cell  
The clock pin dut/core0/decode_unit/fprf/regs_reg[0][9]/C is not reached by a timing clock
Related violations: <none>

TIMING-17#37 Critical Warning
Non-clocked sequential cell  
The clock pin dut/core0/decode_unit/fprf/regs_reg[10][0]/C is not reached by a timing clock
Related violations: <none>

TIMING-17#38 Critical Warning
Non-clocked sequential cell  
The clock pin dut/core0/decode_unit/fprf/regs_reg[10][10]/C is not reached by a timing clock
Related violations: <none>

TIMING-17#39 Critical Warning
Non-clocked sequential cell  
The clock pin dut/core0/decode_unit/fprf/regs_reg[10][11]/C is not reached by a timing clock
Related violations: <none>

TIMING-17#40 Critical Warning
Non-clocked sequential cell  
The clock pin dut/core0/decode_unit/fprf/regs_reg[10][12]/C is not reached by a timing clock
Related violations: <none>

TIMING-17#41 Critical Warning
Non-clocked sequential cell  
The clock pin dut/core0/decode_unit/fprf/regs_reg[10][13]/C is not reached by a timing clock
Related violations: <none>

TIMING-17#42 Critical Warning
Non-clocked sequential cell  
The clock pin dut/core0/decode_unit/fprf/regs_reg[10][14]/C is not reached by a timing clock
Related violations: <none>

TIMING-17#43 Critical Warning
Non-clocked sequential cell  
The clock pin dut/core0/decode_unit/fprf/regs_reg[10][15]/C is not reached by a timing clock
Related violations: <none>

TIMING-17#44 Critical Warning
Non-clocked sequential cell  
The clock pin dut/core0/decode_unit/fprf/regs_reg[10][16]/C is not reached by a timing clock
Related violations: <none>

TIMING-17#45 Critical Warning
Non-clocked sequential cell  
The clock pin dut/core0/decode_unit/fprf/regs_reg[10][17]/C is not reached by a timing clock
Related violations: <none>

TIMING-17#46 Critical Warning
Non-clocked sequential cell  
The clock pin dut/core0/decode_unit/fprf/regs_reg[10][18]/C is not reached by a timing clock
Related violations: <none>

TIMING-17#47 Critical Warning
Non-clocked sequential cell  
The clock pin dut/core0/decode_unit/fprf/regs_reg[10][19]/C is not reached by a timing clock
Related violations: <none>

TIMING-17#48 Critical Warning
Non-clocked sequential cell  
The clock pin dut/core0/decode_unit/fprf/regs_reg[10][1]/C is not reached by a timing clock
Related violations: <none>

TIMING-17#49 Critical Warning
Non-clocked sequential cell  
The clock pin dut/core0/decode_unit/fprf/regs_reg[10][20]/C is not reached by a timing clock
Related violations: <none>

TIMING-17#50 Critical Warning
Non-clocked sequential cell  
The clock pin dut/core0/decode_unit/fprf/regs_reg[10][21]/C is not reached by a timing clock
Related violations: <none>

TIMING-17#51 Critical Warning
Non-clocked sequential cell  
The clock pin dut/core0/decode_unit/fprf/regs_reg[10][22]/C is not reached by a timing clock
Related violations: <none>

TIMING-17#52 Critical Warning
Non-clocked sequential cell  
The clock pin dut/core0/decode_unit/fprf/regs_reg[10][23]/C is not reached by a timing clock
Related violations: <none>

TIMING-17#53 Critical Warning
Non-clocked sequential cell  
The clock pin dut/core0/decode_unit/fprf/regs_reg[10][24]/C is not reached by a timing clock
Related violations: <none>

TIMING-17#54 Critical Warning
Non-clocked sequential cell  
The clock pin dut/core0/decode_unit/fprf/regs_reg[10][25]/C is not reached by a timing clock
Related violations: <none>

TIMING-17#55 Critical Warning
Non-clocked sequential cell  
The clock pin dut/core0/decode_unit/fprf/regs_reg[10][26]/C is not reached by a timing clock
Related violations: <none>

TIMING-17#56 Critical Warning
Non-clocked sequential cell  
The clock pin dut/core0/decode_unit/fprf/regs_reg[10][27]/C is not reached by a timing clock
Related violations: <none>

TIMING-17#57 Critical Warning
Non-clocked sequential cell  
The clock pin dut/core0/decode_unit/fprf/regs_reg[10][28]/C is not reached by a timing clock
Related violations: <none>

TIMING-17#58 Critical Warning
Non-clocked sequential cell  
The clock pin dut/core0/decode_unit/fprf/regs_reg[10][29]/C is not reached by a timing clock
Related violations: <none>

TIMING-17#59 Critical Warning
Non-clocked sequential cell  
The clock pin dut/core0/decode_unit/fprf/regs_reg[10][2]/C is not reached by a timing clock
Related violations: <none>

TIMING-17#60 Critical Warning
Non-clocked sequential cell  
The clock pin dut/core0/decode_unit/fprf/regs_reg[10][30]/C is not reached by a timing clock
Related violations: <none>

TIMING-17#61 Critical Warning
Non-clocked sequential cell  
The clock pin dut/core0/decode_unit/fprf/regs_reg[10][31]/C is not reached by a timing clock
Related violations: <none>

TIMING-17#62 Critical Warning
Non-clocked sequential cell  
The clock pin dut/core0/decode_unit/fprf/regs_reg[10][3]/C is not reached by a timing clock
Related violations: <none>

TIMING-17#63 Critical Warning
Non-clocked sequential cell  
The clock pin dut/core0/decode_unit/fprf/regs_reg[10][4]/C is not reached by a timing clock
Related violations: <none>

TIMING-17#64 Critical Warning
Non-clocked sequential cell  
The clock pin dut/core0/decode_unit/fprf/regs_reg[10][5]/C is not reached by a timing clock
Related violations: <none>

TIMING-17#65 Critical Warning
Non-clocked sequential cell  
The clock pin dut/core0/decode_unit/fprf/regs_reg[10][6]/C is not reached by a timing clock
Related violations: <none>

TIMING-17#66 Critical Warning
Non-clocked sequential cell  
The clock pin dut/core0/decode_unit/fprf/regs_reg[10][7]/C is not reached by a timing clock
Related violations: <none>

TIMING-17#67 Critical Warning
Non-clocked sequential cell  
The clock pin dut/core0/decode_unit/fprf/regs_reg[10][8]/C is not reached by a timing clock
Related violations: <none>

TIMING-17#68 Critical Warning
Non-clocked sequential cell  
The clock pin dut/core0/decode_unit/fprf/regs_reg[10][9]/C is not reached by a timing clock
Related violations: <none>

TIMING-17#69 Critical Warning
Non-clocked sequential cell  
The clock pin dut/core0/decode_unit/fprf/regs_reg[11][0]/C is not reached by a timing clock
Related violations: <none>

TIMING-17#70 Critical Warning
Non-clocked sequential cell  
The clock pin dut/core0/decode_unit/fprf/regs_reg[11][10]/C is not reached by a timing clock
Related violations: <none>

TIMING-17#71 Critical Warning
Non-clocked sequential cell  
The clock pin dut/core0/decode_unit/fprf/regs_reg[11][11]/C is not reached by a timing clock
Related violations: <none>

TIMING-17#72 Critical Warning
Non-clocked sequential cell  
The clock pin dut/core0/decode_unit/fprf/regs_reg[11][12]/C is not reached by a timing clock
Related violations: <none>

TIMING-17#73 Critical Warning
Non-clocked sequential cell  
The clock pin dut/core0/decode_unit/fprf/regs_reg[11][13]/C is not reached by a timing clock
Related violations: <none>

TIMING-17#74 Critical Warning
Non-clocked sequential cell  
The clock pin dut/core0/decode_unit/fprf/regs_reg[11][14]/C is not reached by a timing clock
Related violations: <none>

TIMING-17#75 Critical Warning
Non-clocked sequential cell  
The clock pin dut/core0/decode_unit/fprf/regs_reg[11][15]/C is not reached by a timing clock
Related violations: <none>

TIMING-17#76 Critical Warning
Non-clocked sequential cell  
The clock pin dut/core0/decode_unit/fprf/regs_reg[11][16]/C is not reached by a timing clock
Related violations: <none>

TIMING-17#77 Critical Warning
Non-clocked sequential cell  
The clock pin dut/core0/decode_unit/fprf/regs_reg[11][17]/C is not reached by a timing clock
Related violations: <none>

TIMING-17#78 Critical Warning
Non-clocked sequential cell  
The clock pin dut/core0/decode_unit/fprf/regs_reg[11][18]/C is not reached by a timing clock
Related violations: <none>

TIMING-17#79 Critical Warning
Non-clocked sequential cell  
The clock pin dut/core0/decode_unit/fprf/regs_reg[11][19]/C is not reached by a timing clock
Related violations: <none>

TIMING-17#80 Critical Warning
Non-clocked sequential cell  
The clock pin dut/core0/decode_unit/fprf/regs_reg[11][1]/C is not reached by a timing clock
Related violations: <none>

TIMING-17#81 Critical Warning
Non-clocked sequential cell  
The clock pin dut/core0/decode_unit/fprf/regs_reg[11][20]/C is not reached by a timing clock
Related violations: <none>

TIMING-17#82 Critical Warning
Non-clocked sequential cell  
The clock pin dut/core0/decode_unit/fprf/regs_reg[11][21]/C is not reached by a timing clock
Related violations: <none>

TIMING-17#83 Critical Warning
Non-clocked sequential cell  
The clock pin dut/core0/decode_unit/fprf/regs_reg[11][22]/C is not reached by a timing clock
Related violations: <none>

TIMING-17#84 Critical Warning
Non-clocked sequential cell  
The clock pin dut/core0/decode_unit/fprf/regs_reg[11][23]/C is not reached by a timing clock
Related violations: <none>

TIMING-17#85 Critical Warning
Non-clocked sequential cell  
The clock pin dut/core0/decode_unit/fprf/regs_reg[11][24]/C is not reached by a timing clock
Related violations: <none>

TIMING-17#86 Critical Warning
Non-clocked sequential cell  
The clock pin dut/core0/decode_unit/fprf/regs_reg[11][25]/C is not reached by a timing clock
Related violations: <none>

TIMING-17#87 Critical Warning
Non-clocked sequential cell  
The clock pin dut/core0/decode_unit/fprf/regs_reg[11][26]/C is not reached by a timing clock
Related violations: <none>

TIMING-17#88 Critical Warning
Non-clocked sequential cell  
The clock pin dut/core0/decode_unit/fprf/regs_reg[11][27]/C is not reached by a timing clock
Related violations: <none>

TIMING-17#89 Critical Warning
Non-clocked sequential cell  
The clock pin dut/core0/decode_unit/fprf/regs_reg[11][28]/C is not reached by a timing clock
Related violations: <none>

TIMING-17#90 Critical Warning
Non-clocked sequential cell  
The clock pin dut/core0/decode_unit/fprf/regs_reg[11][29]/C is not reached by a timing clock
Related violations: <none>

TIMING-17#91 Critical Warning
Non-clocked sequential cell  
The clock pin dut/core0/decode_unit/fprf/regs_reg[11][2]/C is not reached by a timing clock
Related violations: <none>

TIMING-17#92 Critical Warning
Non-clocked sequential cell  
The clock pin dut/core0/decode_unit/fprf/regs_reg[11][30]/C is not reached by a timing clock
Related violations: <none>

TIMING-17#93 Critical Warning
Non-clocked sequential cell  
The clock pin dut/core0/decode_unit/fprf/regs_reg[11][31]/C is not reached by a timing clock
Related violations: <none>

TIMING-17#94 Critical Warning
Non-clocked sequential cell  
The clock pin dut/core0/decode_unit/fprf/regs_reg[11][3]/C is not reached by a timing clock
Related violations: <none>

TIMING-17#95 Critical Warning
Non-clocked sequential cell  
The clock pin dut/core0/decode_unit/fprf/regs_reg[11][4]/C is not reached by a timing clock
Related violations: <none>

TIMING-17#96 Critical Warning
Non-clocked sequential cell  
The clock pin dut/core0/decode_unit/fprf/regs_reg[11][5]/C is not reached by a timing clock
Related violations: <none>

TIMING-17#97 Critical Warning
Non-clocked sequential cell  
The clock pin dut/core0/decode_unit/fprf/regs_reg[11][6]/C is not reached by a timing clock
Related violations: <none>

TIMING-17#98 Critical Warning
Non-clocked sequential cell  
The clock pin dut/core0/decode_unit/fprf/regs_reg[11][7]/C is not reached by a timing clock
Related violations: <none>

TIMING-17#99 Critical Warning
Non-clocked sequential cell  
The clock pin dut/core0/decode_unit/fprf/regs_reg[11][8]/C is not reached by a timing clock
Related violations: <none>

TIMING-17#100 Critical Warning
Non-clocked sequential cell  
The clock pin dut/core0/decode_unit/fprf/regs_reg[11][9]/C is not reached by a timing clock
Related violations: <none>

TIMING-17#101 Critical Warning
Non-clocked sequential cell  
The clock pin dut/core0/decode_unit/fprf/regs_reg[12][0]/C is not reached by a timing clock
Related violations: <none>

TIMING-17#102 Critical Warning
Non-clocked sequential cell  
The clock pin dut/core0/decode_unit/fprf/regs_reg[12][10]/C is not reached by a timing clock
Related violations: <none>

TIMING-17#103 Critical Warning
Non-clocked sequential cell  
The clock pin dut/core0/decode_unit/fprf/regs_reg[12][11]/C is not reached by a timing clock
Related violations: <none>

TIMING-17#104 Critical Warning
Non-clocked sequential cell  
The clock pin dut/core0/decode_unit/fprf/regs_reg[12][12]/C is not reached by a timing clock
Related violations: <none>

TIMING-17#105 Critical Warning
Non-clocked sequential cell  
The clock pin dut/core0/decode_unit/fprf/regs_reg[12][13]/C is not reached by a timing clock
Related violations: <none>

TIMING-17#106 Critical Warning
Non-clocked sequential cell  
The clock pin dut/core0/decode_unit/fprf/regs_reg[12][14]/C is not reached by a timing clock
Related violations: <none>

TIMING-17#107 Critical Warning
Non-clocked sequential cell  
The clock pin dut/core0/decode_unit/fprf/regs_reg[12][15]/C is not reached by a timing clock
Related violations: <none>

TIMING-17#108 Critical Warning
Non-clocked sequential cell  
The clock pin dut/core0/decode_unit/fprf/regs_reg[12][16]/C is not reached by a timing clock
Related violations: <none>

TIMING-17#109 Critical Warning
Non-clocked sequential cell  
The clock pin dut/core0/decode_unit/fprf/regs_reg[12][17]/C is not reached by a timing clock
Related violations: <none>

TIMING-17#110 Critical Warning
Non-clocked sequential cell  
The clock pin dut/core0/decode_unit/fprf/regs_reg[12][18]/C is not reached by a timing clock
Related violations: <none>

TIMING-17#111 Critical Warning
Non-clocked sequential cell  
The clock pin dut/core0/decode_unit/fprf/regs_reg[12][19]/C is not reached by a timing clock
Related violations: <none>

TIMING-17#112 Critical Warning
Non-clocked sequential cell  
The clock pin dut/core0/decode_unit/fprf/regs_reg[12][1]/C is not reached by a timing clock
Related violations: <none>

TIMING-17#113 Critical Warning
Non-clocked sequential cell  
The clock pin dut/core0/decode_unit/fprf/regs_reg[12][20]/C is not reached by a timing clock
Related violations: <none>

TIMING-17#114 Critical Warning
Non-clocked sequential cell  
The clock pin dut/core0/decode_unit/fprf/regs_reg[12][21]/C is not reached by a timing clock
Related violations: <none>

TIMING-17#115 Critical Warning
Non-clocked sequential cell  
The clock pin dut/core0/decode_unit/fprf/regs_reg[12][22]/C is not reached by a timing clock
Related violations: <none>

TIMING-17#116 Critical Warning
Non-clocked sequential cell  
The clock pin dut/core0/decode_unit/fprf/regs_reg[12][23]/C is not reached by a timing clock
Related violations: <none>

TIMING-17#117 Critical Warning
Non-clocked sequential cell  
The clock pin dut/core0/decode_unit/fprf/regs_reg[12][24]/C is not reached by a timing clock
Related violations: <none>

TIMING-17#118 Critical Warning
Non-clocked sequential cell  
The clock pin dut/core0/decode_unit/fprf/regs_reg[12][25]/C is not reached by a timing clock
Related violations: <none>

TIMING-17#119 Critical Warning
Non-clocked sequential cell  
The clock pin dut/core0/decode_unit/fprf/regs_reg[12][26]/C is not reached by a timing clock
Related violations: <none>

TIMING-17#120 Critical Warning
Non-clocked sequential cell  
The clock pin dut/core0/decode_unit/fprf/regs_reg[12][27]/C is not reached by a timing clock
Related violations: <none>

TIMING-17#121 Critical Warning
Non-clocked sequential cell  
The clock pin dut/core0/decode_unit/fprf/regs_reg[12][28]/C is not reached by a timing clock
Related violations: <none>

TIMING-17#122 Critical Warning
Non-clocked sequential cell  
The clock pin dut/core0/decode_unit/fprf/regs_reg[12][29]/C is not reached by a timing clock
Related violations: <none>

TIMING-17#123 Critical Warning
Non-clocked sequential cell  
The clock pin dut/core0/decode_unit/fprf/regs_reg[12][2]/C is not reached by a timing clock
Related violations: <none>

TIMING-17#124 Critical Warning
Non-clocked sequential cell  
The clock pin dut/core0/decode_unit/fprf/regs_reg[12][30]/C is not reached by a timing clock
Related violations: <none>

TIMING-17#125 Critical Warning
Non-clocked sequential cell  
The clock pin dut/core0/decode_unit/fprf/regs_reg[12][31]/C is not reached by a timing clock
Related violations: <none>

TIMING-17#126 Critical Warning
Non-clocked sequential cell  
The clock pin dut/core0/decode_unit/fprf/regs_reg[12][3]/C is not reached by a timing clock
Related violations: <none>

TIMING-17#127 Critical Warning
Non-clocked sequential cell  
The clock pin dut/core0/decode_unit/fprf/regs_reg[12][4]/C is not reached by a timing clock
Related violations: <none>

TIMING-17#128 Critical Warning
Non-clocked sequential cell  
The clock pin dut/core0/decode_unit/fprf/regs_reg[12][5]/C is not reached by a timing clock
Related violations: <none>

TIMING-17#129 Critical Warning
Non-clocked sequential cell  
The clock pin dut/core0/decode_unit/fprf/regs_reg[12][6]/C is not reached by a timing clock
Related violations: <none>

TIMING-17#130 Critical Warning
Non-clocked sequential cell  
The clock pin dut/core0/decode_unit/fprf/regs_reg[12][7]/C is not reached by a timing clock
Related violations: <none>

TIMING-17#131 Critical Warning
Non-clocked sequential cell  
The clock pin dut/core0/decode_unit/fprf/regs_reg[12][8]/C is not reached by a timing clock
Related violations: <none>

TIMING-17#132 Critical Warning
Non-clocked sequential cell  
The clock pin dut/core0/decode_unit/fprf/regs_reg[12][9]/C is not reached by a timing clock
Related violations: <none>

TIMING-17#133 Critical Warning
Non-clocked sequential cell  
The clock pin dut/core0/decode_unit/fprf/regs_reg[13][0]/C is not reached by a timing clock
Related violations: <none>

TIMING-17#134 Critical Warning
Non-clocked sequential cell  
The clock pin dut/core0/decode_unit/fprf/regs_reg[13][10]/C is not reached by a timing clock
Related violations: <none>

TIMING-17#135 Critical Warning
Non-clocked sequential cell  
The clock pin dut/core0/decode_unit/fprf/regs_reg[13][11]/C is not reached by a timing clock
Related violations: <none>

TIMING-17#136 Critical Warning
Non-clocked sequential cell  
The clock pin dut/core0/decode_unit/fprf/regs_reg[13][12]/C is not reached by a timing clock
Related violations: <none>

TIMING-17#137 Critical Warning
Non-clocked sequential cell  
The clock pin dut/core0/decode_unit/fprf/regs_reg[13][13]/C is not reached by a timing clock
Related violations: <none>

TIMING-17#138 Critical Warning
Non-clocked sequential cell  
The clock pin dut/core0/decode_unit/fprf/regs_reg[13][14]/C is not reached by a timing clock
Related violations: <none>

TIMING-17#139 Critical Warning
Non-clocked sequential cell  
The clock pin dut/core0/decode_unit/fprf/regs_reg[13][15]/C is not reached by a timing clock
Related violations: <none>

TIMING-17#140 Critical Warning
Non-clocked sequential cell  
The clock pin dut/core0/decode_unit/fprf/regs_reg[13][16]/C is not reached by a timing clock
Related violations: <none>

TIMING-17#141 Critical Warning
Non-clocked sequential cell  
The clock pin dut/core0/decode_unit/fprf/regs_reg[13][17]/C is not reached by a timing clock
Related violations: <none>

TIMING-17#142 Critical Warning
Non-clocked sequential cell  
The clock pin dut/core0/decode_unit/fprf/regs_reg[13][18]/C is not reached by a timing clock
Related violations: <none>

TIMING-17#143 Critical Warning
Non-clocked sequential cell  
The clock pin dut/core0/decode_unit/fprf/regs_reg[13][19]/C is not reached by a timing clock
Related violations: <none>

TIMING-17#144 Critical Warning
Non-clocked sequential cell  
The clock pin dut/core0/decode_unit/fprf/regs_reg[13][1]/C is not reached by a timing clock
Related violations: <none>

TIMING-17#145 Critical Warning
Non-clocked sequential cell  
The clock pin dut/core0/decode_unit/fprf/regs_reg[13][20]/C is not reached by a timing clock
Related violations: <none>

TIMING-17#146 Critical Warning
Non-clocked sequential cell  
The clock pin dut/core0/decode_unit/fprf/regs_reg[13][21]/C is not reached by a timing clock
Related violations: <none>

TIMING-17#147 Critical Warning
Non-clocked sequential cell  
The clock pin dut/core0/decode_unit/fprf/regs_reg[13][22]/C is not reached by a timing clock
Related violations: <none>

TIMING-17#148 Critical Warning
Non-clocked sequential cell  
The clock pin dut/core0/decode_unit/fprf/regs_reg[13][23]/C is not reached by a timing clock
Related violations: <none>

TIMING-17#149 Critical Warning
Non-clocked sequential cell  
The clock pin dut/core0/decode_unit/fprf/regs_reg[13][24]/C is not reached by a timing clock
Related violations: <none>

TIMING-17#150 Critical Warning
Non-clocked sequential cell  
The clock pin dut/core0/decode_unit/fprf/regs_reg[13][25]/C is not reached by a timing clock
Related violations: <none>

TIMING-17#151 Critical Warning
Non-clocked sequential cell  
The clock pin dut/core0/decode_unit/fprf/regs_reg[13][26]/C is not reached by a timing clock
Related violations: <none>

TIMING-17#152 Critical Warning
Non-clocked sequential cell  
The clock pin dut/core0/decode_unit/fprf/regs_reg[13][27]/C is not reached by a timing clock
Related violations: <none>

TIMING-17#153 Critical Warning
Non-clocked sequential cell  
The clock pin dut/core0/decode_unit/fprf/regs_reg[13][28]/C is not reached by a timing clock
Related violations: <none>

TIMING-17#154 Critical Warning
Non-clocked sequential cell  
The clock pin dut/core0/decode_unit/fprf/regs_reg[13][29]/C is not reached by a timing clock
Related violations: <none>

TIMING-17#155 Critical Warning
Non-clocked sequential cell  
The clock pin dut/core0/decode_unit/fprf/regs_reg[13][2]/C is not reached by a timing clock
Related violations: <none>

TIMING-17#156 Critical Warning
Non-clocked sequential cell  
The clock pin dut/core0/decode_unit/fprf/regs_reg[13][30]/C is not reached by a timing clock
Related violations: <none>

TIMING-17#157 Critical Warning
Non-clocked sequential cell  
The clock pin dut/core0/decode_unit/fprf/regs_reg[13][31]/C is not reached by a timing clock
Related violations: <none>

TIMING-17#158 Critical Warning
Non-clocked sequential cell  
The clock pin dut/core0/decode_unit/fprf/regs_reg[13][3]/C is not reached by a timing clock
Related violations: <none>

TIMING-17#159 Critical Warning
Non-clocked sequential cell  
The clock pin dut/core0/decode_unit/fprf/regs_reg[13][4]/C is not reached by a timing clock
Related violations: <none>

TIMING-17#160 Critical Warning
Non-clocked sequential cell  
The clock pin dut/core0/decode_unit/fprf/regs_reg[13][5]/C is not reached by a timing clock
Related violations: <none>

TIMING-17#161 Critical Warning
Non-clocked sequential cell  
The clock pin dut/core0/decode_unit/fprf/regs_reg[13][6]/C is not reached by a timing clock
Related violations: <none>

TIMING-17#162 Critical Warning
Non-clocked sequential cell  
The clock pin dut/core0/decode_unit/fprf/regs_reg[13][7]/C is not reached by a timing clock
Related violations: <none>

TIMING-17#163 Critical Warning
Non-clocked sequential cell  
The clock pin dut/core0/decode_unit/fprf/regs_reg[13][8]/C is not reached by a timing clock
Related violations: <none>

TIMING-17#164 Critical Warning
Non-clocked sequential cell  
The clock pin dut/core0/decode_unit/fprf/regs_reg[13][9]/C is not reached by a timing clock
Related violations: <none>

TIMING-17#165 Critical Warning
Non-clocked sequential cell  
The clock pin dut/core0/decode_unit/fprf/regs_reg[14][0]/C is not reached by a timing clock
Related violations: <none>

TIMING-17#166 Critical Warning
Non-clocked sequential cell  
The clock pin dut/core0/decode_unit/fprf/regs_reg[14][10]/C is not reached by a timing clock
Related violations: <none>

TIMING-17#167 Critical Warning
Non-clocked sequential cell  
The clock pin dut/core0/decode_unit/fprf/regs_reg[14][11]/C is not reached by a timing clock
Related violations: <none>

TIMING-17#168 Critical Warning
Non-clocked sequential cell  
The clock pin dut/core0/decode_unit/fprf/regs_reg[14][12]/C is not reached by a timing clock
Related violations: <none>

TIMING-17#169 Critical Warning
Non-clocked sequential cell  
The clock pin dut/core0/decode_unit/fprf/regs_reg[14][13]/C is not reached by a timing clock
Related violations: <none>

TIMING-17#170 Critical Warning
Non-clocked sequential cell  
The clock pin dut/core0/decode_unit/fprf/regs_reg[14][14]/C is not reached by a timing clock
Related violations: <none>

TIMING-17#171 Critical Warning
Non-clocked sequential cell  
The clock pin dut/core0/decode_unit/fprf/regs_reg[14][15]/C is not reached by a timing clock
Related violations: <none>

TIMING-17#172 Critical Warning
Non-clocked sequential cell  
The clock pin dut/core0/decode_unit/fprf/regs_reg[14][16]/C is not reached by a timing clock
Related violations: <none>

TIMING-17#173 Critical Warning
Non-clocked sequential cell  
The clock pin dut/core0/decode_unit/fprf/regs_reg[14][17]/C is not reached by a timing clock
Related violations: <none>

TIMING-17#174 Critical Warning
Non-clocked sequential cell  
The clock pin dut/core0/decode_unit/fprf/regs_reg[14][18]/C is not reached by a timing clock
Related violations: <none>

TIMING-17#175 Critical Warning
Non-clocked sequential cell  
The clock pin dut/core0/decode_unit/fprf/regs_reg[14][19]/C is not reached by a timing clock
Related violations: <none>

TIMING-17#176 Critical Warning
Non-clocked sequential cell  
The clock pin dut/core0/decode_unit/fprf/regs_reg[14][1]/C is not reached by a timing clock
Related violations: <none>

TIMING-17#177 Critical Warning
Non-clocked sequential cell  
The clock pin dut/core0/decode_unit/fprf/regs_reg[14][20]/C is not reached by a timing clock
Related violations: <none>

TIMING-17#178 Critical Warning
Non-clocked sequential cell  
The clock pin dut/core0/decode_unit/fprf/regs_reg[14][21]/C is not reached by a timing clock
Related violations: <none>

TIMING-17#179 Critical Warning
Non-clocked sequential cell  
The clock pin dut/core0/decode_unit/fprf/regs_reg[14][22]/C is not reached by a timing clock
Related violations: <none>

TIMING-17#180 Critical Warning
Non-clocked sequential cell  
The clock pin dut/core0/decode_unit/fprf/regs_reg[14][23]/C is not reached by a timing clock
Related violations: <none>

TIMING-17#181 Critical Warning
Non-clocked sequential cell  
The clock pin dut/core0/decode_unit/fprf/regs_reg[14][24]/C is not reached by a timing clock
Related violations: <none>

TIMING-17#182 Critical Warning
Non-clocked sequential cell  
The clock pin dut/core0/decode_unit/fprf/regs_reg[14][25]/C is not reached by a timing clock
Related violations: <none>

TIMING-17#183 Critical Warning
Non-clocked sequential cell  
The clock pin dut/core0/decode_unit/fprf/regs_reg[14][26]/C is not reached by a timing clock
Related violations: <none>

TIMING-17#184 Critical Warning
Non-clocked sequential cell  
The clock pin dut/core0/decode_unit/fprf/regs_reg[14][27]/C is not reached by a timing clock
Related violations: <none>

TIMING-17#185 Critical Warning
Non-clocked sequential cell  
The clock pin dut/core0/decode_unit/fprf/regs_reg[14][28]/C is not reached by a timing clock
Related violations: <none>

TIMING-17#186 Critical Warning
Non-clocked sequential cell  
The clock pin dut/core0/decode_unit/fprf/regs_reg[14][29]/C is not reached by a timing clock
Related violations: <none>

TIMING-17#187 Critical Warning
Non-clocked sequential cell  
The clock pin dut/core0/decode_unit/fprf/regs_reg[14][2]/C is not reached by a timing clock
Related violations: <none>

TIMING-17#188 Critical Warning
Non-clocked sequential cell  
The clock pin dut/core0/decode_unit/fprf/regs_reg[14][30]/C is not reached by a timing clock
Related violations: <none>

TIMING-17#189 Critical Warning
Non-clocked sequential cell  
The clock pin dut/core0/decode_unit/fprf/regs_reg[14][31]/C is not reached by a timing clock
Related violations: <none>

TIMING-17#190 Critical Warning
Non-clocked sequential cell  
The clock pin dut/core0/decode_unit/fprf/regs_reg[14][3]/C is not reached by a timing clock
Related violations: <none>

TIMING-17#191 Critical Warning
Non-clocked sequential cell  
The clock pin dut/core0/decode_unit/fprf/regs_reg[14][4]/C is not reached by a timing clock
Related violations: <none>

TIMING-17#192 Critical Warning
Non-clocked sequential cell  
The clock pin dut/core0/decode_unit/fprf/regs_reg[14][5]/C is not reached by a timing clock
Related violations: <none>

TIMING-17#193 Critical Warning
Non-clocked sequential cell  
The clock pin dut/core0/decode_unit/fprf/regs_reg[14][6]/C is not reached by a timing clock
Related violations: <none>

TIMING-17#194 Critical Warning
Non-clocked sequential cell  
The clock pin dut/core0/decode_unit/fprf/regs_reg[14][7]/C is not reached by a timing clock
Related violations: <none>

TIMING-17#195 Critical Warning
Non-clocked sequential cell  
The clock pin dut/core0/decode_unit/fprf/regs_reg[14][8]/C is not reached by a timing clock
Related violations: <none>

TIMING-17#196 Critical Warning
Non-clocked sequential cell  
The clock pin dut/core0/decode_unit/fprf/regs_reg[14][9]/C is not reached by a timing clock
Related violations: <none>

TIMING-17#197 Critical Warning
Non-clocked sequential cell  
The clock pin dut/core0/decode_unit/fprf/regs_reg[15][0]/C is not reached by a timing clock
Related violations: <none>

TIMING-17#198 Critical Warning
Non-clocked sequential cell  
The clock pin dut/core0/decode_unit/fprf/regs_reg[15][10]/C is not reached by a timing clock
Related violations: <none>

TIMING-17#199 Critical Warning
Non-clocked sequential cell  
The clock pin dut/core0/decode_unit/fprf/regs_reg[15][11]/C is not reached by a timing clock
Related violations: <none>

TIMING-17#200 Critical Warning
Non-clocked sequential cell  
The clock pin dut/core0/decode_unit/fprf/regs_reg[15][12]/C is not reached by a timing clock
Related violations: <none>

TIMING-17#201 Critical Warning
Non-clocked sequential cell  
The clock pin dut/core0/decode_unit/fprf/regs_reg[15][13]/C is not reached by a timing clock
Related violations: <none>

TIMING-17#202 Critical Warning
Non-clocked sequential cell  
The clock pin dut/core0/decode_unit/fprf/regs_reg[15][14]/C is not reached by a timing clock
Related violations: <none>

TIMING-17#203 Critical Warning
Non-clocked sequential cell  
The clock pin dut/core0/decode_unit/fprf/regs_reg[15][15]/C is not reached by a timing clock
Related violations: <none>

TIMING-17#204 Critical Warning
Non-clocked sequential cell  
The clock pin dut/core0/decode_unit/fprf/regs_reg[15][16]/C is not reached by a timing clock
Related violations: <none>

TIMING-17#205 Critical Warning
Non-clocked sequential cell  
The clock pin dut/core0/decode_unit/fprf/regs_reg[15][17]/C is not reached by a timing clock
Related violations: <none>

TIMING-17#206 Critical Warning
Non-clocked sequential cell  
The clock pin dut/core0/decode_unit/fprf/regs_reg[15][18]/C is not reached by a timing clock
Related violations: <none>

TIMING-17#207 Critical Warning
Non-clocked sequential cell  
The clock pin dut/core0/decode_unit/fprf/regs_reg[15][19]/C is not reached by a timing clock
Related violations: <none>

TIMING-17#208 Critical Warning
Non-clocked sequential cell  
The clock pin dut/core0/decode_unit/fprf/regs_reg[15][1]/C is not reached by a timing clock
Related violations: <none>

TIMING-17#209 Critical Warning
Non-clocked sequential cell  
The clock pin dut/core0/decode_unit/fprf/regs_reg[15][20]/C is not reached by a timing clock
Related violations: <none>

TIMING-17#210 Critical Warning
Non-clocked sequential cell  
The clock pin dut/core0/decode_unit/fprf/regs_reg[15][21]/C is not reached by a timing clock
Related violations: <none>

TIMING-17#211 Critical Warning
Non-clocked sequential cell  
The clock pin dut/core0/decode_unit/fprf/regs_reg[15][22]/C is not reached by a timing clock
Related violations: <none>

TIMING-17#212 Critical Warning
Non-clocked sequential cell  
The clock pin dut/core0/decode_unit/fprf/regs_reg[15][23]/C is not reached by a timing clock
Related violations: <none>

TIMING-17#213 Critical Warning
Non-clocked sequential cell  
The clock pin dut/core0/decode_unit/fprf/regs_reg[15][24]/C is not reached by a timing clock
Related violations: <none>

TIMING-17#214 Critical Warning
Non-clocked sequential cell  
The clock pin dut/core0/decode_unit/fprf/regs_reg[15][25]/C is not reached by a timing clock
Related violations: <none>

TIMING-17#215 Critical Warning
Non-clocked sequential cell  
The clock pin dut/core0/decode_unit/fprf/regs_reg[15][26]/C is not reached by a timing clock
Related violations: <none>

TIMING-17#216 Critical Warning
Non-clocked sequential cell  
The clock pin dut/core0/decode_unit/fprf/regs_reg[15][27]/C is not reached by a timing clock
Related violations: <none>

TIMING-17#217 Critical Warning
Non-clocked sequential cell  
The clock pin dut/core0/decode_unit/fprf/regs_reg[15][28]/C is not reached by a timing clock
Related violations: <none>

TIMING-17#218 Critical Warning
Non-clocked sequential cell  
The clock pin dut/core0/decode_unit/fprf/regs_reg[15][29]/C is not reached by a timing clock
Related violations: <none>

TIMING-17#219 Critical Warning
Non-clocked sequential cell  
The clock pin dut/core0/decode_unit/fprf/regs_reg[15][2]/C is not reached by a timing clock
Related violations: <none>

TIMING-17#220 Critical Warning
Non-clocked sequential cell  
The clock pin dut/core0/decode_unit/fprf/regs_reg[15][30]/C is not reached by a timing clock
Related violations: <none>

TIMING-17#221 Critical Warning
Non-clocked sequential cell  
The clock pin dut/core0/decode_unit/fprf/regs_reg[15][31]/C is not reached by a timing clock
Related violations: <none>

TIMING-17#222 Critical Warning
Non-clocked sequential cell  
The clock pin dut/core0/decode_unit/fprf/regs_reg[15][3]/C is not reached by a timing clock
Related violations: <none>

TIMING-17#223 Critical Warning
Non-clocked sequential cell  
The clock pin dut/core0/decode_unit/fprf/regs_reg[15][4]/C is not reached by a timing clock
Related violations: <none>

TIMING-17#224 Critical Warning
Non-clocked sequential cell  
The clock pin dut/core0/decode_unit/fprf/regs_reg[15][5]/C is not reached by a timing clock
Related violations: <none>

TIMING-17#225 Critical Warning
Non-clocked sequential cell  
The clock pin dut/core0/decode_unit/fprf/regs_reg[15][6]/C is not reached by a timing clock
Related violations: <none>

TIMING-17#226 Critical Warning
Non-clocked sequential cell  
The clock pin dut/core0/decode_unit/fprf/regs_reg[15][7]/C is not reached by a timing clock
Related violations: <none>

TIMING-17#227 Critical Warning
Non-clocked sequential cell  
The clock pin dut/core0/decode_unit/fprf/regs_reg[15][8]/C is not reached by a timing clock
Related violations: <none>

TIMING-17#228 Critical Warning
Non-clocked sequential cell  
The clock pin dut/core0/decode_unit/fprf/regs_reg[15][9]/C is not reached by a timing clock
Related violations: <none>

TIMING-17#229 Critical Warning
Non-clocked sequential cell  
The clock pin dut/core0/decode_unit/fprf/regs_reg[16][0]/C is not reached by a timing clock
Related violations: <none>

TIMING-17#230 Critical Warning
Non-clocked sequential cell  
The clock pin dut/core0/decode_unit/fprf/regs_reg[16][10]/C is not reached by a timing clock
Related violations: <none>

TIMING-17#231 Critical Warning
Non-clocked sequential cell  
The clock pin dut/core0/decode_unit/fprf/regs_reg[16][11]/C is not reached by a timing clock
Related violations: <none>

TIMING-17#232 Critical Warning
Non-clocked sequential cell  
The clock pin dut/core0/decode_unit/fprf/regs_reg[16][12]/C is not reached by a timing clock
Related violations: <none>

TIMING-17#233 Critical Warning
Non-clocked sequential cell  
The clock pin dut/core0/decode_unit/fprf/regs_reg[16][13]/C is not reached by a timing clock
Related violations: <none>

TIMING-17#234 Critical Warning
Non-clocked sequential cell  
The clock pin dut/core0/decode_unit/fprf/regs_reg[16][14]/C is not reached by a timing clock
Related violations: <none>

TIMING-17#235 Critical Warning
Non-clocked sequential cell  
The clock pin dut/core0/decode_unit/fprf/regs_reg[16][15]/C is not reached by a timing clock
Related violations: <none>

TIMING-17#236 Critical Warning
Non-clocked sequential cell  
The clock pin dut/core0/decode_unit/fprf/regs_reg[16][16]/C is not reached by a timing clock
Related violations: <none>

TIMING-17#237 Critical Warning
Non-clocked sequential cell  
The clock pin dut/core0/decode_unit/fprf/regs_reg[16][17]/C is not reached by a timing clock
Related violations: <none>

TIMING-17#238 Critical Warning
Non-clocked sequential cell  
The clock pin dut/core0/decode_unit/fprf/regs_reg[16][18]/C is not reached by a timing clock
Related violations: <none>

TIMING-17#239 Critical Warning
Non-clocked sequential cell  
The clock pin dut/core0/decode_unit/fprf/regs_reg[16][19]/C is not reached by a timing clock
Related violations: <none>

TIMING-17#240 Critical Warning
Non-clocked sequential cell  
The clock pin dut/core0/decode_unit/fprf/regs_reg[16][1]/C is not reached by a timing clock
Related violations: <none>

TIMING-17#241 Critical Warning
Non-clocked sequential cell  
The clock pin dut/core0/decode_unit/fprf/regs_reg[16][20]/C is not reached by a timing clock
Related violations: <none>

TIMING-17#242 Critical Warning
Non-clocked sequential cell  
The clock pin dut/core0/decode_unit/fprf/regs_reg[16][21]/C is not reached by a timing clock
Related violations: <none>

TIMING-17#243 Critical Warning
Non-clocked sequential cell  
The clock pin dut/core0/decode_unit/fprf/regs_reg[16][22]/C is not reached by a timing clock
Related violations: <none>

TIMING-17#244 Critical Warning
Non-clocked sequential cell  
The clock pin dut/core0/decode_unit/fprf/regs_reg[16][23]/C is not reached by a timing clock
Related violations: <none>

TIMING-17#245 Critical Warning
Non-clocked sequential cell  
The clock pin dut/core0/decode_unit/fprf/regs_reg[16][24]/C is not reached by a timing clock
Related violations: <none>

TIMING-17#246 Critical Warning
Non-clocked sequential cell  
The clock pin dut/core0/decode_unit/fprf/regs_reg[16][25]/C is not reached by a timing clock
Related violations: <none>

TIMING-17#247 Critical Warning
Non-clocked sequential cell  
The clock pin dut/core0/decode_unit/fprf/regs_reg[16][26]/C is not reached by a timing clock
Related violations: <none>

TIMING-17#248 Critical Warning
Non-clocked sequential cell  
The clock pin dut/core0/decode_unit/fprf/regs_reg[16][27]/C is not reached by a timing clock
Related violations: <none>

TIMING-17#249 Critical Warning
Non-clocked sequential cell  
The clock pin dut/core0/decode_unit/fprf/regs_reg[16][28]/C is not reached by a timing clock
Related violations: <none>

TIMING-17#250 Critical Warning
Non-clocked sequential cell  
The clock pin dut/core0/decode_unit/fprf/regs_reg[16][29]/C is not reached by a timing clock
Related violations: <none>

TIMING-17#251 Critical Warning
Non-clocked sequential cell  
The clock pin dut/core0/decode_unit/fprf/regs_reg[16][2]/C is not reached by a timing clock
Related violations: <none>

TIMING-17#252 Critical Warning
Non-clocked sequential cell  
The clock pin dut/core0/decode_unit/fprf/regs_reg[16][30]/C is not reached by a timing clock
Related violations: <none>

TIMING-17#253 Critical Warning
Non-clocked sequential cell  
The clock pin dut/core0/decode_unit/fprf/regs_reg[16][31]/C is not reached by a timing clock
Related violations: <none>

TIMING-17#254 Critical Warning
Non-clocked sequential cell  
The clock pin dut/core0/decode_unit/fprf/regs_reg[16][3]/C is not reached by a timing clock
Related violations: <none>

TIMING-17#255 Critical Warning
Non-clocked sequential cell  
The clock pin dut/core0/decode_unit/fprf/regs_reg[16][4]/C is not reached by a timing clock
Related violations: <none>

TIMING-17#256 Critical Warning
Non-clocked sequential cell  
The clock pin dut/core0/decode_unit/fprf/regs_reg[16][5]/C is not reached by a timing clock
Related violations: <none>

TIMING-17#257 Critical Warning
Non-clocked sequential cell  
The clock pin dut/core0/decode_unit/fprf/regs_reg[16][6]/C is not reached by a timing clock
Related violations: <none>

TIMING-17#258 Critical Warning
Non-clocked sequential cell  
The clock pin dut/core0/decode_unit/fprf/regs_reg[16][7]/C is not reached by a timing clock
Related violations: <none>

TIMING-17#259 Critical Warning
Non-clocked sequential cell  
The clock pin dut/core0/decode_unit/fprf/regs_reg[16][8]/C is not reached by a timing clock
Related violations: <none>

TIMING-17#260 Critical Warning
Non-clocked sequential cell  
The clock pin dut/core0/decode_unit/fprf/regs_reg[16][9]/C is not reached by a timing clock
Related violations: <none>

TIMING-17#261 Critical Warning
Non-clocked sequential cell  
The clock pin dut/core0/decode_unit/fprf/regs_reg[17][0]/C is not reached by a timing clock
Related violations: <none>

TIMING-17#262 Critical Warning
Non-clocked sequential cell  
The clock pin dut/core0/decode_unit/fprf/regs_reg[17][10]/C is not reached by a timing clock
Related violations: <none>

TIMING-17#263 Critical Warning
Non-clocked sequential cell  
The clock pin dut/core0/decode_unit/fprf/regs_reg[17][11]/C is not reached by a timing clock
Related violations: <none>

TIMING-17#264 Critical Warning
Non-clocked sequential cell  
The clock pin dut/core0/decode_unit/fprf/regs_reg[17][12]/C is not reached by a timing clock
Related violations: <none>

TIMING-17#265 Critical Warning
Non-clocked sequential cell  
The clock pin dut/core0/decode_unit/fprf/regs_reg[17][13]/C is not reached by a timing clock
Related violations: <none>

TIMING-17#266 Critical Warning
Non-clocked sequential cell  
The clock pin dut/core0/decode_unit/fprf/regs_reg[17][14]/C is not reached by a timing clock
Related violations: <none>

TIMING-17#267 Critical Warning
Non-clocked sequential cell  
The clock pin dut/core0/decode_unit/fprf/regs_reg[17][15]/C is not reached by a timing clock
Related violations: <none>

TIMING-17#268 Critical Warning
Non-clocked sequential cell  
The clock pin dut/core0/decode_unit/fprf/regs_reg[17][16]/C is not reached by a timing clock
Related violations: <none>

TIMING-17#269 Critical Warning
Non-clocked sequential cell  
The clock pin dut/core0/decode_unit/fprf/regs_reg[17][17]/C is not reached by a timing clock
Related violations: <none>

TIMING-17#270 Critical Warning
Non-clocked sequential cell  
The clock pin dut/core0/decode_unit/fprf/regs_reg[17][18]/C is not reached by a timing clock
Related violations: <none>

TIMING-17#271 Critical Warning
Non-clocked sequential cell  
The clock pin dut/core0/decode_unit/fprf/regs_reg[17][19]/C is not reached by a timing clock
Related violations: <none>

TIMING-17#272 Critical Warning
Non-clocked sequential cell  
The clock pin dut/core0/decode_unit/fprf/regs_reg[17][1]/C is not reached by a timing clock
Related violations: <none>

TIMING-17#273 Critical Warning
Non-clocked sequential cell  
The clock pin dut/core0/decode_unit/fprf/regs_reg[17][20]/C is not reached by a timing clock
Related violations: <none>

TIMING-17#274 Critical Warning
Non-clocked sequential cell  
The clock pin dut/core0/decode_unit/fprf/regs_reg[17][21]/C is not reached by a timing clock
Related violations: <none>

TIMING-17#275 Critical Warning
Non-clocked sequential cell  
The clock pin dut/core0/decode_unit/fprf/regs_reg[17][22]/C is not reached by a timing clock
Related violations: <none>

TIMING-17#276 Critical Warning
Non-clocked sequential cell  
The clock pin dut/core0/decode_unit/fprf/regs_reg[17][23]/C is not reached by a timing clock
Related violations: <none>

TIMING-17#277 Critical Warning
Non-clocked sequential cell  
The clock pin dut/core0/decode_unit/fprf/regs_reg[17][24]/C is not reached by a timing clock
Related violations: <none>

TIMING-17#278 Critical Warning
Non-clocked sequential cell  
The clock pin dut/core0/decode_unit/fprf/regs_reg[17][25]/C is not reached by a timing clock
Related violations: <none>

TIMING-17#279 Critical Warning
Non-clocked sequential cell  
The clock pin dut/core0/decode_unit/fprf/regs_reg[17][26]/C is not reached by a timing clock
Related violations: <none>

TIMING-17#280 Critical Warning
Non-clocked sequential cell  
The clock pin dut/core0/decode_unit/fprf/regs_reg[17][27]/C is not reached by a timing clock
Related violations: <none>

TIMING-17#281 Critical Warning
Non-clocked sequential cell  
The clock pin dut/core0/decode_unit/fprf/regs_reg[17][28]/C is not reached by a timing clock
Related violations: <none>

TIMING-17#282 Critical Warning
Non-clocked sequential cell  
The clock pin dut/core0/decode_unit/fprf/regs_reg[17][29]/C is not reached by a timing clock
Related violations: <none>

TIMING-17#283 Critical Warning
Non-clocked sequential cell  
The clock pin dut/core0/decode_unit/fprf/regs_reg[17][2]/C is not reached by a timing clock
Related violations: <none>

TIMING-17#284 Critical Warning
Non-clocked sequential cell  
The clock pin dut/core0/decode_unit/fprf/regs_reg[17][30]/C is not reached by a timing clock
Related violations: <none>

TIMING-17#285 Critical Warning
Non-clocked sequential cell  
The clock pin dut/core0/decode_unit/fprf/regs_reg[17][31]/C is not reached by a timing clock
Related violations: <none>

TIMING-17#286 Critical Warning
Non-clocked sequential cell  
The clock pin dut/core0/decode_unit/fprf/regs_reg[17][3]/C is not reached by a timing clock
Related violations: <none>

TIMING-17#287 Critical Warning
Non-clocked sequential cell  
The clock pin dut/core0/decode_unit/fprf/regs_reg[17][4]/C is not reached by a timing clock
Related violations: <none>

TIMING-17#288 Critical Warning
Non-clocked sequential cell  
The clock pin dut/core0/decode_unit/fprf/regs_reg[17][5]/C is not reached by a timing clock
Related violations: <none>

TIMING-17#289 Critical Warning
Non-clocked sequential cell  
The clock pin dut/core0/decode_unit/fprf/regs_reg[17][6]/C is not reached by a timing clock
Related violations: <none>

TIMING-17#290 Critical Warning
Non-clocked sequential cell  
The clock pin dut/core0/decode_unit/fprf/regs_reg[17][7]/C is not reached by a timing clock
Related violations: <none>

TIMING-17#291 Critical Warning
Non-clocked sequential cell  
The clock pin dut/core0/decode_unit/fprf/regs_reg[17][8]/C is not reached by a timing clock
Related violations: <none>

TIMING-17#292 Critical Warning
Non-clocked sequential cell  
The clock pin dut/core0/decode_unit/fprf/regs_reg[17][9]/C is not reached by a timing clock
Related violations: <none>

TIMING-17#293 Critical Warning
Non-clocked sequential cell  
The clock pin dut/core0/decode_unit/fprf/regs_reg[18][0]/C is not reached by a timing clock
Related violations: <none>

TIMING-17#294 Critical Warning
Non-clocked sequential cell  
The clock pin dut/core0/decode_unit/fprf/regs_reg[18][10]/C is not reached by a timing clock
Related violations: <none>

TIMING-17#295 Critical Warning
Non-clocked sequential cell  
The clock pin dut/core0/decode_unit/fprf/regs_reg[18][11]/C is not reached by a timing clock
Related violations: <none>

TIMING-17#296 Critical Warning
Non-clocked sequential cell  
The clock pin dut/core0/decode_unit/fprf/regs_reg[18][12]/C is not reached by a timing clock
Related violations: <none>

TIMING-17#297 Critical Warning
Non-clocked sequential cell  
The clock pin dut/core0/decode_unit/fprf/regs_reg[18][13]/C is not reached by a timing clock
Related violations: <none>

TIMING-17#298 Critical Warning
Non-clocked sequential cell  
The clock pin dut/core0/decode_unit/fprf/regs_reg[18][14]/C is not reached by a timing clock
Related violations: <none>

TIMING-17#299 Critical Warning
Non-clocked sequential cell  
The clock pin dut/core0/decode_unit/fprf/regs_reg[18][15]/C is not reached by a timing clock
Related violations: <none>

TIMING-17#300 Critical Warning
Non-clocked sequential cell  
The clock pin dut/core0/decode_unit/fprf/regs_reg[18][16]/C is not reached by a timing clock
Related violations: <none>

TIMING-17#301 Critical Warning
Non-clocked sequential cell  
The clock pin dut/core0/decode_unit/fprf/regs_reg[18][17]/C is not reached by a timing clock
Related violations: <none>

TIMING-17#302 Critical Warning
Non-clocked sequential cell  
The clock pin dut/core0/decode_unit/fprf/regs_reg[18][18]/C is not reached by a timing clock
Related violations: <none>

TIMING-17#303 Critical Warning
Non-clocked sequential cell  
The clock pin dut/core0/decode_unit/fprf/regs_reg[18][19]/C is not reached by a timing clock
Related violations: <none>

TIMING-17#304 Critical Warning
Non-clocked sequential cell  
The clock pin dut/core0/decode_unit/fprf/regs_reg[18][1]/C is not reached by a timing clock
Related violations: <none>

TIMING-17#305 Critical Warning
Non-clocked sequential cell  
The clock pin dut/core0/decode_unit/fprf/regs_reg[18][20]/C is not reached by a timing clock
Related violations: <none>

TIMING-17#306 Critical Warning
Non-clocked sequential cell  
The clock pin dut/core0/decode_unit/fprf/regs_reg[18][21]/C is not reached by a timing clock
Related violations: <none>

TIMING-17#307 Critical Warning
Non-clocked sequential cell  
The clock pin dut/core0/decode_unit/fprf/regs_reg[18][22]/C is not reached by a timing clock
Related violations: <none>

TIMING-17#308 Critical Warning
Non-clocked sequential cell  
The clock pin dut/core0/decode_unit/fprf/regs_reg[18][23]/C is not reached by a timing clock
Related violations: <none>

TIMING-17#309 Critical Warning
Non-clocked sequential cell  
The clock pin dut/core0/decode_unit/fprf/regs_reg[18][24]/C is not reached by a timing clock
Related violations: <none>

TIMING-17#310 Critical Warning
Non-clocked sequential cell  
The clock pin dut/core0/decode_unit/fprf/regs_reg[18][25]/C is not reached by a timing clock
Related violations: <none>

TIMING-17#311 Critical Warning
Non-clocked sequential cell  
The clock pin dut/core0/decode_unit/fprf/regs_reg[18][26]/C is not reached by a timing clock
Related violations: <none>

TIMING-17#312 Critical Warning
Non-clocked sequential cell  
The clock pin dut/core0/decode_unit/fprf/regs_reg[18][27]/C is not reached by a timing clock
Related violations: <none>

TIMING-17#313 Critical Warning
Non-clocked sequential cell  
The clock pin dut/core0/decode_unit/fprf/regs_reg[18][28]/C is not reached by a timing clock
Related violations: <none>

TIMING-17#314 Critical Warning
Non-clocked sequential cell  
The clock pin dut/core0/decode_unit/fprf/regs_reg[18][29]/C is not reached by a timing clock
Related violations: <none>

TIMING-17#315 Critical Warning
Non-clocked sequential cell  
The clock pin dut/core0/decode_unit/fprf/regs_reg[18][2]/C is not reached by a timing clock
Related violations: <none>

TIMING-17#316 Critical Warning
Non-clocked sequential cell  
The clock pin dut/core0/decode_unit/fprf/regs_reg[18][30]/C is not reached by a timing clock
Related violations: <none>

TIMING-17#317 Critical Warning
Non-clocked sequential cell  
The clock pin dut/core0/decode_unit/fprf/regs_reg[18][31]/C is not reached by a timing clock
Related violations: <none>

TIMING-17#318 Critical Warning
Non-clocked sequential cell  
The clock pin dut/core0/decode_unit/fprf/regs_reg[18][3]/C is not reached by a timing clock
Related violations: <none>

TIMING-17#319 Critical Warning
Non-clocked sequential cell  
The clock pin dut/core0/decode_unit/fprf/regs_reg[18][4]/C is not reached by a timing clock
Related violations: <none>

TIMING-17#320 Critical Warning
Non-clocked sequential cell  
The clock pin dut/core0/decode_unit/fprf/regs_reg[18][5]/C is not reached by a timing clock
Related violations: <none>

TIMING-17#321 Critical Warning
Non-clocked sequential cell  
The clock pin dut/core0/decode_unit/fprf/regs_reg[18][6]/C is not reached by a timing clock
Related violations: <none>

TIMING-17#322 Critical Warning
Non-clocked sequential cell  
The clock pin dut/core0/decode_unit/fprf/regs_reg[18][7]/C is not reached by a timing clock
Related violations: <none>

TIMING-17#323 Critical Warning
Non-clocked sequential cell  
The clock pin dut/core0/decode_unit/fprf/regs_reg[18][8]/C is not reached by a timing clock
Related violations: <none>

TIMING-17#324 Critical Warning
Non-clocked sequential cell  
The clock pin dut/core0/decode_unit/fprf/regs_reg[18][9]/C is not reached by a timing clock
Related violations: <none>

TIMING-17#325 Critical Warning
Non-clocked sequential cell  
The clock pin dut/core0/decode_unit/fprf/regs_reg[19][0]/C is not reached by a timing clock
Related violations: <none>

TIMING-17#326 Critical Warning
Non-clocked sequential cell  
The clock pin dut/core0/decode_unit/fprf/regs_reg[19][10]/C is not reached by a timing clock
Related violations: <none>

TIMING-17#327 Critical Warning
Non-clocked sequential cell  
The clock pin dut/core0/decode_unit/fprf/regs_reg[19][11]/C is not reached by a timing clock
Related violations: <none>

TIMING-17#328 Critical Warning
Non-clocked sequential cell  
The clock pin dut/core0/decode_unit/fprf/regs_reg[19][12]/C is not reached by a timing clock
Related violations: <none>

TIMING-17#329 Critical Warning
Non-clocked sequential cell  
The clock pin dut/core0/decode_unit/fprf/regs_reg[19][13]/C is not reached by a timing clock
Related violations: <none>

TIMING-17#330 Critical Warning
Non-clocked sequential cell  
The clock pin dut/core0/decode_unit/fprf/regs_reg[19][14]/C is not reached by a timing clock
Related violations: <none>

TIMING-17#331 Critical Warning
Non-clocked sequential cell  
The clock pin dut/core0/decode_unit/fprf/regs_reg[19][15]/C is not reached by a timing clock
Related violations: <none>

TIMING-17#332 Critical Warning
Non-clocked sequential cell  
The clock pin dut/core0/decode_unit/fprf/regs_reg[19][16]/C is not reached by a timing clock
Related violations: <none>

TIMING-17#333 Critical Warning
Non-clocked sequential cell  
The clock pin dut/core0/decode_unit/fprf/regs_reg[19][17]/C is not reached by a timing clock
Related violations: <none>

TIMING-17#334 Critical Warning
Non-clocked sequential cell  
The clock pin dut/core0/decode_unit/fprf/regs_reg[19][18]/C is not reached by a timing clock
Related violations: <none>

TIMING-17#335 Critical Warning
Non-clocked sequential cell  
The clock pin dut/core0/decode_unit/fprf/regs_reg[19][19]/C is not reached by a timing clock
Related violations: <none>

TIMING-17#336 Critical Warning
Non-clocked sequential cell  
The clock pin dut/core0/decode_unit/fprf/regs_reg[19][1]/C is not reached by a timing clock
Related violations: <none>

TIMING-17#337 Critical Warning
Non-clocked sequential cell  
The clock pin dut/core0/decode_unit/fprf/regs_reg[19][20]/C is not reached by a timing clock
Related violations: <none>

TIMING-17#338 Critical Warning
Non-clocked sequential cell  
The clock pin dut/core0/decode_unit/fprf/regs_reg[19][21]/C is not reached by a timing clock
Related violations: <none>

TIMING-17#339 Critical Warning
Non-clocked sequential cell  
The clock pin dut/core0/decode_unit/fprf/regs_reg[19][22]/C is not reached by a timing clock
Related violations: <none>

TIMING-17#340 Critical Warning
Non-clocked sequential cell  
The clock pin dut/core0/decode_unit/fprf/regs_reg[19][23]/C is not reached by a timing clock
Related violations: <none>

TIMING-17#341 Critical Warning
Non-clocked sequential cell  
The clock pin dut/core0/decode_unit/fprf/regs_reg[19][24]/C is not reached by a timing clock
Related violations: <none>

TIMING-17#342 Critical Warning
Non-clocked sequential cell  
The clock pin dut/core0/decode_unit/fprf/regs_reg[19][25]/C is not reached by a timing clock
Related violations: <none>

TIMING-17#343 Critical Warning
Non-clocked sequential cell  
The clock pin dut/core0/decode_unit/fprf/regs_reg[19][26]/C is not reached by a timing clock
Related violations: <none>

TIMING-17#344 Critical Warning
Non-clocked sequential cell  
The clock pin dut/core0/decode_unit/fprf/regs_reg[19][27]/C is not reached by a timing clock
Related violations: <none>

TIMING-17#345 Critical Warning
Non-clocked sequential cell  
The clock pin dut/core0/decode_unit/fprf/regs_reg[19][28]/C is not reached by a timing clock
Related violations: <none>

TIMING-17#346 Critical Warning
Non-clocked sequential cell  
The clock pin dut/core0/decode_unit/fprf/regs_reg[19][29]/C is not reached by a timing clock
Related violations: <none>

TIMING-17#347 Critical Warning
Non-clocked sequential cell  
The clock pin dut/core0/decode_unit/fprf/regs_reg[19][2]/C is not reached by a timing clock
Related violations: <none>

TIMING-17#348 Critical Warning
Non-clocked sequential cell  
The clock pin dut/core0/decode_unit/fprf/regs_reg[19][30]/C is not reached by a timing clock
Related violations: <none>

TIMING-17#349 Critical Warning
Non-clocked sequential cell  
The clock pin dut/core0/decode_unit/fprf/regs_reg[19][31]/C is not reached by a timing clock
Related violations: <none>

TIMING-17#350 Critical Warning
Non-clocked sequential cell  
The clock pin dut/core0/decode_unit/fprf/regs_reg[19][3]/C is not reached by a timing clock
Related violations: <none>

TIMING-17#351 Critical Warning
Non-clocked sequential cell  
The clock pin dut/core0/decode_unit/fprf/regs_reg[19][4]/C is not reached by a timing clock
Related violations: <none>

TIMING-17#352 Critical Warning
Non-clocked sequential cell  
The clock pin dut/core0/decode_unit/fprf/regs_reg[19][5]/C is not reached by a timing clock
Related violations: <none>

TIMING-17#353 Critical Warning
Non-clocked sequential cell  
The clock pin dut/core0/decode_unit/fprf/regs_reg[19][6]/C is not reached by a timing clock
Related violations: <none>

TIMING-17#354 Critical Warning
Non-clocked sequential cell  
The clock pin dut/core0/decode_unit/fprf/regs_reg[19][7]/C is not reached by a timing clock
Related violations: <none>

TIMING-17#355 Critical Warning
Non-clocked sequential cell  
The clock pin dut/core0/decode_unit/fprf/regs_reg[19][8]/C is not reached by a timing clock
Related violations: <none>

TIMING-17#356 Critical Warning
Non-clocked sequential cell  
The clock pin dut/core0/decode_unit/fprf/regs_reg[19][9]/C is not reached by a timing clock
Related violations: <none>

TIMING-17#357 Critical Warning
Non-clocked sequential cell  
The clock pin dut/core0/decode_unit/fprf/regs_reg[1][0]/C is not reached by a timing clock
Related violations: <none>

TIMING-17#358 Critical Warning
Non-clocked sequential cell  
The clock pin dut/core0/decode_unit/fprf/regs_reg[1][10]/C is not reached by a timing clock
Related violations: <none>

TIMING-17#359 Critical Warning
Non-clocked sequential cell  
The clock pin dut/core0/decode_unit/fprf/regs_reg[1][11]/C is not reached by a timing clock
Related violations: <none>

TIMING-17#360 Critical Warning
Non-clocked sequential cell  
The clock pin dut/core0/decode_unit/fprf/regs_reg[1][12]/C is not reached by a timing clock
Related violations: <none>

TIMING-17#361 Critical Warning
Non-clocked sequential cell  
The clock pin dut/core0/decode_unit/fprf/regs_reg[1][13]/C is not reached by a timing clock
Related violations: <none>

TIMING-17#362 Critical Warning
Non-clocked sequential cell  
The clock pin dut/core0/decode_unit/fprf/regs_reg[1][14]/C is not reached by a timing clock
Related violations: <none>

TIMING-17#363 Critical Warning
Non-clocked sequential cell  
The clock pin dut/core0/decode_unit/fprf/regs_reg[1][15]/C is not reached by a timing clock
Related violations: <none>

TIMING-17#364 Critical Warning
Non-clocked sequential cell  
The clock pin dut/core0/decode_unit/fprf/regs_reg[1][16]/C is not reached by a timing clock
Related violations: <none>

TIMING-17#365 Critical Warning
Non-clocked sequential cell  
The clock pin dut/core0/decode_unit/fprf/regs_reg[1][17]/C is not reached by a timing clock
Related violations: <none>

TIMING-17#366 Critical Warning
Non-clocked sequential cell  
The clock pin dut/core0/decode_unit/fprf/regs_reg[1][18]/C is not reached by a timing clock
Related violations: <none>

TIMING-17#367 Critical Warning
Non-clocked sequential cell  
The clock pin dut/core0/decode_unit/fprf/regs_reg[1][19]/C is not reached by a timing clock
Related violations: <none>

TIMING-17#368 Critical Warning
Non-clocked sequential cell  
The clock pin dut/core0/decode_unit/fprf/regs_reg[1][1]/C is not reached by a timing clock
Related violations: <none>

TIMING-17#369 Critical Warning
Non-clocked sequential cell  
The clock pin dut/core0/decode_unit/fprf/regs_reg[1][20]/C is not reached by a timing clock
Related violations: <none>

TIMING-17#370 Critical Warning
Non-clocked sequential cell  
The clock pin dut/core0/decode_unit/fprf/regs_reg[1][21]/C is not reached by a timing clock
Related violations: <none>

TIMING-17#371 Critical Warning
Non-clocked sequential cell  
The clock pin dut/core0/decode_unit/fprf/regs_reg[1][22]/C is not reached by a timing clock
Related violations: <none>

TIMING-17#372 Critical Warning
Non-clocked sequential cell  
The clock pin dut/core0/decode_unit/fprf/regs_reg[1][23]/C is not reached by a timing clock
Related violations: <none>

TIMING-17#373 Critical Warning
Non-clocked sequential cell  
The clock pin dut/core0/decode_unit/fprf/regs_reg[1][24]/C is not reached by a timing clock
Related violations: <none>

TIMING-17#374 Critical Warning
Non-clocked sequential cell  
The clock pin dut/core0/decode_unit/fprf/regs_reg[1][25]/C is not reached by a timing clock
Related violations: <none>

TIMING-17#375 Critical Warning
Non-clocked sequential cell  
The clock pin dut/core0/decode_unit/fprf/regs_reg[1][26]/C is not reached by a timing clock
Related violations: <none>

TIMING-17#376 Critical Warning
Non-clocked sequential cell  
The clock pin dut/core0/decode_unit/fprf/regs_reg[1][27]/C is not reached by a timing clock
Related violations: <none>

TIMING-17#377 Critical Warning
Non-clocked sequential cell  
The clock pin dut/core0/decode_unit/fprf/regs_reg[1][28]/C is not reached by a timing clock
Related violations: <none>

TIMING-17#378 Critical Warning
Non-clocked sequential cell  
The clock pin dut/core0/decode_unit/fprf/regs_reg[1][29]/C is not reached by a timing clock
Related violations: <none>

TIMING-17#379 Critical Warning
Non-clocked sequential cell  
The clock pin dut/core0/decode_unit/fprf/regs_reg[1][2]/C is not reached by a timing clock
Related violations: <none>

TIMING-17#380 Critical Warning
Non-clocked sequential cell  
The clock pin dut/core0/decode_unit/fprf/regs_reg[1][30]/C is not reached by a timing clock
Related violations: <none>

TIMING-17#381 Critical Warning
Non-clocked sequential cell  
The clock pin dut/core0/decode_unit/fprf/regs_reg[1][31]/C is not reached by a timing clock
Related violations: <none>

TIMING-17#382 Critical Warning
Non-clocked sequential cell  
The clock pin dut/core0/decode_unit/fprf/regs_reg[1][3]/C is not reached by a timing clock
Related violations: <none>

TIMING-17#383 Critical Warning
Non-clocked sequential cell  
The clock pin dut/core0/decode_unit/fprf/regs_reg[1][4]/C is not reached by a timing clock
Related violations: <none>

TIMING-17#384 Critical Warning
Non-clocked sequential cell  
The clock pin dut/core0/decode_unit/fprf/regs_reg[1][5]/C is not reached by a timing clock
Related violations: <none>

TIMING-17#385 Critical Warning
Non-clocked sequential cell  
The clock pin dut/core0/decode_unit/fprf/regs_reg[1][6]/C is not reached by a timing clock
Related violations: <none>

TIMING-17#386 Critical Warning
Non-clocked sequential cell  
The clock pin dut/core0/decode_unit/fprf/regs_reg[1][7]/C is not reached by a timing clock
Related violations: <none>

TIMING-17#387 Critical Warning
Non-clocked sequential cell  
The clock pin dut/core0/decode_unit/fprf/regs_reg[1][8]/C is not reached by a timing clock
Related violations: <none>

TIMING-17#388 Critical Warning
Non-clocked sequential cell  
The clock pin dut/core0/decode_unit/fprf/regs_reg[1][9]/C is not reached by a timing clock
Related violations: <none>

TIMING-17#389 Critical Warning
Non-clocked sequential cell  
The clock pin dut/core0/decode_unit/fprf/regs_reg[20][0]/C is not reached by a timing clock
Related violations: <none>

TIMING-17#390 Critical Warning
Non-clocked sequential cell  
The clock pin dut/core0/decode_unit/fprf/regs_reg[20][10]/C is not reached by a timing clock
Related violations: <none>

TIMING-17#391 Critical Warning
Non-clocked sequential cell  
The clock pin dut/core0/decode_unit/fprf/regs_reg[20][11]/C is not reached by a timing clock
Related violations: <none>

TIMING-17#392 Critical Warning
Non-clocked sequential cell  
The clock pin dut/core0/decode_unit/fprf/regs_reg[20][12]/C is not reached by a timing clock
Related violations: <none>

TIMING-17#393 Critical Warning
Non-clocked sequential cell  
The clock pin dut/core0/decode_unit/fprf/regs_reg[20][13]/C is not reached by a timing clock
Related violations: <none>

TIMING-17#394 Critical Warning
Non-clocked sequential cell  
The clock pin dut/core0/decode_unit/fprf/regs_reg[20][14]/C is not reached by a timing clock
Related violations: <none>

TIMING-17#395 Critical Warning
Non-clocked sequential cell  
The clock pin dut/core0/decode_unit/fprf/regs_reg[20][15]/C is not reached by a timing clock
Related violations: <none>

TIMING-17#396 Critical Warning
Non-clocked sequential cell  
The clock pin dut/core0/decode_unit/fprf/regs_reg[20][16]/C is not reached by a timing clock
Related violations: <none>

TIMING-17#397 Critical Warning
Non-clocked sequential cell  
The clock pin dut/core0/decode_unit/fprf/regs_reg[20][17]/C is not reached by a timing clock
Related violations: <none>

TIMING-17#398 Critical Warning
Non-clocked sequential cell  
The clock pin dut/core0/decode_unit/fprf/regs_reg[20][18]/C is not reached by a timing clock
Related violations: <none>

TIMING-17#399 Critical Warning
Non-clocked sequential cell  
The clock pin dut/core0/decode_unit/fprf/regs_reg[20][19]/C is not reached by a timing clock
Related violations: <none>

TIMING-17#400 Critical Warning
Non-clocked sequential cell  
The clock pin dut/core0/decode_unit/fprf/regs_reg[20][1]/C is not reached by a timing clock
Related violations: <none>

TIMING-17#401 Critical Warning
Non-clocked sequential cell  
The clock pin dut/core0/decode_unit/fprf/regs_reg[20][20]/C is not reached by a timing clock
Related violations: <none>

TIMING-17#402 Critical Warning
Non-clocked sequential cell  
The clock pin dut/core0/decode_unit/fprf/regs_reg[20][21]/C is not reached by a timing clock
Related violations: <none>

TIMING-17#403 Critical Warning
Non-clocked sequential cell  
The clock pin dut/core0/decode_unit/fprf/regs_reg[20][22]/C is not reached by a timing clock
Related violations: <none>

TIMING-17#404 Critical Warning
Non-clocked sequential cell  
The clock pin dut/core0/decode_unit/fprf/regs_reg[20][23]/C is not reached by a timing clock
Related violations: <none>

TIMING-17#405 Critical Warning
Non-clocked sequential cell  
The clock pin dut/core0/decode_unit/fprf/regs_reg[20][24]/C is not reached by a timing clock
Related violations: <none>

TIMING-17#406 Critical Warning
Non-clocked sequential cell  
The clock pin dut/core0/decode_unit/fprf/regs_reg[20][25]/C is not reached by a timing clock
Related violations: <none>

TIMING-17#407 Critical Warning
Non-clocked sequential cell  
The clock pin dut/core0/decode_unit/fprf/regs_reg[20][26]/C is not reached by a timing clock
Related violations: <none>

TIMING-17#408 Critical Warning
Non-clocked sequential cell  
The clock pin dut/core0/decode_unit/fprf/regs_reg[20][27]/C is not reached by a timing clock
Related violations: <none>

TIMING-17#409 Critical Warning
Non-clocked sequential cell  
The clock pin dut/core0/decode_unit/fprf/regs_reg[20][28]/C is not reached by a timing clock
Related violations: <none>

TIMING-17#410 Critical Warning
Non-clocked sequential cell  
The clock pin dut/core0/decode_unit/fprf/regs_reg[20][29]/C is not reached by a timing clock
Related violations: <none>

TIMING-17#411 Critical Warning
Non-clocked sequential cell  
The clock pin dut/core0/decode_unit/fprf/regs_reg[20][2]/C is not reached by a timing clock
Related violations: <none>

TIMING-17#412 Critical Warning
Non-clocked sequential cell  
The clock pin dut/core0/decode_unit/fprf/regs_reg[20][30]/C is not reached by a timing clock
Related violations: <none>

TIMING-17#413 Critical Warning
Non-clocked sequential cell  
The clock pin dut/core0/decode_unit/fprf/regs_reg[20][31]/C is not reached by a timing clock
Related violations: <none>

TIMING-17#414 Critical Warning
Non-clocked sequential cell  
The clock pin dut/core0/decode_unit/fprf/regs_reg[20][3]/C is not reached by a timing clock
Related violations: <none>

TIMING-17#415 Critical Warning
Non-clocked sequential cell  
The clock pin dut/core0/decode_unit/fprf/regs_reg[20][4]/C is not reached by a timing clock
Related violations: <none>

TIMING-17#416 Critical Warning
Non-clocked sequential cell  
The clock pin dut/core0/decode_unit/fprf/regs_reg[20][5]/C is not reached by a timing clock
Related violations: <none>

TIMING-17#417 Critical Warning
Non-clocked sequential cell  
The clock pin dut/core0/decode_unit/fprf/regs_reg[20][6]/C is not reached by a timing clock
Related violations: <none>

TIMING-17#418 Critical Warning
Non-clocked sequential cell  
The clock pin dut/core0/decode_unit/fprf/regs_reg[20][7]/C is not reached by a timing clock
Related violations: <none>

TIMING-17#419 Critical Warning
Non-clocked sequential cell  
The clock pin dut/core0/decode_unit/fprf/regs_reg[20][8]/C is not reached by a timing clock
Related violations: <none>

TIMING-17#420 Critical Warning
Non-clocked sequential cell  
The clock pin dut/core0/decode_unit/fprf/regs_reg[20][9]/C is not reached by a timing clock
Related violations: <none>

TIMING-17#421 Critical Warning
Non-clocked sequential cell  
The clock pin dut/core0/decode_unit/fprf/regs_reg[21][0]/C is not reached by a timing clock
Related violations: <none>

TIMING-17#422 Critical Warning
Non-clocked sequential cell  
The clock pin dut/core0/decode_unit/fprf/regs_reg[21][10]/C is not reached by a timing clock
Related violations: <none>

TIMING-17#423 Critical Warning
Non-clocked sequential cell  
The clock pin dut/core0/decode_unit/fprf/regs_reg[21][11]/C is not reached by a timing clock
Related violations: <none>

TIMING-17#424 Critical Warning
Non-clocked sequential cell  
The clock pin dut/core0/decode_unit/fprf/regs_reg[21][12]/C is not reached by a timing clock
Related violations: <none>

TIMING-17#425 Critical Warning
Non-clocked sequential cell  
The clock pin dut/core0/decode_unit/fprf/regs_reg[21][13]/C is not reached by a timing clock
Related violations: <none>

TIMING-17#426 Critical Warning
Non-clocked sequential cell  
The clock pin dut/core0/decode_unit/fprf/regs_reg[21][14]/C is not reached by a timing clock
Related violations: <none>

TIMING-17#427 Critical Warning
Non-clocked sequential cell  
The clock pin dut/core0/decode_unit/fprf/regs_reg[21][15]/C is not reached by a timing clock
Related violations: <none>

TIMING-17#428 Critical Warning
Non-clocked sequential cell  
The clock pin dut/core0/decode_unit/fprf/regs_reg[21][16]/C is not reached by a timing clock
Related violations: <none>

TIMING-17#429 Critical Warning
Non-clocked sequential cell  
The clock pin dut/core0/decode_unit/fprf/regs_reg[21][17]/C is not reached by a timing clock
Related violations: <none>

TIMING-17#430 Critical Warning
Non-clocked sequential cell  
The clock pin dut/core0/decode_unit/fprf/regs_reg[21][18]/C is not reached by a timing clock
Related violations: <none>

TIMING-17#431 Critical Warning
Non-clocked sequential cell  
The clock pin dut/core0/decode_unit/fprf/regs_reg[21][19]/C is not reached by a timing clock
Related violations: <none>

TIMING-17#432 Critical Warning
Non-clocked sequential cell  
The clock pin dut/core0/decode_unit/fprf/regs_reg[21][1]/C is not reached by a timing clock
Related violations: <none>

TIMING-17#433 Critical Warning
Non-clocked sequential cell  
The clock pin dut/core0/decode_unit/fprf/regs_reg[21][20]/C is not reached by a timing clock
Related violations: <none>

TIMING-17#434 Critical Warning
Non-clocked sequential cell  
The clock pin dut/core0/decode_unit/fprf/regs_reg[21][21]/C is not reached by a timing clock
Related violations: <none>

TIMING-17#435 Critical Warning
Non-clocked sequential cell  
The clock pin dut/core0/decode_unit/fprf/regs_reg[21][22]/C is not reached by a timing clock
Related violations: <none>

TIMING-17#436 Critical Warning
Non-clocked sequential cell  
The clock pin dut/core0/decode_unit/fprf/regs_reg[21][23]/C is not reached by a timing clock
Related violations: <none>

TIMING-17#437 Critical Warning
Non-clocked sequential cell  
The clock pin dut/core0/decode_unit/fprf/regs_reg[21][24]/C is not reached by a timing clock
Related violations: <none>

TIMING-17#438 Critical Warning
Non-clocked sequential cell  
The clock pin dut/core0/decode_unit/fprf/regs_reg[21][25]/C is not reached by a timing clock
Related violations: <none>

TIMING-17#439 Critical Warning
Non-clocked sequential cell  
The clock pin dut/core0/decode_unit/fprf/regs_reg[21][26]/C is not reached by a timing clock
Related violations: <none>

TIMING-17#440 Critical Warning
Non-clocked sequential cell  
The clock pin dut/core0/decode_unit/fprf/regs_reg[21][27]/C is not reached by a timing clock
Related violations: <none>

TIMING-17#441 Critical Warning
Non-clocked sequential cell  
The clock pin dut/core0/decode_unit/fprf/regs_reg[21][28]/C is not reached by a timing clock
Related violations: <none>

TIMING-17#442 Critical Warning
Non-clocked sequential cell  
The clock pin dut/core0/decode_unit/fprf/regs_reg[21][29]/C is not reached by a timing clock
Related violations: <none>

TIMING-17#443 Critical Warning
Non-clocked sequential cell  
The clock pin dut/core0/decode_unit/fprf/regs_reg[21][2]/C is not reached by a timing clock
Related violations: <none>

TIMING-17#444 Critical Warning
Non-clocked sequential cell  
The clock pin dut/core0/decode_unit/fprf/regs_reg[21][30]/C is not reached by a timing clock
Related violations: <none>

TIMING-17#445 Critical Warning
Non-clocked sequential cell  
The clock pin dut/core0/decode_unit/fprf/regs_reg[21][31]/C is not reached by a timing clock
Related violations: <none>

TIMING-17#446 Critical Warning
Non-clocked sequential cell  
The clock pin dut/core0/decode_unit/fprf/regs_reg[21][3]/C is not reached by a timing clock
Related violations: <none>

TIMING-17#447 Critical Warning
Non-clocked sequential cell  
The clock pin dut/core0/decode_unit/fprf/regs_reg[21][4]/C is not reached by a timing clock
Related violations: <none>

TIMING-17#448 Critical Warning
Non-clocked sequential cell  
The clock pin dut/core0/decode_unit/fprf/regs_reg[21][5]/C is not reached by a timing clock
Related violations: <none>

TIMING-17#449 Critical Warning
Non-clocked sequential cell  
The clock pin dut/core0/decode_unit/fprf/regs_reg[21][6]/C is not reached by a timing clock
Related violations: <none>

TIMING-17#450 Critical Warning
Non-clocked sequential cell  
The clock pin dut/core0/decode_unit/fprf/regs_reg[21][7]/C is not reached by a timing clock
Related violations: <none>

TIMING-17#451 Critical Warning
Non-clocked sequential cell  
The clock pin dut/core0/decode_unit/fprf/regs_reg[21][8]/C is not reached by a timing clock
Related violations: <none>

TIMING-17#452 Critical Warning
Non-clocked sequential cell  
The clock pin dut/core0/decode_unit/fprf/regs_reg[21][9]/C is not reached by a timing clock
Related violations: <none>

TIMING-17#453 Critical Warning
Non-clocked sequential cell  
The clock pin dut/core0/decode_unit/fprf/regs_reg[22][0]/C is not reached by a timing clock
Related violations: <none>

TIMING-17#454 Critical Warning
Non-clocked sequential cell  
The clock pin dut/core0/decode_unit/fprf/regs_reg[22][10]/C is not reached by a timing clock
Related violations: <none>

TIMING-17#455 Critical Warning
Non-clocked sequential cell  
The clock pin dut/core0/decode_unit/fprf/regs_reg[22][11]/C is not reached by a timing clock
Related violations: <none>

TIMING-17#456 Critical Warning
Non-clocked sequential cell  
The clock pin dut/core0/decode_unit/fprf/regs_reg[22][12]/C is not reached by a timing clock
Related violations: <none>

TIMING-17#457 Critical Warning
Non-clocked sequential cell  
The clock pin dut/core0/decode_unit/fprf/regs_reg[22][13]/C is not reached by a timing clock
Related violations: <none>

TIMING-17#458 Critical Warning
Non-clocked sequential cell  
The clock pin dut/core0/decode_unit/fprf/regs_reg[22][14]/C is not reached by a timing clock
Related violations: <none>

TIMING-17#459 Critical Warning
Non-clocked sequential cell  
The clock pin dut/core0/decode_unit/fprf/regs_reg[22][15]/C is not reached by a timing clock
Related violations: <none>

TIMING-17#460 Critical Warning
Non-clocked sequential cell  
The clock pin dut/core0/decode_unit/fprf/regs_reg[22][16]/C is not reached by a timing clock
Related violations: <none>

TIMING-17#461 Critical Warning
Non-clocked sequential cell  
The clock pin dut/core0/decode_unit/fprf/regs_reg[22][17]/C is not reached by a timing clock
Related violations: <none>

TIMING-17#462 Critical Warning
Non-clocked sequential cell  
The clock pin dut/core0/decode_unit/fprf/regs_reg[22][18]/C is not reached by a timing clock
Related violations: <none>

TIMING-17#463 Critical Warning
Non-clocked sequential cell  
The clock pin dut/core0/decode_unit/fprf/regs_reg[22][19]/C is not reached by a timing clock
Related violations: <none>

TIMING-17#464 Critical Warning
Non-clocked sequential cell  
The clock pin dut/core0/decode_unit/fprf/regs_reg[22][1]/C is not reached by a timing clock
Related violations: <none>

TIMING-17#465 Critical Warning
Non-clocked sequential cell  
The clock pin dut/core0/decode_unit/fprf/regs_reg[22][20]/C is not reached by a timing clock
Related violations: <none>

TIMING-17#466 Critical Warning
Non-clocked sequential cell  
The clock pin dut/core0/decode_unit/fprf/regs_reg[22][21]/C is not reached by a timing clock
Related violations: <none>

TIMING-17#467 Critical Warning
Non-clocked sequential cell  
The clock pin dut/core0/decode_unit/fprf/regs_reg[22][22]/C is not reached by a timing clock
Related violations: <none>

TIMING-17#468 Critical Warning
Non-clocked sequential cell  
The clock pin dut/core0/decode_unit/fprf/regs_reg[22][23]/C is not reached by a timing clock
Related violations: <none>

TIMING-17#469 Critical Warning
Non-clocked sequential cell  
The clock pin dut/core0/decode_unit/fprf/regs_reg[22][24]/C is not reached by a timing clock
Related violations: <none>

TIMING-17#470 Critical Warning
Non-clocked sequential cell  
The clock pin dut/core0/decode_unit/fprf/regs_reg[22][25]/C is not reached by a timing clock
Related violations: <none>

TIMING-17#471 Critical Warning
Non-clocked sequential cell  
The clock pin dut/core0/decode_unit/fprf/regs_reg[22][26]/C is not reached by a timing clock
Related violations: <none>

TIMING-17#472 Critical Warning
Non-clocked sequential cell  
The clock pin dut/core0/decode_unit/fprf/regs_reg[22][27]/C is not reached by a timing clock
Related violations: <none>

TIMING-17#473 Critical Warning
Non-clocked sequential cell  
The clock pin dut/core0/decode_unit/fprf/regs_reg[22][28]/C is not reached by a timing clock
Related violations: <none>

TIMING-17#474 Critical Warning
Non-clocked sequential cell  
The clock pin dut/core0/decode_unit/fprf/regs_reg[22][29]/C is not reached by a timing clock
Related violations: <none>

TIMING-17#475 Critical Warning
Non-clocked sequential cell  
The clock pin dut/core0/decode_unit/fprf/regs_reg[22][2]/C is not reached by a timing clock
Related violations: <none>

TIMING-17#476 Critical Warning
Non-clocked sequential cell  
The clock pin dut/core0/decode_unit/fprf/regs_reg[22][30]/C is not reached by a timing clock
Related violations: <none>

TIMING-17#477 Critical Warning
Non-clocked sequential cell  
The clock pin dut/core0/decode_unit/fprf/regs_reg[22][31]/C is not reached by a timing clock
Related violations: <none>

TIMING-17#478 Critical Warning
Non-clocked sequential cell  
The clock pin dut/core0/decode_unit/fprf/regs_reg[22][3]/C is not reached by a timing clock
Related violations: <none>

TIMING-17#479 Critical Warning
Non-clocked sequential cell  
The clock pin dut/core0/decode_unit/fprf/regs_reg[22][4]/C is not reached by a timing clock
Related violations: <none>

TIMING-17#480 Critical Warning
Non-clocked sequential cell  
The clock pin dut/core0/decode_unit/fprf/regs_reg[22][5]/C is not reached by a timing clock
Related violations: <none>

TIMING-17#481 Critical Warning
Non-clocked sequential cell  
The clock pin dut/core0/decode_unit/fprf/regs_reg[22][6]/C is not reached by a timing clock
Related violations: <none>

TIMING-17#482 Critical Warning
Non-clocked sequential cell  
The clock pin dut/core0/decode_unit/fprf/regs_reg[22][7]/C is not reached by a timing clock
Related violations: <none>

TIMING-17#483 Critical Warning
Non-clocked sequential cell  
The clock pin dut/core0/decode_unit/fprf/regs_reg[22][8]/C is not reached by a timing clock
Related violations: <none>

TIMING-17#484 Critical Warning
Non-clocked sequential cell  
The clock pin dut/core0/decode_unit/fprf/regs_reg[22][9]/C is not reached by a timing clock
Related violations: <none>

TIMING-17#485 Critical Warning
Non-clocked sequential cell  
The clock pin dut/core0/decode_unit/fprf/regs_reg[23][0]/C is not reached by a timing clock
Related violations: <none>

TIMING-17#486 Critical Warning
Non-clocked sequential cell  
The clock pin dut/core0/decode_unit/fprf/regs_reg[23][10]/C is not reached by a timing clock
Related violations: <none>

TIMING-17#487 Critical Warning
Non-clocked sequential cell  
The clock pin dut/core0/decode_unit/fprf/regs_reg[23][11]/C is not reached by a timing clock
Related violations: <none>

TIMING-17#488 Critical Warning
Non-clocked sequential cell  
The clock pin dut/core0/decode_unit/fprf/regs_reg[23][12]/C is not reached by a timing clock
Related violations: <none>

TIMING-17#489 Critical Warning
Non-clocked sequential cell  
The clock pin dut/core0/decode_unit/fprf/regs_reg[23][13]/C is not reached by a timing clock
Related violations: <none>

TIMING-17#490 Critical Warning
Non-clocked sequential cell  
The clock pin dut/core0/decode_unit/fprf/regs_reg[23][14]/C is not reached by a timing clock
Related violations: <none>

TIMING-17#491 Critical Warning
Non-clocked sequential cell  
The clock pin dut/core0/decode_unit/fprf/regs_reg[23][15]/C is not reached by a timing clock
Related violations: <none>

TIMING-17#492 Critical Warning
Non-clocked sequential cell  
The clock pin dut/core0/decode_unit/fprf/regs_reg[23][16]/C is not reached by a timing clock
Related violations: <none>

TIMING-17#493 Critical Warning
Non-clocked sequential cell  
The clock pin dut/core0/decode_unit/fprf/regs_reg[23][17]/C is not reached by a timing clock
Related violations: <none>

TIMING-17#494 Critical Warning
Non-clocked sequential cell  
The clock pin dut/core0/decode_unit/fprf/regs_reg[23][18]/C is not reached by a timing clock
Related violations: <none>

TIMING-17#495 Critical Warning
Non-clocked sequential cell  
The clock pin dut/core0/decode_unit/fprf/regs_reg[23][19]/C is not reached by a timing clock
Related violations: <none>

TIMING-17#496 Critical Warning
Non-clocked sequential cell  
The clock pin dut/core0/decode_unit/fprf/regs_reg[23][1]/C is not reached by a timing clock
Related violations: <none>

TIMING-17#497 Critical Warning
Non-clocked sequential cell  
The clock pin dut/core0/decode_unit/fprf/regs_reg[23][20]/C is not reached by a timing clock
Related violations: <none>

TIMING-17#498 Critical Warning
Non-clocked sequential cell  
The clock pin dut/core0/decode_unit/fprf/regs_reg[23][21]/C is not reached by a timing clock
Related violations: <none>

TIMING-17#499 Critical Warning
Non-clocked sequential cell  
The clock pin dut/core0/decode_unit/fprf/regs_reg[23][22]/C is not reached by a timing clock
Related violations: <none>

TIMING-17#500 Critical Warning
Non-clocked sequential cell  
The clock pin dut/core0/decode_unit/fprf/regs_reg[23][23]/C is not reached by a timing clock
Related violations: <none>

TIMING-17#501 Critical Warning
Non-clocked sequential cell  
The clock pin dut/core0/decode_unit/fprf/regs_reg[23][24]/C is not reached by a timing clock
Related violations: <none>

TIMING-17#502 Critical Warning
Non-clocked sequential cell  
The clock pin dut/core0/decode_unit/fprf/regs_reg[23][25]/C is not reached by a timing clock
Related violations: <none>

TIMING-17#503 Critical Warning
Non-clocked sequential cell  
The clock pin dut/core0/decode_unit/fprf/regs_reg[23][26]/C is not reached by a timing clock
Related violations: <none>

TIMING-17#504 Critical Warning
Non-clocked sequential cell  
The clock pin dut/core0/decode_unit/fprf/regs_reg[23][27]/C is not reached by a timing clock
Related violations: <none>

TIMING-17#505 Critical Warning
Non-clocked sequential cell  
The clock pin dut/core0/decode_unit/fprf/regs_reg[23][28]/C is not reached by a timing clock
Related violations: <none>

TIMING-17#506 Critical Warning
Non-clocked sequential cell  
The clock pin dut/core0/decode_unit/fprf/regs_reg[23][29]/C is not reached by a timing clock
Related violations: <none>

TIMING-17#507 Critical Warning
Non-clocked sequential cell  
The clock pin dut/core0/decode_unit/fprf/regs_reg[23][2]/C is not reached by a timing clock
Related violations: <none>

TIMING-17#508 Critical Warning
Non-clocked sequential cell  
The clock pin dut/core0/decode_unit/fprf/regs_reg[23][30]/C is not reached by a timing clock
Related violations: <none>

TIMING-17#509 Critical Warning
Non-clocked sequential cell  
The clock pin dut/core0/decode_unit/fprf/regs_reg[23][31]/C is not reached by a timing clock
Related violations: <none>

TIMING-17#510 Critical Warning
Non-clocked sequential cell  
The clock pin dut/core0/decode_unit/fprf/regs_reg[23][3]/C is not reached by a timing clock
Related violations: <none>

TIMING-17#511 Critical Warning
Non-clocked sequential cell  
The clock pin dut/core0/decode_unit/fprf/regs_reg[23][4]/C is not reached by a timing clock
Related violations: <none>

TIMING-17#512 Critical Warning
Non-clocked sequential cell  
The clock pin dut/core0/decode_unit/fprf/regs_reg[23][5]/C is not reached by a timing clock
Related violations: <none>

TIMING-17#513 Critical Warning
Non-clocked sequential cell  
The clock pin dut/core0/decode_unit/fprf/regs_reg[23][6]/C is not reached by a timing clock
Related violations: <none>

TIMING-17#514 Critical Warning
Non-clocked sequential cell  
The clock pin dut/core0/decode_unit/fprf/regs_reg[23][7]/C is not reached by a timing clock
Related violations: <none>

TIMING-17#515 Critical Warning
Non-clocked sequential cell  
The clock pin dut/core0/decode_unit/fprf/regs_reg[23][8]/C is not reached by a timing clock
Related violations: <none>

TIMING-17#516 Critical Warning
Non-clocked sequential cell  
The clock pin dut/core0/decode_unit/fprf/regs_reg[23][9]/C is not reached by a timing clock
Related violations: <none>

TIMING-17#517 Critical Warning
Non-clocked sequential cell  
The clock pin dut/core0/decode_unit/fprf/regs_reg[24][0]/C is not reached by a timing clock
Related violations: <none>

TIMING-17#518 Critical Warning
Non-clocked sequential cell  
The clock pin dut/core0/decode_unit/fprf/regs_reg[24][10]/C is not reached by a timing clock
Related violations: <none>

TIMING-17#519 Critical Warning
Non-clocked sequential cell  
The clock pin dut/core0/decode_unit/fprf/regs_reg[24][11]/C is not reached by a timing clock
Related violations: <none>

TIMING-17#520 Critical Warning
Non-clocked sequential cell  
The clock pin dut/core0/decode_unit/fprf/regs_reg[24][12]/C is not reached by a timing clock
Related violations: <none>

TIMING-17#521 Critical Warning
Non-clocked sequential cell  
The clock pin dut/core0/decode_unit/fprf/regs_reg[24][13]/C is not reached by a timing clock
Related violations: <none>

TIMING-17#522 Critical Warning
Non-clocked sequential cell  
The clock pin dut/core0/decode_unit/fprf/regs_reg[24][14]/C is not reached by a timing clock
Related violations: <none>

TIMING-17#523 Critical Warning
Non-clocked sequential cell  
The clock pin dut/core0/decode_unit/fprf/regs_reg[24][15]/C is not reached by a timing clock
Related violations: <none>

TIMING-17#524 Critical Warning
Non-clocked sequential cell  
The clock pin dut/core0/decode_unit/fprf/regs_reg[24][16]/C is not reached by a timing clock
Related violations: <none>

TIMING-17#525 Critical Warning
Non-clocked sequential cell  
The clock pin dut/core0/decode_unit/fprf/regs_reg[24][17]/C is not reached by a timing clock
Related violations: <none>

TIMING-17#526 Critical Warning
Non-clocked sequential cell  
The clock pin dut/core0/decode_unit/fprf/regs_reg[24][18]/C is not reached by a timing clock
Related violations: <none>

TIMING-17#527 Critical Warning
Non-clocked sequential cell  
The clock pin dut/core0/decode_unit/fprf/regs_reg[24][19]/C is not reached by a timing clock
Related violations: <none>

TIMING-17#528 Critical Warning
Non-clocked sequential cell  
The clock pin dut/core0/decode_unit/fprf/regs_reg[24][1]/C is not reached by a timing clock
Related violations: <none>

TIMING-17#529 Critical Warning
Non-clocked sequential cell  
The clock pin dut/core0/decode_unit/fprf/regs_reg[24][20]/C is not reached by a timing clock
Related violations: <none>

TIMING-17#530 Critical Warning
Non-clocked sequential cell  
The clock pin dut/core0/decode_unit/fprf/regs_reg[24][21]/C is not reached by a timing clock
Related violations: <none>

TIMING-17#531 Critical Warning
Non-clocked sequential cell  
The clock pin dut/core0/decode_unit/fprf/regs_reg[24][22]/C is not reached by a timing clock
Related violations: <none>

TIMING-17#532 Critical Warning
Non-clocked sequential cell  
The clock pin dut/core0/decode_unit/fprf/regs_reg[24][23]/C is not reached by a timing clock
Related violations: <none>

TIMING-17#533 Critical Warning
Non-clocked sequential cell  
The clock pin dut/core0/decode_unit/fprf/regs_reg[24][24]/C is not reached by a timing clock
Related violations: <none>

TIMING-17#534 Critical Warning
Non-clocked sequential cell  
The clock pin dut/core0/decode_unit/fprf/regs_reg[24][25]/C is not reached by a timing clock
Related violations: <none>

TIMING-17#535 Critical Warning
Non-clocked sequential cell  
The clock pin dut/core0/decode_unit/fprf/regs_reg[24][26]/C is not reached by a timing clock
Related violations: <none>

TIMING-17#536 Critical Warning
Non-clocked sequential cell  
The clock pin dut/core0/decode_unit/fprf/regs_reg[24][27]/C is not reached by a timing clock
Related violations: <none>

TIMING-17#537 Critical Warning
Non-clocked sequential cell  
The clock pin dut/core0/decode_unit/fprf/regs_reg[24][28]/C is not reached by a timing clock
Related violations: <none>

TIMING-17#538 Critical Warning
Non-clocked sequential cell  
The clock pin dut/core0/decode_unit/fprf/regs_reg[24][29]/C is not reached by a timing clock
Related violations: <none>

TIMING-17#539 Critical Warning
Non-clocked sequential cell  
The clock pin dut/core0/decode_unit/fprf/regs_reg[24][2]/C is not reached by a timing clock
Related violations: <none>

TIMING-17#540 Critical Warning
Non-clocked sequential cell  
The clock pin dut/core0/decode_unit/fprf/regs_reg[24][30]/C is not reached by a timing clock
Related violations: <none>

TIMING-17#541 Critical Warning
Non-clocked sequential cell  
The clock pin dut/core0/decode_unit/fprf/regs_reg[24][31]/C is not reached by a timing clock
Related violations: <none>

TIMING-17#542 Critical Warning
Non-clocked sequential cell  
The clock pin dut/core0/decode_unit/fprf/regs_reg[24][3]/C is not reached by a timing clock
Related violations: <none>

TIMING-17#543 Critical Warning
Non-clocked sequential cell  
The clock pin dut/core0/decode_unit/fprf/regs_reg[24][4]/C is not reached by a timing clock
Related violations: <none>

TIMING-17#544 Critical Warning
Non-clocked sequential cell  
The clock pin dut/core0/decode_unit/fprf/regs_reg[24][5]/C is not reached by a timing clock
Related violations: <none>

TIMING-17#545 Critical Warning
Non-clocked sequential cell  
The clock pin dut/core0/decode_unit/fprf/regs_reg[24][6]/C is not reached by a timing clock
Related violations: <none>

TIMING-17#546 Critical Warning
Non-clocked sequential cell  
The clock pin dut/core0/decode_unit/fprf/regs_reg[24][7]/C is not reached by a timing clock
Related violations: <none>

TIMING-17#547 Critical Warning
Non-clocked sequential cell  
The clock pin dut/core0/decode_unit/fprf/regs_reg[24][8]/C is not reached by a timing clock
Related violations: <none>

TIMING-17#548 Critical Warning
Non-clocked sequential cell  
The clock pin dut/core0/decode_unit/fprf/regs_reg[24][9]/C is not reached by a timing clock
Related violations: <none>

TIMING-17#549 Critical Warning
Non-clocked sequential cell  
The clock pin dut/core0/decode_unit/fprf/regs_reg[25][0]/C is not reached by a timing clock
Related violations: <none>

TIMING-17#550 Critical Warning
Non-clocked sequential cell  
The clock pin dut/core0/decode_unit/fprf/regs_reg[25][10]/C is not reached by a timing clock
Related violations: <none>

TIMING-17#551 Critical Warning
Non-clocked sequential cell  
The clock pin dut/core0/decode_unit/fprf/regs_reg[25][11]/C is not reached by a timing clock
Related violations: <none>

TIMING-17#552 Critical Warning
Non-clocked sequential cell  
The clock pin dut/core0/decode_unit/fprf/regs_reg[25][12]/C is not reached by a timing clock
Related violations: <none>

TIMING-17#553 Critical Warning
Non-clocked sequential cell  
The clock pin dut/core0/decode_unit/fprf/regs_reg[25][13]/C is not reached by a timing clock
Related violations: <none>

TIMING-17#554 Critical Warning
Non-clocked sequential cell  
The clock pin dut/core0/decode_unit/fprf/regs_reg[25][14]/C is not reached by a timing clock
Related violations: <none>

TIMING-17#555 Critical Warning
Non-clocked sequential cell  
The clock pin dut/core0/decode_unit/fprf/regs_reg[25][15]/C is not reached by a timing clock
Related violations: <none>

TIMING-17#556 Critical Warning
Non-clocked sequential cell  
The clock pin dut/core0/decode_unit/fprf/regs_reg[25][16]/C is not reached by a timing clock
Related violations: <none>

TIMING-17#557 Critical Warning
Non-clocked sequential cell  
The clock pin dut/core0/decode_unit/fprf/regs_reg[25][17]/C is not reached by a timing clock
Related violations: <none>

TIMING-17#558 Critical Warning
Non-clocked sequential cell  
The clock pin dut/core0/decode_unit/fprf/regs_reg[25][18]/C is not reached by a timing clock
Related violations: <none>

TIMING-17#559 Critical Warning
Non-clocked sequential cell  
The clock pin dut/core0/decode_unit/fprf/regs_reg[25][19]/C is not reached by a timing clock
Related violations: <none>

TIMING-17#560 Critical Warning
Non-clocked sequential cell  
The clock pin dut/core0/decode_unit/fprf/regs_reg[25][1]/C is not reached by a timing clock
Related violations: <none>

TIMING-17#561 Critical Warning
Non-clocked sequential cell  
The clock pin dut/core0/decode_unit/fprf/regs_reg[25][20]/C is not reached by a timing clock
Related violations: <none>

TIMING-17#562 Critical Warning
Non-clocked sequential cell  
The clock pin dut/core0/decode_unit/fprf/regs_reg[25][21]/C is not reached by a timing clock
Related violations: <none>

TIMING-17#563 Critical Warning
Non-clocked sequential cell  
The clock pin dut/core0/decode_unit/fprf/regs_reg[25][22]/C is not reached by a timing clock
Related violations: <none>

TIMING-17#564 Critical Warning
Non-clocked sequential cell  
The clock pin dut/core0/decode_unit/fprf/regs_reg[25][23]/C is not reached by a timing clock
Related violations: <none>

TIMING-17#565 Critical Warning
Non-clocked sequential cell  
The clock pin dut/core0/decode_unit/fprf/regs_reg[25][24]/C is not reached by a timing clock
Related violations: <none>

TIMING-17#566 Critical Warning
Non-clocked sequential cell  
The clock pin dut/core0/decode_unit/fprf/regs_reg[25][25]/C is not reached by a timing clock
Related violations: <none>

TIMING-17#567 Critical Warning
Non-clocked sequential cell  
The clock pin dut/core0/decode_unit/fprf/regs_reg[25][26]/C is not reached by a timing clock
Related violations: <none>

TIMING-17#568 Critical Warning
Non-clocked sequential cell  
The clock pin dut/core0/decode_unit/fprf/regs_reg[25][27]/C is not reached by a timing clock
Related violations: <none>

TIMING-17#569 Critical Warning
Non-clocked sequential cell  
The clock pin dut/core0/decode_unit/fprf/regs_reg[25][28]/C is not reached by a timing clock
Related violations: <none>

TIMING-17#570 Critical Warning
Non-clocked sequential cell  
The clock pin dut/core0/decode_unit/fprf/regs_reg[25][29]/C is not reached by a timing clock
Related violations: <none>

TIMING-17#571 Critical Warning
Non-clocked sequential cell  
The clock pin dut/core0/decode_unit/fprf/regs_reg[25][2]/C is not reached by a timing clock
Related violations: <none>

TIMING-17#572 Critical Warning
Non-clocked sequential cell  
The clock pin dut/core0/decode_unit/fprf/regs_reg[25][30]/C is not reached by a timing clock
Related violations: <none>

TIMING-17#573 Critical Warning
Non-clocked sequential cell  
The clock pin dut/core0/decode_unit/fprf/regs_reg[25][31]/C is not reached by a timing clock
Related violations: <none>

TIMING-17#574 Critical Warning
Non-clocked sequential cell  
The clock pin dut/core0/decode_unit/fprf/regs_reg[25][3]/C is not reached by a timing clock
Related violations: <none>

TIMING-17#575 Critical Warning
Non-clocked sequential cell  
The clock pin dut/core0/decode_unit/fprf/regs_reg[25][4]/C is not reached by a timing clock
Related violations: <none>

TIMING-17#576 Critical Warning
Non-clocked sequential cell  
The clock pin dut/core0/decode_unit/fprf/regs_reg[25][5]/C is not reached by a timing clock
Related violations: <none>

TIMING-17#577 Critical Warning
Non-clocked sequential cell  
The clock pin dut/core0/decode_unit/fprf/regs_reg[25][6]/C is not reached by a timing clock
Related violations: <none>

TIMING-17#578 Critical Warning
Non-clocked sequential cell  
The clock pin dut/core0/decode_unit/fprf/regs_reg[25][7]/C is not reached by a timing clock
Related violations: <none>

TIMING-17#579 Critical Warning
Non-clocked sequential cell  
The clock pin dut/core0/decode_unit/fprf/regs_reg[25][8]/C is not reached by a timing clock
Related violations: <none>

TIMING-17#580 Critical Warning
Non-clocked sequential cell  
The clock pin dut/core0/decode_unit/fprf/regs_reg[25][9]/C is not reached by a timing clock
Related violations: <none>

TIMING-17#581 Critical Warning
Non-clocked sequential cell  
The clock pin dut/core0/decode_unit/fprf/regs_reg[26][0]/C is not reached by a timing clock
Related violations: <none>

TIMING-17#582 Critical Warning
Non-clocked sequential cell  
The clock pin dut/core0/decode_unit/fprf/regs_reg[26][10]/C is not reached by a timing clock
Related violations: <none>

TIMING-17#583 Critical Warning
Non-clocked sequential cell  
The clock pin dut/core0/decode_unit/fprf/regs_reg[26][11]/C is not reached by a timing clock
Related violations: <none>

TIMING-17#584 Critical Warning
Non-clocked sequential cell  
The clock pin dut/core0/decode_unit/fprf/regs_reg[26][12]/C is not reached by a timing clock
Related violations: <none>

TIMING-17#585 Critical Warning
Non-clocked sequential cell  
The clock pin dut/core0/decode_unit/fprf/regs_reg[26][13]/C is not reached by a timing clock
Related violations: <none>

TIMING-17#586 Critical Warning
Non-clocked sequential cell  
The clock pin dut/core0/decode_unit/fprf/regs_reg[26][14]/C is not reached by a timing clock
Related violations: <none>

TIMING-17#587 Critical Warning
Non-clocked sequential cell  
The clock pin dut/core0/decode_unit/fprf/regs_reg[26][15]/C is not reached by a timing clock
Related violations: <none>

TIMING-17#588 Critical Warning
Non-clocked sequential cell  
The clock pin dut/core0/decode_unit/fprf/regs_reg[26][16]/C is not reached by a timing clock
Related violations: <none>

TIMING-17#589 Critical Warning
Non-clocked sequential cell  
The clock pin dut/core0/decode_unit/fprf/regs_reg[26][17]/C is not reached by a timing clock
Related violations: <none>

TIMING-17#590 Critical Warning
Non-clocked sequential cell  
The clock pin dut/core0/decode_unit/fprf/regs_reg[26][18]/C is not reached by a timing clock
Related violations: <none>

TIMING-17#591 Critical Warning
Non-clocked sequential cell  
The clock pin dut/core0/decode_unit/fprf/regs_reg[26][19]/C is not reached by a timing clock
Related violations: <none>

TIMING-17#592 Critical Warning
Non-clocked sequential cell  
The clock pin dut/core0/decode_unit/fprf/regs_reg[26][1]/C is not reached by a timing clock
Related violations: <none>

TIMING-17#593 Critical Warning
Non-clocked sequential cell  
The clock pin dut/core0/decode_unit/fprf/regs_reg[26][20]/C is not reached by a timing clock
Related violations: <none>

TIMING-17#594 Critical Warning
Non-clocked sequential cell  
The clock pin dut/core0/decode_unit/fprf/regs_reg[26][21]/C is not reached by a timing clock
Related violations: <none>

TIMING-17#595 Critical Warning
Non-clocked sequential cell  
The clock pin dut/core0/decode_unit/fprf/regs_reg[26][22]/C is not reached by a timing clock
Related violations: <none>

TIMING-17#596 Critical Warning
Non-clocked sequential cell  
The clock pin dut/core0/decode_unit/fprf/regs_reg[26][23]/C is not reached by a timing clock
Related violations: <none>

TIMING-17#597 Critical Warning
Non-clocked sequential cell  
The clock pin dut/core0/decode_unit/fprf/regs_reg[26][24]/C is not reached by a timing clock
Related violations: <none>

TIMING-17#598 Critical Warning
Non-clocked sequential cell  
The clock pin dut/core0/decode_unit/fprf/regs_reg[26][25]/C is not reached by a timing clock
Related violations: <none>

TIMING-17#599 Critical Warning
Non-clocked sequential cell  
The clock pin dut/core0/decode_unit/fprf/regs_reg[26][26]/C is not reached by a timing clock
Related violations: <none>

TIMING-17#600 Critical Warning
Non-clocked sequential cell  
The clock pin dut/core0/decode_unit/fprf/regs_reg[26][27]/C is not reached by a timing clock
Related violations: <none>

TIMING-17#601 Critical Warning
Non-clocked sequential cell  
The clock pin dut/core0/decode_unit/fprf/regs_reg[26][28]/C is not reached by a timing clock
Related violations: <none>

TIMING-17#602 Critical Warning
Non-clocked sequential cell  
The clock pin dut/core0/decode_unit/fprf/regs_reg[26][29]/C is not reached by a timing clock
Related violations: <none>

TIMING-17#603 Critical Warning
Non-clocked sequential cell  
The clock pin dut/core0/decode_unit/fprf/regs_reg[26][2]/C is not reached by a timing clock
Related violations: <none>

TIMING-17#604 Critical Warning
Non-clocked sequential cell  
The clock pin dut/core0/decode_unit/fprf/regs_reg[26][30]/C is not reached by a timing clock
Related violations: <none>

TIMING-17#605 Critical Warning
Non-clocked sequential cell  
The clock pin dut/core0/decode_unit/fprf/regs_reg[26][31]/C is not reached by a timing clock
Related violations: <none>

TIMING-17#606 Critical Warning
Non-clocked sequential cell  
The clock pin dut/core0/decode_unit/fprf/regs_reg[26][3]/C is not reached by a timing clock
Related violations: <none>

TIMING-17#607 Critical Warning
Non-clocked sequential cell  
The clock pin dut/core0/decode_unit/fprf/regs_reg[26][4]/C is not reached by a timing clock
Related violations: <none>

TIMING-17#608 Critical Warning
Non-clocked sequential cell  
The clock pin dut/core0/decode_unit/fprf/regs_reg[26][5]/C is not reached by a timing clock
Related violations: <none>

TIMING-17#609 Critical Warning
Non-clocked sequential cell  
The clock pin dut/core0/decode_unit/fprf/regs_reg[26][6]/C is not reached by a timing clock
Related violations: <none>

TIMING-17#610 Critical Warning
Non-clocked sequential cell  
The clock pin dut/core0/decode_unit/fprf/regs_reg[26][7]/C is not reached by a timing clock
Related violations: <none>

TIMING-17#611 Critical Warning
Non-clocked sequential cell  
The clock pin dut/core0/decode_unit/fprf/regs_reg[26][8]/C is not reached by a timing clock
Related violations: <none>

TIMING-17#612 Critical Warning
Non-clocked sequential cell  
The clock pin dut/core0/decode_unit/fprf/regs_reg[26][9]/C is not reached by a timing clock
Related violations: <none>

TIMING-17#613 Critical Warning
Non-clocked sequential cell  
The clock pin dut/core0/decode_unit/fprf/regs_reg[27][0]/C is not reached by a timing clock
Related violations: <none>

TIMING-17#614 Critical Warning
Non-clocked sequential cell  
The clock pin dut/core0/decode_unit/fprf/regs_reg[27][10]/C is not reached by a timing clock
Related violations: <none>

TIMING-17#615 Critical Warning
Non-clocked sequential cell  
The clock pin dut/core0/decode_unit/fprf/regs_reg[27][11]/C is not reached by a timing clock
Related violations: <none>

TIMING-17#616 Critical Warning
Non-clocked sequential cell  
The clock pin dut/core0/decode_unit/fprf/regs_reg[27][12]/C is not reached by a timing clock
Related violations: <none>

TIMING-17#617 Critical Warning
Non-clocked sequential cell  
The clock pin dut/core0/decode_unit/fprf/regs_reg[27][13]/C is not reached by a timing clock
Related violations: <none>

TIMING-17#618 Critical Warning
Non-clocked sequential cell  
The clock pin dut/core0/decode_unit/fprf/regs_reg[27][14]/C is not reached by a timing clock
Related violations: <none>

TIMING-17#619 Critical Warning
Non-clocked sequential cell  
The clock pin dut/core0/decode_unit/fprf/regs_reg[27][15]/C is not reached by a timing clock
Related violations: <none>

TIMING-17#620 Critical Warning
Non-clocked sequential cell  
The clock pin dut/core0/decode_unit/fprf/regs_reg[27][16]/C is not reached by a timing clock
Related violations: <none>

TIMING-17#621 Critical Warning
Non-clocked sequential cell  
The clock pin dut/core0/decode_unit/fprf/regs_reg[27][17]/C is not reached by a timing clock
Related violations: <none>

TIMING-17#622 Critical Warning
Non-clocked sequential cell  
The clock pin dut/core0/decode_unit/fprf/regs_reg[27][18]/C is not reached by a timing clock
Related violations: <none>

TIMING-17#623 Critical Warning
Non-clocked sequential cell  
The clock pin dut/core0/decode_unit/fprf/regs_reg[27][19]/C is not reached by a timing clock
Related violations: <none>

TIMING-17#624 Critical Warning
Non-clocked sequential cell  
The clock pin dut/core0/decode_unit/fprf/regs_reg[27][1]/C is not reached by a timing clock
Related violations: <none>

TIMING-17#625 Critical Warning
Non-clocked sequential cell  
The clock pin dut/core0/decode_unit/fprf/regs_reg[27][20]/C is not reached by a timing clock
Related violations: <none>

TIMING-17#626 Critical Warning
Non-clocked sequential cell  
The clock pin dut/core0/decode_unit/fprf/regs_reg[27][21]/C is not reached by a timing clock
Related violations: <none>

TIMING-17#627 Critical Warning
Non-clocked sequential cell  
The clock pin dut/core0/decode_unit/fprf/regs_reg[27][22]/C is not reached by a timing clock
Related violations: <none>

TIMING-17#628 Critical Warning
Non-clocked sequential cell  
The clock pin dut/core0/decode_unit/fprf/regs_reg[27][23]/C is not reached by a timing clock
Related violations: <none>

TIMING-17#629 Critical Warning
Non-clocked sequential cell  
The clock pin dut/core0/decode_unit/fprf/regs_reg[27][24]/C is not reached by a timing clock
Related violations: <none>

TIMING-17#630 Critical Warning
Non-clocked sequential cell  
The clock pin dut/core0/decode_unit/fprf/regs_reg[27][25]/C is not reached by a timing clock
Related violations: <none>

TIMING-17#631 Critical Warning
Non-clocked sequential cell  
The clock pin dut/core0/decode_unit/fprf/regs_reg[27][26]/C is not reached by a timing clock
Related violations: <none>

TIMING-17#632 Critical Warning
Non-clocked sequential cell  
The clock pin dut/core0/decode_unit/fprf/regs_reg[27][27]/C is not reached by a timing clock
Related violations: <none>

TIMING-17#633 Critical Warning
Non-clocked sequential cell  
The clock pin dut/core0/decode_unit/fprf/regs_reg[27][28]/C is not reached by a timing clock
Related violations: <none>

TIMING-17#634 Critical Warning
Non-clocked sequential cell  
The clock pin dut/core0/decode_unit/fprf/regs_reg[27][29]/C is not reached by a timing clock
Related violations: <none>

TIMING-17#635 Critical Warning
Non-clocked sequential cell  
The clock pin dut/core0/decode_unit/fprf/regs_reg[27][2]/C is not reached by a timing clock
Related violations: <none>

TIMING-17#636 Critical Warning
Non-clocked sequential cell  
The clock pin dut/core0/decode_unit/fprf/regs_reg[27][30]/C is not reached by a timing clock
Related violations: <none>

TIMING-17#637 Critical Warning
Non-clocked sequential cell  
The clock pin dut/core0/decode_unit/fprf/regs_reg[27][31]/C is not reached by a timing clock
Related violations: <none>

TIMING-17#638 Critical Warning
Non-clocked sequential cell  
The clock pin dut/core0/decode_unit/fprf/regs_reg[27][3]/C is not reached by a timing clock
Related violations: <none>

TIMING-17#639 Critical Warning
Non-clocked sequential cell  
The clock pin dut/core0/decode_unit/fprf/regs_reg[27][4]/C is not reached by a timing clock
Related violations: <none>

TIMING-17#640 Critical Warning
Non-clocked sequential cell  
The clock pin dut/core0/decode_unit/fprf/regs_reg[27][5]/C is not reached by a timing clock
Related violations: <none>

TIMING-17#641 Critical Warning
Non-clocked sequential cell  
The clock pin dut/core0/decode_unit/fprf/regs_reg[27][6]/C is not reached by a timing clock
Related violations: <none>

TIMING-17#642 Critical Warning
Non-clocked sequential cell  
The clock pin dut/core0/decode_unit/fprf/regs_reg[27][7]/C is not reached by a timing clock
Related violations: <none>

TIMING-17#643 Critical Warning
Non-clocked sequential cell  
The clock pin dut/core0/decode_unit/fprf/regs_reg[27][8]/C is not reached by a timing clock
Related violations: <none>

TIMING-17#644 Critical Warning
Non-clocked sequential cell  
The clock pin dut/core0/decode_unit/fprf/regs_reg[27][9]/C is not reached by a timing clock
Related violations: <none>

TIMING-17#645 Critical Warning
Non-clocked sequential cell  
The clock pin dut/core0/decode_unit/fprf/regs_reg[28][0]/C is not reached by a timing clock
Related violations: <none>

TIMING-17#646 Critical Warning
Non-clocked sequential cell  
The clock pin dut/core0/decode_unit/fprf/regs_reg[28][10]/C is not reached by a timing clock
Related violations: <none>

TIMING-17#647 Critical Warning
Non-clocked sequential cell  
The clock pin dut/core0/decode_unit/fprf/regs_reg[28][11]/C is not reached by a timing clock
Related violations: <none>

TIMING-17#648 Critical Warning
Non-clocked sequential cell  
The clock pin dut/core0/decode_unit/fprf/regs_reg[28][12]/C is not reached by a timing clock
Related violations: <none>

TIMING-17#649 Critical Warning
Non-clocked sequential cell  
The clock pin dut/core0/decode_unit/fprf/regs_reg[28][13]/C is not reached by a timing clock
Related violations: <none>

TIMING-17#650 Critical Warning
Non-clocked sequential cell  
The clock pin dut/core0/decode_unit/fprf/regs_reg[28][14]/C is not reached by a timing clock
Related violations: <none>

TIMING-17#651 Critical Warning
Non-clocked sequential cell  
The clock pin dut/core0/decode_unit/fprf/regs_reg[28][15]/C is not reached by a timing clock
Related violations: <none>

TIMING-17#652 Critical Warning
Non-clocked sequential cell  
The clock pin dut/core0/decode_unit/fprf/regs_reg[28][16]/C is not reached by a timing clock
Related violations: <none>

TIMING-17#653 Critical Warning
Non-clocked sequential cell  
The clock pin dut/core0/decode_unit/fprf/regs_reg[28][17]/C is not reached by a timing clock
Related violations: <none>

TIMING-17#654 Critical Warning
Non-clocked sequential cell  
The clock pin dut/core0/decode_unit/fprf/regs_reg[28][18]/C is not reached by a timing clock
Related violations: <none>

TIMING-17#655 Critical Warning
Non-clocked sequential cell  
The clock pin dut/core0/decode_unit/fprf/regs_reg[28][19]/C is not reached by a timing clock
Related violations: <none>

TIMING-17#656 Critical Warning
Non-clocked sequential cell  
The clock pin dut/core0/decode_unit/fprf/regs_reg[28][1]/C is not reached by a timing clock
Related violations: <none>

TIMING-17#657 Critical Warning
Non-clocked sequential cell  
The clock pin dut/core0/decode_unit/fprf/regs_reg[28][20]/C is not reached by a timing clock
Related violations: <none>

TIMING-17#658 Critical Warning
Non-clocked sequential cell  
The clock pin dut/core0/decode_unit/fprf/regs_reg[28][21]/C is not reached by a timing clock
Related violations: <none>

TIMING-17#659 Critical Warning
Non-clocked sequential cell  
The clock pin dut/core0/decode_unit/fprf/regs_reg[28][22]/C is not reached by a timing clock
Related violations: <none>

TIMING-17#660 Critical Warning
Non-clocked sequential cell  
The clock pin dut/core0/decode_unit/fprf/regs_reg[28][23]/C is not reached by a timing clock
Related violations: <none>

TIMING-17#661 Critical Warning
Non-clocked sequential cell  
The clock pin dut/core0/decode_unit/fprf/regs_reg[28][24]/C is not reached by a timing clock
Related violations: <none>

TIMING-17#662 Critical Warning
Non-clocked sequential cell  
The clock pin dut/core0/decode_unit/fprf/regs_reg[28][25]/C is not reached by a timing clock
Related violations: <none>

TIMING-17#663 Critical Warning
Non-clocked sequential cell  
The clock pin dut/core0/decode_unit/fprf/regs_reg[28][26]/C is not reached by a timing clock
Related violations: <none>

TIMING-17#664 Critical Warning
Non-clocked sequential cell  
The clock pin dut/core0/decode_unit/fprf/regs_reg[28][27]/C is not reached by a timing clock
Related violations: <none>

TIMING-17#665 Critical Warning
Non-clocked sequential cell  
The clock pin dut/core0/decode_unit/fprf/regs_reg[28][28]/C is not reached by a timing clock
Related violations: <none>

TIMING-17#666 Critical Warning
Non-clocked sequential cell  
The clock pin dut/core0/decode_unit/fprf/regs_reg[28][29]/C is not reached by a timing clock
Related violations: <none>

TIMING-17#667 Critical Warning
Non-clocked sequential cell  
The clock pin dut/core0/decode_unit/fprf/regs_reg[28][2]/C is not reached by a timing clock
Related violations: <none>

TIMING-17#668 Critical Warning
Non-clocked sequential cell  
The clock pin dut/core0/decode_unit/fprf/regs_reg[28][30]/C is not reached by a timing clock
Related violations: <none>

TIMING-17#669 Critical Warning
Non-clocked sequential cell  
The clock pin dut/core0/decode_unit/fprf/regs_reg[28][31]/C is not reached by a timing clock
Related violations: <none>

TIMING-17#670 Critical Warning
Non-clocked sequential cell  
The clock pin dut/core0/decode_unit/fprf/regs_reg[28][3]/C is not reached by a timing clock
Related violations: <none>

TIMING-17#671 Critical Warning
Non-clocked sequential cell  
The clock pin dut/core0/decode_unit/fprf/regs_reg[28][4]/C is not reached by a timing clock
Related violations: <none>

TIMING-17#672 Critical Warning
Non-clocked sequential cell  
The clock pin dut/core0/decode_unit/fprf/regs_reg[28][5]/C is not reached by a timing clock
Related violations: <none>

TIMING-17#673 Critical Warning
Non-clocked sequential cell  
The clock pin dut/core0/decode_unit/fprf/regs_reg[28][6]/C is not reached by a timing clock
Related violations: <none>

TIMING-17#674 Critical Warning
Non-clocked sequential cell  
The clock pin dut/core0/decode_unit/fprf/regs_reg[28][7]/C is not reached by a timing clock
Related violations: <none>

TIMING-17#675 Critical Warning
Non-clocked sequential cell  
The clock pin dut/core0/decode_unit/fprf/regs_reg[28][8]/C is not reached by a timing clock
Related violations: <none>

TIMING-17#676 Critical Warning
Non-clocked sequential cell  
The clock pin dut/core0/decode_unit/fprf/regs_reg[28][9]/C is not reached by a timing clock
Related violations: <none>

TIMING-17#677 Critical Warning
Non-clocked sequential cell  
The clock pin dut/core0/decode_unit/fprf/regs_reg[29][0]/C is not reached by a timing clock
Related violations: <none>

TIMING-17#678 Critical Warning
Non-clocked sequential cell  
The clock pin dut/core0/decode_unit/fprf/regs_reg[29][10]/C is not reached by a timing clock
Related violations: <none>

TIMING-17#679 Critical Warning
Non-clocked sequential cell  
The clock pin dut/core0/decode_unit/fprf/regs_reg[29][11]/C is not reached by a timing clock
Related violations: <none>

TIMING-17#680 Critical Warning
Non-clocked sequential cell  
The clock pin dut/core0/decode_unit/fprf/regs_reg[29][12]/C is not reached by a timing clock
Related violations: <none>

TIMING-17#681 Critical Warning
Non-clocked sequential cell  
The clock pin dut/core0/decode_unit/fprf/regs_reg[29][13]/C is not reached by a timing clock
Related violations: <none>

TIMING-17#682 Critical Warning
Non-clocked sequential cell  
The clock pin dut/core0/decode_unit/fprf/regs_reg[29][14]/C is not reached by a timing clock
Related violations: <none>

TIMING-17#683 Critical Warning
Non-clocked sequential cell  
The clock pin dut/core0/decode_unit/fprf/regs_reg[29][15]/C is not reached by a timing clock
Related violations: <none>

TIMING-17#684 Critical Warning
Non-clocked sequential cell  
The clock pin dut/core0/decode_unit/fprf/regs_reg[29][16]/C is not reached by a timing clock
Related violations: <none>

TIMING-17#685 Critical Warning
Non-clocked sequential cell  
The clock pin dut/core0/decode_unit/fprf/regs_reg[29][17]/C is not reached by a timing clock
Related violations: <none>

TIMING-17#686 Critical Warning
Non-clocked sequential cell  
The clock pin dut/core0/decode_unit/fprf/regs_reg[29][18]/C is not reached by a timing clock
Related violations: <none>

TIMING-17#687 Critical Warning
Non-clocked sequential cell  
The clock pin dut/core0/decode_unit/fprf/regs_reg[29][19]/C is not reached by a timing clock
Related violations: <none>

TIMING-17#688 Critical Warning
Non-clocked sequential cell  
The clock pin dut/core0/decode_unit/fprf/regs_reg[29][1]/C is not reached by a timing clock
Related violations: <none>

TIMING-17#689 Critical Warning
Non-clocked sequential cell  
The clock pin dut/core0/decode_unit/fprf/regs_reg[29][20]/C is not reached by a timing clock
Related violations: <none>

TIMING-17#690 Critical Warning
Non-clocked sequential cell  
The clock pin dut/core0/decode_unit/fprf/regs_reg[29][21]/C is not reached by a timing clock
Related violations: <none>

TIMING-17#691 Critical Warning
Non-clocked sequential cell  
The clock pin dut/core0/decode_unit/fprf/regs_reg[29][22]/C is not reached by a timing clock
Related violations: <none>

TIMING-17#692 Critical Warning
Non-clocked sequential cell  
The clock pin dut/core0/decode_unit/fprf/regs_reg[29][23]/C is not reached by a timing clock
Related violations: <none>

TIMING-17#693 Critical Warning
Non-clocked sequential cell  
The clock pin dut/core0/decode_unit/fprf/regs_reg[29][24]/C is not reached by a timing clock
Related violations: <none>

TIMING-17#694 Critical Warning
Non-clocked sequential cell  
The clock pin dut/core0/decode_unit/fprf/regs_reg[29][25]/C is not reached by a timing clock
Related violations: <none>

TIMING-17#695 Critical Warning
Non-clocked sequential cell  
The clock pin dut/core0/decode_unit/fprf/regs_reg[29][26]/C is not reached by a timing clock
Related violations: <none>

TIMING-17#696 Critical Warning
Non-clocked sequential cell  
The clock pin dut/core0/decode_unit/fprf/regs_reg[29][27]/C is not reached by a timing clock
Related violations: <none>

TIMING-17#697 Critical Warning
Non-clocked sequential cell  
The clock pin dut/core0/decode_unit/fprf/regs_reg[29][28]/C is not reached by a timing clock
Related violations: <none>

TIMING-17#698 Critical Warning
Non-clocked sequential cell  
The clock pin dut/core0/decode_unit/fprf/regs_reg[29][29]/C is not reached by a timing clock
Related violations: <none>

TIMING-17#699 Critical Warning
Non-clocked sequential cell  
The clock pin dut/core0/decode_unit/fprf/regs_reg[29][2]/C is not reached by a timing clock
Related violations: <none>

TIMING-17#700 Critical Warning
Non-clocked sequential cell  
The clock pin dut/core0/decode_unit/fprf/regs_reg[29][30]/C is not reached by a timing clock
Related violations: <none>

TIMING-17#701 Critical Warning
Non-clocked sequential cell  
The clock pin dut/core0/decode_unit/fprf/regs_reg[29][31]/C is not reached by a timing clock
Related violations: <none>

TIMING-17#702 Critical Warning
Non-clocked sequential cell  
The clock pin dut/core0/decode_unit/fprf/regs_reg[29][3]/C is not reached by a timing clock
Related violations: <none>

TIMING-17#703 Critical Warning
Non-clocked sequential cell  
The clock pin dut/core0/decode_unit/fprf/regs_reg[29][4]/C is not reached by a timing clock
Related violations: <none>

TIMING-17#704 Critical Warning
Non-clocked sequential cell  
The clock pin dut/core0/decode_unit/fprf/regs_reg[29][5]/C is not reached by a timing clock
Related violations: <none>

TIMING-17#705 Critical Warning
Non-clocked sequential cell  
The clock pin dut/core0/decode_unit/fprf/regs_reg[29][6]/C is not reached by a timing clock
Related violations: <none>

TIMING-17#706 Critical Warning
Non-clocked sequential cell  
The clock pin dut/core0/decode_unit/fprf/regs_reg[29][7]/C is not reached by a timing clock
Related violations: <none>

TIMING-17#707 Critical Warning
Non-clocked sequential cell  
The clock pin dut/core0/decode_unit/fprf/regs_reg[29][8]/C is not reached by a timing clock
Related violations: <none>

TIMING-17#708 Critical Warning
Non-clocked sequential cell  
The clock pin dut/core0/decode_unit/fprf/regs_reg[29][9]/C is not reached by a timing clock
Related violations: <none>

TIMING-17#709 Critical Warning
Non-clocked sequential cell  
The clock pin dut/core0/decode_unit/fprf/regs_reg[2][0]/C is not reached by a timing clock
Related violations: <none>

TIMING-17#710 Critical Warning
Non-clocked sequential cell  
The clock pin dut/core0/decode_unit/fprf/regs_reg[2][10]/C is not reached by a timing clock
Related violations: <none>

TIMING-17#711 Critical Warning
Non-clocked sequential cell  
The clock pin dut/core0/decode_unit/fprf/regs_reg[2][11]/C is not reached by a timing clock
Related violations: <none>

TIMING-17#712 Critical Warning
Non-clocked sequential cell  
The clock pin dut/core0/decode_unit/fprf/regs_reg[2][12]/C is not reached by a timing clock
Related violations: <none>

TIMING-17#713 Critical Warning
Non-clocked sequential cell  
The clock pin dut/core0/decode_unit/fprf/regs_reg[2][13]/C is not reached by a timing clock
Related violations: <none>

TIMING-17#714 Critical Warning
Non-clocked sequential cell  
The clock pin dut/core0/decode_unit/fprf/regs_reg[2][14]/C is not reached by a timing clock
Related violations: <none>

TIMING-17#715 Critical Warning
Non-clocked sequential cell  
The clock pin dut/core0/decode_unit/fprf/regs_reg[2][15]/C is not reached by a timing clock
Related violations: <none>

TIMING-17#716 Critical Warning
Non-clocked sequential cell  
The clock pin dut/core0/decode_unit/fprf/regs_reg[2][16]/C is not reached by a timing clock
Related violations: <none>

TIMING-17#717 Critical Warning
Non-clocked sequential cell  
The clock pin dut/core0/decode_unit/fprf/regs_reg[2][17]/C is not reached by a timing clock
Related violations: <none>

TIMING-17#718 Critical Warning
Non-clocked sequential cell  
The clock pin dut/core0/decode_unit/fprf/regs_reg[2][18]/C is not reached by a timing clock
Related violations: <none>

TIMING-17#719 Critical Warning
Non-clocked sequential cell  
The clock pin dut/core0/decode_unit/fprf/regs_reg[2][19]/C is not reached by a timing clock
Related violations: <none>

TIMING-17#720 Critical Warning
Non-clocked sequential cell  
The clock pin dut/core0/decode_unit/fprf/regs_reg[2][1]/C is not reached by a timing clock
Related violations: <none>

TIMING-17#721 Critical Warning
Non-clocked sequential cell  
The clock pin dut/core0/decode_unit/fprf/regs_reg[2][20]/C is not reached by a timing clock
Related violations: <none>

TIMING-17#722 Critical Warning
Non-clocked sequential cell  
The clock pin dut/core0/decode_unit/fprf/regs_reg[2][21]/C is not reached by a timing clock
Related violations: <none>

TIMING-17#723 Critical Warning
Non-clocked sequential cell  
The clock pin dut/core0/decode_unit/fprf/regs_reg[2][22]/C is not reached by a timing clock
Related violations: <none>

TIMING-17#724 Critical Warning
Non-clocked sequential cell  
The clock pin dut/core0/decode_unit/fprf/regs_reg[2][23]/C is not reached by a timing clock
Related violations: <none>

TIMING-17#725 Critical Warning
Non-clocked sequential cell  
The clock pin dut/core0/decode_unit/fprf/regs_reg[2][24]/C is not reached by a timing clock
Related violations: <none>

TIMING-17#726 Critical Warning
Non-clocked sequential cell  
The clock pin dut/core0/decode_unit/fprf/regs_reg[2][25]/C is not reached by a timing clock
Related violations: <none>

TIMING-17#727 Critical Warning
Non-clocked sequential cell  
The clock pin dut/core0/decode_unit/fprf/regs_reg[2][26]/C is not reached by a timing clock
Related violations: <none>

TIMING-17#728 Critical Warning
Non-clocked sequential cell  
The clock pin dut/core0/decode_unit/fprf/regs_reg[2][27]/C is not reached by a timing clock
Related violations: <none>

TIMING-17#729 Critical Warning
Non-clocked sequential cell  
The clock pin dut/core0/decode_unit/fprf/regs_reg[2][28]/C is not reached by a timing clock
Related violations: <none>

TIMING-17#730 Critical Warning
Non-clocked sequential cell  
The clock pin dut/core0/decode_unit/fprf/regs_reg[2][29]/C is not reached by a timing clock
Related violations: <none>

TIMING-17#731 Critical Warning
Non-clocked sequential cell  
The clock pin dut/core0/decode_unit/fprf/regs_reg[2][2]/C is not reached by a timing clock
Related violations: <none>

TIMING-17#732 Critical Warning
Non-clocked sequential cell  
The clock pin dut/core0/decode_unit/fprf/regs_reg[2][30]/C is not reached by a timing clock
Related violations: <none>

TIMING-17#733 Critical Warning
Non-clocked sequential cell  
The clock pin dut/core0/decode_unit/fprf/regs_reg[2][31]/C is not reached by a timing clock
Related violations: <none>

TIMING-17#734 Critical Warning
Non-clocked sequential cell  
The clock pin dut/core0/decode_unit/fprf/regs_reg[2][3]/C is not reached by a timing clock
Related violations: <none>

TIMING-17#735 Critical Warning
Non-clocked sequential cell  
The clock pin dut/core0/decode_unit/fprf/regs_reg[2][4]/C is not reached by a timing clock
Related violations: <none>

TIMING-17#736 Critical Warning
Non-clocked sequential cell  
The clock pin dut/core0/decode_unit/fprf/regs_reg[2][5]/C is not reached by a timing clock
Related violations: <none>

TIMING-17#737 Critical Warning
Non-clocked sequential cell  
The clock pin dut/core0/decode_unit/fprf/regs_reg[2][6]/C is not reached by a timing clock
Related violations: <none>

TIMING-17#738 Critical Warning
Non-clocked sequential cell  
The clock pin dut/core0/decode_unit/fprf/regs_reg[2][7]/C is not reached by a timing clock
Related violations: <none>

TIMING-17#739 Critical Warning
Non-clocked sequential cell  
The clock pin dut/core0/decode_unit/fprf/regs_reg[2][8]/C is not reached by a timing clock
Related violations: <none>

TIMING-17#740 Critical Warning
Non-clocked sequential cell  
The clock pin dut/core0/decode_unit/fprf/regs_reg[2][9]/C is not reached by a timing clock
Related violations: <none>

TIMING-17#741 Critical Warning
Non-clocked sequential cell  
The clock pin dut/core0/decode_unit/fprf/regs_reg[30][0]/C is not reached by a timing clock
Related violations: <none>

TIMING-17#742 Critical Warning
Non-clocked sequential cell  
The clock pin dut/core0/decode_unit/fprf/regs_reg[30][10]/C is not reached by a timing clock
Related violations: <none>

TIMING-17#743 Critical Warning
Non-clocked sequential cell  
The clock pin dut/core0/decode_unit/fprf/regs_reg[30][11]/C is not reached by a timing clock
Related violations: <none>

TIMING-17#744 Critical Warning
Non-clocked sequential cell  
The clock pin dut/core0/decode_unit/fprf/regs_reg[30][12]/C is not reached by a timing clock
Related violations: <none>

TIMING-17#745 Critical Warning
Non-clocked sequential cell  
The clock pin dut/core0/decode_unit/fprf/regs_reg[30][13]/C is not reached by a timing clock
Related violations: <none>

TIMING-17#746 Critical Warning
Non-clocked sequential cell  
The clock pin dut/core0/decode_unit/fprf/regs_reg[30][14]/C is not reached by a timing clock
Related violations: <none>

TIMING-17#747 Critical Warning
Non-clocked sequential cell  
The clock pin dut/core0/decode_unit/fprf/regs_reg[30][15]/C is not reached by a timing clock
Related violations: <none>

TIMING-17#748 Critical Warning
Non-clocked sequential cell  
The clock pin dut/core0/decode_unit/fprf/regs_reg[30][16]/C is not reached by a timing clock
Related violations: <none>

TIMING-17#749 Critical Warning
Non-clocked sequential cell  
The clock pin dut/core0/decode_unit/fprf/regs_reg[30][17]/C is not reached by a timing clock
Related violations: <none>

TIMING-17#750 Critical Warning
Non-clocked sequential cell  
The clock pin dut/core0/decode_unit/fprf/regs_reg[30][18]/C is not reached by a timing clock
Related violations: <none>

TIMING-17#751 Critical Warning
Non-clocked sequential cell  
The clock pin dut/core0/decode_unit/fprf/regs_reg[30][19]/C is not reached by a timing clock
Related violations: <none>

TIMING-17#752 Critical Warning
Non-clocked sequential cell  
The clock pin dut/core0/decode_unit/fprf/regs_reg[30][1]/C is not reached by a timing clock
Related violations: <none>

TIMING-17#753 Critical Warning
Non-clocked sequential cell  
The clock pin dut/core0/decode_unit/fprf/regs_reg[30][20]/C is not reached by a timing clock
Related violations: <none>

TIMING-17#754 Critical Warning
Non-clocked sequential cell  
The clock pin dut/core0/decode_unit/fprf/regs_reg[30][21]/C is not reached by a timing clock
Related violations: <none>

TIMING-17#755 Critical Warning
Non-clocked sequential cell  
The clock pin dut/core0/decode_unit/fprf/regs_reg[30][22]/C is not reached by a timing clock
Related violations: <none>

TIMING-17#756 Critical Warning
Non-clocked sequential cell  
The clock pin dut/core0/decode_unit/fprf/regs_reg[30][23]/C is not reached by a timing clock
Related violations: <none>

TIMING-17#757 Critical Warning
Non-clocked sequential cell  
The clock pin dut/core0/decode_unit/fprf/regs_reg[30][24]/C is not reached by a timing clock
Related violations: <none>

TIMING-17#758 Critical Warning
Non-clocked sequential cell  
The clock pin dut/core0/decode_unit/fprf/regs_reg[30][25]/C is not reached by a timing clock
Related violations: <none>

TIMING-17#759 Critical Warning
Non-clocked sequential cell  
The clock pin dut/core0/decode_unit/fprf/regs_reg[30][26]/C is not reached by a timing clock
Related violations: <none>

TIMING-17#760 Critical Warning
Non-clocked sequential cell  
The clock pin dut/core0/decode_unit/fprf/regs_reg[30][27]/C is not reached by a timing clock
Related violations: <none>

TIMING-17#761 Critical Warning
Non-clocked sequential cell  
The clock pin dut/core0/decode_unit/fprf/regs_reg[30][28]/C is not reached by a timing clock
Related violations: <none>

TIMING-17#762 Critical Warning
Non-clocked sequential cell  
The clock pin dut/core0/decode_unit/fprf/regs_reg[30][29]/C is not reached by a timing clock
Related violations: <none>

TIMING-17#763 Critical Warning
Non-clocked sequential cell  
The clock pin dut/core0/decode_unit/fprf/regs_reg[30][2]/C is not reached by a timing clock
Related violations: <none>

TIMING-17#764 Critical Warning
Non-clocked sequential cell  
The clock pin dut/core0/decode_unit/fprf/regs_reg[30][30]/C is not reached by a timing clock
Related violations: <none>

TIMING-17#765 Critical Warning
Non-clocked sequential cell  
The clock pin dut/core0/decode_unit/fprf/regs_reg[30][31]/C is not reached by a timing clock
Related violations: <none>

TIMING-17#766 Critical Warning
Non-clocked sequential cell  
The clock pin dut/core0/decode_unit/fprf/regs_reg[30][3]/C is not reached by a timing clock
Related violations: <none>

TIMING-17#767 Critical Warning
Non-clocked sequential cell  
The clock pin dut/core0/decode_unit/fprf/regs_reg[30][4]/C is not reached by a timing clock
Related violations: <none>

TIMING-17#768 Critical Warning
Non-clocked sequential cell  
The clock pin dut/core0/decode_unit/fprf/regs_reg[30][5]/C is not reached by a timing clock
Related violations: <none>

TIMING-17#769 Critical Warning
Non-clocked sequential cell  
The clock pin dut/core0/decode_unit/fprf/regs_reg[30][6]/C is not reached by a timing clock
Related violations: <none>

TIMING-17#770 Critical Warning
Non-clocked sequential cell  
The clock pin dut/core0/decode_unit/fprf/regs_reg[30][7]/C is not reached by a timing clock
Related violations: <none>

TIMING-17#771 Critical Warning
Non-clocked sequential cell  
The clock pin dut/core0/decode_unit/fprf/regs_reg[30][8]/C is not reached by a timing clock
Related violations: <none>

TIMING-17#772 Critical Warning
Non-clocked sequential cell  
The clock pin dut/core0/decode_unit/fprf/regs_reg[30][9]/C is not reached by a timing clock
Related violations: <none>

TIMING-17#773 Critical Warning
Non-clocked sequential cell  
The clock pin dut/core0/decode_unit/fprf/regs_reg[31][0]/C is not reached by a timing clock
Related violations: <none>

TIMING-17#774 Critical Warning
Non-clocked sequential cell  
The clock pin dut/core0/decode_unit/fprf/regs_reg[31][10]/C is not reached by a timing clock
Related violations: <none>

TIMING-17#775 Critical Warning
Non-clocked sequential cell  
The clock pin dut/core0/decode_unit/fprf/regs_reg[31][11]/C is not reached by a timing clock
Related violations: <none>

TIMING-17#776 Critical Warning
Non-clocked sequential cell  
The clock pin dut/core0/decode_unit/fprf/regs_reg[31][12]/C is not reached by a timing clock
Related violations: <none>

TIMING-17#777 Critical Warning
Non-clocked sequential cell  
The clock pin dut/core0/decode_unit/fprf/regs_reg[31][13]/C is not reached by a timing clock
Related violations: <none>

TIMING-17#778 Critical Warning
Non-clocked sequential cell  
The clock pin dut/core0/decode_unit/fprf/regs_reg[31][14]/C is not reached by a timing clock
Related violations: <none>

TIMING-17#779 Critical Warning
Non-clocked sequential cell  
The clock pin dut/core0/decode_unit/fprf/regs_reg[31][15]/C is not reached by a timing clock
Related violations: <none>

TIMING-17#780 Critical Warning
Non-clocked sequential cell  
The clock pin dut/core0/decode_unit/fprf/regs_reg[31][16]/C is not reached by a timing clock
Related violations: <none>

TIMING-17#781 Critical Warning
Non-clocked sequential cell  
The clock pin dut/core0/decode_unit/fprf/regs_reg[31][17]/C is not reached by a timing clock
Related violations: <none>

TIMING-17#782 Critical Warning
Non-clocked sequential cell  
The clock pin dut/core0/decode_unit/fprf/regs_reg[31][18]/C is not reached by a timing clock
Related violations: <none>

TIMING-17#783 Critical Warning
Non-clocked sequential cell  
The clock pin dut/core0/decode_unit/fprf/regs_reg[31][19]/C is not reached by a timing clock
Related violations: <none>

TIMING-17#784 Critical Warning
Non-clocked sequential cell  
The clock pin dut/core0/decode_unit/fprf/regs_reg[31][1]/C is not reached by a timing clock
Related violations: <none>

TIMING-17#785 Critical Warning
Non-clocked sequential cell  
The clock pin dut/core0/decode_unit/fprf/regs_reg[31][20]/C is not reached by a timing clock
Related violations: <none>

TIMING-17#786 Critical Warning
Non-clocked sequential cell  
The clock pin dut/core0/decode_unit/fprf/regs_reg[31][21]/C is not reached by a timing clock
Related violations: <none>

TIMING-17#787 Critical Warning
Non-clocked sequential cell  
The clock pin dut/core0/decode_unit/fprf/regs_reg[31][22]/C is not reached by a timing clock
Related violations: <none>

TIMING-17#788 Critical Warning
Non-clocked sequential cell  
The clock pin dut/core0/decode_unit/fprf/regs_reg[31][23]/C is not reached by a timing clock
Related violations: <none>

TIMING-17#789 Critical Warning
Non-clocked sequential cell  
The clock pin dut/core0/decode_unit/fprf/regs_reg[31][24]/C is not reached by a timing clock
Related violations: <none>

TIMING-17#790 Critical Warning
Non-clocked sequential cell  
The clock pin dut/core0/decode_unit/fprf/regs_reg[31][25]/C is not reached by a timing clock
Related violations: <none>

TIMING-17#791 Critical Warning
Non-clocked sequential cell  
The clock pin dut/core0/decode_unit/fprf/regs_reg[31][26]/C is not reached by a timing clock
Related violations: <none>

TIMING-17#792 Critical Warning
Non-clocked sequential cell  
The clock pin dut/core0/decode_unit/fprf/regs_reg[31][27]/C is not reached by a timing clock
Related violations: <none>

TIMING-17#793 Critical Warning
Non-clocked sequential cell  
The clock pin dut/core0/decode_unit/fprf/regs_reg[31][28]/C is not reached by a timing clock
Related violations: <none>

TIMING-17#794 Critical Warning
Non-clocked sequential cell  
The clock pin dut/core0/decode_unit/fprf/regs_reg[31][29]/C is not reached by a timing clock
Related violations: <none>

TIMING-17#795 Critical Warning
Non-clocked sequential cell  
The clock pin dut/core0/decode_unit/fprf/regs_reg[31][2]/C is not reached by a timing clock
Related violations: <none>

TIMING-17#796 Critical Warning
Non-clocked sequential cell  
The clock pin dut/core0/decode_unit/fprf/regs_reg[31][30]/C is not reached by a timing clock
Related violations: <none>

TIMING-17#797 Critical Warning
Non-clocked sequential cell  
The clock pin dut/core0/decode_unit/fprf/regs_reg[31][31]/C is not reached by a timing clock
Related violations: <none>

TIMING-17#798 Critical Warning
Non-clocked sequential cell  
The clock pin dut/core0/decode_unit/fprf/regs_reg[31][3]/C is not reached by a timing clock
Related violations: <none>

TIMING-17#799 Critical Warning
Non-clocked sequential cell  
The clock pin dut/core0/decode_unit/fprf/regs_reg[31][4]/C is not reached by a timing clock
Related violations: <none>

TIMING-17#800 Critical Warning
Non-clocked sequential cell  
The clock pin dut/core0/decode_unit/fprf/regs_reg[31][5]/C is not reached by a timing clock
Related violations: <none>

TIMING-17#801 Critical Warning
Non-clocked sequential cell  
The clock pin dut/core0/decode_unit/fprf/regs_reg[31][6]/C is not reached by a timing clock
Related violations: <none>

TIMING-17#802 Critical Warning
Non-clocked sequential cell  
The clock pin dut/core0/decode_unit/fprf/regs_reg[31][7]/C is not reached by a timing clock
Related violations: <none>

TIMING-17#803 Critical Warning
Non-clocked sequential cell  
The clock pin dut/core0/decode_unit/fprf/regs_reg[31][8]/C is not reached by a timing clock
Related violations: <none>

TIMING-17#804 Critical Warning
Non-clocked sequential cell  
The clock pin dut/core0/decode_unit/fprf/regs_reg[31][9]/C is not reached by a timing clock
Related violations: <none>

TIMING-17#805 Critical Warning
Non-clocked sequential cell  
The clock pin dut/core0/decode_unit/fprf/regs_reg[3][0]/C is not reached by a timing clock
Related violations: <none>

TIMING-17#806 Critical Warning
Non-clocked sequential cell  
The clock pin dut/core0/decode_unit/fprf/regs_reg[3][10]/C is not reached by a timing clock
Related violations: <none>

TIMING-17#807 Critical Warning
Non-clocked sequential cell  
The clock pin dut/core0/decode_unit/fprf/regs_reg[3][11]/C is not reached by a timing clock
Related violations: <none>

TIMING-17#808 Critical Warning
Non-clocked sequential cell  
The clock pin dut/core0/decode_unit/fprf/regs_reg[3][12]/C is not reached by a timing clock
Related violations: <none>

TIMING-17#809 Critical Warning
Non-clocked sequential cell  
The clock pin dut/core0/decode_unit/fprf/regs_reg[3][13]/C is not reached by a timing clock
Related violations: <none>

TIMING-17#810 Critical Warning
Non-clocked sequential cell  
The clock pin dut/core0/decode_unit/fprf/regs_reg[3][14]/C is not reached by a timing clock
Related violations: <none>

TIMING-17#811 Critical Warning
Non-clocked sequential cell  
The clock pin dut/core0/decode_unit/fprf/regs_reg[3][15]/C is not reached by a timing clock
Related violations: <none>

TIMING-17#812 Critical Warning
Non-clocked sequential cell  
The clock pin dut/core0/decode_unit/fprf/regs_reg[3][16]/C is not reached by a timing clock
Related violations: <none>

TIMING-17#813 Critical Warning
Non-clocked sequential cell  
The clock pin dut/core0/decode_unit/fprf/regs_reg[3][17]/C is not reached by a timing clock
Related violations: <none>

TIMING-17#814 Critical Warning
Non-clocked sequential cell  
The clock pin dut/core0/decode_unit/fprf/regs_reg[3][18]/C is not reached by a timing clock
Related violations: <none>

TIMING-17#815 Critical Warning
Non-clocked sequential cell  
The clock pin dut/core0/decode_unit/fprf/regs_reg[3][19]/C is not reached by a timing clock
Related violations: <none>

TIMING-17#816 Critical Warning
Non-clocked sequential cell  
The clock pin dut/core0/decode_unit/fprf/regs_reg[3][1]/C is not reached by a timing clock
Related violations: <none>

TIMING-17#817 Critical Warning
Non-clocked sequential cell  
The clock pin dut/core0/decode_unit/fprf/regs_reg[3][20]/C is not reached by a timing clock
Related violations: <none>

TIMING-17#818 Critical Warning
Non-clocked sequential cell  
The clock pin dut/core0/decode_unit/fprf/regs_reg[3][21]/C is not reached by a timing clock
Related violations: <none>

TIMING-17#819 Critical Warning
Non-clocked sequential cell  
The clock pin dut/core0/decode_unit/fprf/regs_reg[3][22]/C is not reached by a timing clock
Related violations: <none>

TIMING-17#820 Critical Warning
Non-clocked sequential cell  
The clock pin dut/core0/decode_unit/fprf/regs_reg[3][23]/C is not reached by a timing clock
Related violations: <none>

TIMING-17#821 Critical Warning
Non-clocked sequential cell  
The clock pin dut/core0/decode_unit/fprf/regs_reg[3][24]/C is not reached by a timing clock
Related violations: <none>

TIMING-17#822 Critical Warning
Non-clocked sequential cell  
The clock pin dut/core0/decode_unit/fprf/regs_reg[3][25]/C is not reached by a timing clock
Related violations: <none>

TIMING-17#823 Critical Warning
Non-clocked sequential cell  
The clock pin dut/core0/decode_unit/fprf/regs_reg[3][26]/C is not reached by a timing clock
Related violations: <none>

TIMING-17#824 Critical Warning
Non-clocked sequential cell  
The clock pin dut/core0/decode_unit/fprf/regs_reg[3][27]/C is not reached by a timing clock
Related violations: <none>

TIMING-17#825 Critical Warning
Non-clocked sequential cell  
The clock pin dut/core0/decode_unit/fprf/regs_reg[3][28]/C is not reached by a timing clock
Related violations: <none>

TIMING-17#826 Critical Warning
Non-clocked sequential cell  
The clock pin dut/core0/decode_unit/fprf/regs_reg[3][29]/C is not reached by a timing clock
Related violations: <none>

TIMING-17#827 Critical Warning
Non-clocked sequential cell  
The clock pin dut/core0/decode_unit/fprf/regs_reg[3][2]/C is not reached by a timing clock
Related violations: <none>

TIMING-17#828 Critical Warning
Non-clocked sequential cell  
The clock pin dut/core0/decode_unit/fprf/regs_reg[3][30]/C is not reached by a timing clock
Related violations: <none>

TIMING-17#829 Critical Warning
Non-clocked sequential cell  
The clock pin dut/core0/decode_unit/fprf/regs_reg[3][31]/C is not reached by a timing clock
Related violations: <none>

TIMING-17#830 Critical Warning
Non-clocked sequential cell  
The clock pin dut/core0/decode_unit/fprf/regs_reg[3][3]/C is not reached by a timing clock
Related violations: <none>

TIMING-17#831 Critical Warning
Non-clocked sequential cell  
The clock pin dut/core0/decode_unit/fprf/regs_reg[3][4]/C is not reached by a timing clock
Related violations: <none>

TIMING-17#832 Critical Warning
Non-clocked sequential cell  
The clock pin dut/core0/decode_unit/fprf/regs_reg[3][5]/C is not reached by a timing clock
Related violations: <none>

TIMING-17#833 Critical Warning
Non-clocked sequential cell  
The clock pin dut/core0/decode_unit/fprf/regs_reg[3][6]/C is not reached by a timing clock
Related violations: <none>

TIMING-17#834 Critical Warning
Non-clocked sequential cell  
The clock pin dut/core0/decode_unit/fprf/regs_reg[3][7]/C is not reached by a timing clock
Related violations: <none>

TIMING-17#835 Critical Warning
Non-clocked sequential cell  
The clock pin dut/core0/decode_unit/fprf/regs_reg[3][8]/C is not reached by a timing clock
Related violations: <none>

TIMING-17#836 Critical Warning
Non-clocked sequential cell  
The clock pin dut/core0/decode_unit/fprf/regs_reg[3][9]/C is not reached by a timing clock
Related violations: <none>

TIMING-17#837 Critical Warning
Non-clocked sequential cell  
The clock pin dut/core0/decode_unit/fprf/regs_reg[4][0]/C is not reached by a timing clock
Related violations: <none>

TIMING-17#838 Critical Warning
Non-clocked sequential cell  
The clock pin dut/core0/decode_unit/fprf/regs_reg[4][10]/C is not reached by a timing clock
Related violations: <none>

TIMING-17#839 Critical Warning
Non-clocked sequential cell  
The clock pin dut/core0/decode_unit/fprf/regs_reg[4][11]/C is not reached by a timing clock
Related violations: <none>

TIMING-17#840 Critical Warning
Non-clocked sequential cell  
The clock pin dut/core0/decode_unit/fprf/regs_reg[4][12]/C is not reached by a timing clock
Related violations: <none>

TIMING-17#841 Critical Warning
Non-clocked sequential cell  
The clock pin dut/core0/decode_unit/fprf/regs_reg[4][13]/C is not reached by a timing clock
Related violations: <none>

TIMING-17#842 Critical Warning
Non-clocked sequential cell  
The clock pin dut/core0/decode_unit/fprf/regs_reg[4][14]/C is not reached by a timing clock
Related violations: <none>

TIMING-17#843 Critical Warning
Non-clocked sequential cell  
The clock pin dut/core0/decode_unit/fprf/regs_reg[4][15]/C is not reached by a timing clock
Related violations: <none>

TIMING-17#844 Critical Warning
Non-clocked sequential cell  
The clock pin dut/core0/decode_unit/fprf/regs_reg[4][16]/C is not reached by a timing clock
Related violations: <none>

TIMING-17#845 Critical Warning
Non-clocked sequential cell  
The clock pin dut/core0/decode_unit/fprf/regs_reg[4][17]/C is not reached by a timing clock
Related violations: <none>

TIMING-17#846 Critical Warning
Non-clocked sequential cell  
The clock pin dut/core0/decode_unit/fprf/regs_reg[4][18]/C is not reached by a timing clock
Related violations: <none>

TIMING-17#847 Critical Warning
Non-clocked sequential cell  
The clock pin dut/core0/decode_unit/fprf/regs_reg[4][19]/C is not reached by a timing clock
Related violations: <none>

TIMING-17#848 Critical Warning
Non-clocked sequential cell  
The clock pin dut/core0/decode_unit/fprf/regs_reg[4][1]/C is not reached by a timing clock
Related violations: <none>

TIMING-17#849 Critical Warning
Non-clocked sequential cell  
The clock pin dut/core0/decode_unit/fprf/regs_reg[4][20]/C is not reached by a timing clock
Related violations: <none>

TIMING-17#850 Critical Warning
Non-clocked sequential cell  
The clock pin dut/core0/decode_unit/fprf/regs_reg[4][21]/C is not reached by a timing clock
Related violations: <none>

TIMING-17#851 Critical Warning
Non-clocked sequential cell  
The clock pin dut/core0/decode_unit/fprf/regs_reg[4][22]/C is not reached by a timing clock
Related violations: <none>

TIMING-17#852 Critical Warning
Non-clocked sequential cell  
The clock pin dut/core0/decode_unit/fprf/regs_reg[4][23]/C is not reached by a timing clock
Related violations: <none>

TIMING-17#853 Critical Warning
Non-clocked sequential cell  
The clock pin dut/core0/decode_unit/fprf/regs_reg[4][24]/C is not reached by a timing clock
Related violations: <none>

TIMING-17#854 Critical Warning
Non-clocked sequential cell  
The clock pin dut/core0/decode_unit/fprf/regs_reg[4][25]/C is not reached by a timing clock
Related violations: <none>

TIMING-17#855 Critical Warning
Non-clocked sequential cell  
The clock pin dut/core0/decode_unit/fprf/regs_reg[4][26]/C is not reached by a timing clock
Related violations: <none>

TIMING-17#856 Critical Warning
Non-clocked sequential cell  
The clock pin dut/core0/decode_unit/fprf/regs_reg[4][27]/C is not reached by a timing clock
Related violations: <none>

TIMING-17#857 Critical Warning
Non-clocked sequential cell  
The clock pin dut/core0/decode_unit/fprf/regs_reg[4][28]/C is not reached by a timing clock
Related violations: <none>

TIMING-17#858 Critical Warning
Non-clocked sequential cell  
The clock pin dut/core0/decode_unit/fprf/regs_reg[4][29]/C is not reached by a timing clock
Related violations: <none>

TIMING-17#859 Critical Warning
Non-clocked sequential cell  
The clock pin dut/core0/decode_unit/fprf/regs_reg[4][2]/C is not reached by a timing clock
Related violations: <none>

TIMING-17#860 Critical Warning
Non-clocked sequential cell  
The clock pin dut/core0/decode_unit/fprf/regs_reg[4][30]/C is not reached by a timing clock
Related violations: <none>

TIMING-17#861 Critical Warning
Non-clocked sequential cell  
The clock pin dut/core0/decode_unit/fprf/regs_reg[4][31]/C is not reached by a timing clock
Related violations: <none>

TIMING-17#862 Critical Warning
Non-clocked sequential cell  
The clock pin dut/core0/decode_unit/fprf/regs_reg[4][3]/C is not reached by a timing clock
Related violations: <none>

TIMING-17#863 Critical Warning
Non-clocked sequential cell  
The clock pin dut/core0/decode_unit/fprf/regs_reg[4][4]/C is not reached by a timing clock
Related violations: <none>

TIMING-17#864 Critical Warning
Non-clocked sequential cell  
The clock pin dut/core0/decode_unit/fprf/regs_reg[4][5]/C is not reached by a timing clock
Related violations: <none>

TIMING-17#865 Critical Warning
Non-clocked sequential cell  
The clock pin dut/core0/decode_unit/fprf/regs_reg[4][6]/C is not reached by a timing clock
Related violations: <none>

TIMING-17#866 Critical Warning
Non-clocked sequential cell  
The clock pin dut/core0/decode_unit/fprf/regs_reg[4][7]/C is not reached by a timing clock
Related violations: <none>

TIMING-17#867 Critical Warning
Non-clocked sequential cell  
The clock pin dut/core0/decode_unit/fprf/regs_reg[4][8]/C is not reached by a timing clock
Related violations: <none>

TIMING-17#868 Critical Warning
Non-clocked sequential cell  
The clock pin dut/core0/decode_unit/fprf/regs_reg[4][9]/C is not reached by a timing clock
Related violations: <none>

TIMING-17#869 Critical Warning
Non-clocked sequential cell  
The clock pin dut/core0/decode_unit/fprf/regs_reg[5][0]/C is not reached by a timing clock
Related violations: <none>

TIMING-17#870 Critical Warning
Non-clocked sequential cell  
The clock pin dut/core0/decode_unit/fprf/regs_reg[5][10]/C is not reached by a timing clock
Related violations: <none>

TIMING-17#871 Critical Warning
Non-clocked sequential cell  
The clock pin dut/core0/decode_unit/fprf/regs_reg[5][11]/C is not reached by a timing clock
Related violations: <none>

TIMING-17#872 Critical Warning
Non-clocked sequential cell  
The clock pin dut/core0/decode_unit/fprf/regs_reg[5][12]/C is not reached by a timing clock
Related violations: <none>

TIMING-17#873 Critical Warning
Non-clocked sequential cell  
The clock pin dut/core0/decode_unit/fprf/regs_reg[5][13]/C is not reached by a timing clock
Related violations: <none>

TIMING-17#874 Critical Warning
Non-clocked sequential cell  
The clock pin dut/core0/decode_unit/fprf/regs_reg[5][14]/C is not reached by a timing clock
Related violations: <none>

TIMING-17#875 Critical Warning
Non-clocked sequential cell  
The clock pin dut/core0/decode_unit/fprf/regs_reg[5][15]/C is not reached by a timing clock
Related violations: <none>

TIMING-17#876 Critical Warning
Non-clocked sequential cell  
The clock pin dut/core0/decode_unit/fprf/regs_reg[5][16]/C is not reached by a timing clock
Related violations: <none>

TIMING-17#877 Critical Warning
Non-clocked sequential cell  
The clock pin dut/core0/decode_unit/fprf/regs_reg[5][17]/C is not reached by a timing clock
Related violations: <none>

TIMING-17#878 Critical Warning
Non-clocked sequential cell  
The clock pin dut/core0/decode_unit/fprf/regs_reg[5][18]/C is not reached by a timing clock
Related violations: <none>

TIMING-17#879 Critical Warning
Non-clocked sequential cell  
The clock pin dut/core0/decode_unit/fprf/regs_reg[5][19]/C is not reached by a timing clock
Related violations: <none>

TIMING-17#880 Critical Warning
Non-clocked sequential cell  
The clock pin dut/core0/decode_unit/fprf/regs_reg[5][1]/C is not reached by a timing clock
Related violations: <none>

TIMING-17#881 Critical Warning
Non-clocked sequential cell  
The clock pin dut/core0/decode_unit/fprf/regs_reg[5][20]/C is not reached by a timing clock
Related violations: <none>

TIMING-17#882 Critical Warning
Non-clocked sequential cell  
The clock pin dut/core0/decode_unit/fprf/regs_reg[5][21]/C is not reached by a timing clock
Related violations: <none>

TIMING-17#883 Critical Warning
Non-clocked sequential cell  
The clock pin dut/core0/decode_unit/fprf/regs_reg[5][22]/C is not reached by a timing clock
Related violations: <none>

TIMING-17#884 Critical Warning
Non-clocked sequential cell  
The clock pin dut/core0/decode_unit/fprf/regs_reg[5][23]/C is not reached by a timing clock
Related violations: <none>

TIMING-17#885 Critical Warning
Non-clocked sequential cell  
The clock pin dut/core0/decode_unit/fprf/regs_reg[5][24]/C is not reached by a timing clock
Related violations: <none>

TIMING-17#886 Critical Warning
Non-clocked sequential cell  
The clock pin dut/core0/decode_unit/fprf/regs_reg[5][25]/C is not reached by a timing clock
Related violations: <none>

TIMING-17#887 Critical Warning
Non-clocked sequential cell  
The clock pin dut/core0/decode_unit/fprf/regs_reg[5][26]/C is not reached by a timing clock
Related violations: <none>

TIMING-17#888 Critical Warning
Non-clocked sequential cell  
The clock pin dut/core0/decode_unit/fprf/regs_reg[5][27]/C is not reached by a timing clock
Related violations: <none>

TIMING-17#889 Critical Warning
Non-clocked sequential cell  
The clock pin dut/core0/decode_unit/fprf/regs_reg[5][28]/C is not reached by a timing clock
Related violations: <none>

TIMING-17#890 Critical Warning
Non-clocked sequential cell  
The clock pin dut/core0/decode_unit/fprf/regs_reg[5][29]/C is not reached by a timing clock
Related violations: <none>

TIMING-17#891 Critical Warning
Non-clocked sequential cell  
The clock pin dut/core0/decode_unit/fprf/regs_reg[5][2]/C is not reached by a timing clock
Related violations: <none>

TIMING-17#892 Critical Warning
Non-clocked sequential cell  
The clock pin dut/core0/decode_unit/fprf/regs_reg[5][30]/C is not reached by a timing clock
Related violations: <none>

TIMING-17#893 Critical Warning
Non-clocked sequential cell  
The clock pin dut/core0/decode_unit/fprf/regs_reg[5][31]/C is not reached by a timing clock
Related violations: <none>

TIMING-17#894 Critical Warning
Non-clocked sequential cell  
The clock pin dut/core0/decode_unit/fprf/regs_reg[5][3]/C is not reached by a timing clock
Related violations: <none>

TIMING-17#895 Critical Warning
Non-clocked sequential cell  
The clock pin dut/core0/decode_unit/fprf/regs_reg[5][4]/C is not reached by a timing clock
Related violations: <none>

TIMING-17#896 Critical Warning
Non-clocked sequential cell  
The clock pin dut/core0/decode_unit/fprf/regs_reg[5][5]/C is not reached by a timing clock
Related violations: <none>

TIMING-17#897 Critical Warning
Non-clocked sequential cell  
The clock pin dut/core0/decode_unit/fprf/regs_reg[5][6]/C is not reached by a timing clock
Related violations: <none>

TIMING-17#898 Critical Warning
Non-clocked sequential cell  
The clock pin dut/core0/decode_unit/fprf/regs_reg[5][7]/C is not reached by a timing clock
Related violations: <none>

TIMING-17#899 Critical Warning
Non-clocked sequential cell  
The clock pin dut/core0/decode_unit/fprf/regs_reg[5][8]/C is not reached by a timing clock
Related violations: <none>

TIMING-17#900 Critical Warning
Non-clocked sequential cell  
The clock pin dut/core0/decode_unit/fprf/regs_reg[5][9]/C is not reached by a timing clock
Related violations: <none>

TIMING-17#901 Critical Warning
Non-clocked sequential cell  
The clock pin dut/core0/decode_unit/fprf/regs_reg[6][0]/C is not reached by a timing clock
Related violations: <none>

TIMING-17#902 Critical Warning
Non-clocked sequential cell  
The clock pin dut/core0/decode_unit/fprf/regs_reg[6][10]/C is not reached by a timing clock
Related violations: <none>

TIMING-17#903 Critical Warning
Non-clocked sequential cell  
The clock pin dut/core0/decode_unit/fprf/regs_reg[6][11]/C is not reached by a timing clock
Related violations: <none>

TIMING-17#904 Critical Warning
Non-clocked sequential cell  
The clock pin dut/core0/decode_unit/fprf/regs_reg[6][12]/C is not reached by a timing clock
Related violations: <none>

TIMING-17#905 Critical Warning
Non-clocked sequential cell  
The clock pin dut/core0/decode_unit/fprf/regs_reg[6][13]/C is not reached by a timing clock
Related violations: <none>

TIMING-17#906 Critical Warning
Non-clocked sequential cell  
The clock pin dut/core0/decode_unit/fprf/regs_reg[6][14]/C is not reached by a timing clock
Related violations: <none>

TIMING-17#907 Critical Warning
Non-clocked sequential cell  
The clock pin dut/core0/decode_unit/fprf/regs_reg[6][15]/C is not reached by a timing clock
Related violations: <none>

TIMING-17#908 Critical Warning
Non-clocked sequential cell  
The clock pin dut/core0/decode_unit/fprf/regs_reg[6][16]/C is not reached by a timing clock
Related violations: <none>

TIMING-17#909 Critical Warning
Non-clocked sequential cell  
The clock pin dut/core0/decode_unit/fprf/regs_reg[6][17]/C is not reached by a timing clock
Related violations: <none>

TIMING-17#910 Critical Warning
Non-clocked sequential cell  
The clock pin dut/core0/decode_unit/fprf/regs_reg[6][18]/C is not reached by a timing clock
Related violations: <none>

TIMING-17#911 Critical Warning
Non-clocked sequential cell  
The clock pin dut/core0/decode_unit/fprf/regs_reg[6][19]/C is not reached by a timing clock
Related violations: <none>

TIMING-17#912 Critical Warning
Non-clocked sequential cell  
The clock pin dut/core0/decode_unit/fprf/regs_reg[6][1]/C is not reached by a timing clock
Related violations: <none>

TIMING-17#913 Critical Warning
Non-clocked sequential cell  
The clock pin dut/core0/decode_unit/fprf/regs_reg[6][20]/C is not reached by a timing clock
Related violations: <none>

TIMING-17#914 Critical Warning
Non-clocked sequential cell  
The clock pin dut/core0/decode_unit/fprf/regs_reg[6][21]/C is not reached by a timing clock
Related violations: <none>

TIMING-17#915 Critical Warning
Non-clocked sequential cell  
The clock pin dut/core0/decode_unit/fprf/regs_reg[6][22]/C is not reached by a timing clock
Related violations: <none>

TIMING-17#916 Critical Warning
Non-clocked sequential cell  
The clock pin dut/core0/decode_unit/fprf/regs_reg[6][23]/C is not reached by a timing clock
Related violations: <none>

TIMING-17#917 Critical Warning
Non-clocked sequential cell  
The clock pin dut/core0/decode_unit/fprf/regs_reg[6][24]/C is not reached by a timing clock
Related violations: <none>

TIMING-17#918 Critical Warning
Non-clocked sequential cell  
The clock pin dut/core0/decode_unit/fprf/regs_reg[6][25]/C is not reached by a timing clock
Related violations: <none>

TIMING-17#919 Critical Warning
Non-clocked sequential cell  
The clock pin dut/core0/decode_unit/fprf/regs_reg[6][26]/C is not reached by a timing clock
Related violations: <none>

TIMING-17#920 Critical Warning
Non-clocked sequential cell  
The clock pin dut/core0/decode_unit/fprf/regs_reg[6][27]/C is not reached by a timing clock
Related violations: <none>

TIMING-17#921 Critical Warning
Non-clocked sequential cell  
The clock pin dut/core0/decode_unit/fprf/regs_reg[6][28]/C is not reached by a timing clock
Related violations: <none>

TIMING-17#922 Critical Warning
Non-clocked sequential cell  
The clock pin dut/core0/decode_unit/fprf/regs_reg[6][29]/C is not reached by a timing clock
Related violations: <none>

TIMING-17#923 Critical Warning
Non-clocked sequential cell  
The clock pin dut/core0/decode_unit/fprf/regs_reg[6][2]/C is not reached by a timing clock
Related violations: <none>

TIMING-17#924 Critical Warning
Non-clocked sequential cell  
The clock pin dut/core0/decode_unit/fprf/regs_reg[6][30]/C is not reached by a timing clock
Related violations: <none>

TIMING-17#925 Critical Warning
Non-clocked sequential cell  
The clock pin dut/core0/decode_unit/fprf/regs_reg[6][31]/C is not reached by a timing clock
Related violations: <none>

TIMING-17#926 Critical Warning
Non-clocked sequential cell  
The clock pin dut/core0/decode_unit/fprf/regs_reg[6][3]/C is not reached by a timing clock
Related violations: <none>

TIMING-17#927 Critical Warning
Non-clocked sequential cell  
The clock pin dut/core0/decode_unit/fprf/regs_reg[6][4]/C is not reached by a timing clock
Related violations: <none>

TIMING-17#928 Critical Warning
Non-clocked sequential cell  
The clock pin dut/core0/decode_unit/fprf/regs_reg[6][5]/C is not reached by a timing clock
Related violations: <none>

TIMING-17#929 Critical Warning
Non-clocked sequential cell  
The clock pin dut/core0/decode_unit/fprf/regs_reg[6][6]/C is not reached by a timing clock
Related violations: <none>

TIMING-17#930 Critical Warning
Non-clocked sequential cell  
The clock pin dut/core0/decode_unit/fprf/regs_reg[6][7]/C is not reached by a timing clock
Related violations: <none>

TIMING-17#931 Critical Warning
Non-clocked sequential cell  
The clock pin dut/core0/decode_unit/fprf/regs_reg[6][8]/C is not reached by a timing clock
Related violations: <none>

TIMING-17#932 Critical Warning
Non-clocked sequential cell  
The clock pin dut/core0/decode_unit/fprf/regs_reg[6][9]/C is not reached by a timing clock
Related violations: <none>

TIMING-17#933 Critical Warning
Non-clocked sequential cell  
The clock pin dut/core0/decode_unit/fprf/regs_reg[7][0]/C is not reached by a timing clock
Related violations: <none>

TIMING-17#934 Critical Warning
Non-clocked sequential cell  
The clock pin dut/core0/decode_unit/fprf/regs_reg[7][10]/C is not reached by a timing clock
Related violations: <none>

TIMING-17#935 Critical Warning
Non-clocked sequential cell  
The clock pin dut/core0/decode_unit/fprf/regs_reg[7][11]/C is not reached by a timing clock
Related violations: <none>

TIMING-17#936 Critical Warning
Non-clocked sequential cell  
The clock pin dut/core0/decode_unit/fprf/regs_reg[7][12]/C is not reached by a timing clock
Related violations: <none>

TIMING-17#937 Critical Warning
Non-clocked sequential cell  
The clock pin dut/core0/decode_unit/fprf/regs_reg[7][13]/C is not reached by a timing clock
Related violations: <none>

TIMING-17#938 Critical Warning
Non-clocked sequential cell  
The clock pin dut/core0/decode_unit/fprf/regs_reg[7][14]/C is not reached by a timing clock
Related violations: <none>

TIMING-17#939 Critical Warning
Non-clocked sequential cell  
The clock pin dut/core0/decode_unit/fprf/regs_reg[7][15]/C is not reached by a timing clock
Related violations: <none>

TIMING-17#940 Critical Warning
Non-clocked sequential cell  
The clock pin dut/core0/decode_unit/fprf/regs_reg[7][16]/C is not reached by a timing clock
Related violations: <none>

TIMING-17#941 Critical Warning
Non-clocked sequential cell  
The clock pin dut/core0/decode_unit/fprf/regs_reg[7][17]/C is not reached by a timing clock
Related violations: <none>

TIMING-17#942 Critical Warning
Non-clocked sequential cell  
The clock pin dut/core0/decode_unit/fprf/regs_reg[7][18]/C is not reached by a timing clock
Related violations: <none>

TIMING-17#943 Critical Warning
Non-clocked sequential cell  
The clock pin dut/core0/decode_unit/fprf/regs_reg[7][19]/C is not reached by a timing clock
Related violations: <none>

TIMING-17#944 Critical Warning
Non-clocked sequential cell  
The clock pin dut/core0/decode_unit/fprf/regs_reg[7][1]/C is not reached by a timing clock
Related violations: <none>

TIMING-17#945 Critical Warning
Non-clocked sequential cell  
The clock pin dut/core0/decode_unit/fprf/regs_reg[7][20]/C is not reached by a timing clock
Related violations: <none>

TIMING-17#946 Critical Warning
Non-clocked sequential cell  
The clock pin dut/core0/decode_unit/fprf/regs_reg[7][21]/C is not reached by a timing clock
Related violations: <none>

TIMING-17#947 Critical Warning
Non-clocked sequential cell  
The clock pin dut/core0/decode_unit/fprf/regs_reg[7][22]/C is not reached by a timing clock
Related violations: <none>

TIMING-17#948 Critical Warning
Non-clocked sequential cell  
The clock pin dut/core0/decode_unit/fprf/regs_reg[7][23]/C is not reached by a timing clock
Related violations: <none>

TIMING-17#949 Critical Warning
Non-clocked sequential cell  
The clock pin dut/core0/decode_unit/fprf/regs_reg[7][24]/C is not reached by a timing clock
Related violations: <none>

TIMING-17#950 Critical Warning
Non-clocked sequential cell  
The clock pin dut/core0/decode_unit/fprf/regs_reg[7][25]/C is not reached by a timing clock
Related violations: <none>

TIMING-17#951 Critical Warning
Non-clocked sequential cell  
The clock pin dut/core0/decode_unit/fprf/regs_reg[7][26]/C is not reached by a timing clock
Related violations: <none>

TIMING-17#952 Critical Warning
Non-clocked sequential cell  
The clock pin dut/core0/decode_unit/fprf/regs_reg[7][27]/C is not reached by a timing clock
Related violations: <none>

TIMING-17#953 Critical Warning
Non-clocked sequential cell  
The clock pin dut/core0/decode_unit/fprf/regs_reg[7][28]/C is not reached by a timing clock
Related violations: <none>

TIMING-17#954 Critical Warning
Non-clocked sequential cell  
The clock pin dut/core0/decode_unit/fprf/regs_reg[7][29]/C is not reached by a timing clock
Related violations: <none>

TIMING-17#955 Critical Warning
Non-clocked sequential cell  
The clock pin dut/core0/decode_unit/fprf/regs_reg[7][2]/C is not reached by a timing clock
Related violations: <none>

TIMING-17#956 Critical Warning
Non-clocked sequential cell  
The clock pin dut/core0/decode_unit/fprf/regs_reg[7][30]/C is not reached by a timing clock
Related violations: <none>

TIMING-17#957 Critical Warning
Non-clocked sequential cell  
The clock pin dut/core0/decode_unit/fprf/regs_reg[7][31]/C is not reached by a timing clock
Related violations: <none>

TIMING-17#958 Critical Warning
Non-clocked sequential cell  
The clock pin dut/core0/decode_unit/fprf/regs_reg[7][3]/C is not reached by a timing clock
Related violations: <none>

TIMING-17#959 Critical Warning
Non-clocked sequential cell  
The clock pin dut/core0/decode_unit/fprf/regs_reg[7][4]/C is not reached by a timing clock
Related violations: <none>

TIMING-17#960 Critical Warning
Non-clocked sequential cell  
The clock pin dut/core0/decode_unit/fprf/regs_reg[7][5]/C is not reached by a timing clock
Related violations: <none>

TIMING-17#961 Critical Warning
Non-clocked sequential cell  
The clock pin dut/core0/decode_unit/fprf/regs_reg[7][6]/C is not reached by a timing clock
Related violations: <none>

TIMING-17#962 Critical Warning
Non-clocked sequential cell  
The clock pin dut/core0/decode_unit/fprf/regs_reg[7][7]/C is not reached by a timing clock
Related violations: <none>

TIMING-17#963 Critical Warning
Non-clocked sequential cell  
The clock pin dut/core0/decode_unit/fprf/regs_reg[7][8]/C is not reached by a timing clock
Related violations: <none>

TIMING-17#964 Critical Warning
Non-clocked sequential cell  
The clock pin dut/core0/decode_unit/fprf/regs_reg[7][9]/C is not reached by a timing clock
Related violations: <none>

TIMING-17#965 Critical Warning
Non-clocked sequential cell  
The clock pin dut/core0/decode_unit/fprf/regs_reg[8][0]/C is not reached by a timing clock
Related violations: <none>

TIMING-17#966 Critical Warning
Non-clocked sequential cell  
The clock pin dut/core0/decode_unit/fprf/regs_reg[8][10]/C is not reached by a timing clock
Related violations: <none>

TIMING-17#967 Critical Warning
Non-clocked sequential cell  
The clock pin dut/core0/decode_unit/fprf/regs_reg[8][11]/C is not reached by a timing clock
Related violations: <none>

TIMING-17#968 Critical Warning
Non-clocked sequential cell  
The clock pin dut/core0/decode_unit/fprf/regs_reg[8][12]/C is not reached by a timing clock
Related violations: <none>

TIMING-17#969 Critical Warning
Non-clocked sequential cell  
The clock pin dut/core0/decode_unit/fprf/regs_reg[8][13]/C is not reached by a timing clock
Related violations: <none>

TIMING-17#970 Critical Warning
Non-clocked sequential cell  
The clock pin dut/core0/decode_unit/fprf/regs_reg[8][14]/C is not reached by a timing clock
Related violations: <none>

TIMING-17#971 Critical Warning
Non-clocked sequential cell  
The clock pin dut/core0/decode_unit/fprf/regs_reg[8][15]/C is not reached by a timing clock
Related violations: <none>

TIMING-17#972 Critical Warning
Non-clocked sequential cell  
The clock pin dut/core0/decode_unit/fprf/regs_reg[8][16]/C is not reached by a timing clock
Related violations: <none>

TIMING-17#973 Critical Warning
Non-clocked sequential cell  
The clock pin dut/core0/decode_unit/fprf/regs_reg[8][17]/C is not reached by a timing clock
Related violations: <none>

TIMING-17#974 Critical Warning
Non-clocked sequential cell  
The clock pin dut/core0/decode_unit/fprf/regs_reg[8][18]/C is not reached by a timing clock
Related violations: <none>

TIMING-17#975 Critical Warning
Non-clocked sequential cell  
The clock pin dut/core0/decode_unit/fprf/regs_reg[8][19]/C is not reached by a timing clock
Related violations: <none>

TIMING-17#976 Critical Warning
Non-clocked sequential cell  
The clock pin dut/core0/decode_unit/fprf/regs_reg[8][1]/C is not reached by a timing clock
Related violations: <none>

TIMING-17#977 Critical Warning
Non-clocked sequential cell  
The clock pin dut/core0/decode_unit/fprf/regs_reg[8][20]/C is not reached by a timing clock
Related violations: <none>

TIMING-17#978 Critical Warning
Non-clocked sequential cell  
The clock pin dut/core0/decode_unit/fprf/regs_reg[8][21]/C is not reached by a timing clock
Related violations: <none>

TIMING-17#979 Critical Warning
Non-clocked sequential cell  
The clock pin dut/core0/decode_unit/fprf/regs_reg[8][22]/C is not reached by a timing clock
Related violations: <none>

TIMING-17#980 Critical Warning
Non-clocked sequential cell  
The clock pin dut/core0/decode_unit/fprf/regs_reg[8][23]/C is not reached by a timing clock
Related violations: <none>

TIMING-17#981 Critical Warning
Non-clocked sequential cell  
The clock pin dut/core0/decode_unit/fprf/regs_reg[8][24]/C is not reached by a timing clock
Related violations: <none>

TIMING-17#982 Critical Warning
Non-clocked sequential cell  
The clock pin dut/core0/decode_unit/fprf/regs_reg[8][25]/C is not reached by a timing clock
Related violations: <none>

TIMING-17#983 Critical Warning
Non-clocked sequential cell  
The clock pin dut/core0/decode_unit/fprf/regs_reg[8][26]/C is not reached by a timing clock
Related violations: <none>

TIMING-17#984 Critical Warning
Non-clocked sequential cell  
The clock pin dut/core0/decode_unit/fprf/regs_reg[8][27]/C is not reached by a timing clock
Related violations: <none>

TIMING-17#985 Critical Warning
Non-clocked sequential cell  
The clock pin dut/core0/decode_unit/fprf/regs_reg[8][28]/C is not reached by a timing clock
Related violations: <none>

TIMING-17#986 Critical Warning
Non-clocked sequential cell  
The clock pin dut/core0/decode_unit/fprf/regs_reg[8][29]/C is not reached by a timing clock
Related violations: <none>

TIMING-17#987 Critical Warning
Non-clocked sequential cell  
The clock pin dut/core0/decode_unit/fprf/regs_reg[8][2]/C is not reached by a timing clock
Related violations: <none>

TIMING-17#988 Critical Warning
Non-clocked sequential cell  
The clock pin dut/core0/decode_unit/fprf/regs_reg[8][30]/C is not reached by a timing clock
Related violations: <none>

TIMING-17#989 Critical Warning
Non-clocked sequential cell  
The clock pin dut/core0/decode_unit/fprf/regs_reg[8][31]/C is not reached by a timing clock
Related violations: <none>

TIMING-17#990 Critical Warning
Non-clocked sequential cell  
The clock pin dut/core0/decode_unit/fprf/regs_reg[8][3]/C is not reached by a timing clock
Related violations: <none>

TIMING-17#991 Critical Warning
Non-clocked sequential cell  
The clock pin dut/core0/decode_unit/fprf/regs_reg[8][4]/C is not reached by a timing clock
Related violations: <none>

TIMING-17#992 Critical Warning
Non-clocked sequential cell  
The clock pin dut/core0/decode_unit/fprf/regs_reg[8][5]/C is not reached by a timing clock
Related violations: <none>

TIMING-17#993 Critical Warning
Non-clocked sequential cell  
The clock pin dut/core0/decode_unit/fprf/regs_reg[8][6]/C is not reached by a timing clock
Related violations: <none>

TIMING-17#994 Critical Warning
Non-clocked sequential cell  
The clock pin dut/core0/decode_unit/fprf/regs_reg[8][7]/C is not reached by a timing clock
Related violations: <none>

TIMING-17#995 Critical Warning
Non-clocked sequential cell  
The clock pin dut/core0/decode_unit/fprf/regs_reg[8][8]/C is not reached by a timing clock
Related violations: <none>

TIMING-17#996 Critical Warning
Non-clocked sequential cell  
The clock pin dut/core0/decode_unit/fprf/regs_reg[8][9]/C is not reached by a timing clock
Related violations: <none>

TIMING-17#997 Critical Warning
Non-clocked sequential cell  
The clock pin dut/core0/decode_unit/fprf/regs_reg[9][0]/C is not reached by a timing clock
Related violations: <none>

TIMING-17#998 Critical Warning
Non-clocked sequential cell  
The clock pin dut/core0/decode_unit/fprf/regs_reg[9][10]/C is not reached by a timing clock
Related violations: <none>

TIMING-17#999 Critical Warning
Non-clocked sequential cell  
The clock pin dut/core0/decode_unit/fprf/regs_reg[9][11]/C is not reached by a timing clock
Related violations: <none>

TIMING-17#1000 Critical Warning
Non-clocked sequential cell  
The clock pin dut/core0/decode_unit/fprf/regs_reg[9][12]/C is not reached by a timing clock
Related violations: <none>

SYNTH-5#1 Warning
Mapped onto distributed RAM because of timing constraints  
The instance ram_reg_0_127_0_0 is implemented as distributed LUT RAM for the following reason: The timing constraints suggest that the chosen mapping will yield a better timing.
Related violations: <none>

SYNTH-5#2 Warning
Mapped onto distributed RAM because of timing constraints  
The instance ram_reg_0_127_10_10 is implemented as distributed LUT RAM for the following reason: The timing constraints suggest that the chosen mapping will yield a better timing.
Related violations: <none>

SYNTH-5#3 Warning
Mapped onto distributed RAM because of timing constraints  
The instance ram_reg_0_127_11_11 is implemented as distributed LUT RAM for the following reason: The timing constraints suggest that the chosen mapping will yield a better timing.
Related violations: <none>

SYNTH-5#4 Warning
Mapped onto distributed RAM because of timing constraints  
The instance ram_reg_0_127_12_12 is implemented as distributed LUT RAM for the following reason: The timing constraints suggest that the chosen mapping will yield a better timing.
Related violations: <none>

SYNTH-5#5 Warning
Mapped onto distributed RAM because of timing constraints  
The instance ram_reg_0_127_13_13 is implemented as distributed LUT RAM for the following reason: The timing constraints suggest that the chosen mapping will yield a better timing.
Related violations: <none>

SYNTH-5#6 Warning
Mapped onto distributed RAM because of timing constraints  
The instance ram_reg_0_127_14_14 is implemented as distributed LUT RAM for the following reason: The timing constraints suggest that the chosen mapping will yield a better timing.
Related violations: <none>

SYNTH-5#7 Warning
Mapped onto distributed RAM because of timing constraints  
The instance ram_reg_0_127_15_15 is implemented as distributed LUT RAM for the following reason: The timing constraints suggest that the chosen mapping will yield a better timing.
Related violations: <none>

SYNTH-5#8 Warning
Mapped onto distributed RAM because of timing constraints  
The instance ram_reg_0_127_16_16 is implemented as distributed LUT RAM for the following reason: The timing constraints suggest that the chosen mapping will yield a better timing.
Related violations: <none>

SYNTH-5#9 Warning
Mapped onto distributed RAM because of timing constraints  
The instance ram_reg_0_127_17_17 is implemented as distributed LUT RAM for the following reason: The timing constraints suggest that the chosen mapping will yield a better timing.
Related violations: <none>

SYNTH-5#10 Warning
Mapped onto distributed RAM because of timing constraints  
The instance ram_reg_0_127_18_18 is implemented as distributed LUT RAM for the following reason: The timing constraints suggest that the chosen mapping will yield a better timing.
Related violations: <none>

SYNTH-5#11 Warning
Mapped onto distributed RAM because of timing constraints  
The instance ram_reg_0_127_19_19 is implemented as distributed LUT RAM for the following reason: The timing constraints suggest that the chosen mapping will yield a better timing.
Related violations: <none>

SYNTH-5#12 Warning
Mapped onto distributed RAM because of timing constraints  
The instance ram_reg_0_127_1_1 is implemented as distributed LUT RAM for the following reason: The timing constraints suggest that the chosen mapping will yield a better timing.
Related violations: <none>

SYNTH-5#13 Warning
Mapped onto distributed RAM because of timing constraints  
The instance ram_reg_0_127_20_20 is implemented as distributed LUT RAM for the following reason: The timing constraints suggest that the chosen mapping will yield a better timing.
Related violations: <none>

SYNTH-5#14 Warning
Mapped onto distributed RAM because of timing constraints  
The instance ram_reg_0_127_21_21 is implemented as distributed LUT RAM for the following reason: The timing constraints suggest that the chosen mapping will yield a better timing.
Related violations: <none>

SYNTH-5#15 Warning
Mapped onto distributed RAM because of timing constraints  
The instance ram_reg_0_127_22_22 is implemented as distributed LUT RAM for the following reason: The timing constraints suggest that the chosen mapping will yield a better timing.
Related violations: <none>

SYNTH-5#16 Warning
Mapped onto distributed RAM because of timing constraints  
The instance ram_reg_0_127_23_23 is implemented as distributed LUT RAM for the following reason: The timing constraints suggest that the chosen mapping will yield a better timing.
Related violations: <none>

SYNTH-5#17 Warning
Mapped onto distributed RAM because of timing constraints  
The instance ram_reg_0_127_24_24 is implemented as distributed LUT RAM for the following reason: The timing constraints suggest that the chosen mapping will yield a better timing.
Related violations: <none>

SYNTH-5#18 Warning
Mapped onto distributed RAM because of timing constraints  
The instance ram_reg_0_127_25_25 is implemented as distributed LUT RAM for the following reason: The timing constraints suggest that the chosen mapping will yield a better timing.
Related violations: <none>

SYNTH-5#19 Warning
Mapped onto distributed RAM because of timing constraints  
The instance ram_reg_0_127_26_26 is implemented as distributed LUT RAM for the following reason: The timing constraints suggest that the chosen mapping will yield a better timing.
Related violations: <none>

SYNTH-5#20 Warning
Mapped onto distributed RAM because of timing constraints  
The instance ram_reg_0_127_27_27 is implemented as distributed LUT RAM for the following reason: The timing constraints suggest that the chosen mapping will yield a better timing.
Related violations: <none>

SYNTH-5#21 Warning
Mapped onto distributed RAM because of timing constraints  
The instance ram_reg_0_127_28_28 is implemented as distributed LUT RAM for the following reason: The timing constraints suggest that the chosen mapping will yield a better timing.
Related violations: <none>

SYNTH-5#22 Warning
Mapped onto distributed RAM because of timing constraints  
The instance ram_reg_0_127_29_29 is implemented as distributed LUT RAM for the following reason: The timing constraints suggest that the chosen mapping will yield a better timing.
Related violations: <none>

SYNTH-5#23 Warning
Mapped onto distributed RAM because of timing constraints  
The instance ram_reg_0_127_2_2 is implemented as distributed LUT RAM for the following reason: The timing constraints suggest that the chosen mapping will yield a better timing.
Related violations: <none>

SYNTH-5#24 Warning
Mapped onto distributed RAM because of timing constraints  
The instance ram_reg_0_127_30_30 is implemented as distributed LUT RAM for the following reason: The timing constraints suggest that the chosen mapping will yield a better timing.
Related violations: <none>

SYNTH-5#25 Warning
Mapped onto distributed RAM because of timing constraints  
The instance ram_reg_0_127_31_31 is implemented as distributed LUT RAM for the following reason: The timing constraints suggest that the chosen mapping will yield a better timing.
Related violations: <none>

SYNTH-5#26 Warning
Mapped onto distributed RAM because of timing constraints  
The instance ram_reg_0_127_3_3 is implemented as distributed LUT RAM for the following reason: The timing constraints suggest that the chosen mapping will yield a better timing.
Related violations: <none>

SYNTH-5#27 Warning
Mapped onto distributed RAM because of timing constraints  
The instance ram_reg_0_127_4_4 is implemented as distributed LUT RAM for the following reason: The timing constraints suggest that the chosen mapping will yield a better timing.
Related violations: <none>

SYNTH-5#28 Warning
Mapped onto distributed RAM because of timing constraints  
The instance ram_reg_0_127_5_5 is implemented as distributed LUT RAM for the following reason: The timing constraints suggest that the chosen mapping will yield a better timing.
Related violations: <none>

SYNTH-5#29 Warning
Mapped onto distributed RAM because of timing constraints  
The instance ram_reg_0_127_6_6 is implemented as distributed LUT RAM for the following reason: The timing constraints suggest that the chosen mapping will yield a better timing.
Related violations: <none>

SYNTH-5#30 Warning
Mapped onto distributed RAM because of timing constraints  
The instance ram_reg_0_127_7_7 is implemented as distributed LUT RAM for the following reason: The timing constraints suggest that the chosen mapping will yield a better timing.
Related violations: <none>

SYNTH-5#31 Warning
Mapped onto distributed RAM because of timing constraints  
The instance ram_reg_0_127_8_8 is implemented as distributed LUT RAM for the following reason: The timing constraints suggest that the chosen mapping will yield a better timing.
Related violations: <none>

SYNTH-5#32 Warning
Mapped onto distributed RAM because of timing constraints  
The instance ram_reg_0_127_9_9 is implemented as distributed LUT RAM for the following reason: The timing constraints suggest that the chosen mapping will yield a better timing.
Related violations: <none>

SYNTH-5#33 Warning
Mapped onto distributed RAM because of timing constraints  
The instance ram_reg_1024_1151_0_0 is implemented as distributed LUT RAM for the following reason: The timing constraints suggest that the chosen mapping will yield a better timing.
Related violations: <none>

SYNTH-5#34 Warning
Mapped onto distributed RAM because of timing constraints  
The instance ram_reg_1024_1151_10_10 is implemented as distributed LUT RAM for the following reason: The timing constraints suggest that the chosen mapping will yield a better timing.
Related violations: <none>

SYNTH-5#35 Warning
Mapped onto distributed RAM because of timing constraints  
The instance ram_reg_1024_1151_11_11 is implemented as distributed LUT RAM for the following reason: The timing constraints suggest that the chosen mapping will yield a better timing.
Related violations: <none>

SYNTH-5#36 Warning
Mapped onto distributed RAM because of timing constraints  
The instance ram_reg_1024_1151_12_12 is implemented as distributed LUT RAM for the following reason: The timing constraints suggest that the chosen mapping will yield a better timing.
Related violations: <none>

SYNTH-5#37 Warning
Mapped onto distributed RAM because of timing constraints  
The instance ram_reg_1024_1151_13_13 is implemented as distributed LUT RAM for the following reason: The timing constraints suggest that the chosen mapping will yield a better timing.
Related violations: <none>

SYNTH-5#38 Warning
Mapped onto distributed RAM because of timing constraints  
The instance ram_reg_1024_1151_14_14 is implemented as distributed LUT RAM for the following reason: The timing constraints suggest that the chosen mapping will yield a better timing.
Related violations: <none>

SYNTH-5#39 Warning
Mapped onto distributed RAM because of timing constraints  
The instance ram_reg_1024_1151_15_15 is implemented as distributed LUT RAM for the following reason: The timing constraints suggest that the chosen mapping will yield a better timing.
Related violations: <none>

SYNTH-5#40 Warning
Mapped onto distributed RAM because of timing constraints  
The instance ram_reg_1024_1151_16_16 is implemented as distributed LUT RAM for the following reason: The timing constraints suggest that the chosen mapping will yield a better timing.
Related violations: <none>

SYNTH-5#41 Warning
Mapped onto distributed RAM because of timing constraints  
The instance ram_reg_1024_1151_17_17 is implemented as distributed LUT RAM for the following reason: The timing constraints suggest that the chosen mapping will yield a better timing.
Related violations: <none>

SYNTH-5#42 Warning
Mapped onto distributed RAM because of timing constraints  
The instance ram_reg_1024_1151_18_18 is implemented as distributed LUT RAM for the following reason: The timing constraints suggest that the chosen mapping will yield a better timing.
Related violations: <none>

SYNTH-5#43 Warning
Mapped onto distributed RAM because of timing constraints  
The instance ram_reg_1024_1151_19_19 is implemented as distributed LUT RAM for the following reason: The timing constraints suggest that the chosen mapping will yield a better timing.
Related violations: <none>

SYNTH-5#44 Warning
Mapped onto distributed RAM because of timing constraints  
The instance ram_reg_1024_1151_1_1 is implemented as distributed LUT RAM for the following reason: The timing constraints suggest that the chosen mapping will yield a better timing.
Related violations: <none>

SYNTH-5#45 Warning
Mapped onto distributed RAM because of timing constraints  
The instance ram_reg_1024_1151_20_20 is implemented as distributed LUT RAM for the following reason: The timing constraints suggest that the chosen mapping will yield a better timing.
Related violations: <none>

SYNTH-5#46 Warning
Mapped onto distributed RAM because of timing constraints  
The instance ram_reg_1024_1151_21_21 is implemented as distributed LUT RAM for the following reason: The timing constraints suggest that the chosen mapping will yield a better timing.
Related violations: <none>

SYNTH-5#47 Warning
Mapped onto distributed RAM because of timing constraints  
The instance ram_reg_1024_1151_22_22 is implemented as distributed LUT RAM for the following reason: The timing constraints suggest that the chosen mapping will yield a better timing.
Related violations: <none>

SYNTH-5#48 Warning
Mapped onto distributed RAM because of timing constraints  
The instance ram_reg_1024_1151_23_23 is implemented as distributed LUT RAM for the following reason: The timing constraints suggest that the chosen mapping will yield a better timing.
Related violations: <none>

SYNTH-5#49 Warning
Mapped onto distributed RAM because of timing constraints  
The instance ram_reg_1024_1151_24_24 is implemented as distributed LUT RAM for the following reason: The timing constraints suggest that the chosen mapping will yield a better timing.
Related violations: <none>

SYNTH-5#50 Warning
Mapped onto distributed RAM because of timing constraints  
The instance ram_reg_1024_1151_25_25 is implemented as distributed LUT RAM for the following reason: The timing constraints suggest that the chosen mapping will yield a better timing.
Related violations: <none>

SYNTH-5#51 Warning
Mapped onto distributed RAM because of timing constraints  
The instance ram_reg_1024_1151_26_26 is implemented as distributed LUT RAM for the following reason: The timing constraints suggest that the chosen mapping will yield a better timing.
Related violations: <none>

SYNTH-5#52 Warning
Mapped onto distributed RAM because of timing constraints  
The instance ram_reg_1024_1151_27_27 is implemented as distributed LUT RAM for the following reason: The timing constraints suggest that the chosen mapping will yield a better timing.
Related violations: <none>

SYNTH-5#53 Warning
Mapped onto distributed RAM because of timing constraints  
The instance ram_reg_1024_1151_28_28 is implemented as distributed LUT RAM for the following reason: The timing constraints suggest that the chosen mapping will yield a better timing.
Related violations: <none>

SYNTH-5#54 Warning
Mapped onto distributed RAM because of timing constraints  
The instance ram_reg_1024_1151_29_29 is implemented as distributed LUT RAM for the following reason: The timing constraints suggest that the chosen mapping will yield a better timing.
Related violations: <none>

SYNTH-5#55 Warning
Mapped onto distributed RAM because of timing constraints  
The instance ram_reg_1024_1151_2_2 is implemented as distributed LUT RAM for the following reason: The timing constraints suggest that the chosen mapping will yield a better timing.
Related violations: <none>

SYNTH-5#56 Warning
Mapped onto distributed RAM because of timing constraints  
The instance ram_reg_1024_1151_30_30 is implemented as distributed LUT RAM for the following reason: The timing constraints suggest that the chosen mapping will yield a better timing.
Related violations: <none>

SYNTH-5#57 Warning
Mapped onto distributed RAM because of timing constraints  
The instance ram_reg_1024_1151_31_31 is implemented as distributed LUT RAM for the following reason: The timing constraints suggest that the chosen mapping will yield a better timing.
Related violations: <none>

SYNTH-5#58 Warning
Mapped onto distributed RAM because of timing constraints  
The instance ram_reg_1024_1151_3_3 is implemented as distributed LUT RAM for the following reason: The timing constraints suggest that the chosen mapping will yield a better timing.
Related violations: <none>

SYNTH-5#59 Warning
Mapped onto distributed RAM because of timing constraints  
The instance ram_reg_1024_1151_4_4 is implemented as distributed LUT RAM for the following reason: The timing constraints suggest that the chosen mapping will yield a better timing.
Related violations: <none>

SYNTH-5#60 Warning
Mapped onto distributed RAM because of timing constraints  
The instance ram_reg_1024_1151_5_5 is implemented as distributed LUT RAM for the following reason: The timing constraints suggest that the chosen mapping will yield a better timing.
Related violations: <none>

SYNTH-5#61 Warning
Mapped onto distributed RAM because of timing constraints  
The instance ram_reg_1024_1151_6_6 is implemented as distributed LUT RAM for the following reason: The timing constraints suggest that the chosen mapping will yield a better timing.
Related violations: <none>

SYNTH-5#62 Warning
Mapped onto distributed RAM because of timing constraints  
The instance ram_reg_1024_1151_7_7 is implemented as distributed LUT RAM for the following reason: The timing constraints suggest that the chosen mapping will yield a better timing.
Related violations: <none>

SYNTH-5#63 Warning
Mapped onto distributed RAM because of timing constraints  
The instance ram_reg_1024_1151_8_8 is implemented as distributed LUT RAM for the following reason: The timing constraints suggest that the chosen mapping will yield a better timing.
Related violations: <none>

SYNTH-5#64 Warning
Mapped onto distributed RAM because of timing constraints  
The instance ram_reg_1024_1151_9_9 is implemented as distributed LUT RAM for the following reason: The timing constraints suggest that the chosen mapping will yield a better timing.
Related violations: <none>

SYNTH-5#65 Warning
Mapped onto distributed RAM because of timing constraints  
The instance ram_reg_1152_1279_0_0 is implemented as distributed LUT RAM for the following reason: The timing constraints suggest that the chosen mapping will yield a better timing.
Related violations: <none>

SYNTH-5#66 Warning
Mapped onto distributed RAM because of timing constraints  
The instance ram_reg_1152_1279_10_10 is implemented as distributed LUT RAM for the following reason: The timing constraints suggest that the chosen mapping will yield a better timing.
Related violations: <none>

SYNTH-5#67 Warning
Mapped onto distributed RAM because of timing constraints  
The instance ram_reg_1152_1279_11_11 is implemented as distributed LUT RAM for the following reason: The timing constraints suggest that the chosen mapping will yield a better timing.
Related violations: <none>

SYNTH-5#68 Warning
Mapped onto distributed RAM because of timing constraints  
The instance ram_reg_1152_1279_12_12 is implemented as distributed LUT RAM for the following reason: The timing constraints suggest that the chosen mapping will yield a better timing.
Related violations: <none>

SYNTH-5#69 Warning
Mapped onto distributed RAM because of timing constraints  
The instance ram_reg_1152_1279_13_13 is implemented as distributed LUT RAM for the following reason: The timing constraints suggest that the chosen mapping will yield a better timing.
Related violations: <none>

SYNTH-5#70 Warning
Mapped onto distributed RAM because of timing constraints  
The instance ram_reg_1152_1279_14_14 is implemented as distributed LUT RAM for the following reason: The timing constraints suggest that the chosen mapping will yield a better timing.
Related violations: <none>

SYNTH-5#71 Warning
Mapped onto distributed RAM because of timing constraints  
The instance ram_reg_1152_1279_15_15 is implemented as distributed LUT RAM for the following reason: The timing constraints suggest that the chosen mapping will yield a better timing.
Related violations: <none>

SYNTH-5#72 Warning
Mapped onto distributed RAM because of timing constraints  
The instance ram_reg_1152_1279_16_16 is implemented as distributed LUT RAM for the following reason: The timing constraints suggest that the chosen mapping will yield a better timing.
Related violations: <none>

SYNTH-5#73 Warning
Mapped onto distributed RAM because of timing constraints  
The instance ram_reg_1152_1279_17_17 is implemented as distributed LUT RAM for the following reason: The timing constraints suggest that the chosen mapping will yield a better timing.
Related violations: <none>

SYNTH-5#74 Warning
Mapped onto distributed RAM because of timing constraints  
The instance ram_reg_1152_1279_18_18 is implemented as distributed LUT RAM for the following reason: The timing constraints suggest that the chosen mapping will yield a better timing.
Related violations: <none>

SYNTH-5#75 Warning
Mapped onto distributed RAM because of timing constraints  
The instance ram_reg_1152_1279_19_19 is implemented as distributed LUT RAM for the following reason: The timing constraints suggest that the chosen mapping will yield a better timing.
Related violations: <none>

SYNTH-5#76 Warning
Mapped onto distributed RAM because of timing constraints  
The instance ram_reg_1152_1279_1_1 is implemented as distributed LUT RAM for the following reason: The timing constraints suggest that the chosen mapping will yield a better timing.
Related violations: <none>

SYNTH-5#77 Warning
Mapped onto distributed RAM because of timing constraints  
The instance ram_reg_1152_1279_20_20 is implemented as distributed LUT RAM for the following reason: The timing constraints suggest that the chosen mapping will yield a better timing.
Related violations: <none>

SYNTH-5#78 Warning
Mapped onto distributed RAM because of timing constraints  
The instance ram_reg_1152_1279_21_21 is implemented as distributed LUT RAM for the following reason: The timing constraints suggest that the chosen mapping will yield a better timing.
Related violations: <none>

SYNTH-5#79 Warning
Mapped onto distributed RAM because of timing constraints  
The instance ram_reg_1152_1279_22_22 is implemented as distributed LUT RAM for the following reason: The timing constraints suggest that the chosen mapping will yield a better timing.
Related violations: <none>

SYNTH-5#80 Warning
Mapped onto distributed RAM because of timing constraints  
The instance ram_reg_1152_1279_23_23 is implemented as distributed LUT RAM for the following reason: The timing constraints suggest that the chosen mapping will yield a better timing.
Related violations: <none>

SYNTH-5#81 Warning
Mapped onto distributed RAM because of timing constraints  
The instance ram_reg_1152_1279_24_24 is implemented as distributed LUT RAM for the following reason: The timing constraints suggest that the chosen mapping will yield a better timing.
Related violations: <none>

SYNTH-5#82 Warning
Mapped onto distributed RAM because of timing constraints  
The instance ram_reg_1152_1279_25_25 is implemented as distributed LUT RAM for the following reason: The timing constraints suggest that the chosen mapping will yield a better timing.
Related violations: <none>

SYNTH-5#83 Warning
Mapped onto distributed RAM because of timing constraints  
The instance ram_reg_1152_1279_26_26 is implemented as distributed LUT RAM for the following reason: The timing constraints suggest that the chosen mapping will yield a better timing.
Related violations: <none>

SYNTH-5#84 Warning
Mapped onto distributed RAM because of timing constraints  
The instance ram_reg_1152_1279_27_27 is implemented as distributed LUT RAM for the following reason: The timing constraints suggest that the chosen mapping will yield a better timing.
Related violations: <none>

SYNTH-5#85 Warning
Mapped onto distributed RAM because of timing constraints  
The instance ram_reg_1152_1279_28_28 is implemented as distributed LUT RAM for the following reason: The timing constraints suggest that the chosen mapping will yield a better timing.
Related violations: <none>

SYNTH-5#86 Warning
Mapped onto distributed RAM because of timing constraints  
The instance ram_reg_1152_1279_29_29 is implemented as distributed LUT RAM for the following reason: The timing constraints suggest that the chosen mapping will yield a better timing.
Related violations: <none>

SYNTH-5#87 Warning
Mapped onto distributed RAM because of timing constraints  
The instance ram_reg_1152_1279_2_2 is implemented as distributed LUT RAM for the following reason: The timing constraints suggest that the chosen mapping will yield a better timing.
Related violations: <none>

SYNTH-5#88 Warning
Mapped onto distributed RAM because of timing constraints  
The instance ram_reg_1152_1279_30_30 is implemented as distributed LUT RAM for the following reason: The timing constraints suggest that the chosen mapping will yield a better timing.
Related violations: <none>

SYNTH-5#89 Warning
Mapped onto distributed RAM because of timing constraints  
The instance ram_reg_1152_1279_31_31 is implemented as distributed LUT RAM for the following reason: The timing constraints suggest that the chosen mapping will yield a better timing.
Related violations: <none>

SYNTH-5#90 Warning
Mapped onto distributed RAM because of timing constraints  
The instance ram_reg_1152_1279_3_3 is implemented as distributed LUT RAM for the following reason: The timing constraints suggest that the chosen mapping will yield a better timing.
Related violations: <none>

SYNTH-5#91 Warning
Mapped onto distributed RAM because of timing constraints  
The instance ram_reg_1152_1279_4_4 is implemented as distributed LUT RAM for the following reason: The timing constraints suggest that the chosen mapping will yield a better timing.
Related violations: <none>

SYNTH-5#92 Warning
Mapped onto distributed RAM because of timing constraints  
The instance ram_reg_1152_1279_5_5 is implemented as distributed LUT RAM for the following reason: The timing constraints suggest that the chosen mapping will yield a better timing.
Related violations: <none>

SYNTH-5#93 Warning
Mapped onto distributed RAM because of timing constraints  
The instance ram_reg_1152_1279_6_6 is implemented as distributed LUT RAM for the following reason: The timing constraints suggest that the chosen mapping will yield a better timing.
Related violations: <none>

SYNTH-5#94 Warning
Mapped onto distributed RAM because of timing constraints  
The instance ram_reg_1152_1279_7_7 is implemented as distributed LUT RAM for the following reason: The timing constraints suggest that the chosen mapping will yield a better timing.
Related violations: <none>

SYNTH-5#95 Warning
Mapped onto distributed RAM because of timing constraints  
The instance ram_reg_1152_1279_8_8 is implemented as distributed LUT RAM for the following reason: The timing constraints suggest that the chosen mapping will yield a better timing.
Related violations: <none>

SYNTH-5#96 Warning
Mapped onto distributed RAM because of timing constraints  
The instance ram_reg_1152_1279_9_9 is implemented as distributed LUT RAM for the following reason: The timing constraints suggest that the chosen mapping will yield a better timing.
Related violations: <none>

SYNTH-5#97 Warning
Mapped onto distributed RAM because of timing constraints  
The instance ram_reg_1280_1407_0_0 is implemented as distributed LUT RAM for the following reason: The timing constraints suggest that the chosen mapping will yield a better timing.
Related violations: <none>

SYNTH-5#98 Warning
Mapped onto distributed RAM because of timing constraints  
The instance ram_reg_1280_1407_10_10 is implemented as distributed LUT RAM for the following reason: The timing constraints suggest that the chosen mapping will yield a better timing.
Related violations: <none>

SYNTH-5#99 Warning
Mapped onto distributed RAM because of timing constraints  
The instance ram_reg_1280_1407_11_11 is implemented as distributed LUT RAM for the following reason: The timing constraints suggest that the chosen mapping will yield a better timing.
Related violations: <none>

SYNTH-5#100 Warning
Mapped onto distributed RAM because of timing constraints  
The instance ram_reg_1280_1407_12_12 is implemented as distributed LUT RAM for the following reason: The timing constraints suggest that the chosen mapping will yield a better timing.
Related violations: <none>

SYNTH-5#101 Warning
Mapped onto distributed RAM because of timing constraints  
The instance ram_reg_1280_1407_13_13 is implemented as distributed LUT RAM for the following reason: The timing constraints suggest that the chosen mapping will yield a better timing.
Related violations: <none>

SYNTH-5#102 Warning
Mapped onto distributed RAM because of timing constraints  
The instance ram_reg_1280_1407_14_14 is implemented as distributed LUT RAM for the following reason: The timing constraints suggest that the chosen mapping will yield a better timing.
Related violations: <none>

SYNTH-5#103 Warning
Mapped onto distributed RAM because of timing constraints  
The instance ram_reg_1280_1407_15_15 is implemented as distributed LUT RAM for the following reason: The timing constraints suggest that the chosen mapping will yield a better timing.
Related violations: <none>

SYNTH-5#104 Warning
Mapped onto distributed RAM because of timing constraints  
The instance ram_reg_1280_1407_16_16 is implemented as distributed LUT RAM for the following reason: The timing constraints suggest that the chosen mapping will yield a better timing.
Related violations: <none>

SYNTH-5#105 Warning
Mapped onto distributed RAM because of timing constraints  
The instance ram_reg_1280_1407_17_17 is implemented as distributed LUT RAM for the following reason: The timing constraints suggest that the chosen mapping will yield a better timing.
Related violations: <none>

SYNTH-5#106 Warning
Mapped onto distributed RAM because of timing constraints  
The instance ram_reg_1280_1407_18_18 is implemented as distributed LUT RAM for the following reason: The timing constraints suggest that the chosen mapping will yield a better timing.
Related violations: <none>

SYNTH-5#107 Warning
Mapped onto distributed RAM because of timing constraints  
The instance ram_reg_1280_1407_19_19 is implemented as distributed LUT RAM for the following reason: The timing constraints suggest that the chosen mapping will yield a better timing.
Related violations: <none>

SYNTH-5#108 Warning
Mapped onto distributed RAM because of timing constraints  
The instance ram_reg_1280_1407_1_1 is implemented as distributed LUT RAM for the following reason: The timing constraints suggest that the chosen mapping will yield a better timing.
Related violations: <none>

SYNTH-5#109 Warning
Mapped onto distributed RAM because of timing constraints  
The instance ram_reg_1280_1407_20_20 is implemented as distributed LUT RAM for the following reason: The timing constraints suggest that the chosen mapping will yield a better timing.
Related violations: <none>

SYNTH-5#110 Warning
Mapped onto distributed RAM because of timing constraints  
The instance ram_reg_1280_1407_21_21 is implemented as distributed LUT RAM for the following reason: The timing constraints suggest that the chosen mapping will yield a better timing.
Related violations: <none>

SYNTH-5#111 Warning
Mapped onto distributed RAM because of timing constraints  
The instance ram_reg_1280_1407_22_22 is implemented as distributed LUT RAM for the following reason: The timing constraints suggest that the chosen mapping will yield a better timing.
Related violations: <none>

SYNTH-5#112 Warning
Mapped onto distributed RAM because of timing constraints  
The instance ram_reg_1280_1407_23_23 is implemented as distributed LUT RAM for the following reason: The timing constraints suggest that the chosen mapping will yield a better timing.
Related violations: <none>

SYNTH-5#113 Warning
Mapped onto distributed RAM because of timing constraints  
The instance ram_reg_1280_1407_24_24 is implemented as distributed LUT RAM for the following reason: The timing constraints suggest that the chosen mapping will yield a better timing.
Related violations: <none>

SYNTH-5#114 Warning
Mapped onto distributed RAM because of timing constraints  
The instance ram_reg_1280_1407_25_25 is implemented as distributed LUT RAM for the following reason: The timing constraints suggest that the chosen mapping will yield a better timing.
Related violations: <none>

SYNTH-5#115 Warning
Mapped onto distributed RAM because of timing constraints  
The instance ram_reg_1280_1407_26_26 is implemented as distributed LUT RAM for the following reason: The timing constraints suggest that the chosen mapping will yield a better timing.
Related violations: <none>

SYNTH-5#116 Warning
Mapped onto distributed RAM because of timing constraints  
The instance ram_reg_1280_1407_27_27 is implemented as distributed LUT RAM for the following reason: The timing constraints suggest that the chosen mapping will yield a better timing.
Related violations: <none>

SYNTH-5#117 Warning
Mapped onto distributed RAM because of timing constraints  
The instance ram_reg_1280_1407_28_28 is implemented as distributed LUT RAM for the following reason: The timing constraints suggest that the chosen mapping will yield a better timing.
Related violations: <none>

SYNTH-5#118 Warning
Mapped onto distributed RAM because of timing constraints  
The instance ram_reg_1280_1407_29_29 is implemented as distributed LUT RAM for the following reason: The timing constraints suggest that the chosen mapping will yield a better timing.
Related violations: <none>

SYNTH-5#119 Warning
Mapped onto distributed RAM because of timing constraints  
The instance ram_reg_1280_1407_2_2 is implemented as distributed LUT RAM for the following reason: The timing constraints suggest that the chosen mapping will yield a better timing.
Related violations: <none>

SYNTH-5#120 Warning
Mapped onto distributed RAM because of timing constraints  
The instance ram_reg_1280_1407_30_30 is implemented as distributed LUT RAM for the following reason: The timing constraints suggest that the chosen mapping will yield a better timing.
Related violations: <none>

SYNTH-5#121 Warning
Mapped onto distributed RAM because of timing constraints  
The instance ram_reg_1280_1407_31_31 is implemented as distributed LUT RAM for the following reason: The timing constraints suggest that the chosen mapping will yield a better timing.
Related violations: <none>

SYNTH-5#122 Warning
Mapped onto distributed RAM because of timing constraints  
The instance ram_reg_1280_1407_3_3 is implemented as distributed LUT RAM for the following reason: The timing constraints suggest that the chosen mapping will yield a better timing.
Related violations: <none>

SYNTH-5#123 Warning
Mapped onto distributed RAM because of timing constraints  
The instance ram_reg_1280_1407_4_4 is implemented as distributed LUT RAM for the following reason: The timing constraints suggest that the chosen mapping will yield a better timing.
Related violations: <none>

SYNTH-5#124 Warning
Mapped onto distributed RAM because of timing constraints  
The instance ram_reg_1280_1407_5_5 is implemented as distributed LUT RAM for the following reason: The timing constraints suggest that the chosen mapping will yield a better timing.
Related violations: <none>

SYNTH-5#125 Warning
Mapped onto distributed RAM because of timing constraints  
The instance ram_reg_1280_1407_6_6 is implemented as distributed LUT RAM for the following reason: The timing constraints suggest that the chosen mapping will yield a better timing.
Related violations: <none>

SYNTH-5#126 Warning
Mapped onto distributed RAM because of timing constraints  
The instance ram_reg_1280_1407_7_7 is implemented as distributed LUT RAM for the following reason: The timing constraints suggest that the chosen mapping will yield a better timing.
Related violations: <none>

SYNTH-5#127 Warning
Mapped onto distributed RAM because of timing constraints  
The instance ram_reg_1280_1407_8_8 is implemented as distributed LUT RAM for the following reason: The timing constraints suggest that the chosen mapping will yield a better timing.
Related violations: <none>

SYNTH-5#128 Warning
Mapped onto distributed RAM because of timing constraints  
The instance ram_reg_1280_1407_9_9 is implemented as distributed LUT RAM for the following reason: The timing constraints suggest that the chosen mapping will yield a better timing.
Related violations: <none>

SYNTH-5#129 Warning
Mapped onto distributed RAM because of timing constraints  
The instance ram_reg_128_255_0_0 is implemented as distributed LUT RAM for the following reason: The timing constraints suggest that the chosen mapping will yield a better timing.
Related violations: <none>

SYNTH-5#130 Warning
Mapped onto distributed RAM because of timing constraints  
The instance ram_reg_128_255_10_10 is implemented as distributed LUT RAM for the following reason: The timing constraints suggest that the chosen mapping will yield a better timing.
Related violations: <none>

SYNTH-5#131 Warning
Mapped onto distributed RAM because of timing constraints  
The instance ram_reg_128_255_11_11 is implemented as distributed LUT RAM for the following reason: The timing constraints suggest that the chosen mapping will yield a better timing.
Related violations: <none>

SYNTH-5#132 Warning
Mapped onto distributed RAM because of timing constraints  
The instance ram_reg_128_255_12_12 is implemented as distributed LUT RAM for the following reason: The timing constraints suggest that the chosen mapping will yield a better timing.
Related violations: <none>

SYNTH-5#133 Warning
Mapped onto distributed RAM because of timing constraints  
The instance ram_reg_128_255_13_13 is implemented as distributed LUT RAM for the following reason: The timing constraints suggest that the chosen mapping will yield a better timing.
Related violations: <none>

SYNTH-5#134 Warning
Mapped onto distributed RAM because of timing constraints  
The instance ram_reg_128_255_14_14 is implemented as distributed LUT RAM for the following reason: The timing constraints suggest that the chosen mapping will yield a better timing.
Related violations: <none>

SYNTH-5#135 Warning
Mapped onto distributed RAM because of timing constraints  
The instance ram_reg_128_255_15_15 is implemented as distributed LUT RAM for the following reason: The timing constraints suggest that the chosen mapping will yield a better timing.
Related violations: <none>

SYNTH-5#136 Warning
Mapped onto distributed RAM because of timing constraints  
The instance ram_reg_128_255_16_16 is implemented as distributed LUT RAM for the following reason: The timing constraints suggest that the chosen mapping will yield a better timing.
Related violations: <none>

SYNTH-5#137 Warning
Mapped onto distributed RAM because of timing constraints  
The instance ram_reg_128_255_17_17 is implemented as distributed LUT RAM for the following reason: The timing constraints suggest that the chosen mapping will yield a better timing.
Related violations: <none>

SYNTH-5#138 Warning
Mapped onto distributed RAM because of timing constraints  
The instance ram_reg_128_255_18_18 is implemented as distributed LUT RAM for the following reason: The timing constraints suggest that the chosen mapping will yield a better timing.
Related violations: <none>

SYNTH-5#139 Warning
Mapped onto distributed RAM because of timing constraints  
The instance ram_reg_128_255_19_19 is implemented as distributed LUT RAM for the following reason: The timing constraints suggest that the chosen mapping will yield a better timing.
Related violations: <none>

SYNTH-5#140 Warning
Mapped onto distributed RAM because of timing constraints  
The instance ram_reg_128_255_1_1 is implemented as distributed LUT RAM for the following reason: The timing constraints suggest that the chosen mapping will yield a better timing.
Related violations: <none>

SYNTH-5#141 Warning
Mapped onto distributed RAM because of timing constraints  
The instance ram_reg_128_255_20_20 is implemented as distributed LUT RAM for the following reason: The timing constraints suggest that the chosen mapping will yield a better timing.
Related violations: <none>

SYNTH-5#142 Warning
Mapped onto distributed RAM because of timing constraints  
The instance ram_reg_128_255_21_21 is implemented as distributed LUT RAM for the following reason: The timing constraints suggest that the chosen mapping will yield a better timing.
Related violations: <none>

SYNTH-5#143 Warning
Mapped onto distributed RAM because of timing constraints  
The instance ram_reg_128_255_22_22 is implemented as distributed LUT RAM for the following reason: The timing constraints suggest that the chosen mapping will yield a better timing.
Related violations: <none>

SYNTH-5#144 Warning
Mapped onto distributed RAM because of timing constraints  
The instance ram_reg_128_255_23_23 is implemented as distributed LUT RAM for the following reason: The timing constraints suggest that the chosen mapping will yield a better timing.
Related violations: <none>

SYNTH-5#145 Warning
Mapped onto distributed RAM because of timing constraints  
The instance ram_reg_128_255_24_24 is implemented as distributed LUT RAM for the following reason: The timing constraints suggest that the chosen mapping will yield a better timing.
Related violations: <none>

SYNTH-5#146 Warning
Mapped onto distributed RAM because of timing constraints  
The instance ram_reg_128_255_25_25 is implemented as distributed LUT RAM for the following reason: The timing constraints suggest that the chosen mapping will yield a better timing.
Related violations: <none>

SYNTH-5#147 Warning
Mapped onto distributed RAM because of timing constraints  
The instance ram_reg_128_255_26_26 is implemented as distributed LUT RAM for the following reason: The timing constraints suggest that the chosen mapping will yield a better timing.
Related violations: <none>

SYNTH-5#148 Warning
Mapped onto distributed RAM because of timing constraints  
The instance ram_reg_128_255_27_27 is implemented as distributed LUT RAM for the following reason: The timing constraints suggest that the chosen mapping will yield a better timing.
Related violations: <none>

SYNTH-5#149 Warning
Mapped onto distributed RAM because of timing constraints  
The instance ram_reg_128_255_28_28 is implemented as distributed LUT RAM for the following reason: The timing constraints suggest that the chosen mapping will yield a better timing.
Related violations: <none>

SYNTH-5#150 Warning
Mapped onto distributed RAM because of timing constraints  
The instance ram_reg_128_255_29_29 is implemented as distributed LUT RAM for the following reason: The timing constraints suggest that the chosen mapping will yield a better timing.
Related violations: <none>

SYNTH-5#151 Warning
Mapped onto distributed RAM because of timing constraints  
The instance ram_reg_128_255_2_2 is implemented as distributed LUT RAM for the following reason: The timing constraints suggest that the chosen mapping will yield a better timing.
Related violations: <none>

SYNTH-5#152 Warning
Mapped onto distributed RAM because of timing constraints  
The instance ram_reg_128_255_30_30 is implemented as distributed LUT RAM for the following reason: The timing constraints suggest that the chosen mapping will yield a better timing.
Related violations: <none>

SYNTH-5#153 Warning
Mapped onto distributed RAM because of timing constraints  
The instance ram_reg_128_255_31_31 is implemented as distributed LUT RAM for the following reason: The timing constraints suggest that the chosen mapping will yield a better timing.
Related violations: <none>

SYNTH-5#154 Warning
Mapped onto distributed RAM because of timing constraints  
The instance ram_reg_128_255_3_3 is implemented as distributed LUT RAM for the following reason: The timing constraints suggest that the chosen mapping will yield a better timing.
Related violations: <none>

SYNTH-5#155 Warning
Mapped onto distributed RAM because of timing constraints  
The instance ram_reg_128_255_4_4 is implemented as distributed LUT RAM for the following reason: The timing constraints suggest that the chosen mapping will yield a better timing.
Related violations: <none>

SYNTH-5#156 Warning
Mapped onto distributed RAM because of timing constraints  
The instance ram_reg_128_255_5_5 is implemented as distributed LUT RAM for the following reason: The timing constraints suggest that the chosen mapping will yield a better timing.
Related violations: <none>

SYNTH-5#157 Warning
Mapped onto distributed RAM because of timing constraints  
The instance ram_reg_128_255_6_6 is implemented as distributed LUT RAM for the following reason: The timing constraints suggest that the chosen mapping will yield a better timing.
Related violations: <none>

SYNTH-5#158 Warning
Mapped onto distributed RAM because of timing constraints  
The instance ram_reg_128_255_7_7 is implemented as distributed LUT RAM for the following reason: The timing constraints suggest that the chosen mapping will yield a better timing.
Related violations: <none>

SYNTH-5#159 Warning
Mapped onto distributed RAM because of timing constraints  
The instance ram_reg_128_255_8_8 is implemented as distributed LUT RAM for the following reason: The timing constraints suggest that the chosen mapping will yield a better timing.
Related violations: <none>

SYNTH-5#160 Warning
Mapped onto distributed RAM because of timing constraints  
The instance ram_reg_128_255_9_9 is implemented as distributed LUT RAM for the following reason: The timing constraints suggest that the chosen mapping will yield a better timing.
Related violations: <none>

SYNTH-5#161 Warning
Mapped onto distributed RAM because of timing constraints  
The instance ram_reg_1408_1535_0_0 is implemented as distributed LUT RAM for the following reason: The timing constraints suggest that the chosen mapping will yield a better timing.
Related violations: <none>

SYNTH-5#162 Warning
Mapped onto distributed RAM because of timing constraints  
The instance ram_reg_1408_1535_10_10 is implemented as distributed LUT RAM for the following reason: The timing constraints suggest that the chosen mapping will yield a better timing.
Related violations: <none>

SYNTH-5#163 Warning
Mapped onto distributed RAM because of timing constraints  
The instance ram_reg_1408_1535_11_11 is implemented as distributed LUT RAM for the following reason: The timing constraints suggest that the chosen mapping will yield a better timing.
Related violations: <none>

SYNTH-5#164 Warning
Mapped onto distributed RAM because of timing constraints  
The instance ram_reg_1408_1535_12_12 is implemented as distributed LUT RAM for the following reason: The timing constraints suggest that the chosen mapping will yield a better timing.
Related violations: <none>

SYNTH-5#165 Warning
Mapped onto distributed RAM because of timing constraints  
The instance ram_reg_1408_1535_13_13 is implemented as distributed LUT RAM for the following reason: The timing constraints suggest that the chosen mapping will yield a better timing.
Related violations: <none>

SYNTH-5#166 Warning
Mapped onto distributed RAM because of timing constraints  
The instance ram_reg_1408_1535_14_14 is implemented as distributed LUT RAM for the following reason: The timing constraints suggest that the chosen mapping will yield a better timing.
Related violations: <none>

SYNTH-5#167 Warning
Mapped onto distributed RAM because of timing constraints  
The instance ram_reg_1408_1535_15_15 is implemented as distributed LUT RAM for the following reason: The timing constraints suggest that the chosen mapping will yield a better timing.
Related violations: <none>

SYNTH-5#168 Warning
Mapped onto distributed RAM because of timing constraints  
The instance ram_reg_1408_1535_16_16 is implemented as distributed LUT RAM for the following reason: The timing constraints suggest that the chosen mapping will yield a better timing.
Related violations: <none>

SYNTH-5#169 Warning
Mapped onto distributed RAM because of timing constraints  
The instance ram_reg_1408_1535_17_17 is implemented as distributed LUT RAM for the following reason: The timing constraints suggest that the chosen mapping will yield a better timing.
Related violations: <none>

SYNTH-5#170 Warning
Mapped onto distributed RAM because of timing constraints  
The instance ram_reg_1408_1535_18_18 is implemented as distributed LUT RAM for the following reason: The timing constraints suggest that the chosen mapping will yield a better timing.
Related violations: <none>

SYNTH-5#171 Warning
Mapped onto distributed RAM because of timing constraints  
The instance ram_reg_1408_1535_19_19 is implemented as distributed LUT RAM for the following reason: The timing constraints suggest that the chosen mapping will yield a better timing.
Related violations: <none>

SYNTH-5#172 Warning
Mapped onto distributed RAM because of timing constraints  
The instance ram_reg_1408_1535_1_1 is implemented as distributed LUT RAM for the following reason: The timing constraints suggest that the chosen mapping will yield a better timing.
Related violations: <none>

SYNTH-5#173 Warning
Mapped onto distributed RAM because of timing constraints  
The instance ram_reg_1408_1535_20_20 is implemented as distributed LUT RAM for the following reason: The timing constraints suggest that the chosen mapping will yield a better timing.
Related violations: <none>

SYNTH-5#174 Warning
Mapped onto distributed RAM because of timing constraints  
The instance ram_reg_1408_1535_21_21 is implemented as distributed LUT RAM for the following reason: The timing constraints suggest that the chosen mapping will yield a better timing.
Related violations: <none>

SYNTH-5#175 Warning
Mapped onto distributed RAM because of timing constraints  
The instance ram_reg_1408_1535_22_22 is implemented as distributed LUT RAM for the following reason: The timing constraints suggest that the chosen mapping will yield a better timing.
Related violations: <none>

SYNTH-5#176 Warning
Mapped onto distributed RAM because of timing constraints  
The instance ram_reg_1408_1535_23_23 is implemented as distributed LUT RAM for the following reason: The timing constraints suggest that the chosen mapping will yield a better timing.
Related violations: <none>

SYNTH-5#177 Warning
Mapped onto distributed RAM because of timing constraints  
The instance ram_reg_1408_1535_24_24 is implemented as distributed LUT RAM for the following reason: The timing constraints suggest that the chosen mapping will yield a better timing.
Related violations: <none>

SYNTH-5#178 Warning
Mapped onto distributed RAM because of timing constraints  
The instance ram_reg_1408_1535_25_25 is implemented as distributed LUT RAM for the following reason: The timing constraints suggest that the chosen mapping will yield a better timing.
Related violations: <none>

SYNTH-5#179 Warning
Mapped onto distributed RAM because of timing constraints  
The instance ram_reg_1408_1535_26_26 is implemented as distributed LUT RAM for the following reason: The timing constraints suggest that the chosen mapping will yield a better timing.
Related violations: <none>

SYNTH-5#180 Warning
Mapped onto distributed RAM because of timing constraints  
The instance ram_reg_1408_1535_27_27 is implemented as distributed LUT RAM for the following reason: The timing constraints suggest that the chosen mapping will yield a better timing.
Related violations: <none>

SYNTH-5#181 Warning
Mapped onto distributed RAM because of timing constraints  
The instance ram_reg_1408_1535_28_28 is implemented as distributed LUT RAM for the following reason: The timing constraints suggest that the chosen mapping will yield a better timing.
Related violations: <none>

SYNTH-5#182 Warning
Mapped onto distributed RAM because of timing constraints  
The instance ram_reg_1408_1535_29_29 is implemented as distributed LUT RAM for the following reason: The timing constraints suggest that the chosen mapping will yield a better timing.
Related violations: <none>

SYNTH-5#183 Warning
Mapped onto distributed RAM because of timing constraints  
The instance ram_reg_1408_1535_2_2 is implemented as distributed LUT RAM for the following reason: The timing constraints suggest that the chosen mapping will yield a better timing.
Related violations: <none>

SYNTH-5#184 Warning
Mapped onto distributed RAM because of timing constraints  
The instance ram_reg_1408_1535_30_30 is implemented as distributed LUT RAM for the following reason: The timing constraints suggest that the chosen mapping will yield a better timing.
Related violations: <none>

SYNTH-5#185 Warning
Mapped onto distributed RAM because of timing constraints  
The instance ram_reg_1408_1535_31_31 is implemented as distributed LUT RAM for the following reason: The timing constraints suggest that the chosen mapping will yield a better timing.
Related violations: <none>

SYNTH-5#186 Warning
Mapped onto distributed RAM because of timing constraints  
The instance ram_reg_1408_1535_3_3 is implemented as distributed LUT RAM for the following reason: The timing constraints suggest that the chosen mapping will yield a better timing.
Related violations: <none>

SYNTH-5#187 Warning
Mapped onto distributed RAM because of timing constraints  
The instance ram_reg_1408_1535_4_4 is implemented as distributed LUT RAM for the following reason: The timing constraints suggest that the chosen mapping will yield a better timing.
Related violations: <none>

SYNTH-5#188 Warning
Mapped onto distributed RAM because of timing constraints  
The instance ram_reg_1408_1535_5_5 is implemented as distributed LUT RAM for the following reason: The timing constraints suggest that the chosen mapping will yield a better timing.
Related violations: <none>

SYNTH-5#189 Warning
Mapped onto distributed RAM because of timing constraints  
The instance ram_reg_1408_1535_6_6 is implemented as distributed LUT RAM for the following reason: The timing constraints suggest that the chosen mapping will yield a better timing.
Related violations: <none>

SYNTH-5#190 Warning
Mapped onto distributed RAM because of timing constraints  
The instance ram_reg_1408_1535_7_7 is implemented as distributed LUT RAM for the following reason: The timing constraints suggest that the chosen mapping will yield a better timing.
Related violations: <none>

SYNTH-5#191 Warning
Mapped onto distributed RAM because of timing constraints  
The instance ram_reg_1408_1535_8_8 is implemented as distributed LUT RAM for the following reason: The timing constraints suggest that the chosen mapping will yield a better timing.
Related violations: <none>

SYNTH-5#192 Warning
Mapped onto distributed RAM because of timing constraints  
The instance ram_reg_1408_1535_9_9 is implemented as distributed LUT RAM for the following reason: The timing constraints suggest that the chosen mapping will yield a better timing.
Related violations: <none>

SYNTH-5#193 Warning
Mapped onto distributed RAM because of timing constraints  
The instance ram_reg_1536_1663_0_0 is implemented as distributed LUT RAM for the following reason: The timing constraints suggest that the chosen mapping will yield a better timing.
Related violations: <none>

SYNTH-5#194 Warning
Mapped onto distributed RAM because of timing constraints  
The instance ram_reg_1536_1663_10_10 is implemented as distributed LUT RAM for the following reason: The timing constraints suggest that the chosen mapping will yield a better timing.
Related violations: <none>

SYNTH-5#195 Warning
Mapped onto distributed RAM because of timing constraints  
The instance ram_reg_1536_1663_11_11 is implemented as distributed LUT RAM for the following reason: The timing constraints suggest that the chosen mapping will yield a better timing.
Related violations: <none>

SYNTH-5#196 Warning
Mapped onto distributed RAM because of timing constraints  
The instance ram_reg_1536_1663_12_12 is implemented as distributed LUT RAM for the following reason: The timing constraints suggest that the chosen mapping will yield a better timing.
Related violations: <none>

SYNTH-5#197 Warning
Mapped onto distributed RAM because of timing constraints  
The instance ram_reg_1536_1663_13_13 is implemented as distributed LUT RAM for the following reason: The timing constraints suggest that the chosen mapping will yield a better timing.
Related violations: <none>

SYNTH-5#198 Warning
Mapped onto distributed RAM because of timing constraints  
The instance ram_reg_1536_1663_14_14 is implemented as distributed LUT RAM for the following reason: The timing constraints suggest that the chosen mapping will yield a better timing.
Related violations: <none>

SYNTH-5#199 Warning
Mapped onto distributed RAM because of timing constraints  
The instance ram_reg_1536_1663_15_15 is implemented as distributed LUT RAM for the following reason: The timing constraints suggest that the chosen mapping will yield a better timing.
Related violations: <none>

SYNTH-5#200 Warning
Mapped onto distributed RAM because of timing constraints  
The instance ram_reg_1536_1663_16_16 is implemented as distributed LUT RAM for the following reason: The timing constraints suggest that the chosen mapping will yield a better timing.
Related violations: <none>

SYNTH-5#201 Warning
Mapped onto distributed RAM because of timing constraints  
The instance ram_reg_1536_1663_17_17 is implemented as distributed LUT RAM for the following reason: The timing constraints suggest that the chosen mapping will yield a better timing.
Related violations: <none>

SYNTH-5#202 Warning
Mapped onto distributed RAM because of timing constraints  
The instance ram_reg_1536_1663_18_18 is implemented as distributed LUT RAM for the following reason: The timing constraints suggest that the chosen mapping will yield a better timing.
Related violations: <none>

SYNTH-5#203 Warning
Mapped onto distributed RAM because of timing constraints  
The instance ram_reg_1536_1663_19_19 is implemented as distributed LUT RAM for the following reason: The timing constraints suggest that the chosen mapping will yield a better timing.
Related violations: <none>

SYNTH-5#204 Warning
Mapped onto distributed RAM because of timing constraints  
The instance ram_reg_1536_1663_1_1 is implemented as distributed LUT RAM for the following reason: The timing constraints suggest that the chosen mapping will yield a better timing.
Related violations: <none>

SYNTH-5#205 Warning
Mapped onto distributed RAM because of timing constraints  
The instance ram_reg_1536_1663_20_20 is implemented as distributed LUT RAM for the following reason: The timing constraints suggest that the chosen mapping will yield a better timing.
Related violations: <none>

SYNTH-5#206 Warning
Mapped onto distributed RAM because of timing constraints  
The instance ram_reg_1536_1663_21_21 is implemented as distributed LUT RAM for the following reason: The timing constraints suggest that the chosen mapping will yield a better timing.
Related violations: <none>

SYNTH-5#207 Warning
Mapped onto distributed RAM because of timing constraints  
The instance ram_reg_1536_1663_22_22 is implemented as distributed LUT RAM for the following reason: The timing constraints suggest that the chosen mapping will yield a better timing.
Related violations: <none>

SYNTH-5#208 Warning
Mapped onto distributed RAM because of timing constraints  
The instance ram_reg_1536_1663_23_23 is implemented as distributed LUT RAM for the following reason: The timing constraints suggest that the chosen mapping will yield a better timing.
Related violations: <none>

SYNTH-5#209 Warning
Mapped onto distributed RAM because of timing constraints  
The instance ram_reg_1536_1663_24_24 is implemented as distributed LUT RAM for the following reason: The timing constraints suggest that the chosen mapping will yield a better timing.
Related violations: <none>

SYNTH-5#210 Warning
Mapped onto distributed RAM because of timing constraints  
The instance ram_reg_1536_1663_25_25 is implemented as distributed LUT RAM for the following reason: The timing constraints suggest that the chosen mapping will yield a better timing.
Related violations: <none>

SYNTH-5#211 Warning
Mapped onto distributed RAM because of timing constraints  
The instance ram_reg_1536_1663_26_26 is implemented as distributed LUT RAM for the following reason: The timing constraints suggest that the chosen mapping will yield a better timing.
Related violations: <none>

SYNTH-5#212 Warning
Mapped onto distributed RAM because of timing constraints  
The instance ram_reg_1536_1663_27_27 is implemented as distributed LUT RAM for the following reason: The timing constraints suggest that the chosen mapping will yield a better timing.
Related violations: <none>

SYNTH-5#213 Warning
Mapped onto distributed RAM because of timing constraints  
The instance ram_reg_1536_1663_28_28 is implemented as distributed LUT RAM for the following reason: The timing constraints suggest that the chosen mapping will yield a better timing.
Related violations: <none>

SYNTH-5#214 Warning
Mapped onto distributed RAM because of timing constraints  
The instance ram_reg_1536_1663_29_29 is implemented as distributed LUT RAM for the following reason: The timing constraints suggest that the chosen mapping will yield a better timing.
Related violations: <none>

SYNTH-5#215 Warning
Mapped onto distributed RAM because of timing constraints  
The instance ram_reg_1536_1663_2_2 is implemented as distributed LUT RAM for the following reason: The timing constraints suggest that the chosen mapping will yield a better timing.
Related violations: <none>

SYNTH-5#216 Warning
Mapped onto distributed RAM because of timing constraints  
The instance ram_reg_1536_1663_30_30 is implemented as distributed LUT RAM for the following reason: The timing constraints suggest that the chosen mapping will yield a better timing.
Related violations: <none>

SYNTH-5#217 Warning
Mapped onto distributed RAM because of timing constraints  
The instance ram_reg_1536_1663_31_31 is implemented as distributed LUT RAM for the following reason: The timing constraints suggest that the chosen mapping will yield a better timing.
Related violations: <none>

SYNTH-5#218 Warning
Mapped onto distributed RAM because of timing constraints  
The instance ram_reg_1536_1663_3_3 is implemented as distributed LUT RAM for the following reason: The timing constraints suggest that the chosen mapping will yield a better timing.
Related violations: <none>

SYNTH-5#219 Warning
Mapped onto distributed RAM because of timing constraints  
The instance ram_reg_1536_1663_4_4 is implemented as distributed LUT RAM for the following reason: The timing constraints suggest that the chosen mapping will yield a better timing.
Related violations: <none>

SYNTH-5#220 Warning
Mapped onto distributed RAM because of timing constraints  
The instance ram_reg_1536_1663_5_5 is implemented as distributed LUT RAM for the following reason: The timing constraints suggest that the chosen mapping will yield a better timing.
Related violations: <none>

SYNTH-5#221 Warning
Mapped onto distributed RAM because of timing constraints  
The instance ram_reg_1536_1663_6_6 is implemented as distributed LUT RAM for the following reason: The timing constraints suggest that the chosen mapping will yield a better timing.
Related violations: <none>

SYNTH-5#222 Warning
Mapped onto distributed RAM because of timing constraints  
The instance ram_reg_1536_1663_7_7 is implemented as distributed LUT RAM for the following reason: The timing constraints suggest that the chosen mapping will yield a better timing.
Related violations: <none>

SYNTH-5#223 Warning
Mapped onto distributed RAM because of timing constraints  
The instance ram_reg_1536_1663_8_8 is implemented as distributed LUT RAM for the following reason: The timing constraints suggest that the chosen mapping will yield a better timing.
Related violations: <none>

SYNTH-5#224 Warning
Mapped onto distributed RAM because of timing constraints  
The instance ram_reg_1536_1663_9_9 is implemented as distributed LUT RAM for the following reason: The timing constraints suggest that the chosen mapping will yield a better timing.
Related violations: <none>

SYNTH-5#225 Warning
Mapped onto distributed RAM because of timing constraints  
The instance ram_reg_1664_1791_0_0 is implemented as distributed LUT RAM for the following reason: The timing constraints suggest that the chosen mapping will yield a better timing.
Related violations: <none>

SYNTH-5#226 Warning
Mapped onto distributed RAM because of timing constraints  
The instance ram_reg_1664_1791_10_10 is implemented as distributed LUT RAM for the following reason: The timing constraints suggest that the chosen mapping will yield a better timing.
Related violations: <none>

SYNTH-5#227 Warning
Mapped onto distributed RAM because of timing constraints  
The instance ram_reg_1664_1791_11_11 is implemented as distributed LUT RAM for the following reason: The timing constraints suggest that the chosen mapping will yield a better timing.
Related violations: <none>

SYNTH-5#228 Warning
Mapped onto distributed RAM because of timing constraints  
The instance ram_reg_1664_1791_12_12 is implemented as distributed LUT RAM for the following reason: The timing constraints suggest that the chosen mapping will yield a better timing.
Related violations: <none>

SYNTH-5#229 Warning
Mapped onto distributed RAM because of timing constraints  
The instance ram_reg_1664_1791_13_13 is implemented as distributed LUT RAM for the following reason: The timing constraints suggest that the chosen mapping will yield a better timing.
Related violations: <none>

SYNTH-5#230 Warning
Mapped onto distributed RAM because of timing constraints  
The instance ram_reg_1664_1791_14_14 is implemented as distributed LUT RAM for the following reason: The timing constraints suggest that the chosen mapping will yield a better timing.
Related violations: <none>

SYNTH-5#231 Warning
Mapped onto distributed RAM because of timing constraints  
The instance ram_reg_1664_1791_15_15 is implemented as distributed LUT RAM for the following reason: The timing constraints suggest that the chosen mapping will yield a better timing.
Related violations: <none>

SYNTH-5#232 Warning
Mapped onto distributed RAM because of timing constraints  
The instance ram_reg_1664_1791_16_16 is implemented as distributed LUT RAM for the following reason: The timing constraints suggest that the chosen mapping will yield a better timing.
Related violations: <none>

SYNTH-5#233 Warning
Mapped onto distributed RAM because of timing constraints  
The instance ram_reg_1664_1791_17_17 is implemented as distributed LUT RAM for the following reason: The timing constraints suggest that the chosen mapping will yield a better timing.
Related violations: <none>

SYNTH-5#234 Warning
Mapped onto distributed RAM because of timing constraints  
The instance ram_reg_1664_1791_18_18 is implemented as distributed LUT RAM for the following reason: The timing constraints suggest that the chosen mapping will yield a better timing.
Related violations: <none>

SYNTH-5#235 Warning
Mapped onto distributed RAM because of timing constraints  
The instance ram_reg_1664_1791_19_19 is implemented as distributed LUT RAM for the following reason: The timing constraints suggest that the chosen mapping will yield a better timing.
Related violations: <none>

SYNTH-5#236 Warning
Mapped onto distributed RAM because of timing constraints  
The instance ram_reg_1664_1791_1_1 is implemented as distributed LUT RAM for the following reason: The timing constraints suggest that the chosen mapping will yield a better timing.
Related violations: <none>

SYNTH-5#237 Warning
Mapped onto distributed RAM because of timing constraints  
The instance ram_reg_1664_1791_20_20 is implemented as distributed LUT RAM for the following reason: The timing constraints suggest that the chosen mapping will yield a better timing.
Related violations: <none>

SYNTH-5#238 Warning
Mapped onto distributed RAM because of timing constraints  
The instance ram_reg_1664_1791_21_21 is implemented as distributed LUT RAM for the following reason: The timing constraints suggest that the chosen mapping will yield a better timing.
Related violations: <none>

SYNTH-5#239 Warning
Mapped onto distributed RAM because of timing constraints  
The instance ram_reg_1664_1791_22_22 is implemented as distributed LUT RAM for the following reason: The timing constraints suggest that the chosen mapping will yield a better timing.
Related violations: <none>

SYNTH-5#240 Warning
Mapped onto distributed RAM because of timing constraints  
The instance ram_reg_1664_1791_23_23 is implemented as distributed LUT RAM for the following reason: The timing constraints suggest that the chosen mapping will yield a better timing.
Related violations: <none>

SYNTH-5#241 Warning
Mapped onto distributed RAM because of timing constraints  
The instance ram_reg_1664_1791_24_24 is implemented as distributed LUT RAM for the following reason: The timing constraints suggest that the chosen mapping will yield a better timing.
Related violations: <none>

SYNTH-5#242 Warning
Mapped onto distributed RAM because of timing constraints  
The instance ram_reg_1664_1791_25_25 is implemented as distributed LUT RAM for the following reason: The timing constraints suggest that the chosen mapping will yield a better timing.
Related violations: <none>

SYNTH-5#243 Warning
Mapped onto distributed RAM because of timing constraints  
The instance ram_reg_1664_1791_26_26 is implemented as distributed LUT RAM for the following reason: The timing constraints suggest that the chosen mapping will yield a better timing.
Related violations: <none>

SYNTH-5#244 Warning
Mapped onto distributed RAM because of timing constraints  
The instance ram_reg_1664_1791_27_27 is implemented as distributed LUT RAM for the following reason: The timing constraints suggest that the chosen mapping will yield a better timing.
Related violations: <none>

SYNTH-5#245 Warning
Mapped onto distributed RAM because of timing constraints  
The instance ram_reg_1664_1791_28_28 is implemented as distributed LUT RAM for the following reason: The timing constraints suggest that the chosen mapping will yield a better timing.
Related violations: <none>

SYNTH-5#246 Warning
Mapped onto distributed RAM because of timing constraints  
The instance ram_reg_1664_1791_29_29 is implemented as distributed LUT RAM for the following reason: The timing constraints suggest that the chosen mapping will yield a better timing.
Related violations: <none>

SYNTH-5#247 Warning
Mapped onto distributed RAM because of timing constraints  
The instance ram_reg_1664_1791_2_2 is implemented as distributed LUT RAM for the following reason: The timing constraints suggest that the chosen mapping will yield a better timing.
Related violations: <none>

SYNTH-5#248 Warning
Mapped onto distributed RAM because of timing constraints  
The instance ram_reg_1664_1791_30_30 is implemented as distributed LUT RAM for the following reason: The timing constraints suggest that the chosen mapping will yield a better timing.
Related violations: <none>

SYNTH-5#249 Warning
Mapped onto distributed RAM because of timing constraints  
The instance ram_reg_1664_1791_31_31 is implemented as distributed LUT RAM for the following reason: The timing constraints suggest that the chosen mapping will yield a better timing.
Related violations: <none>

SYNTH-5#250 Warning
Mapped onto distributed RAM because of timing constraints  
The instance ram_reg_1664_1791_3_3 is implemented as distributed LUT RAM for the following reason: The timing constraints suggest that the chosen mapping will yield a better timing.
Related violations: <none>

SYNTH-5#251 Warning
Mapped onto distributed RAM because of timing constraints  
The instance ram_reg_1664_1791_4_4 is implemented as distributed LUT RAM for the following reason: The timing constraints suggest that the chosen mapping will yield a better timing.
Related violations: <none>

SYNTH-5#252 Warning
Mapped onto distributed RAM because of timing constraints  
The instance ram_reg_1664_1791_5_5 is implemented as distributed LUT RAM for the following reason: The timing constraints suggest that the chosen mapping will yield a better timing.
Related violations: <none>

SYNTH-5#253 Warning
Mapped onto distributed RAM because of timing constraints  
The instance ram_reg_1664_1791_6_6 is implemented as distributed LUT RAM for the following reason: The timing constraints suggest that the chosen mapping will yield a better timing.
Related violations: <none>

SYNTH-5#254 Warning
Mapped onto distributed RAM because of timing constraints  
The instance ram_reg_1664_1791_7_7 is implemented as distributed LUT RAM for the following reason: The timing constraints suggest that the chosen mapping will yield a better timing.
Related violations: <none>

SYNTH-5#255 Warning
Mapped onto distributed RAM because of timing constraints  
The instance ram_reg_1664_1791_8_8 is implemented as distributed LUT RAM for the following reason: The timing constraints suggest that the chosen mapping will yield a better timing.
Related violations: <none>

SYNTH-5#256 Warning
Mapped onto distributed RAM because of timing constraints  
The instance ram_reg_1664_1791_9_9 is implemented as distributed LUT RAM for the following reason: The timing constraints suggest that the chosen mapping will yield a better timing.
Related violations: <none>

SYNTH-5#257 Warning
Mapped onto distributed RAM because of timing constraints  
The instance ram_reg_1792_1919_0_0 is implemented as distributed LUT RAM for the following reason: The timing constraints suggest that the chosen mapping will yield a better timing.
Related violations: <none>

SYNTH-5#258 Warning
Mapped onto distributed RAM because of timing constraints  
The instance ram_reg_1792_1919_10_10 is implemented as distributed LUT RAM for the following reason: The timing constraints suggest that the chosen mapping will yield a better timing.
Related violations: <none>

SYNTH-5#259 Warning
Mapped onto distributed RAM because of timing constraints  
The instance ram_reg_1792_1919_11_11 is implemented as distributed LUT RAM for the following reason: The timing constraints suggest that the chosen mapping will yield a better timing.
Related violations: <none>

SYNTH-5#260 Warning
Mapped onto distributed RAM because of timing constraints  
The instance ram_reg_1792_1919_12_12 is implemented as distributed LUT RAM for the following reason: The timing constraints suggest that the chosen mapping will yield a better timing.
Related violations: <none>

SYNTH-5#261 Warning
Mapped onto distributed RAM because of timing constraints  
The instance ram_reg_1792_1919_13_13 is implemented as distributed LUT RAM for the following reason: The timing constraints suggest that the chosen mapping will yield a better timing.
Related violations: <none>

SYNTH-5#262 Warning
Mapped onto distributed RAM because of timing constraints  
The instance ram_reg_1792_1919_14_14 is implemented as distributed LUT RAM for the following reason: The timing constraints suggest that the chosen mapping will yield a better timing.
Related violations: <none>

SYNTH-5#263 Warning
Mapped onto distributed RAM because of timing constraints  
The instance ram_reg_1792_1919_15_15 is implemented as distributed LUT RAM for the following reason: The timing constraints suggest that the chosen mapping will yield a better timing.
Related violations: <none>

SYNTH-5#264 Warning
Mapped onto distributed RAM because of timing constraints  
The instance ram_reg_1792_1919_16_16 is implemented as distributed LUT RAM for the following reason: The timing constraints suggest that the chosen mapping will yield a better timing.
Related violations: <none>

SYNTH-5#265 Warning
Mapped onto distributed RAM because of timing constraints  
The instance ram_reg_1792_1919_17_17 is implemented as distributed LUT RAM for the following reason: The timing constraints suggest that the chosen mapping will yield a better timing.
Related violations: <none>

SYNTH-5#266 Warning
Mapped onto distributed RAM because of timing constraints  
The instance ram_reg_1792_1919_18_18 is implemented as distributed LUT RAM for the following reason: The timing constraints suggest that the chosen mapping will yield a better timing.
Related violations: <none>

SYNTH-5#267 Warning
Mapped onto distributed RAM because of timing constraints  
The instance ram_reg_1792_1919_19_19 is implemented as distributed LUT RAM for the following reason: The timing constraints suggest that the chosen mapping will yield a better timing.
Related violations: <none>

SYNTH-5#268 Warning
Mapped onto distributed RAM because of timing constraints  
The instance ram_reg_1792_1919_1_1 is implemented as distributed LUT RAM for the following reason: The timing constraints suggest that the chosen mapping will yield a better timing.
Related violations: <none>

SYNTH-5#269 Warning
Mapped onto distributed RAM because of timing constraints  
The instance ram_reg_1792_1919_20_20 is implemented as distributed LUT RAM for the following reason: The timing constraints suggest that the chosen mapping will yield a better timing.
Related violations: <none>

SYNTH-5#270 Warning
Mapped onto distributed RAM because of timing constraints  
The instance ram_reg_1792_1919_21_21 is implemented as distributed LUT RAM for the following reason: The timing constraints suggest that the chosen mapping will yield a better timing.
Related violations: <none>

SYNTH-5#271 Warning
Mapped onto distributed RAM because of timing constraints  
The instance ram_reg_1792_1919_22_22 is implemented as distributed LUT RAM for the following reason: The timing constraints suggest that the chosen mapping will yield a better timing.
Related violations: <none>

SYNTH-5#272 Warning
Mapped onto distributed RAM because of timing constraints  
The instance ram_reg_1792_1919_23_23 is implemented as distributed LUT RAM for the following reason: The timing constraints suggest that the chosen mapping will yield a better timing.
Related violations: <none>

SYNTH-5#273 Warning
Mapped onto distributed RAM because of timing constraints  
The instance ram_reg_1792_1919_24_24 is implemented as distributed LUT RAM for the following reason: The timing constraints suggest that the chosen mapping will yield a better timing.
Related violations: <none>

SYNTH-5#274 Warning
Mapped onto distributed RAM because of timing constraints  
The instance ram_reg_1792_1919_25_25 is implemented as distributed LUT RAM for the following reason: The timing constraints suggest that the chosen mapping will yield a better timing.
Related violations: <none>

SYNTH-5#275 Warning
Mapped onto distributed RAM because of timing constraints  
The instance ram_reg_1792_1919_26_26 is implemented as distributed LUT RAM for the following reason: The timing constraints suggest that the chosen mapping will yield a better timing.
Related violations: <none>

SYNTH-5#276 Warning
Mapped onto distributed RAM because of timing constraints  
The instance ram_reg_1792_1919_27_27 is implemented as distributed LUT RAM for the following reason: The timing constraints suggest that the chosen mapping will yield a better timing.
Related violations: <none>

SYNTH-5#277 Warning
Mapped onto distributed RAM because of timing constraints  
The instance ram_reg_1792_1919_28_28 is implemented as distributed LUT RAM for the following reason: The timing constraints suggest that the chosen mapping will yield a better timing.
Related violations: <none>

SYNTH-5#278 Warning
Mapped onto distributed RAM because of timing constraints  
The instance ram_reg_1792_1919_29_29 is implemented as distributed LUT RAM for the following reason: The timing constraints suggest that the chosen mapping will yield a better timing.
Related violations: <none>

SYNTH-5#279 Warning
Mapped onto distributed RAM because of timing constraints  
The instance ram_reg_1792_1919_2_2 is implemented as distributed LUT RAM for the following reason: The timing constraints suggest that the chosen mapping will yield a better timing.
Related violations: <none>

SYNTH-5#280 Warning
Mapped onto distributed RAM because of timing constraints  
The instance ram_reg_1792_1919_30_30 is implemented as distributed LUT RAM for the following reason: The timing constraints suggest that the chosen mapping will yield a better timing.
Related violations: <none>

SYNTH-5#281 Warning
Mapped onto distributed RAM because of timing constraints  
The instance ram_reg_1792_1919_31_31 is implemented as distributed LUT RAM for the following reason: The timing constraints suggest that the chosen mapping will yield a better timing.
Related violations: <none>

SYNTH-5#282 Warning
Mapped onto distributed RAM because of timing constraints  
The instance ram_reg_1792_1919_3_3 is implemented as distributed LUT RAM for the following reason: The timing constraints suggest that the chosen mapping will yield a better timing.
Related violations: <none>

SYNTH-5#283 Warning
Mapped onto distributed RAM because of timing constraints  
The instance ram_reg_1792_1919_4_4 is implemented as distributed LUT RAM for the following reason: The timing constraints suggest that the chosen mapping will yield a better timing.
Related violations: <none>

SYNTH-5#284 Warning
Mapped onto distributed RAM because of timing constraints  
The instance ram_reg_1792_1919_5_5 is implemented as distributed LUT RAM for the following reason: The timing constraints suggest that the chosen mapping will yield a better timing.
Related violations: <none>

SYNTH-5#285 Warning
Mapped onto distributed RAM because of timing constraints  
The instance ram_reg_1792_1919_6_6 is implemented as distributed LUT RAM for the following reason: The timing constraints suggest that the chosen mapping will yield a better timing.
Related violations: <none>

SYNTH-5#286 Warning
Mapped onto distributed RAM because of timing constraints  
The instance ram_reg_1792_1919_7_7 is implemented as distributed LUT RAM for the following reason: The timing constraints suggest that the chosen mapping will yield a better timing.
Related violations: <none>

SYNTH-5#287 Warning
Mapped onto distributed RAM because of timing constraints  
The instance ram_reg_1792_1919_8_8 is implemented as distributed LUT RAM for the following reason: The timing constraints suggest that the chosen mapping will yield a better timing.
Related violations: <none>

SYNTH-5#288 Warning
Mapped onto distributed RAM because of timing constraints  
The instance ram_reg_1792_1919_9_9 is implemented as distributed LUT RAM for the following reason: The timing constraints suggest that the chosen mapping will yield a better timing.
Related violations: <none>

SYNTH-5#289 Warning
Mapped onto distributed RAM because of timing constraints  
The instance ram_reg_1920_2047_0_0 is implemented as distributed LUT RAM for the following reason: The timing constraints suggest that the chosen mapping will yield a better timing.
Related violations: <none>

SYNTH-5#290 Warning
Mapped onto distributed RAM because of timing constraints  
The instance ram_reg_1920_2047_10_10 is implemented as distributed LUT RAM for the following reason: The timing constraints suggest that the chosen mapping will yield a better timing.
Related violations: <none>

SYNTH-5#291 Warning
Mapped onto distributed RAM because of timing constraints  
The instance ram_reg_1920_2047_11_11 is implemented as distributed LUT RAM for the following reason: The timing constraints suggest that the chosen mapping will yield a better timing.
Related violations: <none>

SYNTH-5#292 Warning
Mapped onto distributed RAM because of timing constraints  
The instance ram_reg_1920_2047_12_12 is implemented as distributed LUT RAM for the following reason: The timing constraints suggest that the chosen mapping will yield a better timing.
Related violations: <none>

SYNTH-5#293 Warning
Mapped onto distributed RAM because of timing constraints  
The instance ram_reg_1920_2047_13_13 is implemented as distributed LUT RAM for the following reason: The timing constraints suggest that the chosen mapping will yield a better timing.
Related violations: <none>

SYNTH-5#294 Warning
Mapped onto distributed RAM because of timing constraints  
The instance ram_reg_1920_2047_14_14 is implemented as distributed LUT RAM for the following reason: The timing constraints suggest that the chosen mapping will yield a better timing.
Related violations: <none>

SYNTH-5#295 Warning
Mapped onto distributed RAM because of timing constraints  
The instance ram_reg_1920_2047_15_15 is implemented as distributed LUT RAM for the following reason: The timing constraints suggest that the chosen mapping will yield a better timing.
Related violations: <none>

SYNTH-5#296 Warning
Mapped onto distributed RAM because of timing constraints  
The instance ram_reg_1920_2047_16_16 is implemented as distributed LUT RAM for the following reason: The timing constraints suggest that the chosen mapping will yield a better timing.
Related violations: <none>

SYNTH-5#297 Warning
Mapped onto distributed RAM because of timing constraints  
The instance ram_reg_1920_2047_17_17 is implemented as distributed LUT RAM for the following reason: The timing constraints suggest that the chosen mapping will yield a better timing.
Related violations: <none>

SYNTH-5#298 Warning
Mapped onto distributed RAM because of timing constraints  
The instance ram_reg_1920_2047_18_18 is implemented as distributed LUT RAM for the following reason: The timing constraints suggest that the chosen mapping will yield a better timing.
Related violations: <none>

SYNTH-5#299 Warning
Mapped onto distributed RAM because of timing constraints  
The instance ram_reg_1920_2047_19_19 is implemented as distributed LUT RAM for the following reason: The timing constraints suggest that the chosen mapping will yield a better timing.
Related violations: <none>

SYNTH-5#300 Warning
Mapped onto distributed RAM because of timing constraints  
The instance ram_reg_1920_2047_1_1 is implemented as distributed LUT RAM for the following reason: The timing constraints suggest that the chosen mapping will yield a better timing.
Related violations: <none>

SYNTH-5#301 Warning
Mapped onto distributed RAM because of timing constraints  
The instance ram_reg_1920_2047_20_20 is implemented as distributed LUT RAM for the following reason: The timing constraints suggest that the chosen mapping will yield a better timing.
Related violations: <none>

SYNTH-5#302 Warning
Mapped onto distributed RAM because of timing constraints  
The instance ram_reg_1920_2047_21_21 is implemented as distributed LUT RAM for the following reason: The timing constraints suggest that the chosen mapping will yield a better timing.
Related violations: <none>

SYNTH-5#303 Warning
Mapped onto distributed RAM because of timing constraints  
The instance ram_reg_1920_2047_22_22 is implemented as distributed LUT RAM for the following reason: The timing constraints suggest that the chosen mapping will yield a better timing.
Related violations: <none>

SYNTH-5#304 Warning
Mapped onto distributed RAM because of timing constraints  
The instance ram_reg_1920_2047_23_23 is implemented as distributed LUT RAM for the following reason: The timing constraints suggest that the chosen mapping will yield a better timing.
Related violations: <none>

SYNTH-5#305 Warning
Mapped onto distributed RAM because of timing constraints  
The instance ram_reg_1920_2047_24_24 is implemented as distributed LUT RAM for the following reason: The timing constraints suggest that the chosen mapping will yield a better timing.
Related violations: <none>

SYNTH-5#306 Warning
Mapped onto distributed RAM because of timing constraints  
The instance ram_reg_1920_2047_25_25 is implemented as distributed LUT RAM for the following reason: The timing constraints suggest that the chosen mapping will yield a better timing.
Related violations: <none>

SYNTH-5#307 Warning
Mapped onto distributed RAM because of timing constraints  
The instance ram_reg_1920_2047_26_26 is implemented as distributed LUT RAM for the following reason: The timing constraints suggest that the chosen mapping will yield a better timing.
Related violations: <none>

SYNTH-5#308 Warning
Mapped onto distributed RAM because of timing constraints  
The instance ram_reg_1920_2047_27_27 is implemented as distributed LUT RAM for the following reason: The timing constraints suggest that the chosen mapping will yield a better timing.
Related violations: <none>

SYNTH-5#309 Warning
Mapped onto distributed RAM because of timing constraints  
The instance ram_reg_1920_2047_28_28 is implemented as distributed LUT RAM for the following reason: The timing constraints suggest that the chosen mapping will yield a better timing.
Related violations: <none>

SYNTH-5#310 Warning
Mapped onto distributed RAM because of timing constraints  
The instance ram_reg_1920_2047_29_29 is implemented as distributed LUT RAM for the following reason: The timing constraints suggest that the chosen mapping will yield a better timing.
Related violations: <none>

SYNTH-5#311 Warning
Mapped onto distributed RAM because of timing constraints  
The instance ram_reg_1920_2047_2_2 is implemented as distributed LUT RAM for the following reason: The timing constraints suggest that the chosen mapping will yield a better timing.
Related violations: <none>

SYNTH-5#312 Warning
Mapped onto distributed RAM because of timing constraints  
The instance ram_reg_1920_2047_30_30 is implemented as distributed LUT RAM for the following reason: The timing constraints suggest that the chosen mapping will yield a better timing.
Related violations: <none>

SYNTH-5#313 Warning
Mapped onto distributed RAM because of timing constraints  
The instance ram_reg_1920_2047_31_31 is implemented as distributed LUT RAM for the following reason: The timing constraints suggest that the chosen mapping will yield a better timing.
Related violations: <none>

SYNTH-5#314 Warning
Mapped onto distributed RAM because of timing constraints  
The instance ram_reg_1920_2047_3_3 is implemented as distributed LUT RAM for the following reason: The timing constraints suggest that the chosen mapping will yield a better timing.
Related violations: <none>

SYNTH-5#315 Warning
Mapped onto distributed RAM because of timing constraints  
The instance ram_reg_1920_2047_4_4 is implemented as distributed LUT RAM for the following reason: The timing constraints suggest that the chosen mapping will yield a better timing.
Related violations: <none>

SYNTH-5#316 Warning
Mapped onto distributed RAM because of timing constraints  
The instance ram_reg_1920_2047_5_5 is implemented as distributed LUT RAM for the following reason: The timing constraints suggest that the chosen mapping will yield a better timing.
Related violations: <none>

SYNTH-5#317 Warning
Mapped onto distributed RAM because of timing constraints  
The instance ram_reg_1920_2047_6_6 is implemented as distributed LUT RAM for the following reason: The timing constraints suggest that the chosen mapping will yield a better timing.
Related violations: <none>

SYNTH-5#318 Warning
Mapped onto distributed RAM because of timing constraints  
The instance ram_reg_1920_2047_7_7 is implemented as distributed LUT RAM for the following reason: The timing constraints suggest that the chosen mapping will yield a better timing.
Related violations: <none>

SYNTH-5#319 Warning
Mapped onto distributed RAM because of timing constraints  
The instance ram_reg_1920_2047_8_8 is implemented as distributed LUT RAM for the following reason: The timing constraints suggest that the chosen mapping will yield a better timing.
Related violations: <none>

SYNTH-5#320 Warning
Mapped onto distributed RAM because of timing constraints  
The instance ram_reg_1920_2047_9_9 is implemented as distributed LUT RAM for the following reason: The timing constraints suggest that the chosen mapping will yield a better timing.
Related violations: <none>

SYNTH-5#321 Warning
Mapped onto distributed RAM because of timing constraints  
The instance ram_reg_2048_2175_0_0 is implemented as distributed LUT RAM for the following reason: The timing constraints suggest that the chosen mapping will yield a better timing.
Related violations: <none>

SYNTH-5#322 Warning
Mapped onto distributed RAM because of timing constraints  
The instance ram_reg_2048_2175_10_10 is implemented as distributed LUT RAM for the following reason: The timing constraints suggest that the chosen mapping will yield a better timing.
Related violations: <none>

SYNTH-5#323 Warning
Mapped onto distributed RAM because of timing constraints  
The instance ram_reg_2048_2175_11_11 is implemented as distributed LUT RAM for the following reason: The timing constraints suggest that the chosen mapping will yield a better timing.
Related violations: <none>

SYNTH-5#324 Warning
Mapped onto distributed RAM because of timing constraints  
The instance ram_reg_2048_2175_12_12 is implemented as distributed LUT RAM for the following reason: The timing constraints suggest that the chosen mapping will yield a better timing.
Related violations: <none>

SYNTH-5#325 Warning
Mapped onto distributed RAM because of timing constraints  
The instance ram_reg_2048_2175_13_13 is implemented as distributed LUT RAM for the following reason: The timing constraints suggest that the chosen mapping will yield a better timing.
Related violations: <none>

SYNTH-5#326 Warning
Mapped onto distributed RAM because of timing constraints  
The instance ram_reg_2048_2175_14_14 is implemented as distributed LUT RAM for the following reason: The timing constraints suggest that the chosen mapping will yield a better timing.
Related violations: <none>

SYNTH-5#327 Warning
Mapped onto distributed RAM because of timing constraints  
The instance ram_reg_2048_2175_15_15 is implemented as distributed LUT RAM for the following reason: The timing constraints suggest that the chosen mapping will yield a better timing.
Related violations: <none>

SYNTH-5#328 Warning
Mapped onto distributed RAM because of timing constraints  
The instance ram_reg_2048_2175_16_16 is implemented as distributed LUT RAM for the following reason: The timing constraints suggest that the chosen mapping will yield a better timing.
Related violations: <none>

SYNTH-5#329 Warning
Mapped onto distributed RAM because of timing constraints  
The instance ram_reg_2048_2175_17_17 is implemented as distributed LUT RAM for the following reason: The timing constraints suggest that the chosen mapping will yield a better timing.
Related violations: <none>

SYNTH-5#330 Warning
Mapped onto distributed RAM because of timing constraints  
The instance ram_reg_2048_2175_18_18 is implemented as distributed LUT RAM for the following reason: The timing constraints suggest that the chosen mapping will yield a better timing.
Related violations: <none>

SYNTH-5#331 Warning
Mapped onto distributed RAM because of timing constraints  
The instance ram_reg_2048_2175_19_19 is implemented as distributed LUT RAM for the following reason: The timing constraints suggest that the chosen mapping will yield a better timing.
Related violations: <none>

SYNTH-5#332 Warning
Mapped onto distributed RAM because of timing constraints  
The instance ram_reg_2048_2175_1_1 is implemented as distributed LUT RAM for the following reason: The timing constraints suggest that the chosen mapping will yield a better timing.
Related violations: <none>

SYNTH-5#333 Warning
Mapped onto distributed RAM because of timing constraints  
The instance ram_reg_2048_2175_20_20 is implemented as distributed LUT RAM for the following reason: The timing constraints suggest that the chosen mapping will yield a better timing.
Related violations: <none>

SYNTH-5#334 Warning
Mapped onto distributed RAM because of timing constraints  
The instance ram_reg_2048_2175_21_21 is implemented as distributed LUT RAM for the following reason: The timing constraints suggest that the chosen mapping will yield a better timing.
Related violations: <none>

SYNTH-5#335 Warning
Mapped onto distributed RAM because of timing constraints  
The instance ram_reg_2048_2175_22_22 is implemented as distributed LUT RAM for the following reason: The timing constraints suggest that the chosen mapping will yield a better timing.
Related violations: <none>

SYNTH-5#336 Warning
Mapped onto distributed RAM because of timing constraints  
The instance ram_reg_2048_2175_23_23 is implemented as distributed LUT RAM for the following reason: The timing constraints suggest that the chosen mapping will yield a better timing.
Related violations: <none>

SYNTH-5#337 Warning
Mapped onto distributed RAM because of timing constraints  
The instance ram_reg_2048_2175_24_24 is implemented as distributed LUT RAM for the following reason: The timing constraints suggest that the chosen mapping will yield a better timing.
Related violations: <none>

SYNTH-5#338 Warning
Mapped onto distributed RAM because of timing constraints  
The instance ram_reg_2048_2175_25_25 is implemented as distributed LUT RAM for the following reason: The timing constraints suggest that the chosen mapping will yield a better timing.
Related violations: <none>

SYNTH-5#339 Warning
Mapped onto distributed RAM because of timing constraints  
The instance ram_reg_2048_2175_26_26 is implemented as distributed LUT RAM for the following reason: The timing constraints suggest that the chosen mapping will yield a better timing.
Related violations: <none>

SYNTH-5#340 Warning
Mapped onto distributed RAM because of timing constraints  
The instance ram_reg_2048_2175_27_27 is implemented as distributed LUT RAM for the following reason: The timing constraints suggest that the chosen mapping will yield a better timing.
Related violations: <none>

SYNTH-5#341 Warning
Mapped onto distributed RAM because of timing constraints  
The instance ram_reg_2048_2175_28_28 is implemented as distributed LUT RAM for the following reason: The timing constraints suggest that the chosen mapping will yield a better timing.
Related violations: <none>

SYNTH-5#342 Warning
Mapped onto distributed RAM because of timing constraints  
The instance ram_reg_2048_2175_29_29 is implemented as distributed LUT RAM for the following reason: The timing constraints suggest that the chosen mapping will yield a better timing.
Related violations: <none>

SYNTH-5#343 Warning
Mapped onto distributed RAM because of timing constraints  
The instance ram_reg_2048_2175_2_2 is implemented as distributed LUT RAM for the following reason: The timing constraints suggest that the chosen mapping will yield a better timing.
Related violations: <none>

SYNTH-5#344 Warning
Mapped onto distributed RAM because of timing constraints  
The instance ram_reg_2048_2175_30_30 is implemented as distributed LUT RAM for the following reason: The timing constraints suggest that the chosen mapping will yield a better timing.
Related violations: <none>

SYNTH-5#345 Warning
Mapped onto distributed RAM because of timing constraints  
The instance ram_reg_2048_2175_31_31 is implemented as distributed LUT RAM for the following reason: The timing constraints suggest that the chosen mapping will yield a better timing.
Related violations: <none>

SYNTH-5#346 Warning
Mapped onto distributed RAM because of timing constraints  
The instance ram_reg_2048_2175_3_3 is implemented as distributed LUT RAM for the following reason: The timing constraints suggest that the chosen mapping will yield a better timing.
Related violations: <none>

SYNTH-5#347 Warning
Mapped onto distributed RAM because of timing constraints  
The instance ram_reg_2048_2175_4_4 is implemented as distributed LUT RAM for the following reason: The timing constraints suggest that the chosen mapping will yield a better timing.
Related violations: <none>

SYNTH-5#348 Warning
Mapped onto distributed RAM because of timing constraints  
The instance ram_reg_2048_2175_5_5 is implemented as distributed LUT RAM for the following reason: The timing constraints suggest that the chosen mapping will yield a better timing.
Related violations: <none>

SYNTH-5#349 Warning
Mapped onto distributed RAM because of timing constraints  
The instance ram_reg_2048_2175_6_6 is implemented as distributed LUT RAM for the following reason: The timing constraints suggest that the chosen mapping will yield a better timing.
Related violations: <none>

SYNTH-5#350 Warning
Mapped onto distributed RAM because of timing constraints  
The instance ram_reg_2048_2175_7_7 is implemented as distributed LUT RAM for the following reason: The timing constraints suggest that the chosen mapping will yield a better timing.
Related violations: <none>

SYNTH-5#351 Warning
Mapped onto distributed RAM because of timing constraints  
The instance ram_reg_2048_2175_8_8 is implemented as distributed LUT RAM for the following reason: The timing constraints suggest that the chosen mapping will yield a better timing.
Related violations: <none>

SYNTH-5#352 Warning
Mapped onto distributed RAM because of timing constraints  
The instance ram_reg_2048_2175_9_9 is implemented as distributed LUT RAM for the following reason: The timing constraints suggest that the chosen mapping will yield a better timing.
Related violations: <none>

SYNTH-5#353 Warning
Mapped onto distributed RAM because of timing constraints  
The instance ram_reg_2176_2303_0_0 is implemented as distributed LUT RAM for the following reason: The timing constraints suggest that the chosen mapping will yield a better timing.
Related violations: <none>

SYNTH-5#354 Warning
Mapped onto distributed RAM because of timing constraints  
The instance ram_reg_2176_2303_10_10 is implemented as distributed LUT RAM for the following reason: The timing constraints suggest that the chosen mapping will yield a better timing.
Related violations: <none>

SYNTH-5#355 Warning
Mapped onto distributed RAM because of timing constraints  
The instance ram_reg_2176_2303_11_11 is implemented as distributed LUT RAM for the following reason: The timing constraints suggest that the chosen mapping will yield a better timing.
Related violations: <none>

SYNTH-5#356 Warning
Mapped onto distributed RAM because of timing constraints  
The instance ram_reg_2176_2303_12_12 is implemented as distributed LUT RAM for the following reason: The timing constraints suggest that the chosen mapping will yield a better timing.
Related violations: <none>

SYNTH-5#357 Warning
Mapped onto distributed RAM because of timing constraints  
The instance ram_reg_2176_2303_13_13 is implemented as distributed LUT RAM for the following reason: The timing constraints suggest that the chosen mapping will yield a better timing.
Related violations: <none>

SYNTH-5#358 Warning
Mapped onto distributed RAM because of timing constraints  
The instance ram_reg_2176_2303_14_14 is implemented as distributed LUT RAM for the following reason: The timing constraints suggest that the chosen mapping will yield a better timing.
Related violations: <none>

SYNTH-5#359 Warning
Mapped onto distributed RAM because of timing constraints  
The instance ram_reg_2176_2303_15_15 is implemented as distributed LUT RAM for the following reason: The timing constraints suggest that the chosen mapping will yield a better timing.
Related violations: <none>

SYNTH-5#360 Warning
Mapped onto distributed RAM because of timing constraints  
The instance ram_reg_2176_2303_16_16 is implemented as distributed LUT RAM for the following reason: The timing constraints suggest that the chosen mapping will yield a better timing.
Related violations: <none>

SYNTH-5#361 Warning
Mapped onto distributed RAM because of timing constraints  
The instance ram_reg_2176_2303_17_17 is implemented as distributed LUT RAM for the following reason: The timing constraints suggest that the chosen mapping will yield a better timing.
Related violations: <none>

SYNTH-5#362 Warning
Mapped onto distributed RAM because of timing constraints  
The instance ram_reg_2176_2303_18_18 is implemented as distributed LUT RAM for the following reason: The timing constraints suggest that the chosen mapping will yield a better timing.
Related violations: <none>

SYNTH-5#363 Warning
Mapped onto distributed RAM because of timing constraints  
The instance ram_reg_2176_2303_19_19 is implemented as distributed LUT RAM for the following reason: The timing constraints suggest that the chosen mapping will yield a better timing.
Related violations: <none>

SYNTH-5#364 Warning
Mapped onto distributed RAM because of timing constraints  
The instance ram_reg_2176_2303_1_1 is implemented as distributed LUT RAM for the following reason: The timing constraints suggest that the chosen mapping will yield a better timing.
Related violations: <none>

SYNTH-5#365 Warning
Mapped onto distributed RAM because of timing constraints  
The instance ram_reg_2176_2303_20_20 is implemented as distributed LUT RAM for the following reason: The timing constraints suggest that the chosen mapping will yield a better timing.
Related violations: <none>

SYNTH-5#366 Warning
Mapped onto distributed RAM because of timing constraints  
The instance ram_reg_2176_2303_21_21 is implemented as distributed LUT RAM for the following reason: The timing constraints suggest that the chosen mapping will yield a better timing.
Related violations: <none>

SYNTH-5#367 Warning
Mapped onto distributed RAM because of timing constraints  
The instance ram_reg_2176_2303_22_22 is implemented as distributed LUT RAM for the following reason: The timing constraints suggest that the chosen mapping will yield a better timing.
Related violations: <none>

SYNTH-5#368 Warning
Mapped onto distributed RAM because of timing constraints  
The instance ram_reg_2176_2303_23_23 is implemented as distributed LUT RAM for the following reason: The timing constraints suggest that the chosen mapping will yield a better timing.
Related violations: <none>

SYNTH-5#369 Warning
Mapped onto distributed RAM because of timing constraints  
The instance ram_reg_2176_2303_24_24 is implemented as distributed LUT RAM for the following reason: The timing constraints suggest that the chosen mapping will yield a better timing.
Related violations: <none>

SYNTH-5#370 Warning
Mapped onto distributed RAM because of timing constraints  
The instance ram_reg_2176_2303_25_25 is implemented as distributed LUT RAM for the following reason: The timing constraints suggest that the chosen mapping will yield a better timing.
Related violations: <none>

SYNTH-5#371 Warning
Mapped onto distributed RAM because of timing constraints  
The instance ram_reg_2176_2303_26_26 is implemented as distributed LUT RAM for the following reason: The timing constraints suggest that the chosen mapping will yield a better timing.
Related violations: <none>

SYNTH-5#372 Warning
Mapped onto distributed RAM because of timing constraints  
The instance ram_reg_2176_2303_27_27 is implemented as distributed LUT RAM for the following reason: The timing constraints suggest that the chosen mapping will yield a better timing.
Related violations: <none>

SYNTH-5#373 Warning
Mapped onto distributed RAM because of timing constraints  
The instance ram_reg_2176_2303_28_28 is implemented as distributed LUT RAM for the following reason: The timing constraints suggest that the chosen mapping will yield a better timing.
Related violations: <none>

SYNTH-5#374 Warning
Mapped onto distributed RAM because of timing constraints  
The instance ram_reg_2176_2303_29_29 is implemented as distributed LUT RAM for the following reason: The timing constraints suggest that the chosen mapping will yield a better timing.
Related violations: <none>

SYNTH-5#375 Warning
Mapped onto distributed RAM because of timing constraints  
The instance ram_reg_2176_2303_2_2 is implemented as distributed LUT RAM for the following reason: The timing constraints suggest that the chosen mapping will yield a better timing.
Related violations: <none>

SYNTH-5#376 Warning
Mapped onto distributed RAM because of timing constraints  
The instance ram_reg_2176_2303_30_30 is implemented as distributed LUT RAM for the following reason: The timing constraints suggest that the chosen mapping will yield a better timing.
Related violations: <none>

SYNTH-5#377 Warning
Mapped onto distributed RAM because of timing constraints  
The instance ram_reg_2176_2303_31_31 is implemented as distributed LUT RAM for the following reason: The timing constraints suggest that the chosen mapping will yield a better timing.
Related violations: <none>

SYNTH-5#378 Warning
Mapped onto distributed RAM because of timing constraints  
The instance ram_reg_2176_2303_3_3 is implemented as distributed LUT RAM for the following reason: The timing constraints suggest that the chosen mapping will yield a better timing.
Related violations: <none>

SYNTH-5#379 Warning
Mapped onto distributed RAM because of timing constraints  
The instance ram_reg_2176_2303_4_4 is implemented as distributed LUT RAM for the following reason: The timing constraints suggest that the chosen mapping will yield a better timing.
Related violations: <none>

SYNTH-5#380 Warning
Mapped onto distributed RAM because of timing constraints  
The instance ram_reg_2176_2303_5_5 is implemented as distributed LUT RAM for the following reason: The timing constraints suggest that the chosen mapping will yield a better timing.
Related violations: <none>

SYNTH-5#381 Warning
Mapped onto distributed RAM because of timing constraints  
The instance ram_reg_2176_2303_6_6 is implemented as distributed LUT RAM for the following reason: The timing constraints suggest that the chosen mapping will yield a better timing.
Related violations: <none>

SYNTH-5#382 Warning
Mapped onto distributed RAM because of timing constraints  
The instance ram_reg_2176_2303_7_7 is implemented as distributed LUT RAM for the following reason: The timing constraints suggest that the chosen mapping will yield a better timing.
Related violations: <none>

SYNTH-5#383 Warning
Mapped onto distributed RAM because of timing constraints  
The instance ram_reg_2176_2303_8_8 is implemented as distributed LUT RAM for the following reason: The timing constraints suggest that the chosen mapping will yield a better timing.
Related violations: <none>

SYNTH-5#384 Warning
Mapped onto distributed RAM because of timing constraints  
The instance ram_reg_2176_2303_9_9 is implemented as distributed LUT RAM for the following reason: The timing constraints suggest that the chosen mapping will yield a better timing.
Related violations: <none>

SYNTH-5#385 Warning
Mapped onto distributed RAM because of timing constraints  
The instance ram_reg_2304_2431_0_0 is implemented as distributed LUT RAM for the following reason: The timing constraints suggest that the chosen mapping will yield a better timing.
Related violations: <none>

SYNTH-5#386 Warning
Mapped onto distributed RAM because of timing constraints  
The instance ram_reg_2304_2431_10_10 is implemented as distributed LUT RAM for the following reason: The timing constraints suggest that the chosen mapping will yield a better timing.
Related violations: <none>

SYNTH-5#387 Warning
Mapped onto distributed RAM because of timing constraints  
The instance ram_reg_2304_2431_11_11 is implemented as distributed LUT RAM for the following reason: The timing constraints suggest that the chosen mapping will yield a better timing.
Related violations: <none>

SYNTH-5#388 Warning
Mapped onto distributed RAM because of timing constraints  
The instance ram_reg_2304_2431_12_12 is implemented as distributed LUT RAM for the following reason: The timing constraints suggest that the chosen mapping will yield a better timing.
Related violations: <none>

SYNTH-5#389 Warning
Mapped onto distributed RAM because of timing constraints  
The instance ram_reg_2304_2431_13_13 is implemented as distributed LUT RAM for the following reason: The timing constraints suggest that the chosen mapping will yield a better timing.
Related violations: <none>

SYNTH-5#390 Warning
Mapped onto distributed RAM because of timing constraints  
The instance ram_reg_2304_2431_14_14 is implemented as distributed LUT RAM for the following reason: The timing constraints suggest that the chosen mapping will yield a better timing.
Related violations: <none>

SYNTH-5#391 Warning
Mapped onto distributed RAM because of timing constraints  
The instance ram_reg_2304_2431_15_15 is implemented as distributed LUT RAM for the following reason: The timing constraints suggest that the chosen mapping will yield a better timing.
Related violations: <none>

SYNTH-5#392 Warning
Mapped onto distributed RAM because of timing constraints  
The instance ram_reg_2304_2431_16_16 is implemented as distributed LUT RAM for the following reason: The timing constraints suggest that the chosen mapping will yield a better timing.
Related violations: <none>

SYNTH-5#393 Warning
Mapped onto distributed RAM because of timing constraints  
The instance ram_reg_2304_2431_17_17 is implemented as distributed LUT RAM for the following reason: The timing constraints suggest that the chosen mapping will yield a better timing.
Related violations: <none>

SYNTH-5#394 Warning
Mapped onto distributed RAM because of timing constraints  
The instance ram_reg_2304_2431_18_18 is implemented as distributed LUT RAM for the following reason: The timing constraints suggest that the chosen mapping will yield a better timing.
Related violations: <none>

SYNTH-5#395 Warning
Mapped onto distributed RAM because of timing constraints  
The instance ram_reg_2304_2431_19_19 is implemented as distributed LUT RAM for the following reason: The timing constraints suggest that the chosen mapping will yield a better timing.
Related violations: <none>

SYNTH-5#396 Warning
Mapped onto distributed RAM because of timing constraints  
The instance ram_reg_2304_2431_1_1 is implemented as distributed LUT RAM for the following reason: The timing constraints suggest that the chosen mapping will yield a better timing.
Related violations: <none>

SYNTH-5#397 Warning
Mapped onto distributed RAM because of timing constraints  
The instance ram_reg_2304_2431_20_20 is implemented as distributed LUT RAM for the following reason: The timing constraints suggest that the chosen mapping will yield a better timing.
Related violations: <none>

SYNTH-5#398 Warning
Mapped onto distributed RAM because of timing constraints  
The instance ram_reg_2304_2431_21_21 is implemented as distributed LUT RAM for the following reason: The timing constraints suggest that the chosen mapping will yield a better timing.
Related violations: <none>

SYNTH-5#399 Warning
Mapped onto distributed RAM because of timing constraints  
The instance ram_reg_2304_2431_22_22 is implemented as distributed LUT RAM for the following reason: The timing constraints suggest that the chosen mapping will yield a better timing.
Related violations: <none>

SYNTH-5#400 Warning
Mapped onto distributed RAM because of timing constraints  
The instance ram_reg_2304_2431_23_23 is implemented as distributed LUT RAM for the following reason: The timing constraints suggest that the chosen mapping will yield a better timing.
Related violations: <none>

SYNTH-5#401 Warning
Mapped onto distributed RAM because of timing constraints  
The instance ram_reg_2304_2431_24_24 is implemented as distributed LUT RAM for the following reason: The timing constraints suggest that the chosen mapping will yield a better timing.
Related violations: <none>

SYNTH-5#402 Warning
Mapped onto distributed RAM because of timing constraints  
The instance ram_reg_2304_2431_25_25 is implemented as distributed LUT RAM for the following reason: The timing constraints suggest that the chosen mapping will yield a better timing.
Related violations: <none>

SYNTH-5#403 Warning
Mapped onto distributed RAM because of timing constraints  
The instance ram_reg_2304_2431_26_26 is implemented as distributed LUT RAM for the following reason: The timing constraints suggest that the chosen mapping will yield a better timing.
Related violations: <none>

SYNTH-5#404 Warning
Mapped onto distributed RAM because of timing constraints  
The instance ram_reg_2304_2431_27_27 is implemented as distributed LUT RAM for the following reason: The timing constraints suggest that the chosen mapping will yield a better timing.
Related violations: <none>

SYNTH-5#405 Warning
Mapped onto distributed RAM because of timing constraints  
The instance ram_reg_2304_2431_28_28 is implemented as distributed LUT RAM for the following reason: The timing constraints suggest that the chosen mapping will yield a better timing.
Related violations: <none>

SYNTH-5#406 Warning
Mapped onto distributed RAM because of timing constraints  
The instance ram_reg_2304_2431_29_29 is implemented as distributed LUT RAM for the following reason: The timing constraints suggest that the chosen mapping will yield a better timing.
Related violations: <none>

SYNTH-5#407 Warning
Mapped onto distributed RAM because of timing constraints  
The instance ram_reg_2304_2431_2_2 is implemented as distributed LUT RAM for the following reason: The timing constraints suggest that the chosen mapping will yield a better timing.
Related violations: <none>

SYNTH-5#408 Warning
Mapped onto distributed RAM because of timing constraints  
The instance ram_reg_2304_2431_30_30 is implemented as distributed LUT RAM for the following reason: The timing constraints suggest that the chosen mapping will yield a better timing.
Related violations: <none>

SYNTH-5#409 Warning
Mapped onto distributed RAM because of timing constraints  
The instance ram_reg_2304_2431_31_31 is implemented as distributed LUT RAM for the following reason: The timing constraints suggest that the chosen mapping will yield a better timing.
Related violations: <none>

SYNTH-5#410 Warning
Mapped onto distributed RAM because of timing constraints  
The instance ram_reg_2304_2431_3_3 is implemented as distributed LUT RAM for the following reason: The timing constraints suggest that the chosen mapping will yield a better timing.
Related violations: <none>

SYNTH-5#411 Warning
Mapped onto distributed RAM because of timing constraints  
The instance ram_reg_2304_2431_4_4 is implemented as distributed LUT RAM for the following reason: The timing constraints suggest that the chosen mapping will yield a better timing.
Related violations: <none>

SYNTH-5#412 Warning
Mapped onto distributed RAM because of timing constraints  
The instance ram_reg_2304_2431_5_5 is implemented as distributed LUT RAM for the following reason: The timing constraints suggest that the chosen mapping will yield a better timing.
Related violations: <none>

SYNTH-5#413 Warning
Mapped onto distributed RAM because of timing constraints  
The instance ram_reg_2304_2431_6_6 is implemented as distributed LUT RAM for the following reason: The timing constraints suggest that the chosen mapping will yield a better timing.
Related violations: <none>

SYNTH-5#414 Warning
Mapped onto distributed RAM because of timing constraints  
The instance ram_reg_2304_2431_7_7 is implemented as distributed LUT RAM for the following reason: The timing constraints suggest that the chosen mapping will yield a better timing.
Related violations: <none>

SYNTH-5#415 Warning
Mapped onto distributed RAM because of timing constraints  
The instance ram_reg_2304_2431_8_8 is implemented as distributed LUT RAM for the following reason: The timing constraints suggest that the chosen mapping will yield a better timing.
Related violations: <none>

SYNTH-5#416 Warning
Mapped onto distributed RAM because of timing constraints  
The instance ram_reg_2304_2431_9_9 is implemented as distributed LUT RAM for the following reason: The timing constraints suggest that the chosen mapping will yield a better timing.
Related violations: <none>

SYNTH-5#417 Warning
Mapped onto distributed RAM because of timing constraints  
The instance ram_reg_2432_2559_0_0 is implemented as distributed LUT RAM for the following reason: The timing constraints suggest that the chosen mapping will yield a better timing.
Related violations: <none>

SYNTH-5#418 Warning
Mapped onto distributed RAM because of timing constraints  
The instance ram_reg_2432_2559_10_10 is implemented as distributed LUT RAM for the following reason: The timing constraints suggest that the chosen mapping will yield a better timing.
Related violations: <none>

SYNTH-5#419 Warning
Mapped onto distributed RAM because of timing constraints  
The instance ram_reg_2432_2559_11_11 is implemented as distributed LUT RAM for the following reason: The timing constraints suggest that the chosen mapping will yield a better timing.
Related violations: <none>

SYNTH-5#420 Warning
Mapped onto distributed RAM because of timing constraints  
The instance ram_reg_2432_2559_12_12 is implemented as distributed LUT RAM for the following reason: The timing constraints suggest that the chosen mapping will yield a better timing.
Related violations: <none>

SYNTH-5#421 Warning
Mapped onto distributed RAM because of timing constraints  
The instance ram_reg_2432_2559_13_13 is implemented as distributed LUT RAM for the following reason: The timing constraints suggest that the chosen mapping will yield a better timing.
Related violations: <none>

SYNTH-5#422 Warning
Mapped onto distributed RAM because of timing constraints  
The instance ram_reg_2432_2559_14_14 is implemented as distributed LUT RAM for the following reason: The timing constraints suggest that the chosen mapping will yield a better timing.
Related violations: <none>

SYNTH-5#423 Warning
Mapped onto distributed RAM because of timing constraints  
The instance ram_reg_2432_2559_15_15 is implemented as distributed LUT RAM for the following reason: The timing constraints suggest that the chosen mapping will yield a better timing.
Related violations: <none>

SYNTH-5#424 Warning
Mapped onto distributed RAM because of timing constraints  
The instance ram_reg_2432_2559_16_16 is implemented as distributed LUT RAM for the following reason: The timing constraints suggest that the chosen mapping will yield a better timing.
Related violations: <none>

SYNTH-5#425 Warning
Mapped onto distributed RAM because of timing constraints  
The instance ram_reg_2432_2559_17_17 is implemented as distributed LUT RAM for the following reason: The timing constraints suggest that the chosen mapping will yield a better timing.
Related violations: <none>

SYNTH-5#426 Warning
Mapped onto distributed RAM because of timing constraints  
The instance ram_reg_2432_2559_18_18 is implemented as distributed LUT RAM for the following reason: The timing constraints suggest that the chosen mapping will yield a better timing.
Related violations: <none>

SYNTH-5#427 Warning
Mapped onto distributed RAM because of timing constraints  
The instance ram_reg_2432_2559_19_19 is implemented as distributed LUT RAM for the following reason: The timing constraints suggest that the chosen mapping will yield a better timing.
Related violations: <none>

SYNTH-5#428 Warning
Mapped onto distributed RAM because of timing constraints  
The instance ram_reg_2432_2559_1_1 is implemented as distributed LUT RAM for the following reason: The timing constraints suggest that the chosen mapping will yield a better timing.
Related violations: <none>

SYNTH-5#429 Warning
Mapped onto distributed RAM because of timing constraints  
The instance ram_reg_2432_2559_20_20 is implemented as distributed LUT RAM for the following reason: The timing constraints suggest that the chosen mapping will yield a better timing.
Related violations: <none>

SYNTH-5#430 Warning
Mapped onto distributed RAM because of timing constraints  
The instance ram_reg_2432_2559_21_21 is implemented as distributed LUT RAM for the following reason: The timing constraints suggest that the chosen mapping will yield a better timing.
Related violations: <none>

SYNTH-5#431 Warning
Mapped onto distributed RAM because of timing constraints  
The instance ram_reg_2432_2559_22_22 is implemented as distributed LUT RAM for the following reason: The timing constraints suggest that the chosen mapping will yield a better timing.
Related violations: <none>

SYNTH-5#432 Warning
Mapped onto distributed RAM because of timing constraints  
The instance ram_reg_2432_2559_23_23 is implemented as distributed LUT RAM for the following reason: The timing constraints suggest that the chosen mapping will yield a better timing.
Related violations: <none>

SYNTH-5#433 Warning
Mapped onto distributed RAM because of timing constraints  
The instance ram_reg_2432_2559_24_24 is implemented as distributed LUT RAM for the following reason: The timing constraints suggest that the chosen mapping will yield a better timing.
Related violations: <none>

SYNTH-5#434 Warning
Mapped onto distributed RAM because of timing constraints  
The instance ram_reg_2432_2559_25_25 is implemented as distributed LUT RAM for the following reason: The timing constraints suggest that the chosen mapping will yield a better timing.
Related violations: <none>

SYNTH-5#435 Warning
Mapped onto distributed RAM because of timing constraints  
The instance ram_reg_2432_2559_26_26 is implemented as distributed LUT RAM for the following reason: The timing constraints suggest that the chosen mapping will yield a better timing.
Related violations: <none>

SYNTH-5#436 Warning
Mapped onto distributed RAM because of timing constraints  
The instance ram_reg_2432_2559_27_27 is implemented as distributed LUT RAM for the following reason: The timing constraints suggest that the chosen mapping will yield a better timing.
Related violations: <none>

SYNTH-5#437 Warning
Mapped onto distributed RAM because of timing constraints  
The instance ram_reg_2432_2559_28_28 is implemented as distributed LUT RAM for the following reason: The timing constraints suggest that the chosen mapping will yield a better timing.
Related violations: <none>

SYNTH-5#438 Warning
Mapped onto distributed RAM because of timing constraints  
The instance ram_reg_2432_2559_29_29 is implemented as distributed LUT RAM for the following reason: The timing constraints suggest that the chosen mapping will yield a better timing.
Related violations: <none>

SYNTH-5#439 Warning
Mapped onto distributed RAM because of timing constraints  
The instance ram_reg_2432_2559_2_2 is implemented as distributed LUT RAM for the following reason: The timing constraints suggest that the chosen mapping will yield a better timing.
Related violations: <none>

SYNTH-5#440 Warning
Mapped onto distributed RAM because of timing constraints  
The instance ram_reg_2432_2559_30_30 is implemented as distributed LUT RAM for the following reason: The timing constraints suggest that the chosen mapping will yield a better timing.
Related violations: <none>

SYNTH-5#441 Warning
Mapped onto distributed RAM because of timing constraints  
The instance ram_reg_2432_2559_31_31 is implemented as distributed LUT RAM for the following reason: The timing constraints suggest that the chosen mapping will yield a better timing.
Related violations: <none>

SYNTH-5#442 Warning
Mapped onto distributed RAM because of timing constraints  
The instance ram_reg_2432_2559_3_3 is implemented as distributed LUT RAM for the following reason: The timing constraints suggest that the chosen mapping will yield a better timing.
Related violations: <none>

SYNTH-5#443 Warning
Mapped onto distributed RAM because of timing constraints  
The instance ram_reg_2432_2559_4_4 is implemented as distributed LUT RAM for the following reason: The timing constraints suggest that the chosen mapping will yield a better timing.
Related violations: <none>

SYNTH-5#444 Warning
Mapped onto distributed RAM because of timing constraints  
The instance ram_reg_2432_2559_5_5 is implemented as distributed LUT RAM for the following reason: The timing constraints suggest that the chosen mapping will yield a better timing.
Related violations: <none>

SYNTH-5#445 Warning
Mapped onto distributed RAM because of timing constraints  
The instance ram_reg_2432_2559_6_6 is implemented as distributed LUT RAM for the following reason: The timing constraints suggest that the chosen mapping will yield a better timing.
Related violations: <none>

SYNTH-5#446 Warning
Mapped onto distributed RAM because of timing constraints  
The instance ram_reg_2432_2559_7_7 is implemented as distributed LUT RAM for the following reason: The timing constraints suggest that the chosen mapping will yield a better timing.
Related violations: <none>

SYNTH-5#447 Warning
Mapped onto distributed RAM because of timing constraints  
The instance ram_reg_2432_2559_8_8 is implemented as distributed LUT RAM for the following reason: The timing constraints suggest that the chosen mapping will yield a better timing.
Related violations: <none>

SYNTH-5#448 Warning
Mapped onto distributed RAM because of timing constraints  
The instance ram_reg_2432_2559_9_9 is implemented as distributed LUT RAM for the following reason: The timing constraints suggest that the chosen mapping will yield a better timing.
Related violations: <none>

SYNTH-5#449 Warning
Mapped onto distributed RAM because of timing constraints  
The instance ram_reg_2560_2687_0_0 is implemented as distributed LUT RAM for the following reason: The timing constraints suggest that the chosen mapping will yield a better timing.
Related violations: <none>

SYNTH-5#450 Warning
Mapped onto distributed RAM because of timing constraints  
The instance ram_reg_2560_2687_10_10 is implemented as distributed LUT RAM for the following reason: The timing constraints suggest that the chosen mapping will yield a better timing.
Related violations: <none>

SYNTH-5#451 Warning
Mapped onto distributed RAM because of timing constraints  
The instance ram_reg_2560_2687_11_11 is implemented as distributed LUT RAM for the following reason: The timing constraints suggest that the chosen mapping will yield a better timing.
Related violations: <none>

SYNTH-5#452 Warning
Mapped onto distributed RAM because of timing constraints  
The instance ram_reg_2560_2687_12_12 is implemented as distributed LUT RAM for the following reason: The timing constraints suggest that the chosen mapping will yield a better timing.
Related violations: <none>

SYNTH-5#453 Warning
Mapped onto distributed RAM because of timing constraints  
The instance ram_reg_2560_2687_13_13 is implemented as distributed LUT RAM for the following reason: The timing constraints suggest that the chosen mapping will yield a better timing.
Related violations: <none>

SYNTH-5#454 Warning
Mapped onto distributed RAM because of timing constraints  
The instance ram_reg_2560_2687_14_14 is implemented as distributed LUT RAM for the following reason: The timing constraints suggest that the chosen mapping will yield a better timing.
Related violations: <none>

SYNTH-5#455 Warning
Mapped onto distributed RAM because of timing constraints  
The instance ram_reg_2560_2687_15_15 is implemented as distributed LUT RAM for the following reason: The timing constraints suggest that the chosen mapping will yield a better timing.
Related violations: <none>

SYNTH-5#456 Warning
Mapped onto distributed RAM because of timing constraints  
The instance ram_reg_2560_2687_16_16 is implemented as distributed LUT RAM for the following reason: The timing constraints suggest that the chosen mapping will yield a better timing.
Related violations: <none>

SYNTH-5#457 Warning
Mapped onto distributed RAM because of timing constraints  
The instance ram_reg_2560_2687_17_17 is implemented as distributed LUT RAM for the following reason: The timing constraints suggest that the chosen mapping will yield a better timing.
Related violations: <none>

SYNTH-5#458 Warning
Mapped onto distributed RAM because of timing constraints  
The instance ram_reg_2560_2687_18_18 is implemented as distributed LUT RAM for the following reason: The timing constraints suggest that the chosen mapping will yield a better timing.
Related violations: <none>

SYNTH-5#459 Warning
Mapped onto distributed RAM because of timing constraints  
The instance ram_reg_2560_2687_19_19 is implemented as distributed LUT RAM for the following reason: The timing constraints suggest that the chosen mapping will yield a better timing.
Related violations: <none>

SYNTH-5#460 Warning
Mapped onto distributed RAM because of timing constraints  
The instance ram_reg_2560_2687_1_1 is implemented as distributed LUT RAM for the following reason: The timing constraints suggest that the chosen mapping will yield a better timing.
Related violations: <none>

SYNTH-5#461 Warning
Mapped onto distributed RAM because of timing constraints  
The instance ram_reg_2560_2687_20_20 is implemented as distributed LUT RAM for the following reason: The timing constraints suggest that the chosen mapping will yield a better timing.
Related violations: <none>

SYNTH-5#462 Warning
Mapped onto distributed RAM because of timing constraints  
The instance ram_reg_2560_2687_21_21 is implemented as distributed LUT RAM for the following reason: The timing constraints suggest that the chosen mapping will yield a better timing.
Related violations: <none>

SYNTH-5#463 Warning
Mapped onto distributed RAM because of timing constraints  
The instance ram_reg_2560_2687_22_22 is implemented as distributed LUT RAM for the following reason: The timing constraints suggest that the chosen mapping will yield a better timing.
Related violations: <none>

SYNTH-5#464 Warning
Mapped onto distributed RAM because of timing constraints  
The instance ram_reg_2560_2687_23_23 is implemented as distributed LUT RAM for the following reason: The timing constraints suggest that the chosen mapping will yield a better timing.
Related violations: <none>

SYNTH-5#465 Warning
Mapped onto distributed RAM because of timing constraints  
The instance ram_reg_2560_2687_24_24 is implemented as distributed LUT RAM for the following reason: The timing constraints suggest that the chosen mapping will yield a better timing.
Related violations: <none>

SYNTH-5#466 Warning
Mapped onto distributed RAM because of timing constraints  
The instance ram_reg_2560_2687_25_25 is implemented as distributed LUT RAM for the following reason: The timing constraints suggest that the chosen mapping will yield a better timing.
Related violations: <none>

SYNTH-5#467 Warning
Mapped onto distributed RAM because of timing constraints  
The instance ram_reg_2560_2687_26_26 is implemented as distributed LUT RAM for the following reason: The timing constraints suggest that the chosen mapping will yield a better timing.
Related violations: <none>

SYNTH-5#468 Warning
Mapped onto distributed RAM because of timing constraints  
The instance ram_reg_2560_2687_27_27 is implemented as distributed LUT RAM for the following reason: The timing constraints suggest that the chosen mapping will yield a better timing.
Related violations: <none>

SYNTH-5#469 Warning
Mapped onto distributed RAM because of timing constraints  
The instance ram_reg_2560_2687_28_28 is implemented as distributed LUT RAM for the following reason: The timing constraints suggest that the chosen mapping will yield a better timing.
Related violations: <none>

SYNTH-5#470 Warning
Mapped onto distributed RAM because of timing constraints  
The instance ram_reg_2560_2687_29_29 is implemented as distributed LUT RAM for the following reason: The timing constraints suggest that the chosen mapping will yield a better timing.
Related violations: <none>

SYNTH-5#471 Warning
Mapped onto distributed RAM because of timing constraints  
The instance ram_reg_2560_2687_2_2 is implemented as distributed LUT RAM for the following reason: The timing constraints suggest that the chosen mapping will yield a better timing.
Related violations: <none>

SYNTH-5#472 Warning
Mapped onto distributed RAM because of timing constraints  
The instance ram_reg_2560_2687_30_30 is implemented as distributed LUT RAM for the following reason: The timing constraints suggest that the chosen mapping will yield a better timing.
Related violations: <none>

SYNTH-5#473 Warning
Mapped onto distributed RAM because of timing constraints  
The instance ram_reg_2560_2687_31_31 is implemented as distributed LUT RAM for the following reason: The timing constraints suggest that the chosen mapping will yield a better timing.
Related violations: <none>

SYNTH-5#474 Warning
Mapped onto distributed RAM because of timing constraints  
The instance ram_reg_2560_2687_3_3 is implemented as distributed LUT RAM for the following reason: The timing constraints suggest that the chosen mapping will yield a better timing.
Related violations: <none>

SYNTH-5#475 Warning
Mapped onto distributed RAM because of timing constraints  
The instance ram_reg_2560_2687_4_4 is implemented as distributed LUT RAM for the following reason: The timing constraints suggest that the chosen mapping will yield a better timing.
Related violations: <none>

SYNTH-5#476 Warning
Mapped onto distributed RAM because of timing constraints  
The instance ram_reg_2560_2687_5_5 is implemented as distributed LUT RAM for the following reason: The timing constraints suggest that the chosen mapping will yield a better timing.
Related violations: <none>

SYNTH-5#477 Warning
Mapped onto distributed RAM because of timing constraints  
The instance ram_reg_2560_2687_6_6 is implemented as distributed LUT RAM for the following reason: The timing constraints suggest that the chosen mapping will yield a better timing.
Related violations: <none>

SYNTH-5#478 Warning
Mapped onto distributed RAM because of timing constraints  
The instance ram_reg_2560_2687_7_7 is implemented as distributed LUT RAM for the following reason: The timing constraints suggest that the chosen mapping will yield a better timing.
Related violations: <none>

SYNTH-5#479 Warning
Mapped onto distributed RAM because of timing constraints  
The instance ram_reg_2560_2687_8_8 is implemented as distributed LUT RAM for the following reason: The timing constraints suggest that the chosen mapping will yield a better timing.
Related violations: <none>

SYNTH-5#480 Warning
Mapped onto distributed RAM because of timing constraints  
The instance ram_reg_2560_2687_9_9 is implemented as distributed LUT RAM for the following reason: The timing constraints suggest that the chosen mapping will yield a better timing.
Related violations: <none>

SYNTH-5#481 Warning
Mapped onto distributed RAM because of timing constraints  
The instance ram_reg_256_383_0_0 is implemented as distributed LUT RAM for the following reason: The timing constraints suggest that the chosen mapping will yield a better timing.
Related violations: <none>

SYNTH-5#482 Warning
Mapped onto distributed RAM because of timing constraints  
The instance ram_reg_256_383_10_10 is implemented as distributed LUT RAM for the following reason: The timing constraints suggest that the chosen mapping will yield a better timing.
Related violations: <none>

SYNTH-5#483 Warning
Mapped onto distributed RAM because of timing constraints  
The instance ram_reg_256_383_11_11 is implemented as distributed LUT RAM for the following reason: The timing constraints suggest that the chosen mapping will yield a better timing.
Related violations: <none>

SYNTH-5#484 Warning
Mapped onto distributed RAM because of timing constraints  
The instance ram_reg_256_383_12_12 is implemented as distributed LUT RAM for the following reason: The timing constraints suggest that the chosen mapping will yield a better timing.
Related violations: <none>

SYNTH-5#485 Warning
Mapped onto distributed RAM because of timing constraints  
The instance ram_reg_256_383_13_13 is implemented as distributed LUT RAM for the following reason: The timing constraints suggest that the chosen mapping will yield a better timing.
Related violations: <none>

SYNTH-5#486 Warning
Mapped onto distributed RAM because of timing constraints  
The instance ram_reg_256_383_14_14 is implemented as distributed LUT RAM for the following reason: The timing constraints suggest that the chosen mapping will yield a better timing.
Related violations: <none>

SYNTH-5#487 Warning
Mapped onto distributed RAM because of timing constraints  
The instance ram_reg_256_383_15_15 is implemented as distributed LUT RAM for the following reason: The timing constraints suggest that the chosen mapping will yield a better timing.
Related violations: <none>

SYNTH-5#488 Warning
Mapped onto distributed RAM because of timing constraints  
The instance ram_reg_256_383_16_16 is implemented as distributed LUT RAM for the following reason: The timing constraints suggest that the chosen mapping will yield a better timing.
Related violations: <none>

SYNTH-5#489 Warning
Mapped onto distributed RAM because of timing constraints  
The instance ram_reg_256_383_17_17 is implemented as distributed LUT RAM for the following reason: The timing constraints suggest that the chosen mapping will yield a better timing.
Related violations: <none>

SYNTH-5#490 Warning
Mapped onto distributed RAM because of timing constraints  
The instance ram_reg_256_383_18_18 is implemented as distributed LUT RAM for the following reason: The timing constraints suggest that the chosen mapping will yield a better timing.
Related violations: <none>

SYNTH-5#491 Warning
Mapped onto distributed RAM because of timing constraints  
The instance ram_reg_256_383_19_19 is implemented as distributed LUT RAM for the following reason: The timing constraints suggest that the chosen mapping will yield a better timing.
Related violations: <none>

SYNTH-5#492 Warning
Mapped onto distributed RAM because of timing constraints  
The instance ram_reg_256_383_1_1 is implemented as distributed LUT RAM for the following reason: The timing constraints suggest that the chosen mapping will yield a better timing.
Related violations: <none>

SYNTH-5#493 Warning
Mapped onto distributed RAM because of timing constraints  
The instance ram_reg_256_383_20_20 is implemented as distributed LUT RAM for the following reason: The timing constraints suggest that the chosen mapping will yield a better timing.
Related violations: <none>

SYNTH-5#494 Warning
Mapped onto distributed RAM because of timing constraints  
The instance ram_reg_256_383_21_21 is implemented as distributed LUT RAM for the following reason: The timing constraints suggest that the chosen mapping will yield a better timing.
Related violations: <none>

SYNTH-5#495 Warning
Mapped onto distributed RAM because of timing constraints  
The instance ram_reg_256_383_22_22 is implemented as distributed LUT RAM for the following reason: The timing constraints suggest that the chosen mapping will yield a better timing.
Related violations: <none>

SYNTH-5#496 Warning
Mapped onto distributed RAM because of timing constraints  
The instance ram_reg_256_383_23_23 is implemented as distributed LUT RAM for the following reason: The timing constraints suggest that the chosen mapping will yield a better timing.
Related violations: <none>

SYNTH-5#497 Warning
Mapped onto distributed RAM because of timing constraints  
The instance ram_reg_256_383_24_24 is implemented as distributed LUT RAM for the following reason: The timing constraints suggest that the chosen mapping will yield a better timing.
Related violations: <none>

SYNTH-5#498 Warning
Mapped onto distributed RAM because of timing constraints  
The instance ram_reg_256_383_25_25 is implemented as distributed LUT RAM for the following reason: The timing constraints suggest that the chosen mapping will yield a better timing.
Related violations: <none>

SYNTH-5#499 Warning
Mapped onto distributed RAM because of timing constraints  
The instance ram_reg_256_383_26_26 is implemented as distributed LUT RAM for the following reason: The timing constraints suggest that the chosen mapping will yield a better timing.
Related violations: <none>

SYNTH-5#500 Warning
Mapped onto distributed RAM because of timing constraints  
The instance ram_reg_256_383_27_27 is implemented as distributed LUT RAM for the following reason: The timing constraints suggest that the chosen mapping will yield a better timing.
Related violations: <none>

SYNTH-5#501 Warning
Mapped onto distributed RAM because of timing constraints  
The instance ram_reg_256_383_28_28 is implemented as distributed LUT RAM for the following reason: The timing constraints suggest that the chosen mapping will yield a better timing.
Related violations: <none>

SYNTH-5#502 Warning
Mapped onto distributed RAM because of timing constraints  
The instance ram_reg_256_383_29_29 is implemented as distributed LUT RAM for the following reason: The timing constraints suggest that the chosen mapping will yield a better timing.
Related violations: <none>

SYNTH-5#503 Warning
Mapped onto distributed RAM because of timing constraints  
The instance ram_reg_256_383_2_2 is implemented as distributed LUT RAM for the following reason: The timing constraints suggest that the chosen mapping will yield a better timing.
Related violations: <none>

SYNTH-5#504 Warning
Mapped onto distributed RAM because of timing constraints  
The instance ram_reg_256_383_30_30 is implemented as distributed LUT RAM for the following reason: The timing constraints suggest that the chosen mapping will yield a better timing.
Related violations: <none>

SYNTH-5#505 Warning
Mapped onto distributed RAM because of timing constraints  
The instance ram_reg_256_383_31_31 is implemented as distributed LUT RAM for the following reason: The timing constraints suggest that the chosen mapping will yield a better timing.
Related violations: <none>

SYNTH-5#506 Warning
Mapped onto distributed RAM because of timing constraints  
The instance ram_reg_256_383_3_3 is implemented as distributed LUT RAM for the following reason: The timing constraints suggest that the chosen mapping will yield a better timing.
Related violations: <none>

SYNTH-5#507 Warning
Mapped onto distributed RAM because of timing constraints  
The instance ram_reg_256_383_4_4 is implemented as distributed LUT RAM for the following reason: The timing constraints suggest that the chosen mapping will yield a better timing.
Related violations: <none>

SYNTH-5#508 Warning
Mapped onto distributed RAM because of timing constraints  
The instance ram_reg_256_383_5_5 is implemented as distributed LUT RAM for the following reason: The timing constraints suggest that the chosen mapping will yield a better timing.
Related violations: <none>

SYNTH-5#509 Warning
Mapped onto distributed RAM because of timing constraints  
The instance ram_reg_256_383_6_6 is implemented as distributed LUT RAM for the following reason: The timing constraints suggest that the chosen mapping will yield a better timing.
Related violations: <none>

SYNTH-5#510 Warning
Mapped onto distributed RAM because of timing constraints  
The instance ram_reg_256_383_7_7 is implemented as distributed LUT RAM for the following reason: The timing constraints suggest that the chosen mapping will yield a better timing.
Related violations: <none>

SYNTH-5#511 Warning
Mapped onto distributed RAM because of timing constraints  
The instance ram_reg_256_383_8_8 is implemented as distributed LUT RAM for the following reason: The timing constraints suggest that the chosen mapping will yield a better timing.
Related violations: <none>

SYNTH-5#512 Warning
Mapped onto distributed RAM because of timing constraints  
The instance ram_reg_256_383_9_9 is implemented as distributed LUT RAM for the following reason: The timing constraints suggest that the chosen mapping will yield a better timing.
Related violations: <none>

SYNTH-5#513 Warning
Mapped onto distributed RAM because of timing constraints  
The instance ram_reg_2688_2815_0_0 is implemented as distributed LUT RAM for the following reason: The timing constraints suggest that the chosen mapping will yield a better timing.
Related violations: <none>

SYNTH-5#514 Warning
Mapped onto distributed RAM because of timing constraints  
The instance ram_reg_2688_2815_10_10 is implemented as distributed LUT RAM for the following reason: The timing constraints suggest that the chosen mapping will yield a better timing.
Related violations: <none>

SYNTH-5#515 Warning
Mapped onto distributed RAM because of timing constraints  
The instance ram_reg_2688_2815_11_11 is implemented as distributed LUT RAM for the following reason: The timing constraints suggest that the chosen mapping will yield a better timing.
Related violations: <none>

SYNTH-5#516 Warning
Mapped onto distributed RAM because of timing constraints  
The instance ram_reg_2688_2815_12_12 is implemented as distributed LUT RAM for the following reason: The timing constraints suggest that the chosen mapping will yield a better timing.
Related violations: <none>

SYNTH-5#517 Warning
Mapped onto distributed RAM because of timing constraints  
The instance ram_reg_2688_2815_13_13 is implemented as distributed LUT RAM for the following reason: The timing constraints suggest that the chosen mapping will yield a better timing.
Related violations: <none>

SYNTH-5#518 Warning
Mapped onto distributed RAM because of timing constraints  
The instance ram_reg_2688_2815_14_14 is implemented as distributed LUT RAM for the following reason: The timing constraints suggest that the chosen mapping will yield a better timing.
Related violations: <none>

SYNTH-5#519 Warning
Mapped onto distributed RAM because of timing constraints  
The instance ram_reg_2688_2815_15_15 is implemented as distributed LUT RAM for the following reason: The timing constraints suggest that the chosen mapping will yield a better timing.
Related violations: <none>

SYNTH-5#520 Warning
Mapped onto distributed RAM because of timing constraints  
The instance ram_reg_2688_2815_16_16 is implemented as distributed LUT RAM for the following reason: The timing constraints suggest that the chosen mapping will yield a better timing.
Related violations: <none>

SYNTH-5#521 Warning
Mapped onto distributed RAM because of timing constraints  
The instance ram_reg_2688_2815_17_17 is implemented as distributed LUT RAM for the following reason: The timing constraints suggest that the chosen mapping will yield a better timing.
Related violations: <none>

SYNTH-5#522 Warning
Mapped onto distributed RAM because of timing constraints  
The instance ram_reg_2688_2815_18_18 is implemented as distributed LUT RAM for the following reason: The timing constraints suggest that the chosen mapping will yield a better timing.
Related violations: <none>

SYNTH-5#523 Warning
Mapped onto distributed RAM because of timing constraints  
The instance ram_reg_2688_2815_19_19 is implemented as distributed LUT RAM for the following reason: The timing constraints suggest that the chosen mapping will yield a better timing.
Related violations: <none>

SYNTH-5#524 Warning
Mapped onto distributed RAM because of timing constraints  
The instance ram_reg_2688_2815_1_1 is implemented as distributed LUT RAM for the following reason: The timing constraints suggest that the chosen mapping will yield a better timing.
Related violations: <none>

SYNTH-5#525 Warning
Mapped onto distributed RAM because of timing constraints  
The instance ram_reg_2688_2815_20_20 is implemented as distributed LUT RAM for the following reason: The timing constraints suggest that the chosen mapping will yield a better timing.
Related violations: <none>

SYNTH-5#526 Warning
Mapped onto distributed RAM because of timing constraints  
The instance ram_reg_2688_2815_21_21 is implemented as distributed LUT RAM for the following reason: The timing constraints suggest that the chosen mapping will yield a better timing.
Related violations: <none>

SYNTH-5#527 Warning
Mapped onto distributed RAM because of timing constraints  
The instance ram_reg_2688_2815_22_22 is implemented as distributed LUT RAM for the following reason: The timing constraints suggest that the chosen mapping will yield a better timing.
Related violations: <none>

SYNTH-5#528 Warning
Mapped onto distributed RAM because of timing constraints  
The instance ram_reg_2688_2815_23_23 is implemented as distributed LUT RAM for the following reason: The timing constraints suggest that the chosen mapping will yield a better timing.
Related violations: <none>

SYNTH-5#529 Warning
Mapped onto distributed RAM because of timing constraints  
The instance ram_reg_2688_2815_24_24 is implemented as distributed LUT RAM for the following reason: The timing constraints suggest that the chosen mapping will yield a better timing.
Related violations: <none>

SYNTH-5#530 Warning
Mapped onto distributed RAM because of timing constraints  
The instance ram_reg_2688_2815_25_25 is implemented as distributed LUT RAM for the following reason: The timing constraints suggest that the chosen mapping will yield a better timing.
Related violations: <none>

SYNTH-5#531 Warning
Mapped onto distributed RAM because of timing constraints  
The instance ram_reg_2688_2815_26_26 is implemented as distributed LUT RAM for the following reason: The timing constraints suggest that the chosen mapping will yield a better timing.
Related violations: <none>

SYNTH-5#532 Warning
Mapped onto distributed RAM because of timing constraints  
The instance ram_reg_2688_2815_27_27 is implemented as distributed LUT RAM for the following reason: The timing constraints suggest that the chosen mapping will yield a better timing.
Related violations: <none>

SYNTH-5#533 Warning
Mapped onto distributed RAM because of timing constraints  
The instance ram_reg_2688_2815_28_28 is implemented as distributed LUT RAM for the following reason: The timing constraints suggest that the chosen mapping will yield a better timing.
Related violations: <none>

SYNTH-5#534 Warning
Mapped onto distributed RAM because of timing constraints  
The instance ram_reg_2688_2815_29_29 is implemented as distributed LUT RAM for the following reason: The timing constraints suggest that the chosen mapping will yield a better timing.
Related violations: <none>

SYNTH-5#535 Warning
Mapped onto distributed RAM because of timing constraints  
The instance ram_reg_2688_2815_2_2 is implemented as distributed LUT RAM for the following reason: The timing constraints suggest that the chosen mapping will yield a better timing.
Related violations: <none>

SYNTH-5#536 Warning
Mapped onto distributed RAM because of timing constraints  
The instance ram_reg_2688_2815_30_30 is implemented as distributed LUT RAM for the following reason: The timing constraints suggest that the chosen mapping will yield a better timing.
Related violations: <none>

SYNTH-5#537 Warning
Mapped onto distributed RAM because of timing constraints  
The instance ram_reg_2688_2815_31_31 is implemented as distributed LUT RAM for the following reason: The timing constraints suggest that the chosen mapping will yield a better timing.
Related violations: <none>

SYNTH-5#538 Warning
Mapped onto distributed RAM because of timing constraints  
The instance ram_reg_2688_2815_3_3 is implemented as distributed LUT RAM for the following reason: The timing constraints suggest that the chosen mapping will yield a better timing.
Related violations: <none>

SYNTH-5#539 Warning
Mapped onto distributed RAM because of timing constraints  
The instance ram_reg_2688_2815_4_4 is implemented as distributed LUT RAM for the following reason: The timing constraints suggest that the chosen mapping will yield a better timing.
Related violations: <none>

SYNTH-5#540 Warning
Mapped onto distributed RAM because of timing constraints  
The instance ram_reg_2688_2815_5_5 is implemented as distributed LUT RAM for the following reason: The timing constraints suggest that the chosen mapping will yield a better timing.
Related violations: <none>

SYNTH-5#541 Warning
Mapped onto distributed RAM because of timing constraints  
The instance ram_reg_2688_2815_6_6 is implemented as distributed LUT RAM for the following reason: The timing constraints suggest that the chosen mapping will yield a better timing.
Related violations: <none>

SYNTH-5#542 Warning
Mapped onto distributed RAM because of timing constraints  
The instance ram_reg_2688_2815_7_7 is implemented as distributed LUT RAM for the following reason: The timing constraints suggest that the chosen mapping will yield a better timing.
Related violations: <none>

SYNTH-5#543 Warning
Mapped onto distributed RAM because of timing constraints  
The instance ram_reg_2688_2815_8_8 is implemented as distributed LUT RAM for the following reason: The timing constraints suggest that the chosen mapping will yield a better timing.
Related violations: <none>

SYNTH-5#544 Warning
Mapped onto distributed RAM because of timing constraints  
The instance ram_reg_2688_2815_9_9 is implemented as distributed LUT RAM for the following reason: The timing constraints suggest that the chosen mapping will yield a better timing.
Related violations: <none>

SYNTH-5#545 Warning
Mapped onto distributed RAM because of timing constraints  
The instance ram_reg_2816_2943_0_0 is implemented as distributed LUT RAM for the following reason: The timing constraints suggest that the chosen mapping will yield a better timing.
Related violations: <none>

SYNTH-5#546 Warning
Mapped onto distributed RAM because of timing constraints  
The instance ram_reg_2816_2943_10_10 is implemented as distributed LUT RAM for the following reason: The timing constraints suggest that the chosen mapping will yield a better timing.
Related violations: <none>

SYNTH-5#547 Warning
Mapped onto distributed RAM because of timing constraints  
The instance ram_reg_2816_2943_11_11 is implemented as distributed LUT RAM for the following reason: The timing constraints suggest that the chosen mapping will yield a better timing.
Related violations: <none>

SYNTH-5#548 Warning
Mapped onto distributed RAM because of timing constraints  
The instance ram_reg_2816_2943_12_12 is implemented as distributed LUT RAM for the following reason: The timing constraints suggest that the chosen mapping will yield a better timing.
Related violations: <none>

SYNTH-5#549 Warning
Mapped onto distributed RAM because of timing constraints  
The instance ram_reg_2816_2943_13_13 is implemented as distributed LUT RAM for the following reason: The timing constraints suggest that the chosen mapping will yield a better timing.
Related violations: <none>

SYNTH-5#550 Warning
Mapped onto distributed RAM because of timing constraints  
The instance ram_reg_2816_2943_14_14 is implemented as distributed LUT RAM for the following reason: The timing constraints suggest that the chosen mapping will yield a better timing.
Related violations: <none>

SYNTH-5#551 Warning
Mapped onto distributed RAM because of timing constraints  
The instance ram_reg_2816_2943_15_15 is implemented as distributed LUT RAM for the following reason: The timing constraints suggest that the chosen mapping will yield a better timing.
Related violations: <none>

SYNTH-5#552 Warning
Mapped onto distributed RAM because of timing constraints  
The instance ram_reg_2816_2943_16_16 is implemented as distributed LUT RAM for the following reason: The timing constraints suggest that the chosen mapping will yield a better timing.
Related violations: <none>

SYNTH-5#553 Warning
Mapped onto distributed RAM because of timing constraints  
The instance ram_reg_2816_2943_17_17 is implemented as distributed LUT RAM for the following reason: The timing constraints suggest that the chosen mapping will yield a better timing.
Related violations: <none>

SYNTH-5#554 Warning
Mapped onto distributed RAM because of timing constraints  
The instance ram_reg_2816_2943_18_18 is implemented as distributed LUT RAM for the following reason: The timing constraints suggest that the chosen mapping will yield a better timing.
Related violations: <none>

SYNTH-5#555 Warning
Mapped onto distributed RAM because of timing constraints  
The instance ram_reg_2816_2943_19_19 is implemented as distributed LUT RAM for the following reason: The timing constraints suggest that the chosen mapping will yield a better timing.
Related violations: <none>

SYNTH-5#556 Warning
Mapped onto distributed RAM because of timing constraints  
The instance ram_reg_2816_2943_1_1 is implemented as distributed LUT RAM for the following reason: The timing constraints suggest that the chosen mapping will yield a better timing.
Related violations: <none>

SYNTH-5#557 Warning
Mapped onto distributed RAM because of timing constraints  
The instance ram_reg_2816_2943_20_20 is implemented as distributed LUT RAM for the following reason: The timing constraints suggest that the chosen mapping will yield a better timing.
Related violations: <none>

SYNTH-5#558 Warning
Mapped onto distributed RAM because of timing constraints  
The instance ram_reg_2816_2943_21_21 is implemented as distributed LUT RAM for the following reason: The timing constraints suggest that the chosen mapping will yield a better timing.
Related violations: <none>

SYNTH-5#559 Warning
Mapped onto distributed RAM because of timing constraints  
The instance ram_reg_2816_2943_22_22 is implemented as distributed LUT RAM for the following reason: The timing constraints suggest that the chosen mapping will yield a better timing.
Related violations: <none>

SYNTH-5#560 Warning
Mapped onto distributed RAM because of timing constraints  
The instance ram_reg_2816_2943_23_23 is implemented as distributed LUT RAM for the following reason: The timing constraints suggest that the chosen mapping will yield a better timing.
Related violations: <none>

SYNTH-5#561 Warning
Mapped onto distributed RAM because of timing constraints  
The instance ram_reg_2816_2943_24_24 is implemented as distributed LUT RAM for the following reason: The timing constraints suggest that the chosen mapping will yield a better timing.
Related violations: <none>

SYNTH-5#562 Warning
Mapped onto distributed RAM because of timing constraints  
The instance ram_reg_2816_2943_25_25 is implemented as distributed LUT RAM for the following reason: The timing constraints suggest that the chosen mapping will yield a better timing.
Related violations: <none>

SYNTH-5#563 Warning
Mapped onto distributed RAM because of timing constraints  
The instance ram_reg_2816_2943_26_26 is implemented as distributed LUT RAM for the following reason: The timing constraints suggest that the chosen mapping will yield a better timing.
Related violations: <none>

SYNTH-5#564 Warning
Mapped onto distributed RAM because of timing constraints  
The instance ram_reg_2816_2943_27_27 is implemented as distributed LUT RAM for the following reason: The timing constraints suggest that the chosen mapping will yield a better timing.
Related violations: <none>

SYNTH-5#565 Warning
Mapped onto distributed RAM because of timing constraints  
The instance ram_reg_2816_2943_28_28 is implemented as distributed LUT RAM for the following reason: The timing constraints suggest that the chosen mapping will yield a better timing.
Related violations: <none>

SYNTH-5#566 Warning
Mapped onto distributed RAM because of timing constraints  
The instance ram_reg_2816_2943_29_29 is implemented as distributed LUT RAM for the following reason: The timing constraints suggest that the chosen mapping will yield a better timing.
Related violations: <none>

SYNTH-5#567 Warning
Mapped onto distributed RAM because of timing constraints  
The instance ram_reg_2816_2943_2_2 is implemented as distributed LUT RAM for the following reason: The timing constraints suggest that the chosen mapping will yield a better timing.
Related violations: <none>

SYNTH-5#568 Warning
Mapped onto distributed RAM because of timing constraints  
The instance ram_reg_2816_2943_30_30 is implemented as distributed LUT RAM for the following reason: The timing constraints suggest that the chosen mapping will yield a better timing.
Related violations: <none>

SYNTH-5#569 Warning
Mapped onto distributed RAM because of timing constraints  
The instance ram_reg_2816_2943_31_31 is implemented as distributed LUT RAM for the following reason: The timing constraints suggest that the chosen mapping will yield a better timing.
Related violations: <none>

SYNTH-5#570 Warning
Mapped onto distributed RAM because of timing constraints  
The instance ram_reg_2816_2943_3_3 is implemented as distributed LUT RAM for the following reason: The timing constraints suggest that the chosen mapping will yield a better timing.
Related violations: <none>

SYNTH-5#571 Warning
Mapped onto distributed RAM because of timing constraints  
The instance ram_reg_2816_2943_4_4 is implemented as distributed LUT RAM for the following reason: The timing constraints suggest that the chosen mapping will yield a better timing.
Related violations: <none>

SYNTH-5#572 Warning
Mapped onto distributed RAM because of timing constraints  
The instance ram_reg_2816_2943_5_5 is implemented as distributed LUT RAM for the following reason: The timing constraints suggest that the chosen mapping will yield a better timing.
Related violations: <none>

SYNTH-5#573 Warning
Mapped onto distributed RAM because of timing constraints  
The instance ram_reg_2816_2943_6_6 is implemented as distributed LUT RAM for the following reason: The timing constraints suggest that the chosen mapping will yield a better timing.
Related violations: <none>

SYNTH-5#574 Warning
Mapped onto distributed RAM because of timing constraints  
The instance ram_reg_2816_2943_7_7 is implemented as distributed LUT RAM for the following reason: The timing constraints suggest that the chosen mapping will yield a better timing.
Related violations: <none>

SYNTH-5#575 Warning
Mapped onto distributed RAM because of timing constraints  
The instance ram_reg_2816_2943_8_8 is implemented as distributed LUT RAM for the following reason: The timing constraints suggest that the chosen mapping will yield a better timing.
Related violations: <none>

SYNTH-5#576 Warning
Mapped onto distributed RAM because of timing constraints  
The instance ram_reg_2816_2943_9_9 is implemented as distributed LUT RAM for the following reason: The timing constraints suggest that the chosen mapping will yield a better timing.
Related violations: <none>

SYNTH-5#577 Warning
Mapped onto distributed RAM because of timing constraints  
The instance ram_reg_2944_3071_0_0 is implemented as distributed LUT RAM for the following reason: The timing constraints suggest that the chosen mapping will yield a better timing.
Related violations: <none>

SYNTH-5#578 Warning
Mapped onto distributed RAM because of timing constraints  
The instance ram_reg_2944_3071_10_10 is implemented as distributed LUT RAM for the following reason: The timing constraints suggest that the chosen mapping will yield a better timing.
Related violations: <none>

SYNTH-5#579 Warning
Mapped onto distributed RAM because of timing constraints  
The instance ram_reg_2944_3071_11_11 is implemented as distributed LUT RAM for the following reason: The timing constraints suggest that the chosen mapping will yield a better timing.
Related violations: <none>

SYNTH-5#580 Warning
Mapped onto distributed RAM because of timing constraints  
The instance ram_reg_2944_3071_12_12 is implemented as distributed LUT RAM for the following reason: The timing constraints suggest that the chosen mapping will yield a better timing.
Related violations: <none>

SYNTH-5#581 Warning
Mapped onto distributed RAM because of timing constraints  
The instance ram_reg_2944_3071_13_13 is implemented as distributed LUT RAM for the following reason: The timing constraints suggest that the chosen mapping will yield a better timing.
Related violations: <none>

SYNTH-5#582 Warning
Mapped onto distributed RAM because of timing constraints  
The instance ram_reg_2944_3071_14_14 is implemented as distributed LUT RAM for the following reason: The timing constraints suggest that the chosen mapping will yield a better timing.
Related violations: <none>

SYNTH-5#583 Warning
Mapped onto distributed RAM because of timing constraints  
The instance ram_reg_2944_3071_15_15 is implemented as distributed LUT RAM for the following reason: The timing constraints suggest that the chosen mapping will yield a better timing.
Related violations: <none>

SYNTH-5#584 Warning
Mapped onto distributed RAM because of timing constraints  
The instance ram_reg_2944_3071_16_16 is implemented as distributed LUT RAM for the following reason: The timing constraints suggest that the chosen mapping will yield a better timing.
Related violations: <none>

SYNTH-5#585 Warning
Mapped onto distributed RAM because of timing constraints  
The instance ram_reg_2944_3071_17_17 is implemented as distributed LUT RAM for the following reason: The timing constraints suggest that the chosen mapping will yield a better timing.
Related violations: <none>

SYNTH-5#586 Warning
Mapped onto distributed RAM because of timing constraints  
The instance ram_reg_2944_3071_18_18 is implemented as distributed LUT RAM for the following reason: The timing constraints suggest that the chosen mapping will yield a better timing.
Related violations: <none>

SYNTH-5#587 Warning
Mapped onto distributed RAM because of timing constraints  
The instance ram_reg_2944_3071_19_19 is implemented as distributed LUT RAM for the following reason: The timing constraints suggest that the chosen mapping will yield a better timing.
Related violations: <none>

SYNTH-5#588 Warning
Mapped onto distributed RAM because of timing constraints  
The instance ram_reg_2944_3071_1_1 is implemented as distributed LUT RAM for the following reason: The timing constraints suggest that the chosen mapping will yield a better timing.
Related violations: <none>

SYNTH-5#589 Warning
Mapped onto distributed RAM because of timing constraints  
The instance ram_reg_2944_3071_20_20 is implemented as distributed LUT RAM for the following reason: The timing constraints suggest that the chosen mapping will yield a better timing.
Related violations: <none>

SYNTH-5#590 Warning
Mapped onto distributed RAM because of timing constraints  
The instance ram_reg_2944_3071_21_21 is implemented as distributed LUT RAM for the following reason: The timing constraints suggest that the chosen mapping will yield a better timing.
Related violations: <none>

SYNTH-5#591 Warning
Mapped onto distributed RAM because of timing constraints  
The instance ram_reg_2944_3071_22_22 is implemented as distributed LUT RAM for the following reason: The timing constraints suggest that the chosen mapping will yield a better timing.
Related violations: <none>

SYNTH-5#592 Warning
Mapped onto distributed RAM because of timing constraints  
The instance ram_reg_2944_3071_23_23 is implemented as distributed LUT RAM for the following reason: The timing constraints suggest that the chosen mapping will yield a better timing.
Related violations: <none>

SYNTH-5#593 Warning
Mapped onto distributed RAM because of timing constraints  
The instance ram_reg_2944_3071_24_24 is implemented as distributed LUT RAM for the following reason: The timing constraints suggest that the chosen mapping will yield a better timing.
Related violations: <none>

SYNTH-5#594 Warning
Mapped onto distributed RAM because of timing constraints  
The instance ram_reg_2944_3071_25_25 is implemented as distributed LUT RAM for the following reason: The timing constraints suggest that the chosen mapping will yield a better timing.
Related violations: <none>

SYNTH-5#595 Warning
Mapped onto distributed RAM because of timing constraints  
The instance ram_reg_2944_3071_26_26 is implemented as distributed LUT RAM for the following reason: The timing constraints suggest that the chosen mapping will yield a better timing.
Related violations: <none>

SYNTH-5#596 Warning
Mapped onto distributed RAM because of timing constraints  
The instance ram_reg_2944_3071_27_27 is implemented as distributed LUT RAM for the following reason: The timing constraints suggest that the chosen mapping will yield a better timing.
Related violations: <none>

SYNTH-5#597 Warning
Mapped onto distributed RAM because of timing constraints  
The instance ram_reg_2944_3071_28_28 is implemented as distributed LUT RAM for the following reason: The timing constraints suggest that the chosen mapping will yield a better timing.
Related violations: <none>

SYNTH-5#598 Warning
Mapped onto distributed RAM because of timing constraints  
The instance ram_reg_2944_3071_29_29 is implemented as distributed LUT RAM for the following reason: The timing constraints suggest that the chosen mapping will yield a better timing.
Related violations: <none>

SYNTH-5#599 Warning
Mapped onto distributed RAM because of timing constraints  
The instance ram_reg_2944_3071_2_2 is implemented as distributed LUT RAM for the following reason: The timing constraints suggest that the chosen mapping will yield a better timing.
Related violations: <none>

SYNTH-5#600 Warning
Mapped onto distributed RAM because of timing constraints  
The instance ram_reg_2944_3071_30_30 is implemented as distributed LUT RAM for the following reason: The timing constraints suggest that the chosen mapping will yield a better timing.
Related violations: <none>

SYNTH-5#601 Warning
Mapped onto distributed RAM because of timing constraints  
The instance ram_reg_2944_3071_31_31 is implemented as distributed LUT RAM for the following reason: The timing constraints suggest that the chosen mapping will yield a better timing.
Related violations: <none>

SYNTH-5#602 Warning
Mapped onto distributed RAM because of timing constraints  
The instance ram_reg_2944_3071_3_3 is implemented as distributed LUT RAM for the following reason: The timing constraints suggest that the chosen mapping will yield a better timing.
Related violations: <none>

SYNTH-5#603 Warning
Mapped onto distributed RAM because of timing constraints  
The instance ram_reg_2944_3071_4_4 is implemented as distributed LUT RAM for the following reason: The timing constraints suggest that the chosen mapping will yield a better timing.
Related violations: <none>

SYNTH-5#604 Warning
Mapped onto distributed RAM because of timing constraints  
The instance ram_reg_2944_3071_5_5 is implemented as distributed LUT RAM for the following reason: The timing constraints suggest that the chosen mapping will yield a better timing.
Related violations: <none>

SYNTH-5#605 Warning
Mapped onto distributed RAM because of timing constraints  
The instance ram_reg_2944_3071_6_6 is implemented as distributed LUT RAM for the following reason: The timing constraints suggest that the chosen mapping will yield a better timing.
Related violations: <none>

SYNTH-5#606 Warning
Mapped onto distributed RAM because of timing constraints  
The instance ram_reg_2944_3071_7_7 is implemented as distributed LUT RAM for the following reason: The timing constraints suggest that the chosen mapping will yield a better timing.
Related violations: <none>

SYNTH-5#607 Warning
Mapped onto distributed RAM because of timing constraints  
The instance ram_reg_2944_3071_8_8 is implemented as distributed LUT RAM for the following reason: The timing constraints suggest that the chosen mapping will yield a better timing.
Related violations: <none>

SYNTH-5#608 Warning
Mapped onto distributed RAM because of timing constraints  
The instance ram_reg_2944_3071_9_9 is implemented as distributed LUT RAM for the following reason: The timing constraints suggest that the chosen mapping will yield a better timing.
Related violations: <none>

SYNTH-5#609 Warning
Mapped onto distributed RAM because of timing constraints  
The instance ram_reg_3072_3199_0_0 is implemented as distributed LUT RAM for the following reason: The timing constraints suggest that the chosen mapping will yield a better timing.
Related violations: <none>

SYNTH-5#610 Warning
Mapped onto distributed RAM because of timing constraints  
The instance ram_reg_3072_3199_10_10 is implemented as distributed LUT RAM for the following reason: The timing constraints suggest that the chosen mapping will yield a better timing.
Related violations: <none>

SYNTH-5#611 Warning
Mapped onto distributed RAM because of timing constraints  
The instance ram_reg_3072_3199_11_11 is implemented as distributed LUT RAM for the following reason: The timing constraints suggest that the chosen mapping will yield a better timing.
Related violations: <none>

SYNTH-5#612 Warning
Mapped onto distributed RAM because of timing constraints  
The instance ram_reg_3072_3199_12_12 is implemented as distributed LUT RAM for the following reason: The timing constraints suggest that the chosen mapping will yield a better timing.
Related violations: <none>

SYNTH-5#613 Warning
Mapped onto distributed RAM because of timing constraints  
The instance ram_reg_3072_3199_13_13 is implemented as distributed LUT RAM for the following reason: The timing constraints suggest that the chosen mapping will yield a better timing.
Related violations: <none>

SYNTH-5#614 Warning
Mapped onto distributed RAM because of timing constraints  
The instance ram_reg_3072_3199_14_14 is implemented as distributed LUT RAM for the following reason: The timing constraints suggest that the chosen mapping will yield a better timing.
Related violations: <none>

SYNTH-5#615 Warning
Mapped onto distributed RAM because of timing constraints  
The instance ram_reg_3072_3199_15_15 is implemented as distributed LUT RAM for the following reason: The timing constraints suggest that the chosen mapping will yield a better timing.
Related violations: <none>

SYNTH-5#616 Warning
Mapped onto distributed RAM because of timing constraints  
The instance ram_reg_3072_3199_16_16 is implemented as distributed LUT RAM for the following reason: The timing constraints suggest that the chosen mapping will yield a better timing.
Related violations: <none>

SYNTH-5#617 Warning
Mapped onto distributed RAM because of timing constraints  
The instance ram_reg_3072_3199_17_17 is implemented as distributed LUT RAM for the following reason: The timing constraints suggest that the chosen mapping will yield a better timing.
Related violations: <none>

SYNTH-5#618 Warning
Mapped onto distributed RAM because of timing constraints  
The instance ram_reg_3072_3199_18_18 is implemented as distributed LUT RAM for the following reason: The timing constraints suggest that the chosen mapping will yield a better timing.
Related violations: <none>

SYNTH-5#619 Warning
Mapped onto distributed RAM because of timing constraints  
The instance ram_reg_3072_3199_19_19 is implemented as distributed LUT RAM for the following reason: The timing constraints suggest that the chosen mapping will yield a better timing.
Related violations: <none>

SYNTH-5#620 Warning
Mapped onto distributed RAM because of timing constraints  
The instance ram_reg_3072_3199_1_1 is implemented as distributed LUT RAM for the following reason: The timing constraints suggest that the chosen mapping will yield a better timing.
Related violations: <none>

SYNTH-5#621 Warning
Mapped onto distributed RAM because of timing constraints  
The instance ram_reg_3072_3199_20_20 is implemented as distributed LUT RAM for the following reason: The timing constraints suggest that the chosen mapping will yield a better timing.
Related violations: <none>

SYNTH-5#622 Warning
Mapped onto distributed RAM because of timing constraints  
The instance ram_reg_3072_3199_21_21 is implemented as distributed LUT RAM for the following reason: The timing constraints suggest that the chosen mapping will yield a better timing.
Related violations: <none>

SYNTH-5#623 Warning
Mapped onto distributed RAM because of timing constraints  
The instance ram_reg_3072_3199_22_22 is implemented as distributed LUT RAM for the following reason: The timing constraints suggest that the chosen mapping will yield a better timing.
Related violations: <none>

SYNTH-5#624 Warning
Mapped onto distributed RAM because of timing constraints  
The instance ram_reg_3072_3199_23_23 is implemented as distributed LUT RAM for the following reason: The timing constraints suggest that the chosen mapping will yield a better timing.
Related violations: <none>

SYNTH-5#625 Warning
Mapped onto distributed RAM because of timing constraints  
The instance ram_reg_3072_3199_24_24 is implemented as distributed LUT RAM for the following reason: The timing constraints suggest that the chosen mapping will yield a better timing.
Related violations: <none>

SYNTH-5#626 Warning
Mapped onto distributed RAM because of timing constraints  
The instance ram_reg_3072_3199_25_25 is implemented as distributed LUT RAM for the following reason: The timing constraints suggest that the chosen mapping will yield a better timing.
Related violations: <none>

SYNTH-5#627 Warning
Mapped onto distributed RAM because of timing constraints  
The instance ram_reg_3072_3199_26_26 is implemented as distributed LUT RAM for the following reason: The timing constraints suggest that the chosen mapping will yield a better timing.
Related violations: <none>

SYNTH-5#628 Warning
Mapped onto distributed RAM because of timing constraints  
The instance ram_reg_3072_3199_27_27 is implemented as distributed LUT RAM for the following reason: The timing constraints suggest that the chosen mapping will yield a better timing.
Related violations: <none>

SYNTH-5#629 Warning
Mapped onto distributed RAM because of timing constraints  
The instance ram_reg_3072_3199_28_28 is implemented as distributed LUT RAM for the following reason: The timing constraints suggest that the chosen mapping will yield a better timing.
Related violations: <none>

SYNTH-5#630 Warning
Mapped onto distributed RAM because of timing constraints  
The instance ram_reg_3072_3199_29_29 is implemented as distributed LUT RAM for the following reason: The timing constraints suggest that the chosen mapping will yield a better timing.
Related violations: <none>

SYNTH-5#631 Warning
Mapped onto distributed RAM because of timing constraints  
The instance ram_reg_3072_3199_2_2 is implemented as distributed LUT RAM for the following reason: The timing constraints suggest that the chosen mapping will yield a better timing.
Related violations: <none>

SYNTH-5#632 Warning
Mapped onto distributed RAM because of timing constraints  
The instance ram_reg_3072_3199_30_30 is implemented as distributed LUT RAM for the following reason: The timing constraints suggest that the chosen mapping will yield a better timing.
Related violations: <none>

SYNTH-5#633 Warning
Mapped onto distributed RAM because of timing constraints  
The instance ram_reg_3072_3199_31_31 is implemented as distributed LUT RAM for the following reason: The timing constraints suggest that the chosen mapping will yield a better timing.
Related violations: <none>

SYNTH-5#634 Warning
Mapped onto distributed RAM because of timing constraints  
The instance ram_reg_3072_3199_3_3 is implemented as distributed LUT RAM for the following reason: The timing constraints suggest that the chosen mapping will yield a better timing.
Related violations: <none>

SYNTH-5#635 Warning
Mapped onto distributed RAM because of timing constraints  
The instance ram_reg_3072_3199_4_4 is implemented as distributed LUT RAM for the following reason: The timing constraints suggest that the chosen mapping will yield a better timing.
Related violations: <none>

SYNTH-5#636 Warning
Mapped onto distributed RAM because of timing constraints  
The instance ram_reg_3072_3199_5_5 is implemented as distributed LUT RAM for the following reason: The timing constraints suggest that the chosen mapping will yield a better timing.
Related violations: <none>

SYNTH-5#637 Warning
Mapped onto distributed RAM because of timing constraints  
The instance ram_reg_3072_3199_6_6 is implemented as distributed LUT RAM for the following reason: The timing constraints suggest that the chosen mapping will yield a better timing.
Related violations: <none>

SYNTH-5#638 Warning
Mapped onto distributed RAM because of timing constraints  
The instance ram_reg_3072_3199_7_7 is implemented as distributed LUT RAM for the following reason: The timing constraints suggest that the chosen mapping will yield a better timing.
Related violations: <none>

SYNTH-5#639 Warning
Mapped onto distributed RAM because of timing constraints  
The instance ram_reg_3072_3199_8_8 is implemented as distributed LUT RAM for the following reason: The timing constraints suggest that the chosen mapping will yield a better timing.
Related violations: <none>

SYNTH-5#640 Warning
Mapped onto distributed RAM because of timing constraints  
The instance ram_reg_3072_3199_9_9 is implemented as distributed LUT RAM for the following reason: The timing constraints suggest that the chosen mapping will yield a better timing.
Related violations: <none>

SYNTH-5#641 Warning
Mapped onto distributed RAM because of timing constraints  
The instance ram_reg_3200_3327_0_0 is implemented as distributed LUT RAM for the following reason: The timing constraints suggest that the chosen mapping will yield a better timing.
Related violations: <none>

SYNTH-5#642 Warning
Mapped onto distributed RAM because of timing constraints  
The instance ram_reg_3200_3327_10_10 is implemented as distributed LUT RAM for the following reason: The timing constraints suggest that the chosen mapping will yield a better timing.
Related violations: <none>

SYNTH-5#643 Warning
Mapped onto distributed RAM because of timing constraints  
The instance ram_reg_3200_3327_11_11 is implemented as distributed LUT RAM for the following reason: The timing constraints suggest that the chosen mapping will yield a better timing.
Related violations: <none>

SYNTH-5#644 Warning
Mapped onto distributed RAM because of timing constraints  
The instance ram_reg_3200_3327_12_12 is implemented as distributed LUT RAM for the following reason: The timing constraints suggest that the chosen mapping will yield a better timing.
Related violations: <none>

SYNTH-5#645 Warning
Mapped onto distributed RAM because of timing constraints  
The instance ram_reg_3200_3327_13_13 is implemented as distributed LUT RAM for the following reason: The timing constraints suggest that the chosen mapping will yield a better timing.
Related violations: <none>

SYNTH-5#646 Warning
Mapped onto distributed RAM because of timing constraints  
The instance ram_reg_3200_3327_14_14 is implemented as distributed LUT RAM for the following reason: The timing constraints suggest that the chosen mapping will yield a better timing.
Related violations: <none>

SYNTH-5#647 Warning
Mapped onto distributed RAM because of timing constraints  
The instance ram_reg_3200_3327_15_15 is implemented as distributed LUT RAM for the following reason: The timing constraints suggest that the chosen mapping will yield a better timing.
Related violations: <none>

SYNTH-5#648 Warning
Mapped onto distributed RAM because of timing constraints  
The instance ram_reg_3200_3327_16_16 is implemented as distributed LUT RAM for the following reason: The timing constraints suggest that the chosen mapping will yield a better timing.
Related violations: <none>

SYNTH-5#649 Warning
Mapped onto distributed RAM because of timing constraints  
The instance ram_reg_3200_3327_17_17 is implemented as distributed LUT RAM for the following reason: The timing constraints suggest that the chosen mapping will yield a better timing.
Related violations: <none>

SYNTH-5#650 Warning
Mapped onto distributed RAM because of timing constraints  
The instance ram_reg_3200_3327_18_18 is implemented as distributed LUT RAM for the following reason: The timing constraints suggest that the chosen mapping will yield a better timing.
Related violations: <none>

SYNTH-5#651 Warning
Mapped onto distributed RAM because of timing constraints  
The instance ram_reg_3200_3327_19_19 is implemented as distributed LUT RAM for the following reason: The timing constraints suggest that the chosen mapping will yield a better timing.
Related violations: <none>

SYNTH-5#652 Warning
Mapped onto distributed RAM because of timing constraints  
The instance ram_reg_3200_3327_1_1 is implemented as distributed LUT RAM for the following reason: The timing constraints suggest that the chosen mapping will yield a better timing.
Related violations: <none>

SYNTH-5#653 Warning
Mapped onto distributed RAM because of timing constraints  
The instance ram_reg_3200_3327_20_20 is implemented as distributed LUT RAM for the following reason: The timing constraints suggest that the chosen mapping will yield a better timing.
Related violations: <none>

SYNTH-5#654 Warning
Mapped onto distributed RAM because of timing constraints  
The instance ram_reg_3200_3327_21_21 is implemented as distributed LUT RAM for the following reason: The timing constraints suggest that the chosen mapping will yield a better timing.
Related violations: <none>

SYNTH-5#655 Warning
Mapped onto distributed RAM because of timing constraints  
The instance ram_reg_3200_3327_22_22 is implemented as distributed LUT RAM for the following reason: The timing constraints suggest that the chosen mapping will yield a better timing.
Related violations: <none>

SYNTH-5#656 Warning
Mapped onto distributed RAM because of timing constraints  
The instance ram_reg_3200_3327_23_23 is implemented as distributed LUT RAM for the following reason: The timing constraints suggest that the chosen mapping will yield a better timing.
Related violations: <none>

SYNTH-5#657 Warning
Mapped onto distributed RAM because of timing constraints  
The instance ram_reg_3200_3327_24_24 is implemented as distributed LUT RAM for the following reason: The timing constraints suggest that the chosen mapping will yield a better timing.
Related violations: <none>

SYNTH-5#658 Warning
Mapped onto distributed RAM because of timing constraints  
The instance ram_reg_3200_3327_25_25 is implemented as distributed LUT RAM for the following reason: The timing constraints suggest that the chosen mapping will yield a better timing.
Related violations: <none>

SYNTH-5#659 Warning
Mapped onto distributed RAM because of timing constraints  
The instance ram_reg_3200_3327_26_26 is implemented as distributed LUT RAM for the following reason: The timing constraints suggest that the chosen mapping will yield a better timing.
Related violations: <none>

SYNTH-5#660 Warning
Mapped onto distributed RAM because of timing constraints  
The instance ram_reg_3200_3327_27_27 is implemented as distributed LUT RAM for the following reason: The timing constraints suggest that the chosen mapping will yield a better timing.
Related violations: <none>

SYNTH-5#661 Warning
Mapped onto distributed RAM because of timing constraints  
The instance ram_reg_3200_3327_28_28 is implemented as distributed LUT RAM for the following reason: The timing constraints suggest that the chosen mapping will yield a better timing.
Related violations: <none>

SYNTH-5#662 Warning
Mapped onto distributed RAM because of timing constraints  
The instance ram_reg_3200_3327_29_29 is implemented as distributed LUT RAM for the following reason: The timing constraints suggest that the chosen mapping will yield a better timing.
Related violations: <none>

SYNTH-5#663 Warning
Mapped onto distributed RAM because of timing constraints  
The instance ram_reg_3200_3327_2_2 is implemented as distributed LUT RAM for the following reason: The timing constraints suggest that the chosen mapping will yield a better timing.
Related violations: <none>

SYNTH-5#664 Warning
Mapped onto distributed RAM because of timing constraints  
The instance ram_reg_3200_3327_30_30 is implemented as distributed LUT RAM for the following reason: The timing constraints suggest that the chosen mapping will yield a better timing.
Related violations: <none>

SYNTH-5#665 Warning
Mapped onto distributed RAM because of timing constraints  
The instance ram_reg_3200_3327_31_31 is implemented as distributed LUT RAM for the following reason: The timing constraints suggest that the chosen mapping will yield a better timing.
Related violations: <none>

SYNTH-5#666 Warning
Mapped onto distributed RAM because of timing constraints  
The instance ram_reg_3200_3327_3_3 is implemented as distributed LUT RAM for the following reason: The timing constraints suggest that the chosen mapping will yield a better timing.
Related violations: <none>

SYNTH-5#667 Warning
Mapped onto distributed RAM because of timing constraints  
The instance ram_reg_3200_3327_4_4 is implemented as distributed LUT RAM for the following reason: The timing constraints suggest that the chosen mapping will yield a better timing.
Related violations: <none>

SYNTH-5#668 Warning
Mapped onto distributed RAM because of timing constraints  
The instance ram_reg_3200_3327_5_5 is implemented as distributed LUT RAM for the following reason: The timing constraints suggest that the chosen mapping will yield a better timing.
Related violations: <none>

SYNTH-5#669 Warning
Mapped onto distributed RAM because of timing constraints  
The instance ram_reg_3200_3327_6_6 is implemented as distributed LUT RAM for the following reason: The timing constraints suggest that the chosen mapping will yield a better timing.
Related violations: <none>

SYNTH-5#670 Warning
Mapped onto distributed RAM because of timing constraints  
The instance ram_reg_3200_3327_7_7 is implemented as distributed LUT RAM for the following reason: The timing constraints suggest that the chosen mapping will yield a better timing.
Related violations: <none>

SYNTH-5#671 Warning
Mapped onto distributed RAM because of timing constraints  
The instance ram_reg_3200_3327_8_8 is implemented as distributed LUT RAM for the following reason: The timing constraints suggest that the chosen mapping will yield a better timing.
Related violations: <none>

SYNTH-5#672 Warning
Mapped onto distributed RAM because of timing constraints  
The instance ram_reg_3200_3327_9_9 is implemented as distributed LUT RAM for the following reason: The timing constraints suggest that the chosen mapping will yield a better timing.
Related violations: <none>

SYNTH-5#673 Warning
Mapped onto distributed RAM because of timing constraints  
The instance ram_reg_3328_3455_0_0 is implemented as distributed LUT RAM for the following reason: The timing constraints suggest that the chosen mapping will yield a better timing.
Related violations: <none>

SYNTH-5#674 Warning
Mapped onto distributed RAM because of timing constraints  
The instance ram_reg_3328_3455_10_10 is implemented as distributed LUT RAM for the following reason: The timing constraints suggest that the chosen mapping will yield a better timing.
Related violations: <none>

SYNTH-5#675 Warning
Mapped onto distributed RAM because of timing constraints  
The instance ram_reg_3328_3455_11_11 is implemented as distributed LUT RAM for the following reason: The timing constraints suggest that the chosen mapping will yield a better timing.
Related violations: <none>

SYNTH-5#676 Warning
Mapped onto distributed RAM because of timing constraints  
The instance ram_reg_3328_3455_12_12 is implemented as distributed LUT RAM for the following reason: The timing constraints suggest that the chosen mapping will yield a better timing.
Related violations: <none>

SYNTH-5#677 Warning
Mapped onto distributed RAM because of timing constraints  
The instance ram_reg_3328_3455_13_13 is implemented as distributed LUT RAM for the following reason: The timing constraints suggest that the chosen mapping will yield a better timing.
Related violations: <none>

SYNTH-5#678 Warning
Mapped onto distributed RAM because of timing constraints  
The instance ram_reg_3328_3455_14_14 is implemented as distributed LUT RAM for the following reason: The timing constraints suggest that the chosen mapping will yield a better timing.
Related violations: <none>

SYNTH-5#679 Warning
Mapped onto distributed RAM because of timing constraints  
The instance ram_reg_3328_3455_15_15 is implemented as distributed LUT RAM for the following reason: The timing constraints suggest that the chosen mapping will yield a better timing.
Related violations: <none>

SYNTH-5#680 Warning
Mapped onto distributed RAM because of timing constraints  
The instance ram_reg_3328_3455_16_16 is implemented as distributed LUT RAM for the following reason: The timing constraints suggest that the chosen mapping will yield a better timing.
Related violations: <none>

SYNTH-5#681 Warning
Mapped onto distributed RAM because of timing constraints  
The instance ram_reg_3328_3455_17_17 is implemented as distributed LUT RAM for the following reason: The timing constraints suggest that the chosen mapping will yield a better timing.
Related violations: <none>

SYNTH-5#682 Warning
Mapped onto distributed RAM because of timing constraints  
The instance ram_reg_3328_3455_18_18 is implemented as distributed LUT RAM for the following reason: The timing constraints suggest that the chosen mapping will yield a better timing.
Related violations: <none>

SYNTH-5#683 Warning
Mapped onto distributed RAM because of timing constraints  
The instance ram_reg_3328_3455_19_19 is implemented as distributed LUT RAM for the following reason: The timing constraints suggest that the chosen mapping will yield a better timing.
Related violations: <none>

SYNTH-5#684 Warning
Mapped onto distributed RAM because of timing constraints  
The instance ram_reg_3328_3455_1_1 is implemented as distributed LUT RAM for the following reason: The timing constraints suggest that the chosen mapping will yield a better timing.
Related violations: <none>

SYNTH-5#685 Warning
Mapped onto distributed RAM because of timing constraints  
The instance ram_reg_3328_3455_20_20 is implemented as distributed LUT RAM for the following reason: The timing constraints suggest that the chosen mapping will yield a better timing.
Related violations: <none>

SYNTH-5#686 Warning
Mapped onto distributed RAM because of timing constraints  
The instance ram_reg_3328_3455_21_21 is implemented as distributed LUT RAM for the following reason: The timing constraints suggest that the chosen mapping will yield a better timing.
Related violations: <none>

SYNTH-5#687 Warning
Mapped onto distributed RAM because of timing constraints  
The instance ram_reg_3328_3455_22_22 is implemented as distributed LUT RAM for the following reason: The timing constraints suggest that the chosen mapping will yield a better timing.
Related violations: <none>

SYNTH-5#688 Warning
Mapped onto distributed RAM because of timing constraints  
The instance ram_reg_3328_3455_23_23 is implemented as distributed LUT RAM for the following reason: The timing constraints suggest that the chosen mapping will yield a better timing.
Related violations: <none>

SYNTH-5#689 Warning
Mapped onto distributed RAM because of timing constraints  
The instance ram_reg_3328_3455_24_24 is implemented as distributed LUT RAM for the following reason: The timing constraints suggest that the chosen mapping will yield a better timing.
Related violations: <none>

SYNTH-5#690 Warning
Mapped onto distributed RAM because of timing constraints  
The instance ram_reg_3328_3455_25_25 is implemented as distributed LUT RAM for the following reason: The timing constraints suggest that the chosen mapping will yield a better timing.
Related violations: <none>

SYNTH-5#691 Warning
Mapped onto distributed RAM because of timing constraints  
The instance ram_reg_3328_3455_26_26 is implemented as distributed LUT RAM for the following reason: The timing constraints suggest that the chosen mapping will yield a better timing.
Related violations: <none>

SYNTH-5#692 Warning
Mapped onto distributed RAM because of timing constraints  
The instance ram_reg_3328_3455_27_27 is implemented as distributed LUT RAM for the following reason: The timing constraints suggest that the chosen mapping will yield a better timing.
Related violations: <none>

SYNTH-5#693 Warning
Mapped onto distributed RAM because of timing constraints  
The instance ram_reg_3328_3455_28_28 is implemented as distributed LUT RAM for the following reason: The timing constraints suggest that the chosen mapping will yield a better timing.
Related violations: <none>

SYNTH-5#694 Warning
Mapped onto distributed RAM because of timing constraints  
The instance ram_reg_3328_3455_29_29 is implemented as distributed LUT RAM for the following reason: The timing constraints suggest that the chosen mapping will yield a better timing.
Related violations: <none>

SYNTH-5#695 Warning
Mapped onto distributed RAM because of timing constraints  
The instance ram_reg_3328_3455_2_2 is implemented as distributed LUT RAM for the following reason: The timing constraints suggest that the chosen mapping will yield a better timing.
Related violations: <none>

SYNTH-5#696 Warning
Mapped onto distributed RAM because of timing constraints  
The instance ram_reg_3328_3455_30_30 is implemented as distributed LUT RAM for the following reason: The timing constraints suggest that the chosen mapping will yield a better timing.
Related violations: <none>

SYNTH-5#697 Warning
Mapped onto distributed RAM because of timing constraints  
The instance ram_reg_3328_3455_31_31 is implemented as distributed LUT RAM for the following reason: The timing constraints suggest that the chosen mapping will yield a better timing.
Related violations: <none>

SYNTH-5#698 Warning
Mapped onto distributed RAM because of timing constraints  
The instance ram_reg_3328_3455_3_3 is implemented as distributed LUT RAM for the following reason: The timing constraints suggest that the chosen mapping will yield a better timing.
Related violations: <none>

SYNTH-5#699 Warning
Mapped onto distributed RAM because of timing constraints  
The instance ram_reg_3328_3455_4_4 is implemented as distributed LUT RAM for the following reason: The timing constraints suggest that the chosen mapping will yield a better timing.
Related violations: <none>

SYNTH-5#700 Warning
Mapped onto distributed RAM because of timing constraints  
The instance ram_reg_3328_3455_5_5 is implemented as distributed LUT RAM for the following reason: The timing constraints suggest that the chosen mapping will yield a better timing.
Related violations: <none>

SYNTH-5#701 Warning
Mapped onto distributed RAM because of timing constraints  
The instance ram_reg_3328_3455_6_6 is implemented as distributed LUT RAM for the following reason: The timing constraints suggest that the chosen mapping will yield a better timing.
Related violations: <none>

SYNTH-5#702 Warning
Mapped onto distributed RAM because of timing constraints  
The instance ram_reg_3328_3455_7_7 is implemented as distributed LUT RAM for the following reason: The timing constraints suggest that the chosen mapping will yield a better timing.
Related violations: <none>

SYNTH-5#703 Warning
Mapped onto distributed RAM because of timing constraints  
The instance ram_reg_3328_3455_8_8 is implemented as distributed LUT RAM for the following reason: The timing constraints suggest that the chosen mapping will yield a better timing.
Related violations: <none>

SYNTH-5#704 Warning
Mapped onto distributed RAM because of timing constraints  
The instance ram_reg_3328_3455_9_9 is implemented as distributed LUT RAM for the following reason: The timing constraints suggest that the chosen mapping will yield a better timing.
Related violations: <none>

SYNTH-5#705 Warning
Mapped onto distributed RAM because of timing constraints  
The instance ram_reg_3456_3583_0_0 is implemented as distributed LUT RAM for the following reason: The timing constraints suggest that the chosen mapping will yield a better timing.
Related violations: <none>

SYNTH-5#706 Warning
Mapped onto distributed RAM because of timing constraints  
The instance ram_reg_3456_3583_10_10 is implemented as distributed LUT RAM for the following reason: The timing constraints suggest that the chosen mapping will yield a better timing.
Related violations: <none>

SYNTH-5#707 Warning
Mapped onto distributed RAM because of timing constraints  
The instance ram_reg_3456_3583_11_11 is implemented as distributed LUT RAM for the following reason: The timing constraints suggest that the chosen mapping will yield a better timing.
Related violations: <none>

SYNTH-5#708 Warning
Mapped onto distributed RAM because of timing constraints  
The instance ram_reg_3456_3583_12_12 is implemented as distributed LUT RAM for the following reason: The timing constraints suggest that the chosen mapping will yield a better timing.
Related violations: <none>

SYNTH-5#709 Warning
Mapped onto distributed RAM because of timing constraints  
The instance ram_reg_3456_3583_13_13 is implemented as distributed LUT RAM for the following reason: The timing constraints suggest that the chosen mapping will yield a better timing.
Related violations: <none>

SYNTH-5#710 Warning
Mapped onto distributed RAM because of timing constraints  
The instance ram_reg_3456_3583_14_14 is implemented as distributed LUT RAM for the following reason: The timing constraints suggest that the chosen mapping will yield a better timing.
Related violations: <none>

SYNTH-5#711 Warning
Mapped onto distributed RAM because of timing constraints  
The instance ram_reg_3456_3583_15_15 is implemented as distributed LUT RAM for the following reason: The timing constraints suggest that the chosen mapping will yield a better timing.
Related violations: <none>

SYNTH-5#712 Warning
Mapped onto distributed RAM because of timing constraints  
The instance ram_reg_3456_3583_16_16 is implemented as distributed LUT RAM for the following reason: The timing constraints suggest that the chosen mapping will yield a better timing.
Related violations: <none>

SYNTH-5#713 Warning
Mapped onto distributed RAM because of timing constraints  
The instance ram_reg_3456_3583_17_17 is implemented as distributed LUT RAM for the following reason: The timing constraints suggest that the chosen mapping will yield a better timing.
Related violations: <none>

SYNTH-5#714 Warning
Mapped onto distributed RAM because of timing constraints  
The instance ram_reg_3456_3583_18_18 is implemented as distributed LUT RAM for the following reason: The timing constraints suggest that the chosen mapping will yield a better timing.
Related violations: <none>

SYNTH-5#715 Warning
Mapped onto distributed RAM because of timing constraints  
The instance ram_reg_3456_3583_19_19 is implemented as distributed LUT RAM for the following reason: The timing constraints suggest that the chosen mapping will yield a better timing.
Related violations: <none>

SYNTH-5#716 Warning
Mapped onto distributed RAM because of timing constraints  
The instance ram_reg_3456_3583_1_1 is implemented as distributed LUT RAM for the following reason: The timing constraints suggest that the chosen mapping will yield a better timing.
Related violations: <none>

SYNTH-5#717 Warning
Mapped onto distributed RAM because of timing constraints  
The instance ram_reg_3456_3583_20_20 is implemented as distributed LUT RAM for the following reason: The timing constraints suggest that the chosen mapping will yield a better timing.
Related violations: <none>

SYNTH-5#718 Warning
Mapped onto distributed RAM because of timing constraints  
The instance ram_reg_3456_3583_21_21 is implemented as distributed LUT RAM for the following reason: The timing constraints suggest that the chosen mapping will yield a better timing.
Related violations: <none>

SYNTH-5#719 Warning
Mapped onto distributed RAM because of timing constraints  
The instance ram_reg_3456_3583_22_22 is implemented as distributed LUT RAM for the following reason: The timing constraints suggest that the chosen mapping will yield a better timing.
Related violations: <none>

SYNTH-5#720 Warning
Mapped onto distributed RAM because of timing constraints  
The instance ram_reg_3456_3583_23_23 is implemented as distributed LUT RAM for the following reason: The timing constraints suggest that the chosen mapping will yield a better timing.
Related violations: <none>

SYNTH-5#721 Warning
Mapped onto distributed RAM because of timing constraints  
The instance ram_reg_3456_3583_24_24 is implemented as distributed LUT RAM for the following reason: The timing constraints suggest that the chosen mapping will yield a better timing.
Related violations: <none>

SYNTH-5#722 Warning
Mapped onto distributed RAM because of timing constraints  
The instance ram_reg_3456_3583_25_25 is implemented as distributed LUT RAM for the following reason: The timing constraints suggest that the chosen mapping will yield a better timing.
Related violations: <none>

SYNTH-5#723 Warning
Mapped onto distributed RAM because of timing constraints  
The instance ram_reg_3456_3583_26_26 is implemented as distributed LUT RAM for the following reason: The timing constraints suggest that the chosen mapping will yield a better timing.
Related violations: <none>

SYNTH-5#724 Warning
Mapped onto distributed RAM because of timing constraints  
The instance ram_reg_3456_3583_27_27 is implemented as distributed LUT RAM for the following reason: The timing constraints suggest that the chosen mapping will yield a better timing.
Related violations: <none>

SYNTH-5#725 Warning
Mapped onto distributed RAM because of timing constraints  
The instance ram_reg_3456_3583_28_28 is implemented as distributed LUT RAM for the following reason: The timing constraints suggest that the chosen mapping will yield a better timing.
Related violations: <none>

SYNTH-5#726 Warning
Mapped onto distributed RAM because of timing constraints  
The instance ram_reg_3456_3583_29_29 is implemented as distributed LUT RAM for the following reason: The timing constraints suggest that the chosen mapping will yield a better timing.
Related violations: <none>

SYNTH-5#727 Warning
Mapped onto distributed RAM because of timing constraints  
The instance ram_reg_3456_3583_2_2 is implemented as distributed LUT RAM for the following reason: The timing constraints suggest that the chosen mapping will yield a better timing.
Related violations: <none>

SYNTH-5#728 Warning
Mapped onto distributed RAM because of timing constraints  
The instance ram_reg_3456_3583_30_30 is implemented as distributed LUT RAM for the following reason: The timing constraints suggest that the chosen mapping will yield a better timing.
Related violations: <none>

SYNTH-5#729 Warning
Mapped onto distributed RAM because of timing constraints  
The instance ram_reg_3456_3583_31_31 is implemented as distributed LUT RAM for the following reason: The timing constraints suggest that the chosen mapping will yield a better timing.
Related violations: <none>

SYNTH-5#730 Warning
Mapped onto distributed RAM because of timing constraints  
The instance ram_reg_3456_3583_3_3 is implemented as distributed LUT RAM for the following reason: The timing constraints suggest that the chosen mapping will yield a better timing.
Related violations: <none>

SYNTH-5#731 Warning
Mapped onto distributed RAM because of timing constraints  
The instance ram_reg_3456_3583_4_4 is implemented as distributed LUT RAM for the following reason: The timing constraints suggest that the chosen mapping will yield a better timing.
Related violations: <none>

SYNTH-5#732 Warning
Mapped onto distributed RAM because of timing constraints  
The instance ram_reg_3456_3583_5_5 is implemented as distributed LUT RAM for the following reason: The timing constraints suggest that the chosen mapping will yield a better timing.
Related violations: <none>

SYNTH-5#733 Warning
Mapped onto distributed RAM because of timing constraints  
The instance ram_reg_3456_3583_6_6 is implemented as distributed LUT RAM for the following reason: The timing constraints suggest that the chosen mapping will yield a better timing.
Related violations: <none>

SYNTH-5#734 Warning
Mapped onto distributed RAM because of timing constraints  
The instance ram_reg_3456_3583_7_7 is implemented as distributed LUT RAM for the following reason: The timing constraints suggest that the chosen mapping will yield a better timing.
Related violations: <none>

SYNTH-5#735 Warning
Mapped onto distributed RAM because of timing constraints  
The instance ram_reg_3456_3583_8_8 is implemented as distributed LUT RAM for the following reason: The timing constraints suggest that the chosen mapping will yield a better timing.
Related violations: <none>

SYNTH-5#736 Warning
Mapped onto distributed RAM because of timing constraints  
The instance ram_reg_3456_3583_9_9 is implemented as distributed LUT RAM for the following reason: The timing constraints suggest that the chosen mapping will yield a better timing.
Related violations: <none>

SYNTH-5#737 Warning
Mapped onto distributed RAM because of timing constraints  
The instance ram_reg_3584_3711_0_0 is implemented as distributed LUT RAM for the following reason: The timing constraints suggest that the chosen mapping will yield a better timing.
Related violations: <none>

SYNTH-5#738 Warning
Mapped onto distributed RAM because of timing constraints  
The instance ram_reg_3584_3711_10_10 is implemented as distributed LUT RAM for the following reason: The timing constraints suggest that the chosen mapping will yield a better timing.
Related violations: <none>

SYNTH-5#739 Warning
Mapped onto distributed RAM because of timing constraints  
The instance ram_reg_3584_3711_11_11 is implemented as distributed LUT RAM for the following reason: The timing constraints suggest that the chosen mapping will yield a better timing.
Related violations: <none>

SYNTH-5#740 Warning
Mapped onto distributed RAM because of timing constraints  
The instance ram_reg_3584_3711_12_12 is implemented as distributed LUT RAM for the following reason: The timing constraints suggest that the chosen mapping will yield a better timing.
Related violations: <none>

SYNTH-5#741 Warning
Mapped onto distributed RAM because of timing constraints  
The instance ram_reg_3584_3711_13_13 is implemented as distributed LUT RAM for the following reason: The timing constraints suggest that the chosen mapping will yield a better timing.
Related violations: <none>

SYNTH-5#742 Warning
Mapped onto distributed RAM because of timing constraints  
The instance ram_reg_3584_3711_14_14 is implemented as distributed LUT RAM for the following reason: The timing constraints suggest that the chosen mapping will yield a better timing.
Related violations: <none>

SYNTH-5#743 Warning
Mapped onto distributed RAM because of timing constraints  
The instance ram_reg_3584_3711_15_15 is implemented as distributed LUT RAM for the following reason: The timing constraints suggest that the chosen mapping will yield a better timing.
Related violations: <none>

SYNTH-5#744 Warning
Mapped onto distributed RAM because of timing constraints  
The instance ram_reg_3584_3711_16_16 is implemented as distributed LUT RAM for the following reason: The timing constraints suggest that the chosen mapping will yield a better timing.
Related violations: <none>

SYNTH-5#745 Warning
Mapped onto distributed RAM because of timing constraints  
The instance ram_reg_3584_3711_17_17 is implemented as distributed LUT RAM for the following reason: The timing constraints suggest that the chosen mapping will yield a better timing.
Related violations: <none>

SYNTH-5#746 Warning
Mapped onto distributed RAM because of timing constraints  
The instance ram_reg_3584_3711_18_18 is implemented as distributed LUT RAM for the following reason: The timing constraints suggest that the chosen mapping will yield a better timing.
Related violations: <none>

SYNTH-5#747 Warning
Mapped onto distributed RAM because of timing constraints  
The instance ram_reg_3584_3711_19_19 is implemented as distributed LUT RAM for the following reason: The timing constraints suggest that the chosen mapping will yield a better timing.
Related violations: <none>

SYNTH-5#748 Warning
Mapped onto distributed RAM because of timing constraints  
The instance ram_reg_3584_3711_1_1 is implemented as distributed LUT RAM for the following reason: The timing constraints suggest that the chosen mapping will yield a better timing.
Related violations: <none>

SYNTH-5#749 Warning
Mapped onto distributed RAM because of timing constraints  
The instance ram_reg_3584_3711_20_20 is implemented as distributed LUT RAM for the following reason: The timing constraints suggest that the chosen mapping will yield a better timing.
Related violations: <none>

SYNTH-5#750 Warning
Mapped onto distributed RAM because of timing constraints  
The instance ram_reg_3584_3711_21_21 is implemented as distributed LUT RAM for the following reason: The timing constraints suggest that the chosen mapping will yield a better timing.
Related violations: <none>

SYNTH-5#751 Warning
Mapped onto distributed RAM because of timing constraints  
The instance ram_reg_3584_3711_22_22 is implemented as distributed LUT RAM for the following reason: The timing constraints suggest that the chosen mapping will yield a better timing.
Related violations: <none>

SYNTH-5#752 Warning
Mapped onto distributed RAM because of timing constraints  
The instance ram_reg_3584_3711_23_23 is implemented as distributed LUT RAM for the following reason: The timing constraints suggest that the chosen mapping will yield a better timing.
Related violations: <none>

SYNTH-5#753 Warning
Mapped onto distributed RAM because of timing constraints  
The instance ram_reg_3584_3711_24_24 is implemented as distributed LUT RAM for the following reason: The timing constraints suggest that the chosen mapping will yield a better timing.
Related violations: <none>

SYNTH-5#754 Warning
Mapped onto distributed RAM because of timing constraints  
The instance ram_reg_3584_3711_25_25 is implemented as distributed LUT RAM for the following reason: The timing constraints suggest that the chosen mapping will yield a better timing.
Related violations: <none>

SYNTH-5#755 Warning
Mapped onto distributed RAM because of timing constraints  
The instance ram_reg_3584_3711_26_26 is implemented as distributed LUT RAM for the following reason: The timing constraints suggest that the chosen mapping will yield a better timing.
Related violations: <none>

SYNTH-5#756 Warning
Mapped onto distributed RAM because of timing constraints  
The instance ram_reg_3584_3711_27_27 is implemented as distributed LUT RAM for the following reason: The timing constraints suggest that the chosen mapping will yield a better timing.
Related violations: <none>

SYNTH-5#757 Warning
Mapped onto distributed RAM because of timing constraints  
The instance ram_reg_3584_3711_28_28 is implemented as distributed LUT RAM for the following reason: The timing constraints suggest that the chosen mapping will yield a better timing.
Related violations: <none>

SYNTH-5#758 Warning
Mapped onto distributed RAM because of timing constraints  
The instance ram_reg_3584_3711_29_29 is implemented as distributed LUT RAM for the following reason: The timing constraints suggest that the chosen mapping will yield a better timing.
Related violations: <none>

SYNTH-5#759 Warning
Mapped onto distributed RAM because of timing constraints  
The instance ram_reg_3584_3711_2_2 is implemented as distributed LUT RAM for the following reason: The timing constraints suggest that the chosen mapping will yield a better timing.
Related violations: <none>

SYNTH-5#760 Warning
Mapped onto distributed RAM because of timing constraints  
The instance ram_reg_3584_3711_30_30 is implemented as distributed LUT RAM for the following reason: The timing constraints suggest that the chosen mapping will yield a better timing.
Related violations: <none>

SYNTH-5#761 Warning
Mapped onto distributed RAM because of timing constraints  
The instance ram_reg_3584_3711_31_31 is implemented as distributed LUT RAM for the following reason: The timing constraints suggest that the chosen mapping will yield a better timing.
Related violations: <none>

SYNTH-5#762 Warning
Mapped onto distributed RAM because of timing constraints  
The instance ram_reg_3584_3711_3_3 is implemented as distributed LUT RAM for the following reason: The timing constraints suggest that the chosen mapping will yield a better timing.
Related violations: <none>

SYNTH-5#763 Warning
Mapped onto distributed RAM because of timing constraints  
The instance ram_reg_3584_3711_4_4 is implemented as distributed LUT RAM for the following reason: The timing constraints suggest that the chosen mapping will yield a better timing.
Related violations: <none>

SYNTH-5#764 Warning
Mapped onto distributed RAM because of timing constraints  
The instance ram_reg_3584_3711_5_5 is implemented as distributed LUT RAM for the following reason: The timing constraints suggest that the chosen mapping will yield a better timing.
Related violations: <none>

SYNTH-5#765 Warning
Mapped onto distributed RAM because of timing constraints  
The instance ram_reg_3584_3711_6_6 is implemented as distributed LUT RAM for the following reason: The timing constraints suggest that the chosen mapping will yield a better timing.
Related violations: <none>

SYNTH-5#766 Warning
Mapped onto distributed RAM because of timing constraints  
The instance ram_reg_3584_3711_7_7 is implemented as distributed LUT RAM for the following reason: The timing constraints suggest that the chosen mapping will yield a better timing.
Related violations: <none>

SYNTH-5#767 Warning
Mapped onto distributed RAM because of timing constraints  
The instance ram_reg_3584_3711_8_8 is implemented as distributed LUT RAM for the following reason: The timing constraints suggest that the chosen mapping will yield a better timing.
Related violations: <none>

SYNTH-5#768 Warning
Mapped onto distributed RAM because of timing constraints  
The instance ram_reg_3584_3711_9_9 is implemented as distributed LUT RAM for the following reason: The timing constraints suggest that the chosen mapping will yield a better timing.
Related violations: <none>

SYNTH-5#769 Warning
Mapped onto distributed RAM because of timing constraints  
The instance ram_reg_3712_3839_0_0 is implemented as distributed LUT RAM for the following reason: The timing constraints suggest that the chosen mapping will yield a better timing.
Related violations: <none>

SYNTH-5#770 Warning
Mapped onto distributed RAM because of timing constraints  
The instance ram_reg_3712_3839_10_10 is implemented as distributed LUT RAM for the following reason: The timing constraints suggest that the chosen mapping will yield a better timing.
Related violations: <none>

SYNTH-5#771 Warning
Mapped onto distributed RAM because of timing constraints  
The instance ram_reg_3712_3839_11_11 is implemented as distributed LUT RAM for the following reason: The timing constraints suggest that the chosen mapping will yield a better timing.
Related violations: <none>

SYNTH-5#772 Warning
Mapped onto distributed RAM because of timing constraints  
The instance ram_reg_3712_3839_12_12 is implemented as distributed LUT RAM for the following reason: The timing constraints suggest that the chosen mapping will yield a better timing.
Related violations: <none>

SYNTH-5#773 Warning
Mapped onto distributed RAM because of timing constraints  
The instance ram_reg_3712_3839_13_13 is implemented as distributed LUT RAM for the following reason: The timing constraints suggest that the chosen mapping will yield a better timing.
Related violations: <none>

SYNTH-5#774 Warning
Mapped onto distributed RAM because of timing constraints  
The instance ram_reg_3712_3839_14_14 is implemented as distributed LUT RAM for the following reason: The timing constraints suggest that the chosen mapping will yield a better timing.
Related violations: <none>

SYNTH-5#775 Warning
Mapped onto distributed RAM because of timing constraints  
The instance ram_reg_3712_3839_15_15 is implemented as distributed LUT RAM for the following reason: The timing constraints suggest that the chosen mapping will yield a better timing.
Related violations: <none>

SYNTH-5#776 Warning
Mapped onto distributed RAM because of timing constraints  
The instance ram_reg_3712_3839_16_16 is implemented as distributed LUT RAM for the following reason: The timing constraints suggest that the chosen mapping will yield a better timing.
Related violations: <none>

SYNTH-5#777 Warning
Mapped onto distributed RAM because of timing constraints  
The instance ram_reg_3712_3839_17_17 is implemented as distributed LUT RAM for the following reason: The timing constraints suggest that the chosen mapping will yield a better timing.
Related violations: <none>

SYNTH-5#778 Warning
Mapped onto distributed RAM because of timing constraints  
The instance ram_reg_3712_3839_18_18 is implemented as distributed LUT RAM for the following reason: The timing constraints suggest that the chosen mapping will yield a better timing.
Related violations: <none>

SYNTH-5#779 Warning
Mapped onto distributed RAM because of timing constraints  
The instance ram_reg_3712_3839_19_19 is implemented as distributed LUT RAM for the following reason: The timing constraints suggest that the chosen mapping will yield a better timing.
Related violations: <none>

SYNTH-5#780 Warning
Mapped onto distributed RAM because of timing constraints  
The instance ram_reg_3712_3839_1_1 is implemented as distributed LUT RAM for the following reason: The timing constraints suggest that the chosen mapping will yield a better timing.
Related violations: <none>

SYNTH-5#781 Warning
Mapped onto distributed RAM because of timing constraints  
The instance ram_reg_3712_3839_20_20 is implemented as distributed LUT RAM for the following reason: The timing constraints suggest that the chosen mapping will yield a better timing.
Related violations: <none>

SYNTH-5#782 Warning
Mapped onto distributed RAM because of timing constraints  
The instance ram_reg_3712_3839_21_21 is implemented as distributed LUT RAM for the following reason: The timing constraints suggest that the chosen mapping will yield a better timing.
Related violations: <none>

SYNTH-5#783 Warning
Mapped onto distributed RAM because of timing constraints  
The instance ram_reg_3712_3839_22_22 is implemented as distributed LUT RAM for the following reason: The timing constraints suggest that the chosen mapping will yield a better timing.
Related violations: <none>

SYNTH-5#784 Warning
Mapped onto distributed RAM because of timing constraints  
The instance ram_reg_3712_3839_23_23 is implemented as distributed LUT RAM for the following reason: The timing constraints suggest that the chosen mapping will yield a better timing.
Related violations: <none>

SYNTH-5#785 Warning
Mapped onto distributed RAM because of timing constraints  
The instance ram_reg_3712_3839_24_24 is implemented as distributed LUT RAM for the following reason: The timing constraints suggest that the chosen mapping will yield a better timing.
Related violations: <none>

SYNTH-5#786 Warning
Mapped onto distributed RAM because of timing constraints  
The instance ram_reg_3712_3839_25_25 is implemented as distributed LUT RAM for the following reason: The timing constraints suggest that the chosen mapping will yield a better timing.
Related violations: <none>

SYNTH-5#787 Warning
Mapped onto distributed RAM because of timing constraints  
The instance ram_reg_3712_3839_26_26 is implemented as distributed LUT RAM for the following reason: The timing constraints suggest that the chosen mapping will yield a better timing.
Related violations: <none>

SYNTH-5#788 Warning
Mapped onto distributed RAM because of timing constraints  
The instance ram_reg_3712_3839_27_27 is implemented as distributed LUT RAM for the following reason: The timing constraints suggest that the chosen mapping will yield a better timing.
Related violations: <none>

SYNTH-5#789 Warning
Mapped onto distributed RAM because of timing constraints  
The instance ram_reg_3712_3839_28_28 is implemented as distributed LUT RAM for the following reason: The timing constraints suggest that the chosen mapping will yield a better timing.
Related violations: <none>

SYNTH-5#790 Warning
Mapped onto distributed RAM because of timing constraints  
The instance ram_reg_3712_3839_29_29 is implemented as distributed LUT RAM for the following reason: The timing constraints suggest that the chosen mapping will yield a better timing.
Related violations: <none>

SYNTH-5#791 Warning
Mapped onto distributed RAM because of timing constraints  
The instance ram_reg_3712_3839_2_2 is implemented as distributed LUT RAM for the following reason: The timing constraints suggest that the chosen mapping will yield a better timing.
Related violations: <none>

SYNTH-5#792 Warning
Mapped onto distributed RAM because of timing constraints  
The instance ram_reg_3712_3839_30_30 is implemented as distributed LUT RAM for the following reason: The timing constraints suggest that the chosen mapping will yield a better timing.
Related violations: <none>

SYNTH-5#793 Warning
Mapped onto distributed RAM because of timing constraints  
The instance ram_reg_3712_3839_31_31 is implemented as distributed LUT RAM for the following reason: The timing constraints suggest that the chosen mapping will yield a better timing.
Related violations: <none>

SYNTH-5#794 Warning
Mapped onto distributed RAM because of timing constraints  
The instance ram_reg_3712_3839_3_3 is implemented as distributed LUT RAM for the following reason: The timing constraints suggest that the chosen mapping will yield a better timing.
Related violations: <none>

SYNTH-5#795 Warning
Mapped onto distributed RAM because of timing constraints  
The instance ram_reg_3712_3839_4_4 is implemented as distributed LUT RAM for the following reason: The timing constraints suggest that the chosen mapping will yield a better timing.
Related violations: <none>

SYNTH-5#796 Warning
Mapped onto distributed RAM because of timing constraints  
The instance ram_reg_3712_3839_5_5 is implemented as distributed LUT RAM for the following reason: The timing constraints suggest that the chosen mapping will yield a better timing.
Related violations: <none>

SYNTH-5#797 Warning
Mapped onto distributed RAM because of timing constraints  
The instance ram_reg_3712_3839_6_6 is implemented as distributed LUT RAM for the following reason: The timing constraints suggest that the chosen mapping will yield a better timing.
Related violations: <none>

SYNTH-5#798 Warning
Mapped onto distributed RAM because of timing constraints  
The instance ram_reg_3712_3839_7_7 is implemented as distributed LUT RAM for the following reason: The timing constraints suggest that the chosen mapping will yield a better timing.
Related violations: <none>

SYNTH-5#799 Warning
Mapped onto distributed RAM because of timing constraints  
The instance ram_reg_3712_3839_8_8 is implemented as distributed LUT RAM for the following reason: The timing constraints suggest that the chosen mapping will yield a better timing.
Related violations: <none>

SYNTH-5#800 Warning
Mapped onto distributed RAM because of timing constraints  
The instance ram_reg_3712_3839_9_9 is implemented as distributed LUT RAM for the following reason: The timing constraints suggest that the chosen mapping will yield a better timing.
Related violations: <none>

SYNTH-5#801 Warning
Mapped onto distributed RAM because of timing constraints  
The instance ram_reg_3840_3967_0_0 is implemented as distributed LUT RAM for the following reason: The timing constraints suggest that the chosen mapping will yield a better timing.
Related violations: <none>

SYNTH-5#802 Warning
Mapped onto distributed RAM because of timing constraints  
The instance ram_reg_3840_3967_10_10 is implemented as distributed LUT RAM for the following reason: The timing constraints suggest that the chosen mapping will yield a better timing.
Related violations: <none>

SYNTH-5#803 Warning
Mapped onto distributed RAM because of timing constraints  
The instance ram_reg_3840_3967_11_11 is implemented as distributed LUT RAM for the following reason: The timing constraints suggest that the chosen mapping will yield a better timing.
Related violations: <none>

SYNTH-5#804 Warning
Mapped onto distributed RAM because of timing constraints  
The instance ram_reg_3840_3967_12_12 is implemented as distributed LUT RAM for the following reason: The timing constraints suggest that the chosen mapping will yield a better timing.
Related violations: <none>

SYNTH-5#805 Warning
Mapped onto distributed RAM because of timing constraints  
The instance ram_reg_3840_3967_13_13 is implemented as distributed LUT RAM for the following reason: The timing constraints suggest that the chosen mapping will yield a better timing.
Related violations: <none>

SYNTH-5#806 Warning
Mapped onto distributed RAM because of timing constraints  
The instance ram_reg_3840_3967_14_14 is implemented as distributed LUT RAM for the following reason: The timing constraints suggest that the chosen mapping will yield a better timing.
Related violations: <none>

SYNTH-5#807 Warning
Mapped onto distributed RAM because of timing constraints  
The instance ram_reg_3840_3967_15_15 is implemented as distributed LUT RAM for the following reason: The timing constraints suggest that the chosen mapping will yield a better timing.
Related violations: <none>

SYNTH-5#808 Warning
Mapped onto distributed RAM because of timing constraints  
The instance ram_reg_3840_3967_16_16 is implemented as distributed LUT RAM for the following reason: The timing constraints suggest that the chosen mapping will yield a better timing.
Related violations: <none>

SYNTH-5#809 Warning
Mapped onto distributed RAM because of timing constraints  
The instance ram_reg_3840_3967_17_17 is implemented as distributed LUT RAM for the following reason: The timing constraints suggest that the chosen mapping will yield a better timing.
Related violations: <none>

SYNTH-5#810 Warning
Mapped onto distributed RAM because of timing constraints  
The instance ram_reg_3840_3967_18_18 is implemented as distributed LUT RAM for the following reason: The timing constraints suggest that the chosen mapping will yield a better timing.
Related violations: <none>

SYNTH-5#811 Warning
Mapped onto distributed RAM because of timing constraints  
The instance ram_reg_3840_3967_19_19 is implemented as distributed LUT RAM for the following reason: The timing constraints suggest that the chosen mapping will yield a better timing.
Related violations: <none>

SYNTH-5#812 Warning
Mapped onto distributed RAM because of timing constraints  
The instance ram_reg_3840_3967_1_1 is implemented as distributed LUT RAM for the following reason: The timing constraints suggest that the chosen mapping will yield a better timing.
Related violations: <none>

SYNTH-5#813 Warning
Mapped onto distributed RAM because of timing constraints  
The instance ram_reg_3840_3967_20_20 is implemented as distributed LUT RAM for the following reason: The timing constraints suggest that the chosen mapping will yield a better timing.
Related violations: <none>

SYNTH-5#814 Warning
Mapped onto distributed RAM because of timing constraints  
The instance ram_reg_3840_3967_21_21 is implemented as distributed LUT RAM for the following reason: The timing constraints suggest that the chosen mapping will yield a better timing.
Related violations: <none>

SYNTH-5#815 Warning
Mapped onto distributed RAM because of timing constraints  
The instance ram_reg_3840_3967_22_22 is implemented as distributed LUT RAM for the following reason: The timing constraints suggest that the chosen mapping will yield a better timing.
Related violations: <none>

SYNTH-5#816 Warning
Mapped onto distributed RAM because of timing constraints  
The instance ram_reg_3840_3967_23_23 is implemented as distributed LUT RAM for the following reason: The timing constraints suggest that the chosen mapping will yield a better timing.
Related violations: <none>

SYNTH-5#817 Warning
Mapped onto distributed RAM because of timing constraints  
The instance ram_reg_3840_3967_24_24 is implemented as distributed LUT RAM for the following reason: The timing constraints suggest that the chosen mapping will yield a better timing.
Related violations: <none>

SYNTH-5#818 Warning
Mapped onto distributed RAM because of timing constraints  
The instance ram_reg_3840_3967_25_25 is implemented as distributed LUT RAM for the following reason: The timing constraints suggest that the chosen mapping will yield a better timing.
Related violations: <none>

SYNTH-5#819 Warning
Mapped onto distributed RAM because of timing constraints  
The instance ram_reg_3840_3967_26_26 is implemented as distributed LUT RAM for the following reason: The timing constraints suggest that the chosen mapping will yield a better timing.
Related violations: <none>

SYNTH-5#820 Warning
Mapped onto distributed RAM because of timing constraints  
The instance ram_reg_3840_3967_27_27 is implemented as distributed LUT RAM for the following reason: The timing constraints suggest that the chosen mapping will yield a better timing.
Related violations: <none>

SYNTH-5#821 Warning
Mapped onto distributed RAM because of timing constraints  
The instance ram_reg_3840_3967_28_28 is implemented as distributed LUT RAM for the following reason: The timing constraints suggest that the chosen mapping will yield a better timing.
Related violations: <none>

SYNTH-5#822 Warning
Mapped onto distributed RAM because of timing constraints  
The instance ram_reg_3840_3967_29_29 is implemented as distributed LUT RAM for the following reason: The timing constraints suggest that the chosen mapping will yield a better timing.
Related violations: <none>

SYNTH-5#823 Warning
Mapped onto distributed RAM because of timing constraints  
The instance ram_reg_3840_3967_2_2 is implemented as distributed LUT RAM for the following reason: The timing constraints suggest that the chosen mapping will yield a better timing.
Related violations: <none>

SYNTH-5#824 Warning
Mapped onto distributed RAM because of timing constraints  
The instance ram_reg_3840_3967_30_30 is implemented as distributed LUT RAM for the following reason: The timing constraints suggest that the chosen mapping will yield a better timing.
Related violations: <none>

SYNTH-5#825 Warning
Mapped onto distributed RAM because of timing constraints  
The instance ram_reg_3840_3967_31_31 is implemented as distributed LUT RAM for the following reason: The timing constraints suggest that the chosen mapping will yield a better timing.
Related violations: <none>

SYNTH-5#826 Warning
Mapped onto distributed RAM because of timing constraints  
The instance ram_reg_3840_3967_3_3 is implemented as distributed LUT RAM for the following reason: The timing constraints suggest that the chosen mapping will yield a better timing.
Related violations: <none>

SYNTH-5#827 Warning
Mapped onto distributed RAM because of timing constraints  
The instance ram_reg_3840_3967_4_4 is implemented as distributed LUT RAM for the following reason: The timing constraints suggest that the chosen mapping will yield a better timing.
Related violations: <none>

SYNTH-5#828 Warning
Mapped onto distributed RAM because of timing constraints  
The instance ram_reg_3840_3967_5_5 is implemented as distributed LUT RAM for the following reason: The timing constraints suggest that the chosen mapping will yield a better timing.
Related violations: <none>

SYNTH-5#829 Warning
Mapped onto distributed RAM because of timing constraints  
The instance ram_reg_3840_3967_6_6 is implemented as distributed LUT RAM for the following reason: The timing constraints suggest that the chosen mapping will yield a better timing.
Related violations: <none>

SYNTH-5#830 Warning
Mapped onto distributed RAM because of timing constraints  
The instance ram_reg_3840_3967_7_7 is implemented as distributed LUT RAM for the following reason: The timing constraints suggest that the chosen mapping will yield a better timing.
Related violations: <none>

SYNTH-5#831 Warning
Mapped onto distributed RAM because of timing constraints  
The instance ram_reg_3840_3967_8_8 is implemented as distributed LUT RAM for the following reason: The timing constraints suggest that the chosen mapping will yield a better timing.
Related violations: <none>

SYNTH-5#832 Warning
Mapped onto distributed RAM because of timing constraints  
The instance ram_reg_3840_3967_9_9 is implemented as distributed LUT RAM for the following reason: The timing constraints suggest that the chosen mapping will yield a better timing.
Related violations: <none>

SYNTH-5#833 Warning
Mapped onto distributed RAM because of timing constraints  
The instance ram_reg_384_511_0_0 is implemented as distributed LUT RAM for the following reason: The timing constraints suggest that the chosen mapping will yield a better timing.
Related violations: <none>

SYNTH-5#834 Warning
Mapped onto distributed RAM because of timing constraints  
The instance ram_reg_384_511_10_10 is implemented as distributed LUT RAM for the following reason: The timing constraints suggest that the chosen mapping will yield a better timing.
Related violations: <none>

SYNTH-5#835 Warning
Mapped onto distributed RAM because of timing constraints  
The instance ram_reg_384_511_11_11 is implemented as distributed LUT RAM for the following reason: The timing constraints suggest that the chosen mapping will yield a better timing.
Related violations: <none>

SYNTH-5#836 Warning
Mapped onto distributed RAM because of timing constraints  
The instance ram_reg_384_511_12_12 is implemented as distributed LUT RAM for the following reason: The timing constraints suggest that the chosen mapping will yield a better timing.
Related violations: <none>

SYNTH-5#837 Warning
Mapped onto distributed RAM because of timing constraints  
The instance ram_reg_384_511_13_13 is implemented as distributed LUT RAM for the following reason: The timing constraints suggest that the chosen mapping will yield a better timing.
Related violations: <none>

SYNTH-5#838 Warning
Mapped onto distributed RAM because of timing constraints  
The instance ram_reg_384_511_14_14 is implemented as distributed LUT RAM for the following reason: The timing constraints suggest that the chosen mapping will yield a better timing.
Related violations: <none>

SYNTH-5#839 Warning
Mapped onto distributed RAM because of timing constraints  
The instance ram_reg_384_511_15_15 is implemented as distributed LUT RAM for the following reason: The timing constraints suggest that the chosen mapping will yield a better timing.
Related violations: <none>

SYNTH-5#840 Warning
Mapped onto distributed RAM because of timing constraints  
The instance ram_reg_384_511_16_16 is implemented as distributed LUT RAM for the following reason: The timing constraints suggest that the chosen mapping will yield a better timing.
Related violations: <none>

SYNTH-5#841 Warning
Mapped onto distributed RAM because of timing constraints  
The instance ram_reg_384_511_17_17 is implemented as distributed LUT RAM for the following reason: The timing constraints suggest that the chosen mapping will yield a better timing.
Related violations: <none>

SYNTH-5#842 Warning
Mapped onto distributed RAM because of timing constraints  
The instance ram_reg_384_511_18_18 is implemented as distributed LUT RAM for the following reason: The timing constraints suggest that the chosen mapping will yield a better timing.
Related violations: <none>

SYNTH-5#843 Warning
Mapped onto distributed RAM because of timing constraints  
The instance ram_reg_384_511_19_19 is implemented as distributed LUT RAM for the following reason: The timing constraints suggest that the chosen mapping will yield a better timing.
Related violations: <none>

SYNTH-5#844 Warning
Mapped onto distributed RAM because of timing constraints  
The instance ram_reg_384_511_1_1 is implemented as distributed LUT RAM for the following reason: The timing constraints suggest that the chosen mapping will yield a better timing.
Related violations: <none>

SYNTH-5#845 Warning
Mapped onto distributed RAM because of timing constraints  
The instance ram_reg_384_511_20_20 is implemented as distributed LUT RAM for the following reason: The timing constraints suggest that the chosen mapping will yield a better timing.
Related violations: <none>

SYNTH-5#846 Warning
Mapped onto distributed RAM because of timing constraints  
The instance ram_reg_384_511_21_21 is implemented as distributed LUT RAM for the following reason: The timing constraints suggest that the chosen mapping will yield a better timing.
Related violations: <none>

SYNTH-5#847 Warning
Mapped onto distributed RAM because of timing constraints  
The instance ram_reg_384_511_22_22 is implemented as distributed LUT RAM for the following reason: The timing constraints suggest that the chosen mapping will yield a better timing.
Related violations: <none>

SYNTH-5#848 Warning
Mapped onto distributed RAM because of timing constraints  
The instance ram_reg_384_511_23_23 is implemented as distributed LUT RAM for the following reason: The timing constraints suggest that the chosen mapping will yield a better timing.
Related violations: <none>

SYNTH-5#849 Warning
Mapped onto distributed RAM because of timing constraints  
The instance ram_reg_384_511_24_24 is implemented as distributed LUT RAM for the following reason: The timing constraints suggest that the chosen mapping will yield a better timing.
Related violations: <none>

SYNTH-5#850 Warning
Mapped onto distributed RAM because of timing constraints  
The instance ram_reg_384_511_25_25 is implemented as distributed LUT RAM for the following reason: The timing constraints suggest that the chosen mapping will yield a better timing.
Related violations: <none>

SYNTH-5#851 Warning
Mapped onto distributed RAM because of timing constraints  
The instance ram_reg_384_511_26_26 is implemented as distributed LUT RAM for the following reason: The timing constraints suggest that the chosen mapping will yield a better timing.
Related violations: <none>

SYNTH-5#852 Warning
Mapped onto distributed RAM because of timing constraints  
The instance ram_reg_384_511_27_27 is implemented as distributed LUT RAM for the following reason: The timing constraints suggest that the chosen mapping will yield a better timing.
Related violations: <none>

SYNTH-5#853 Warning
Mapped onto distributed RAM because of timing constraints  
The instance ram_reg_384_511_28_28 is implemented as distributed LUT RAM for the following reason: The timing constraints suggest that the chosen mapping will yield a better timing.
Related violations: <none>

SYNTH-5#854 Warning
Mapped onto distributed RAM because of timing constraints  
The instance ram_reg_384_511_29_29 is implemented as distributed LUT RAM for the following reason: The timing constraints suggest that the chosen mapping will yield a better timing.
Related violations: <none>

SYNTH-5#855 Warning
Mapped onto distributed RAM because of timing constraints  
The instance ram_reg_384_511_2_2 is implemented as distributed LUT RAM for the following reason: The timing constraints suggest that the chosen mapping will yield a better timing.
Related violations: <none>

SYNTH-5#856 Warning
Mapped onto distributed RAM because of timing constraints  
The instance ram_reg_384_511_30_30 is implemented as distributed LUT RAM for the following reason: The timing constraints suggest that the chosen mapping will yield a better timing.
Related violations: <none>

SYNTH-5#857 Warning
Mapped onto distributed RAM because of timing constraints  
The instance ram_reg_384_511_31_31 is implemented as distributed LUT RAM for the following reason: The timing constraints suggest that the chosen mapping will yield a better timing.
Related violations: <none>

SYNTH-5#858 Warning
Mapped onto distributed RAM because of timing constraints  
The instance ram_reg_384_511_3_3 is implemented as distributed LUT RAM for the following reason: The timing constraints suggest that the chosen mapping will yield a better timing.
Related violations: <none>

SYNTH-5#859 Warning
Mapped onto distributed RAM because of timing constraints  
The instance ram_reg_384_511_4_4 is implemented as distributed LUT RAM for the following reason: The timing constraints suggest that the chosen mapping will yield a better timing.
Related violations: <none>

SYNTH-5#860 Warning
Mapped onto distributed RAM because of timing constraints  
The instance ram_reg_384_511_5_5 is implemented as distributed LUT RAM for the following reason: The timing constraints suggest that the chosen mapping will yield a better timing.
Related violations: <none>

SYNTH-5#861 Warning
Mapped onto distributed RAM because of timing constraints  
The instance ram_reg_384_511_6_6 is implemented as distributed LUT RAM for the following reason: The timing constraints suggest that the chosen mapping will yield a better timing.
Related violations: <none>

SYNTH-5#862 Warning
Mapped onto distributed RAM because of timing constraints  
The instance ram_reg_384_511_7_7 is implemented as distributed LUT RAM for the following reason: The timing constraints suggest that the chosen mapping will yield a better timing.
Related violations: <none>

SYNTH-5#863 Warning
Mapped onto distributed RAM because of timing constraints  
The instance ram_reg_384_511_8_8 is implemented as distributed LUT RAM for the following reason: The timing constraints suggest that the chosen mapping will yield a better timing.
Related violations: <none>

SYNTH-5#864 Warning
Mapped onto distributed RAM because of timing constraints  
The instance ram_reg_384_511_9_9 is implemented as distributed LUT RAM for the following reason: The timing constraints suggest that the chosen mapping will yield a better timing.
Related violations: <none>

SYNTH-5#865 Warning
Mapped onto distributed RAM because of timing constraints  
The instance ram_reg_3968_4095_0_0 is implemented as distributed LUT RAM for the following reason: The timing constraints suggest that the chosen mapping will yield a better timing.
Related violations: <none>

SYNTH-5#866 Warning
Mapped onto distributed RAM because of timing constraints  
The instance ram_reg_3968_4095_10_10 is implemented as distributed LUT RAM for the following reason: The timing constraints suggest that the chosen mapping will yield a better timing.
Related violations: <none>

SYNTH-5#867 Warning
Mapped onto distributed RAM because of timing constraints  
The instance ram_reg_3968_4095_11_11 is implemented as distributed LUT RAM for the following reason: The timing constraints suggest that the chosen mapping will yield a better timing.
Related violations: <none>

SYNTH-5#868 Warning
Mapped onto distributed RAM because of timing constraints  
The instance ram_reg_3968_4095_12_12 is implemented as distributed LUT RAM for the following reason: The timing constraints suggest that the chosen mapping will yield a better timing.
Related violations: <none>

SYNTH-5#869 Warning
Mapped onto distributed RAM because of timing constraints  
The instance ram_reg_3968_4095_13_13 is implemented as distributed LUT RAM for the following reason: The timing constraints suggest that the chosen mapping will yield a better timing.
Related violations: <none>

SYNTH-5#870 Warning
Mapped onto distributed RAM because of timing constraints  
The instance ram_reg_3968_4095_14_14 is implemented as distributed LUT RAM for the following reason: The timing constraints suggest that the chosen mapping will yield a better timing.
Related violations: <none>

SYNTH-5#871 Warning
Mapped onto distributed RAM because of timing constraints  
The instance ram_reg_3968_4095_15_15 is implemented as distributed LUT RAM for the following reason: The timing constraints suggest that the chosen mapping will yield a better timing.
Related violations: <none>

SYNTH-5#872 Warning
Mapped onto distributed RAM because of timing constraints  
The instance ram_reg_3968_4095_16_16 is implemented as distributed LUT RAM for the following reason: The timing constraints suggest that the chosen mapping will yield a better timing.
Related violations: <none>

SYNTH-5#873 Warning
Mapped onto distributed RAM because of timing constraints  
The instance ram_reg_3968_4095_17_17 is implemented as distributed LUT RAM for the following reason: The timing constraints suggest that the chosen mapping will yield a better timing.
Related violations: <none>

SYNTH-5#874 Warning
Mapped onto distributed RAM because of timing constraints  
The instance ram_reg_3968_4095_18_18 is implemented as distributed LUT RAM for the following reason: The timing constraints suggest that the chosen mapping will yield a better timing.
Related violations: <none>

SYNTH-5#875 Warning
Mapped onto distributed RAM because of timing constraints  
The instance ram_reg_3968_4095_19_19 is implemented as distributed LUT RAM for the following reason: The timing constraints suggest that the chosen mapping will yield a better timing.
Related violations: <none>

SYNTH-5#876 Warning
Mapped onto distributed RAM because of timing constraints  
The instance ram_reg_3968_4095_1_1 is implemented as distributed LUT RAM for the following reason: The timing constraints suggest that the chosen mapping will yield a better timing.
Related violations: <none>

SYNTH-5#877 Warning
Mapped onto distributed RAM because of timing constraints  
The instance ram_reg_3968_4095_20_20 is implemented as distributed LUT RAM for the following reason: The timing constraints suggest that the chosen mapping will yield a better timing.
Related violations: <none>

SYNTH-5#878 Warning
Mapped onto distributed RAM because of timing constraints  
The instance ram_reg_3968_4095_21_21 is implemented as distributed LUT RAM for the following reason: The timing constraints suggest that the chosen mapping will yield a better timing.
Related violations: <none>

SYNTH-5#879 Warning
Mapped onto distributed RAM because of timing constraints  
The instance ram_reg_3968_4095_22_22 is implemented as distributed LUT RAM for the following reason: The timing constraints suggest that the chosen mapping will yield a better timing.
Related violations: <none>

SYNTH-5#880 Warning
Mapped onto distributed RAM because of timing constraints  
The instance ram_reg_3968_4095_23_23 is implemented as distributed LUT RAM for the following reason: The timing constraints suggest that the chosen mapping will yield a better timing.
Related violations: <none>

SYNTH-5#881 Warning
Mapped onto distributed RAM because of timing constraints  
The instance ram_reg_3968_4095_24_24 is implemented as distributed LUT RAM for the following reason: The timing constraints suggest that the chosen mapping will yield a better timing.
Related violations: <none>

SYNTH-5#882 Warning
Mapped onto distributed RAM because of timing constraints  
The instance ram_reg_3968_4095_25_25 is implemented as distributed LUT RAM for the following reason: The timing constraints suggest that the chosen mapping will yield a better timing.
Related violations: <none>

SYNTH-5#883 Warning
Mapped onto distributed RAM because of timing constraints  
The instance ram_reg_3968_4095_26_26 is implemented as distributed LUT RAM for the following reason: The timing constraints suggest that the chosen mapping will yield a better timing.
Related violations: <none>

SYNTH-5#884 Warning
Mapped onto distributed RAM because of timing constraints  
The instance ram_reg_3968_4095_27_27 is implemented as distributed LUT RAM for the following reason: The timing constraints suggest that the chosen mapping will yield a better timing.
Related violations: <none>

SYNTH-5#885 Warning
Mapped onto distributed RAM because of timing constraints  
The instance ram_reg_3968_4095_28_28 is implemented as distributed LUT RAM for the following reason: The timing constraints suggest that the chosen mapping will yield a better timing.
Related violations: <none>

SYNTH-5#886 Warning
Mapped onto distributed RAM because of timing constraints  
The instance ram_reg_3968_4095_29_29 is implemented as distributed LUT RAM for the following reason: The timing constraints suggest that the chosen mapping will yield a better timing.
Related violations: <none>

SYNTH-5#887 Warning
Mapped onto distributed RAM because of timing constraints  
The instance ram_reg_3968_4095_2_2 is implemented as distributed LUT RAM for the following reason: The timing constraints suggest that the chosen mapping will yield a better timing.
Related violations: <none>

SYNTH-5#888 Warning
Mapped onto distributed RAM because of timing constraints  
The instance ram_reg_3968_4095_30_30 is implemented as distributed LUT RAM for the following reason: The timing constraints suggest that the chosen mapping will yield a better timing.
Related violations: <none>

SYNTH-5#889 Warning
Mapped onto distributed RAM because of timing constraints  
The instance ram_reg_3968_4095_31_31 is implemented as distributed LUT RAM for the following reason: The timing constraints suggest that the chosen mapping will yield a better timing.
Related violations: <none>

SYNTH-5#890 Warning
Mapped onto distributed RAM because of timing constraints  
The instance ram_reg_3968_4095_3_3 is implemented as distributed LUT RAM for the following reason: The timing constraints suggest that the chosen mapping will yield a better timing.
Related violations: <none>

SYNTH-5#891 Warning
Mapped onto distributed RAM because of timing constraints  
The instance ram_reg_3968_4095_4_4 is implemented as distributed LUT RAM for the following reason: The timing constraints suggest that the chosen mapping will yield a better timing.
Related violations: <none>

SYNTH-5#892 Warning
Mapped onto distributed RAM because of timing constraints  
The instance ram_reg_3968_4095_5_5 is implemented as distributed LUT RAM for the following reason: The timing constraints suggest that the chosen mapping will yield a better timing.
Related violations: <none>

SYNTH-5#893 Warning
Mapped onto distributed RAM because of timing constraints  
The instance ram_reg_3968_4095_6_6 is implemented as distributed LUT RAM for the following reason: The timing constraints suggest that the chosen mapping will yield a better timing.
Related violations: <none>

SYNTH-5#894 Warning
Mapped onto distributed RAM because of timing constraints  
The instance ram_reg_3968_4095_7_7 is implemented as distributed LUT RAM for the following reason: The timing constraints suggest that the chosen mapping will yield a better timing.
Related violations: <none>

SYNTH-5#895 Warning
Mapped onto distributed RAM because of timing constraints  
The instance ram_reg_3968_4095_8_8 is implemented as distributed LUT RAM for the following reason: The timing constraints suggest that the chosen mapping will yield a better timing.
Related violations: <none>

SYNTH-5#896 Warning
Mapped onto distributed RAM because of timing constraints  
The instance ram_reg_3968_4095_9_9 is implemented as distributed LUT RAM for the following reason: The timing constraints suggest that the chosen mapping will yield a better timing.
Related violations: <none>

SYNTH-5#897 Warning
Mapped onto distributed RAM because of timing constraints  
The instance ram_reg_512_639_0_0 is implemented as distributed LUT RAM for the following reason: The timing constraints suggest that the chosen mapping will yield a better timing.
Related violations: <none>

SYNTH-5#898 Warning
Mapped onto distributed RAM because of timing constraints  
The instance ram_reg_512_639_10_10 is implemented as distributed LUT RAM for the following reason: The timing constraints suggest that the chosen mapping will yield a better timing.
Related violations: <none>

SYNTH-5#899 Warning
Mapped onto distributed RAM because of timing constraints  
The instance ram_reg_512_639_11_11 is implemented as distributed LUT RAM for the following reason: The timing constraints suggest that the chosen mapping will yield a better timing.
Related violations: <none>

SYNTH-5#900 Warning
Mapped onto distributed RAM because of timing constraints  
The instance ram_reg_512_639_12_12 is implemented as distributed LUT RAM for the following reason: The timing constraints suggest that the chosen mapping will yield a better timing.
Related violations: <none>

SYNTH-5#901 Warning
Mapped onto distributed RAM because of timing constraints  
The instance ram_reg_512_639_13_13 is implemented as distributed LUT RAM for the following reason: The timing constraints suggest that the chosen mapping will yield a better timing.
Related violations: <none>

SYNTH-5#902 Warning
Mapped onto distributed RAM because of timing constraints  
The instance ram_reg_512_639_14_14 is implemented as distributed LUT RAM for the following reason: The timing constraints suggest that the chosen mapping will yield a better timing.
Related violations: <none>

SYNTH-5#903 Warning
Mapped onto distributed RAM because of timing constraints  
The instance ram_reg_512_639_15_15 is implemented as distributed LUT RAM for the following reason: The timing constraints suggest that the chosen mapping will yield a better timing.
Related violations: <none>

SYNTH-5#904 Warning
Mapped onto distributed RAM because of timing constraints  
The instance ram_reg_512_639_16_16 is implemented as distributed LUT RAM for the following reason: The timing constraints suggest that the chosen mapping will yield a better timing.
Related violations: <none>

SYNTH-5#905 Warning
Mapped onto distributed RAM because of timing constraints  
The instance ram_reg_512_639_17_17 is implemented as distributed LUT RAM for the following reason: The timing constraints suggest that the chosen mapping will yield a better timing.
Related violations: <none>

SYNTH-5#906 Warning
Mapped onto distributed RAM because of timing constraints  
The instance ram_reg_512_639_18_18 is implemented as distributed LUT RAM for the following reason: The timing constraints suggest that the chosen mapping will yield a better timing.
Related violations: <none>

SYNTH-5#907 Warning
Mapped onto distributed RAM because of timing constraints  
The instance ram_reg_512_639_19_19 is implemented as distributed LUT RAM for the following reason: The timing constraints suggest that the chosen mapping will yield a better timing.
Related violations: <none>

SYNTH-5#908 Warning
Mapped onto distributed RAM because of timing constraints  
The instance ram_reg_512_639_1_1 is implemented as distributed LUT RAM for the following reason: The timing constraints suggest that the chosen mapping will yield a better timing.
Related violations: <none>

SYNTH-5#909 Warning
Mapped onto distributed RAM because of timing constraints  
The instance ram_reg_512_639_20_20 is implemented as distributed LUT RAM for the following reason: The timing constraints suggest that the chosen mapping will yield a better timing.
Related violations: <none>

SYNTH-5#910 Warning
Mapped onto distributed RAM because of timing constraints  
The instance ram_reg_512_639_21_21 is implemented as distributed LUT RAM for the following reason: The timing constraints suggest that the chosen mapping will yield a better timing.
Related violations: <none>

SYNTH-5#911 Warning
Mapped onto distributed RAM because of timing constraints  
The instance ram_reg_512_639_22_22 is implemented as distributed LUT RAM for the following reason: The timing constraints suggest that the chosen mapping will yield a better timing.
Related violations: <none>

SYNTH-5#912 Warning
Mapped onto distributed RAM because of timing constraints  
The instance ram_reg_512_639_23_23 is implemented as distributed LUT RAM for the following reason: The timing constraints suggest that the chosen mapping will yield a better timing.
Related violations: <none>

SYNTH-5#913 Warning
Mapped onto distributed RAM because of timing constraints  
The instance ram_reg_512_639_24_24 is implemented as distributed LUT RAM for the following reason: The timing constraints suggest that the chosen mapping will yield a better timing.
Related violations: <none>

SYNTH-5#914 Warning
Mapped onto distributed RAM because of timing constraints  
The instance ram_reg_512_639_25_25 is implemented as distributed LUT RAM for the following reason: The timing constraints suggest that the chosen mapping will yield a better timing.
Related violations: <none>

SYNTH-5#915 Warning
Mapped onto distributed RAM because of timing constraints  
The instance ram_reg_512_639_26_26 is implemented as distributed LUT RAM for the following reason: The timing constraints suggest that the chosen mapping will yield a better timing.
Related violations: <none>

SYNTH-5#916 Warning
Mapped onto distributed RAM because of timing constraints  
The instance ram_reg_512_639_27_27 is implemented as distributed LUT RAM for the following reason: The timing constraints suggest that the chosen mapping will yield a better timing.
Related violations: <none>

SYNTH-5#917 Warning
Mapped onto distributed RAM because of timing constraints  
The instance ram_reg_512_639_28_28 is implemented as distributed LUT RAM for the following reason: The timing constraints suggest that the chosen mapping will yield a better timing.
Related violations: <none>

SYNTH-5#918 Warning
Mapped onto distributed RAM because of timing constraints  
The instance ram_reg_512_639_29_29 is implemented as distributed LUT RAM for the following reason: The timing constraints suggest that the chosen mapping will yield a better timing.
Related violations: <none>

SYNTH-5#919 Warning
Mapped onto distributed RAM because of timing constraints  
The instance ram_reg_512_639_2_2 is implemented as distributed LUT RAM for the following reason: The timing constraints suggest that the chosen mapping will yield a better timing.
Related violations: <none>

SYNTH-5#920 Warning
Mapped onto distributed RAM because of timing constraints  
The instance ram_reg_512_639_30_30 is implemented as distributed LUT RAM for the following reason: The timing constraints suggest that the chosen mapping will yield a better timing.
Related violations: <none>

SYNTH-5#921 Warning
Mapped onto distributed RAM because of timing constraints  
The instance ram_reg_512_639_31_31 is implemented as distributed LUT RAM for the following reason: The timing constraints suggest that the chosen mapping will yield a better timing.
Related violations: <none>

SYNTH-5#922 Warning
Mapped onto distributed RAM because of timing constraints  
The instance ram_reg_512_639_3_3 is implemented as distributed LUT RAM for the following reason: The timing constraints suggest that the chosen mapping will yield a better timing.
Related violations: <none>

SYNTH-5#923 Warning
Mapped onto distributed RAM because of timing constraints  
The instance ram_reg_512_639_4_4 is implemented as distributed LUT RAM for the following reason: The timing constraints suggest that the chosen mapping will yield a better timing.
Related violations: <none>

SYNTH-5#924 Warning
Mapped onto distributed RAM because of timing constraints  
The instance ram_reg_512_639_5_5 is implemented as distributed LUT RAM for the following reason: The timing constraints suggest that the chosen mapping will yield a better timing.
Related violations: <none>

SYNTH-5#925 Warning
Mapped onto distributed RAM because of timing constraints  
The instance ram_reg_512_639_6_6 is implemented as distributed LUT RAM for the following reason: The timing constraints suggest that the chosen mapping will yield a better timing.
Related violations: <none>

SYNTH-5#926 Warning
Mapped onto distributed RAM because of timing constraints  
The instance ram_reg_512_639_7_7 is implemented as distributed LUT RAM for the following reason: The timing constraints suggest that the chosen mapping will yield a better timing.
Related violations: <none>

SYNTH-5#927 Warning
Mapped onto distributed RAM because of timing constraints  
The instance ram_reg_512_639_8_8 is implemented as distributed LUT RAM for the following reason: The timing constraints suggest that the chosen mapping will yield a better timing.
Related violations: <none>

SYNTH-5#928 Warning
Mapped onto distributed RAM because of timing constraints  
The instance ram_reg_512_639_9_9 is implemented as distributed LUT RAM for the following reason: The timing constraints suggest that the chosen mapping will yield a better timing.
Related violations: <none>

SYNTH-5#929 Warning
Mapped onto distributed RAM because of timing constraints  
The instance ram_reg_640_767_0_0 is implemented as distributed LUT RAM for the following reason: The timing constraints suggest that the chosen mapping will yield a better timing.
Related violations: <none>

SYNTH-5#930 Warning
Mapped onto distributed RAM because of timing constraints  
The instance ram_reg_640_767_10_10 is implemented as distributed LUT RAM for the following reason: The timing constraints suggest that the chosen mapping will yield a better timing.
Related violations: <none>

SYNTH-5#931 Warning
Mapped onto distributed RAM because of timing constraints  
The instance ram_reg_640_767_11_11 is implemented as distributed LUT RAM for the following reason: The timing constraints suggest that the chosen mapping will yield a better timing.
Related violations: <none>

SYNTH-5#932 Warning
Mapped onto distributed RAM because of timing constraints  
The instance ram_reg_640_767_12_12 is implemented as distributed LUT RAM for the following reason: The timing constraints suggest that the chosen mapping will yield a better timing.
Related violations: <none>

SYNTH-5#933 Warning
Mapped onto distributed RAM because of timing constraints  
The instance ram_reg_640_767_13_13 is implemented as distributed LUT RAM for the following reason: The timing constraints suggest that the chosen mapping will yield a better timing.
Related violations: <none>

SYNTH-5#934 Warning
Mapped onto distributed RAM because of timing constraints  
The instance ram_reg_640_767_14_14 is implemented as distributed LUT RAM for the following reason: The timing constraints suggest that the chosen mapping will yield a better timing.
Related violations: <none>

SYNTH-5#935 Warning
Mapped onto distributed RAM because of timing constraints  
The instance ram_reg_640_767_15_15 is implemented as distributed LUT RAM for the following reason: The timing constraints suggest that the chosen mapping will yield a better timing.
Related violations: <none>

SYNTH-5#936 Warning
Mapped onto distributed RAM because of timing constraints  
The instance ram_reg_640_767_16_16 is implemented as distributed LUT RAM for the following reason: The timing constraints suggest that the chosen mapping will yield a better timing.
Related violations: <none>

SYNTH-5#937 Warning
Mapped onto distributed RAM because of timing constraints  
The instance ram_reg_640_767_17_17 is implemented as distributed LUT RAM for the following reason: The timing constraints suggest that the chosen mapping will yield a better timing.
Related violations: <none>

SYNTH-5#938 Warning
Mapped onto distributed RAM because of timing constraints  
The instance ram_reg_640_767_18_18 is implemented as distributed LUT RAM for the following reason: The timing constraints suggest that the chosen mapping will yield a better timing.
Related violations: <none>

SYNTH-5#939 Warning
Mapped onto distributed RAM because of timing constraints  
The instance ram_reg_640_767_19_19 is implemented as distributed LUT RAM for the following reason: The timing constraints suggest that the chosen mapping will yield a better timing.
Related violations: <none>

SYNTH-5#940 Warning
Mapped onto distributed RAM because of timing constraints  
The instance ram_reg_640_767_1_1 is implemented as distributed LUT RAM for the following reason: The timing constraints suggest that the chosen mapping will yield a better timing.
Related violations: <none>

SYNTH-5#941 Warning
Mapped onto distributed RAM because of timing constraints  
The instance ram_reg_640_767_20_20 is implemented as distributed LUT RAM for the following reason: The timing constraints suggest that the chosen mapping will yield a better timing.
Related violations: <none>

SYNTH-5#942 Warning
Mapped onto distributed RAM because of timing constraints  
The instance ram_reg_640_767_21_21 is implemented as distributed LUT RAM for the following reason: The timing constraints suggest that the chosen mapping will yield a better timing.
Related violations: <none>

SYNTH-5#943 Warning
Mapped onto distributed RAM because of timing constraints  
The instance ram_reg_640_767_22_22 is implemented as distributed LUT RAM for the following reason: The timing constraints suggest that the chosen mapping will yield a better timing.
Related violations: <none>

SYNTH-5#944 Warning
Mapped onto distributed RAM because of timing constraints  
The instance ram_reg_640_767_23_23 is implemented as distributed LUT RAM for the following reason: The timing constraints suggest that the chosen mapping will yield a better timing.
Related violations: <none>

SYNTH-5#945 Warning
Mapped onto distributed RAM because of timing constraints  
The instance ram_reg_640_767_24_24 is implemented as distributed LUT RAM for the following reason: The timing constraints suggest that the chosen mapping will yield a better timing.
Related violations: <none>

SYNTH-5#946 Warning
Mapped onto distributed RAM because of timing constraints  
The instance ram_reg_640_767_25_25 is implemented as distributed LUT RAM for the following reason: The timing constraints suggest that the chosen mapping will yield a better timing.
Related violations: <none>

SYNTH-5#947 Warning
Mapped onto distributed RAM because of timing constraints  
The instance ram_reg_640_767_26_26 is implemented as distributed LUT RAM for the following reason: The timing constraints suggest that the chosen mapping will yield a better timing.
Related violations: <none>

SYNTH-5#948 Warning
Mapped onto distributed RAM because of timing constraints  
The instance ram_reg_640_767_27_27 is implemented as distributed LUT RAM for the following reason: The timing constraints suggest that the chosen mapping will yield a better timing.
Related violations: <none>

SYNTH-5#949 Warning
Mapped onto distributed RAM because of timing constraints  
The instance ram_reg_640_767_28_28 is implemented as distributed LUT RAM for the following reason: The timing constraints suggest that the chosen mapping will yield a better timing.
Related violations: <none>

SYNTH-5#950 Warning
Mapped onto distributed RAM because of timing constraints  
The instance ram_reg_640_767_29_29 is implemented as distributed LUT RAM for the following reason: The timing constraints suggest that the chosen mapping will yield a better timing.
Related violations: <none>

SYNTH-5#951 Warning
Mapped onto distributed RAM because of timing constraints  
The instance ram_reg_640_767_2_2 is implemented as distributed LUT RAM for the following reason: The timing constraints suggest that the chosen mapping will yield a better timing.
Related violations: <none>

SYNTH-5#952 Warning
Mapped onto distributed RAM because of timing constraints  
The instance ram_reg_640_767_30_30 is implemented as distributed LUT RAM for the following reason: The timing constraints suggest that the chosen mapping will yield a better timing.
Related violations: <none>

SYNTH-5#953 Warning
Mapped onto distributed RAM because of timing constraints  
The instance ram_reg_640_767_31_31 is implemented as distributed LUT RAM for the following reason: The timing constraints suggest that the chosen mapping will yield a better timing.
Related violations: <none>

SYNTH-5#954 Warning
Mapped onto distributed RAM because of timing constraints  
The instance ram_reg_640_767_3_3 is implemented as distributed LUT RAM for the following reason: The timing constraints suggest that the chosen mapping will yield a better timing.
Related violations: <none>

SYNTH-5#955 Warning
Mapped onto distributed RAM because of timing constraints  
The instance ram_reg_640_767_4_4 is implemented as distributed LUT RAM for the following reason: The timing constraints suggest that the chosen mapping will yield a better timing.
Related violations: <none>

SYNTH-5#956 Warning
Mapped onto distributed RAM because of timing constraints  
The instance ram_reg_640_767_5_5 is implemented as distributed LUT RAM for the following reason: The timing constraints suggest that the chosen mapping will yield a better timing.
Related violations: <none>

SYNTH-5#957 Warning
Mapped onto distributed RAM because of timing constraints  
The instance ram_reg_640_767_6_6 is implemented as distributed LUT RAM for the following reason: The timing constraints suggest that the chosen mapping will yield a better timing.
Related violations: <none>

SYNTH-5#958 Warning
Mapped onto distributed RAM because of timing constraints  
The instance ram_reg_640_767_7_7 is implemented as distributed LUT RAM for the following reason: The timing constraints suggest that the chosen mapping will yield a better timing.
Related violations: <none>

SYNTH-5#959 Warning
Mapped onto distributed RAM because of timing constraints  
The instance ram_reg_640_767_8_8 is implemented as distributed LUT RAM for the following reason: The timing constraints suggest that the chosen mapping will yield a better timing.
Related violations: <none>

SYNTH-5#960 Warning
Mapped onto distributed RAM because of timing constraints  
The instance ram_reg_640_767_9_9 is implemented as distributed LUT RAM for the following reason: The timing constraints suggest that the chosen mapping will yield a better timing.
Related violations: <none>

SYNTH-5#961 Warning
Mapped onto distributed RAM because of timing constraints  
The instance ram_reg_768_895_0_0 is implemented as distributed LUT RAM for the following reason: The timing constraints suggest that the chosen mapping will yield a better timing.
Related violations: <none>

SYNTH-5#962 Warning
Mapped onto distributed RAM because of timing constraints  
The instance ram_reg_768_895_10_10 is implemented as distributed LUT RAM for the following reason: The timing constraints suggest that the chosen mapping will yield a better timing.
Related violations: <none>

SYNTH-5#963 Warning
Mapped onto distributed RAM because of timing constraints  
The instance ram_reg_768_895_11_11 is implemented as distributed LUT RAM for the following reason: The timing constraints suggest that the chosen mapping will yield a better timing.
Related violations: <none>

SYNTH-5#964 Warning
Mapped onto distributed RAM because of timing constraints  
The instance ram_reg_768_895_12_12 is implemented as distributed LUT RAM for the following reason: The timing constraints suggest that the chosen mapping will yield a better timing.
Related violations: <none>

SYNTH-5#965 Warning
Mapped onto distributed RAM because of timing constraints  
The instance ram_reg_768_895_13_13 is implemented as distributed LUT RAM for the following reason: The timing constraints suggest that the chosen mapping will yield a better timing.
Related violations: <none>

SYNTH-5#966 Warning
Mapped onto distributed RAM because of timing constraints  
The instance ram_reg_768_895_14_14 is implemented as distributed LUT RAM for the following reason: The timing constraints suggest that the chosen mapping will yield a better timing.
Related violations: <none>

SYNTH-5#967 Warning
Mapped onto distributed RAM because of timing constraints  
The instance ram_reg_768_895_15_15 is implemented as distributed LUT RAM for the following reason: The timing constraints suggest that the chosen mapping will yield a better timing.
Related violations: <none>

SYNTH-5#968 Warning
Mapped onto distributed RAM because of timing constraints  
The instance ram_reg_768_895_16_16 is implemented as distributed LUT RAM for the following reason: The timing constraints suggest that the chosen mapping will yield a better timing.
Related violations: <none>

SYNTH-5#969 Warning
Mapped onto distributed RAM because of timing constraints  
The instance ram_reg_768_895_17_17 is implemented as distributed LUT RAM for the following reason: The timing constraints suggest that the chosen mapping will yield a better timing.
Related violations: <none>

SYNTH-5#970 Warning
Mapped onto distributed RAM because of timing constraints  
The instance ram_reg_768_895_18_18 is implemented as distributed LUT RAM for the following reason: The timing constraints suggest that the chosen mapping will yield a better timing.
Related violations: <none>

SYNTH-5#971 Warning
Mapped onto distributed RAM because of timing constraints  
The instance ram_reg_768_895_19_19 is implemented as distributed LUT RAM for the following reason: The timing constraints suggest that the chosen mapping will yield a better timing.
Related violations: <none>

SYNTH-5#972 Warning
Mapped onto distributed RAM because of timing constraints  
The instance ram_reg_768_895_1_1 is implemented as distributed LUT RAM for the following reason: The timing constraints suggest that the chosen mapping will yield a better timing.
Related violations: <none>

SYNTH-5#973 Warning
Mapped onto distributed RAM because of timing constraints  
The instance ram_reg_768_895_20_20 is implemented as distributed LUT RAM for the following reason: The timing constraints suggest that the chosen mapping will yield a better timing.
Related violations: <none>

SYNTH-5#974 Warning
Mapped onto distributed RAM because of timing constraints  
The instance ram_reg_768_895_21_21 is implemented as distributed LUT RAM for the following reason: The timing constraints suggest that the chosen mapping will yield a better timing.
Related violations: <none>

SYNTH-5#975 Warning
Mapped onto distributed RAM because of timing constraints  
The instance ram_reg_768_895_22_22 is implemented as distributed LUT RAM for the following reason: The timing constraints suggest that the chosen mapping will yield a better timing.
Related violations: <none>

SYNTH-5#976 Warning
Mapped onto distributed RAM because of timing constraints  
The instance ram_reg_768_895_23_23 is implemented as distributed LUT RAM for the following reason: The timing constraints suggest that the chosen mapping will yield a better timing.
Related violations: <none>

SYNTH-5#977 Warning
Mapped onto distributed RAM because of timing constraints  
The instance ram_reg_768_895_24_24 is implemented as distributed LUT RAM for the following reason: The timing constraints suggest that the chosen mapping will yield a better timing.
Related violations: <none>

SYNTH-5#978 Warning
Mapped onto distributed RAM because of timing constraints  
The instance ram_reg_768_895_25_25 is implemented as distributed LUT RAM for the following reason: The timing constraints suggest that the chosen mapping will yield a better timing.
Related violations: <none>

SYNTH-5#979 Warning
Mapped onto distributed RAM because of timing constraints  
The instance ram_reg_768_895_26_26 is implemented as distributed LUT RAM for the following reason: The timing constraints suggest that the chosen mapping will yield a better timing.
Related violations: <none>

SYNTH-5#980 Warning
Mapped onto distributed RAM because of timing constraints  
The instance ram_reg_768_895_27_27 is implemented as distributed LUT RAM for the following reason: The timing constraints suggest that the chosen mapping will yield a better timing.
Related violations: <none>

SYNTH-5#981 Warning
Mapped onto distributed RAM because of timing constraints  
The instance ram_reg_768_895_28_28 is implemented as distributed LUT RAM for the following reason: The timing constraints suggest that the chosen mapping will yield a better timing.
Related violations: <none>

SYNTH-5#982 Warning
Mapped onto distributed RAM because of timing constraints  
The instance ram_reg_768_895_29_29 is implemented as distributed LUT RAM for the following reason: The timing constraints suggest that the chosen mapping will yield a better timing.
Related violations: <none>

SYNTH-5#983 Warning
Mapped onto distributed RAM because of timing constraints  
The instance ram_reg_768_895_2_2 is implemented as distributed LUT RAM for the following reason: The timing constraints suggest that the chosen mapping will yield a better timing.
Related violations: <none>

SYNTH-5#984 Warning
Mapped onto distributed RAM because of timing constraints  
The instance ram_reg_768_895_30_30 is implemented as distributed LUT RAM for the following reason: The timing constraints suggest that the chosen mapping will yield a better timing.
Related violations: <none>

SYNTH-5#985 Warning
Mapped onto distributed RAM because of timing constraints  
The instance ram_reg_768_895_31_31 is implemented as distributed LUT RAM for the following reason: The timing constraints suggest that the chosen mapping will yield a better timing.
Related violations: <none>

SYNTH-5#986 Warning
Mapped onto distributed RAM because of timing constraints  
The instance ram_reg_768_895_3_3 is implemented as distributed LUT RAM for the following reason: The timing constraints suggest that the chosen mapping will yield a better timing.
Related violations: <none>

SYNTH-5#987 Warning
Mapped onto distributed RAM because of timing constraints  
The instance ram_reg_768_895_4_4 is implemented as distributed LUT RAM for the following reason: The timing constraints suggest that the chosen mapping will yield a better timing.
Related violations: <none>

SYNTH-5#988 Warning
Mapped onto distributed RAM because of timing constraints  
The instance ram_reg_768_895_5_5 is implemented as distributed LUT RAM for the following reason: The timing constraints suggest that the chosen mapping will yield a better timing.
Related violations: <none>

SYNTH-5#989 Warning
Mapped onto distributed RAM because of timing constraints  
The instance ram_reg_768_895_6_6 is implemented as distributed LUT RAM for the following reason: The timing constraints suggest that the chosen mapping will yield a better timing.
Related violations: <none>

SYNTH-5#990 Warning
Mapped onto distributed RAM because of timing constraints  
The instance ram_reg_768_895_7_7 is implemented as distributed LUT RAM for the following reason: The timing constraints suggest that the chosen mapping will yield a better timing.
Related violations: <none>

SYNTH-5#991 Warning
Mapped onto distributed RAM because of timing constraints  
The instance ram_reg_768_895_8_8 is implemented as distributed LUT RAM for the following reason: The timing constraints suggest that the chosen mapping will yield a better timing.
Related violations: <none>

SYNTH-5#992 Warning
Mapped onto distributed RAM because of timing constraints  
The instance ram_reg_768_895_9_9 is implemented as distributed LUT RAM for the following reason: The timing constraints suggest that the chosen mapping will yield a better timing.
Related violations: <none>

SYNTH-5#993 Warning
Mapped onto distributed RAM because of timing constraints  
The instance ram_reg_896_1023_0_0 is implemented as distributed LUT RAM for the following reason: The timing constraints suggest that the chosen mapping will yield a better timing.
Related violations: <none>

SYNTH-5#994 Warning
Mapped onto distributed RAM because of timing constraints  
The instance ram_reg_896_1023_10_10 is implemented as distributed LUT RAM for the following reason: The timing constraints suggest that the chosen mapping will yield a better timing.
Related violations: <none>

SYNTH-5#995 Warning
Mapped onto distributed RAM because of timing constraints  
The instance ram_reg_896_1023_11_11 is implemented as distributed LUT RAM for the following reason: The timing constraints suggest that the chosen mapping will yield a better timing.
Related violations: <none>

SYNTH-5#996 Warning
Mapped onto distributed RAM because of timing constraints  
The instance ram_reg_896_1023_12_12 is implemented as distributed LUT RAM for the following reason: The timing constraints suggest that the chosen mapping will yield a better timing.
Related violations: <none>

SYNTH-5#997 Warning
Mapped onto distributed RAM because of timing constraints  
The instance ram_reg_896_1023_13_13 is implemented as distributed LUT RAM for the following reason: The timing constraints suggest that the chosen mapping will yield a better timing.
Related violations: <none>

SYNTH-5#998 Warning
Mapped onto distributed RAM because of timing constraints  
The instance ram_reg_896_1023_14_14 is implemented as distributed LUT RAM for the following reason: The timing constraints suggest that the chosen mapping will yield a better timing.
Related violations: <none>

SYNTH-5#999 Warning
Mapped onto distributed RAM because of timing constraints  
The instance ram_reg_896_1023_15_15 is implemented as distributed LUT RAM for the following reason: The timing constraints suggest that the chosen mapping will yield a better timing.
Related violations: <none>

SYNTH-5#1000 Warning
Mapped onto distributed RAM because of timing constraints  
The instance ram_reg_896_1023_16_16 is implemented as distributed LUT RAM for the following reason: The timing constraints suggest that the chosen mapping will yield a better timing.
Related violations: <none>

SYNTH-5#1001 Warning
Mapped onto distributed RAM because of timing constraints  
The instance ram_reg_896_1023_17_17 is implemented as distributed LUT RAM for the following reason: The timing constraints suggest that the chosen mapping will yield a better timing.
Related violations: <none>

SYNTH-5#1002 Warning
Mapped onto distributed RAM because of timing constraints  
The instance ram_reg_896_1023_18_18 is implemented as distributed LUT RAM for the following reason: The timing constraints suggest that the chosen mapping will yield a better timing.
Related violations: <none>

SYNTH-5#1003 Warning
Mapped onto distributed RAM because of timing constraints  
The instance ram_reg_896_1023_19_19 is implemented as distributed LUT RAM for the following reason: The timing constraints suggest that the chosen mapping will yield a better timing.
Related violations: <none>

SYNTH-5#1004 Warning
Mapped onto distributed RAM because of timing constraints  
The instance ram_reg_896_1023_1_1 is implemented as distributed LUT RAM for the following reason: The timing constraints suggest that the chosen mapping will yield a better timing.
Related violations: <none>

SYNTH-5#1005 Warning
Mapped onto distributed RAM because of timing constraints  
The instance ram_reg_896_1023_20_20 is implemented as distributed LUT RAM for the following reason: The timing constraints suggest that the chosen mapping will yield a better timing.
Related violations: <none>

SYNTH-5#1006 Warning
Mapped onto distributed RAM because of timing constraints  
The instance ram_reg_896_1023_21_21 is implemented as distributed LUT RAM for the following reason: The timing constraints suggest that the chosen mapping will yield a better timing.
Related violations: <none>

SYNTH-5#1007 Warning
Mapped onto distributed RAM because of timing constraints  
The instance ram_reg_896_1023_22_22 is implemented as distributed LUT RAM for the following reason: The timing constraints suggest that the chosen mapping will yield a better timing.
Related violations: <none>

SYNTH-5#1008 Warning
Mapped onto distributed RAM because of timing constraints  
The instance ram_reg_896_1023_23_23 is implemented as distributed LUT RAM for the following reason: The timing constraints suggest that the chosen mapping will yield a better timing.
Related violations: <none>

SYNTH-5#1009 Warning
Mapped onto distributed RAM because of timing constraints  
The instance ram_reg_896_1023_24_24 is implemented as distributed LUT RAM for the following reason: The timing constraints suggest that the chosen mapping will yield a better timing.
Related violations: <none>

SYNTH-5#1010 Warning
Mapped onto distributed RAM because of timing constraints  
The instance ram_reg_896_1023_25_25 is implemented as distributed LUT RAM for the following reason: The timing constraints suggest that the chosen mapping will yield a better timing.
Related violations: <none>

SYNTH-5#1011 Warning
Mapped onto distributed RAM because of timing constraints  
The instance ram_reg_896_1023_26_26 is implemented as distributed LUT RAM for the following reason: The timing constraints suggest that the chosen mapping will yield a better timing.
Related violations: <none>

SYNTH-5#1012 Warning
Mapped onto distributed RAM because of timing constraints  
The instance ram_reg_896_1023_27_27 is implemented as distributed LUT RAM for the following reason: The timing constraints suggest that the chosen mapping will yield a better timing.
Related violations: <none>

SYNTH-5#1013 Warning
Mapped onto distributed RAM because of timing constraints  
The instance ram_reg_896_1023_28_28 is implemented as distributed LUT RAM for the following reason: The timing constraints suggest that the chosen mapping will yield a better timing.
Related violations: <none>

SYNTH-5#1014 Warning
Mapped onto distributed RAM because of timing constraints  
The instance ram_reg_896_1023_29_29 is implemented as distributed LUT RAM for the following reason: The timing constraints suggest that the chosen mapping will yield a better timing.
Related violations: <none>

SYNTH-5#1015 Warning
Mapped onto distributed RAM because of timing constraints  
The instance ram_reg_896_1023_2_2 is implemented as distributed LUT RAM for the following reason: The timing constraints suggest that the chosen mapping will yield a better timing.
Related violations: <none>

SYNTH-5#1016 Warning
Mapped onto distributed RAM because of timing constraints  
The instance ram_reg_896_1023_30_30 is implemented as distributed LUT RAM for the following reason: The timing constraints suggest that the chosen mapping will yield a better timing.
Related violations: <none>

SYNTH-5#1017 Warning
Mapped onto distributed RAM because of timing constraints  
The instance ram_reg_896_1023_31_31 is implemented as distributed LUT RAM for the following reason: The timing constraints suggest that the chosen mapping will yield a better timing.
Related violations: <none>

SYNTH-5#1018 Warning
Mapped onto distributed RAM because of timing constraints  
The instance ram_reg_896_1023_3_3 is implemented as distributed LUT RAM for the following reason: The timing constraints suggest that the chosen mapping will yield a better timing.
Related violations: <none>

SYNTH-5#1019 Warning
Mapped onto distributed RAM because of timing constraints  
The instance ram_reg_896_1023_4_4 is implemented as distributed LUT RAM for the following reason: The timing constraints suggest that the chosen mapping will yield a better timing.
Related violations: <none>

SYNTH-5#1020 Warning
Mapped onto distributed RAM because of timing constraints  
The instance ram_reg_896_1023_5_5 is implemented as distributed LUT RAM for the following reason: The timing constraints suggest that the chosen mapping will yield a better timing.
Related violations: <none>

SYNTH-5#1021 Warning
Mapped onto distributed RAM because of timing constraints  
The instance ram_reg_896_1023_6_6 is implemented as distributed LUT RAM for the following reason: The timing constraints suggest that the chosen mapping will yield a better timing.
Related violations: <none>

SYNTH-5#1022 Warning
Mapped onto distributed RAM because of timing constraints  
The instance ram_reg_896_1023_7_7 is implemented as distributed LUT RAM for the following reason: The timing constraints suggest that the chosen mapping will yield a better timing.
Related violations: <none>

SYNTH-5#1023 Warning
Mapped onto distributed RAM because of timing constraints  
The instance ram_reg_896_1023_8_8 is implemented as distributed LUT RAM for the following reason: The timing constraints suggest that the chosen mapping will yield a better timing.
Related violations: <none>

SYNTH-5#1024 Warning
Mapped onto distributed RAM because of timing constraints  
The instance ram_reg_896_1023_9_9 is implemented as distributed LUT RAM for the following reason: The timing constraints suggest that the chosen mapping will yield a better timing.
Related violations: <none>

SYNTH-5#1025 Warning
Mapped onto distributed RAM because of timing constraints  
The instance ram_reg_r2_0_127_0_0 is implemented as distributed LUT RAM for the following reason: The timing constraints suggest that the chosen mapping will yield a better timing.
Related violations: <none>

SYNTH-5#1026 Warning
Mapped onto distributed RAM because of timing constraints  
The instance ram_reg_r2_0_127_10_10 is implemented as distributed LUT RAM for the following reason: The timing constraints suggest that the chosen mapping will yield a better timing.
Related violations: <none>

SYNTH-5#1027 Warning
Mapped onto distributed RAM because of timing constraints  
The instance ram_reg_r2_0_127_11_11 is implemented as distributed LUT RAM for the following reason: The timing constraints suggest that the chosen mapping will yield a better timing.
Related violations: <none>

SYNTH-5#1028 Warning
Mapped onto distributed RAM because of timing constraints  
The instance ram_reg_r2_0_127_12_12 is implemented as distributed LUT RAM for the following reason: The timing constraints suggest that the chosen mapping will yield a better timing.
Related violations: <none>

SYNTH-5#1029 Warning
Mapped onto distributed RAM because of timing constraints  
The instance ram_reg_r2_0_127_13_13 is implemented as distributed LUT RAM for the following reason: The timing constraints suggest that the chosen mapping will yield a better timing.
Related violations: <none>

SYNTH-5#1030 Warning
Mapped onto distributed RAM because of timing constraints  
The instance ram_reg_r2_0_127_14_14 is implemented as distributed LUT RAM for the following reason: The timing constraints suggest that the chosen mapping will yield a better timing.
Related violations: <none>

SYNTH-5#1031 Warning
Mapped onto distributed RAM because of timing constraints  
The instance ram_reg_r2_0_127_15_15 is implemented as distributed LUT RAM for the following reason: The timing constraints suggest that the chosen mapping will yield a better timing.
Related violations: <none>

SYNTH-5#1032 Warning
Mapped onto distributed RAM because of timing constraints  
The instance ram_reg_r2_0_127_16_16 is implemented as distributed LUT RAM for the following reason: The timing constraints suggest that the chosen mapping will yield a better timing.
Related violations: <none>

SYNTH-5#1033 Warning
Mapped onto distributed RAM because of timing constraints  
The instance ram_reg_r2_0_127_17_17 is implemented as distributed LUT RAM for the following reason: The timing constraints suggest that the chosen mapping will yield a better timing.
Related violations: <none>

SYNTH-5#1034 Warning
Mapped onto distributed RAM because of timing constraints  
The instance ram_reg_r2_0_127_18_18 is implemented as distributed LUT RAM for the following reason: The timing constraints suggest that the chosen mapping will yield a better timing.
Related violations: <none>

SYNTH-5#1035 Warning
Mapped onto distributed RAM because of timing constraints  
The instance ram_reg_r2_0_127_19_19 is implemented as distributed LUT RAM for the following reason: The timing constraints suggest that the chosen mapping will yield a better timing.
Related violations: <none>

SYNTH-5#1036 Warning
Mapped onto distributed RAM because of timing constraints  
The instance ram_reg_r2_0_127_1_1 is implemented as distributed LUT RAM for the following reason: The timing constraints suggest that the chosen mapping will yield a better timing.
Related violations: <none>

SYNTH-5#1037 Warning
Mapped onto distributed RAM because of timing constraints  
The instance ram_reg_r2_0_127_20_20 is implemented as distributed LUT RAM for the following reason: The timing constraints suggest that the chosen mapping will yield a better timing.
Related violations: <none>

SYNTH-5#1038 Warning
Mapped onto distributed RAM because of timing constraints  
The instance ram_reg_r2_0_127_21_21 is implemented as distributed LUT RAM for the following reason: The timing constraints suggest that the chosen mapping will yield a better timing.
Related violations: <none>

SYNTH-5#1039 Warning
Mapped onto distributed RAM because of timing constraints  
The instance ram_reg_r2_0_127_22_22 is implemented as distributed LUT RAM for the following reason: The timing constraints suggest that the chosen mapping will yield a better timing.
Related violations: <none>

SYNTH-5#1040 Warning
Mapped onto distributed RAM because of timing constraints  
The instance ram_reg_r2_0_127_23_23 is implemented as distributed LUT RAM for the following reason: The timing constraints suggest that the chosen mapping will yield a better timing.
Related violations: <none>

SYNTH-5#1041 Warning
Mapped onto distributed RAM because of timing constraints  
The instance ram_reg_r2_0_127_24_24 is implemented as distributed LUT RAM for the following reason: The timing constraints suggest that the chosen mapping will yield a better timing.
Related violations: <none>

SYNTH-5#1042 Warning
Mapped onto distributed RAM because of timing constraints  
The instance ram_reg_r2_0_127_25_25 is implemented as distributed LUT RAM for the following reason: The timing constraints suggest that the chosen mapping will yield a better timing.
Related violations: <none>

SYNTH-5#1043 Warning
Mapped onto distributed RAM because of timing constraints  
The instance ram_reg_r2_0_127_26_26 is implemented as distributed LUT RAM for the following reason: The timing constraints suggest that the chosen mapping will yield a better timing.
Related violations: <none>

SYNTH-5#1044 Warning
Mapped onto distributed RAM because of timing constraints  
The instance ram_reg_r2_0_127_27_27 is implemented as distributed LUT RAM for the following reason: The timing constraints suggest that the chosen mapping will yield a better timing.
Related violations: <none>

SYNTH-5#1045 Warning
Mapped onto distributed RAM because of timing constraints  
The instance ram_reg_r2_0_127_28_28 is implemented as distributed LUT RAM for the following reason: The timing constraints suggest that the chosen mapping will yield a better timing.
Related violations: <none>

SYNTH-5#1046 Warning
Mapped onto distributed RAM because of timing constraints  
The instance ram_reg_r2_0_127_29_29 is implemented as distributed LUT RAM for the following reason: The timing constraints suggest that the chosen mapping will yield a better timing.
Related violations: <none>

SYNTH-5#1047 Warning
Mapped onto distributed RAM because of timing constraints  
The instance ram_reg_r2_0_127_2_2 is implemented as distributed LUT RAM for the following reason: The timing constraints suggest that the chosen mapping will yield a better timing.
Related violations: <none>

SYNTH-5#1048 Warning
Mapped onto distributed RAM because of timing constraints  
The instance ram_reg_r2_0_127_30_30 is implemented as distributed LUT RAM for the following reason: The timing constraints suggest that the chosen mapping will yield a better timing.
Related violations: <none>

SYNTH-5#1049 Warning
Mapped onto distributed RAM because of timing constraints  
The instance ram_reg_r2_0_127_31_31 is implemented as distributed LUT RAM for the following reason: The timing constraints suggest that the chosen mapping will yield a better timing.
Related violations: <none>

SYNTH-5#1050 Warning
Mapped onto distributed RAM because of timing constraints  
The instance ram_reg_r2_0_127_3_3 is implemented as distributed LUT RAM for the following reason: The timing constraints suggest that the chosen mapping will yield a better timing.
Related violations: <none>

SYNTH-5#1051 Warning
Mapped onto distributed RAM because of timing constraints  
The instance ram_reg_r2_0_127_4_4 is implemented as distributed LUT RAM for the following reason: The timing constraints suggest that the chosen mapping will yield a better timing.
Related violations: <none>

SYNTH-5#1052 Warning
Mapped onto distributed RAM because of timing constraints  
The instance ram_reg_r2_0_127_5_5 is implemented as distributed LUT RAM for the following reason: The timing constraints suggest that the chosen mapping will yield a better timing.
Related violations: <none>

SYNTH-5#1053 Warning
Mapped onto distributed RAM because of timing constraints  
The instance ram_reg_r2_0_127_6_6 is implemented as distributed LUT RAM for the following reason: The timing constraints suggest that the chosen mapping will yield a better timing.
Related violations: <none>

SYNTH-5#1054 Warning
Mapped onto distributed RAM because of timing constraints  
The instance ram_reg_r2_0_127_7_7 is implemented as distributed LUT RAM for the following reason: The timing constraints suggest that the chosen mapping will yield a better timing.
Related violations: <none>

SYNTH-5#1055 Warning
Mapped onto distributed RAM because of timing constraints  
The instance ram_reg_r2_0_127_8_8 is implemented as distributed LUT RAM for the following reason: The timing constraints suggest that the chosen mapping will yield a better timing.
Related violations: <none>

SYNTH-5#1056 Warning
Mapped onto distributed RAM because of timing constraints  
The instance ram_reg_r2_0_127_9_9 is implemented as distributed LUT RAM for the following reason: The timing constraints suggest that the chosen mapping will yield a better timing.
Related violations: <none>

SYNTH-5#1057 Warning
Mapped onto distributed RAM because of timing constraints  
The instance ram_reg_r2_1024_1151_0_0 is implemented as distributed LUT RAM for the following reason: The timing constraints suggest that the chosen mapping will yield a better timing.
Related violations: <none>

SYNTH-5#1058 Warning
Mapped onto distributed RAM because of timing constraints  
The instance ram_reg_r2_1024_1151_10_10 is implemented as distributed LUT RAM for the following reason: The timing constraints suggest that the chosen mapping will yield a better timing.
Related violations: <none>

SYNTH-5#1059 Warning
Mapped onto distributed RAM because of timing constraints  
The instance ram_reg_r2_1024_1151_11_11 is implemented as distributed LUT RAM for the following reason: The timing constraints suggest that the chosen mapping will yield a better timing.
Related violations: <none>

SYNTH-5#1060 Warning
Mapped onto distributed RAM because of timing constraints  
The instance ram_reg_r2_1024_1151_12_12 is implemented as distributed LUT RAM for the following reason: The timing constraints suggest that the chosen mapping will yield a better timing.
Related violations: <none>

SYNTH-5#1061 Warning
Mapped onto distributed RAM because of timing constraints  
The instance ram_reg_r2_1024_1151_13_13 is implemented as distributed LUT RAM for the following reason: The timing constraints suggest that the chosen mapping will yield a better timing.
Related violations: <none>

SYNTH-5#1062 Warning
Mapped onto distributed RAM because of timing constraints  
The instance ram_reg_r2_1024_1151_14_14 is implemented as distributed LUT RAM for the following reason: The timing constraints suggest that the chosen mapping will yield a better timing.
Related violations: <none>

SYNTH-5#1063 Warning
Mapped onto distributed RAM because of timing constraints  
The instance ram_reg_r2_1024_1151_15_15 is implemented as distributed LUT RAM for the following reason: The timing constraints suggest that the chosen mapping will yield a better timing.
Related violations: <none>

SYNTH-5#1064 Warning
Mapped onto distributed RAM because of timing constraints  
The instance ram_reg_r2_1024_1151_16_16 is implemented as distributed LUT RAM for the following reason: The timing constraints suggest that the chosen mapping will yield a better timing.
Related violations: <none>

SYNTH-5#1065 Warning
Mapped onto distributed RAM because of timing constraints  
The instance ram_reg_r2_1024_1151_17_17 is implemented as distributed LUT RAM for the following reason: The timing constraints suggest that the chosen mapping will yield a better timing.
Related violations: <none>

SYNTH-5#1066 Warning
Mapped onto distributed RAM because of timing constraints  
The instance ram_reg_r2_1024_1151_18_18 is implemented as distributed LUT RAM for the following reason: The timing constraints suggest that the chosen mapping will yield a better timing.
Related violations: <none>

SYNTH-5#1067 Warning
Mapped onto distributed RAM because of timing constraints  
The instance ram_reg_r2_1024_1151_19_19 is implemented as distributed LUT RAM for the following reason: The timing constraints suggest that the chosen mapping will yield a better timing.
Related violations: <none>

SYNTH-5#1068 Warning
Mapped onto distributed RAM because of timing constraints  
The instance ram_reg_r2_1024_1151_1_1 is implemented as distributed LUT RAM for the following reason: The timing constraints suggest that the chosen mapping will yield a better timing.
Related violations: <none>

SYNTH-5#1069 Warning
Mapped onto distributed RAM because of timing constraints  
The instance ram_reg_r2_1024_1151_20_20 is implemented as distributed LUT RAM for the following reason: The timing constraints suggest that the chosen mapping will yield a better timing.
Related violations: <none>

SYNTH-5#1070 Warning
Mapped onto distributed RAM because of timing constraints  
The instance ram_reg_r2_1024_1151_21_21 is implemented as distributed LUT RAM for the following reason: The timing constraints suggest that the chosen mapping will yield a better timing.
Related violations: <none>

SYNTH-5#1071 Warning
Mapped onto distributed RAM because of timing constraints  
The instance ram_reg_r2_1024_1151_22_22 is implemented as distributed LUT RAM for the following reason: The timing constraints suggest that the chosen mapping will yield a better timing.
Related violations: <none>

SYNTH-5#1072 Warning
Mapped onto distributed RAM because of timing constraints  
The instance ram_reg_r2_1024_1151_23_23 is implemented as distributed LUT RAM for the following reason: The timing constraints suggest that the chosen mapping will yield a better timing.
Related violations: <none>

SYNTH-5#1073 Warning
Mapped onto distributed RAM because of timing constraints  
The instance ram_reg_r2_1024_1151_24_24 is implemented as distributed LUT RAM for the following reason: The timing constraints suggest that the chosen mapping will yield a better timing.
Related violations: <none>

SYNTH-5#1074 Warning
Mapped onto distributed RAM because of timing constraints  
The instance ram_reg_r2_1024_1151_25_25 is implemented as distributed LUT RAM for the following reason: The timing constraints suggest that the chosen mapping will yield a better timing.
Related violations: <none>

SYNTH-5#1075 Warning
Mapped onto distributed RAM because of timing constraints  
The instance ram_reg_r2_1024_1151_26_26 is implemented as distributed LUT RAM for the following reason: The timing constraints suggest that the chosen mapping will yield a better timing.
Related violations: <none>

SYNTH-5#1076 Warning
Mapped onto distributed RAM because of timing constraints  
The instance ram_reg_r2_1024_1151_27_27 is implemented as distributed LUT RAM for the following reason: The timing constraints suggest that the chosen mapping will yield a better timing.
Related violations: <none>

SYNTH-5#1077 Warning
Mapped onto distributed RAM because of timing constraints  
The instance ram_reg_r2_1024_1151_28_28 is implemented as distributed LUT RAM for the following reason: The timing constraints suggest that the chosen mapping will yield a better timing.
Related violations: <none>

SYNTH-5#1078 Warning
Mapped onto distributed RAM because of timing constraints  
The instance ram_reg_r2_1024_1151_29_29 is implemented as distributed LUT RAM for the following reason: The timing constraints suggest that the chosen mapping will yield a better timing.
Related violations: <none>

SYNTH-5#1079 Warning
Mapped onto distributed RAM because of timing constraints  
The instance ram_reg_r2_1024_1151_2_2 is implemented as distributed LUT RAM for the following reason: The timing constraints suggest that the chosen mapping will yield a better timing.
Related violations: <none>

SYNTH-5#1080 Warning
Mapped onto distributed RAM because of timing constraints  
The instance ram_reg_r2_1024_1151_30_30 is implemented as distributed LUT RAM for the following reason: The timing constraints suggest that the chosen mapping will yield a better timing.
Related violations: <none>

SYNTH-5#1081 Warning
Mapped onto distributed RAM because of timing constraints  
The instance ram_reg_r2_1024_1151_31_31 is implemented as distributed LUT RAM for the following reason: The timing constraints suggest that the chosen mapping will yield a better timing.
Related violations: <none>

SYNTH-5#1082 Warning
Mapped onto distributed RAM because of timing constraints  
The instance ram_reg_r2_1024_1151_3_3 is implemented as distributed LUT RAM for the following reason: The timing constraints suggest that the chosen mapping will yield a better timing.
Related violations: <none>

SYNTH-5#1083 Warning
Mapped onto distributed RAM because of timing constraints  
The instance ram_reg_r2_1024_1151_4_4 is implemented as distributed LUT RAM for the following reason: The timing constraints suggest that the chosen mapping will yield a better timing.
Related violations: <none>

SYNTH-5#1084 Warning
Mapped onto distributed RAM because of timing constraints  
The instance ram_reg_r2_1024_1151_5_5 is implemented as distributed LUT RAM for the following reason: The timing constraints suggest that the chosen mapping will yield a better timing.
Related violations: <none>

SYNTH-5#1085 Warning
Mapped onto distributed RAM because of timing constraints  
The instance ram_reg_r2_1024_1151_6_6 is implemented as distributed LUT RAM for the following reason: The timing constraints suggest that the chosen mapping will yield a better timing.
Related violations: <none>

SYNTH-5#1086 Warning
Mapped onto distributed RAM because of timing constraints  
The instance ram_reg_r2_1024_1151_7_7 is implemented as distributed LUT RAM for the following reason: The timing constraints suggest that the chosen mapping will yield a better timing.
Related violations: <none>

SYNTH-5#1087 Warning
Mapped onto distributed RAM because of timing constraints  
The instance ram_reg_r2_1024_1151_8_8 is implemented as distributed LUT RAM for the following reason: The timing constraints suggest that the chosen mapping will yield a better timing.
Related violations: <none>

SYNTH-5#1088 Warning
Mapped onto distributed RAM because of timing constraints  
The instance ram_reg_r2_1024_1151_9_9 is implemented as distributed LUT RAM for the following reason: The timing constraints suggest that the chosen mapping will yield a better timing.
Related violations: <none>

SYNTH-5#1089 Warning
Mapped onto distributed RAM because of timing constraints  
The instance ram_reg_r2_1152_1279_0_0 is implemented as distributed LUT RAM for the following reason: The timing constraints suggest that the chosen mapping will yield a better timing.
Related violations: <none>

SYNTH-5#1090 Warning
Mapped onto distributed RAM because of timing constraints  
The instance ram_reg_r2_1152_1279_10_10 is implemented as distributed LUT RAM for the following reason: The timing constraints suggest that the chosen mapping will yield a better timing.
Related violations: <none>

SYNTH-5#1091 Warning
Mapped onto distributed RAM because of timing constraints  
The instance ram_reg_r2_1152_1279_11_11 is implemented as distributed LUT RAM for the following reason: The timing constraints suggest that the chosen mapping will yield a better timing.
Related violations: <none>

SYNTH-5#1092 Warning
Mapped onto distributed RAM because of timing constraints  
The instance ram_reg_r2_1152_1279_12_12 is implemented as distributed LUT RAM for the following reason: The timing constraints suggest that the chosen mapping will yield a better timing.
Related violations: <none>

SYNTH-5#1093 Warning
Mapped onto distributed RAM because of timing constraints  
The instance ram_reg_r2_1152_1279_13_13 is implemented as distributed LUT RAM for the following reason: The timing constraints suggest that the chosen mapping will yield a better timing.
Related violations: <none>

SYNTH-5#1094 Warning
Mapped onto distributed RAM because of timing constraints  
The instance ram_reg_r2_1152_1279_14_14 is implemented as distributed LUT RAM for the following reason: The timing constraints suggest that the chosen mapping will yield a better timing.
Related violations: <none>

SYNTH-5#1095 Warning
Mapped onto distributed RAM because of timing constraints  
The instance ram_reg_r2_1152_1279_15_15 is implemented as distributed LUT RAM for the following reason: The timing constraints suggest that the chosen mapping will yield a better timing.
Related violations: <none>

SYNTH-5#1096 Warning
Mapped onto distributed RAM because of timing constraints  
The instance ram_reg_r2_1152_1279_16_16 is implemented as distributed LUT RAM for the following reason: The timing constraints suggest that the chosen mapping will yield a better timing.
Related violations: <none>

SYNTH-5#1097 Warning
Mapped onto distributed RAM because of timing constraints  
The instance ram_reg_r2_1152_1279_17_17 is implemented as distributed LUT RAM for the following reason: The timing constraints suggest that the chosen mapping will yield a better timing.
Related violations: <none>

SYNTH-5#1098 Warning
Mapped onto distributed RAM because of timing constraints  
The instance ram_reg_r2_1152_1279_18_18 is implemented as distributed LUT RAM for the following reason: The timing constraints suggest that the chosen mapping will yield a better timing.
Related violations: <none>

SYNTH-5#1099 Warning
Mapped onto distributed RAM because of timing constraints  
The instance ram_reg_r2_1152_1279_19_19 is implemented as distributed LUT RAM for the following reason: The timing constraints suggest that the chosen mapping will yield a better timing.
Related violations: <none>

SYNTH-5#1100 Warning
Mapped onto distributed RAM because of timing constraints  
The instance ram_reg_r2_1152_1279_1_1 is implemented as distributed LUT RAM for the following reason: The timing constraints suggest that the chosen mapping will yield a better timing.
Related violations: <none>

SYNTH-5#1101 Warning
Mapped onto distributed RAM because of timing constraints  
The instance ram_reg_r2_1152_1279_20_20 is implemented as distributed LUT RAM for the following reason: The timing constraints suggest that the chosen mapping will yield a better timing.
Related violations: <none>

SYNTH-5#1102 Warning
Mapped onto distributed RAM because of timing constraints  
The instance ram_reg_r2_1152_1279_21_21 is implemented as distributed LUT RAM for the following reason: The timing constraints suggest that the chosen mapping will yield a better timing.
Related violations: <none>

SYNTH-5#1103 Warning
Mapped onto distributed RAM because of timing constraints  
The instance ram_reg_r2_1152_1279_22_22 is implemented as distributed LUT RAM for the following reason: The timing constraints suggest that the chosen mapping will yield a better timing.
Related violations: <none>

SYNTH-5#1104 Warning
Mapped onto distributed RAM because of timing constraints  
The instance ram_reg_r2_1152_1279_23_23 is implemented as distributed LUT RAM for the following reason: The timing constraints suggest that the chosen mapping will yield a better timing.
Related violations: <none>

SYNTH-5#1105 Warning
Mapped onto distributed RAM because of timing constraints  
The instance ram_reg_r2_1152_1279_24_24 is implemented as distributed LUT RAM for the following reason: The timing constraints suggest that the chosen mapping will yield a better timing.
Related violations: <none>

SYNTH-5#1106 Warning
Mapped onto distributed RAM because of timing constraints  
The instance ram_reg_r2_1152_1279_25_25 is implemented as distributed LUT RAM for the following reason: The timing constraints suggest that the chosen mapping will yield a better timing.
Related violations: <none>

SYNTH-5#1107 Warning
Mapped onto distributed RAM because of timing constraints  
The instance ram_reg_r2_1152_1279_26_26 is implemented as distributed LUT RAM for the following reason: The timing constraints suggest that the chosen mapping will yield a better timing.
Related violations: <none>

SYNTH-5#1108 Warning
Mapped onto distributed RAM because of timing constraints  
The instance ram_reg_r2_1152_1279_27_27 is implemented as distributed LUT RAM for the following reason: The timing constraints suggest that the chosen mapping will yield a better timing.
Related violations: <none>

SYNTH-5#1109 Warning
Mapped onto distributed RAM because of timing constraints  
The instance ram_reg_r2_1152_1279_28_28 is implemented as distributed LUT RAM for the following reason: The timing constraints suggest that the chosen mapping will yield a better timing.
Related violations: <none>

SYNTH-5#1110 Warning
Mapped onto distributed RAM because of timing constraints  
The instance ram_reg_r2_1152_1279_29_29 is implemented as distributed LUT RAM for the following reason: The timing constraints suggest that the chosen mapping will yield a better timing.
Related violations: <none>

SYNTH-5#1111 Warning
Mapped onto distributed RAM because of timing constraints  
The instance ram_reg_r2_1152_1279_2_2 is implemented as distributed LUT RAM for the following reason: The timing constraints suggest that the chosen mapping will yield a better timing.
Related violations: <none>

SYNTH-5#1112 Warning
Mapped onto distributed RAM because of timing constraints  
The instance ram_reg_r2_1152_1279_30_30 is implemented as distributed LUT RAM for the following reason: The timing constraints suggest that the chosen mapping will yield a better timing.
Related violations: <none>

SYNTH-5#1113 Warning
Mapped onto distributed RAM because of timing constraints  
The instance ram_reg_r2_1152_1279_31_31 is implemented as distributed LUT RAM for the following reason: The timing constraints suggest that the chosen mapping will yield a better timing.
Related violations: <none>

SYNTH-5#1114 Warning
Mapped onto distributed RAM because of timing constraints  
The instance ram_reg_r2_1152_1279_3_3 is implemented as distributed LUT RAM for the following reason: The timing constraints suggest that the chosen mapping will yield a better timing.
Related violations: <none>

SYNTH-5#1115 Warning
Mapped onto distributed RAM because of timing constraints  
The instance ram_reg_r2_1152_1279_4_4 is implemented as distributed LUT RAM for the following reason: The timing constraints suggest that the chosen mapping will yield a better timing.
Related violations: <none>

SYNTH-5#1116 Warning
Mapped onto distributed RAM because of timing constraints  
The instance ram_reg_r2_1152_1279_5_5 is implemented as distributed LUT RAM for the following reason: The timing constraints suggest that the chosen mapping will yield a better timing.
Related violations: <none>

SYNTH-5#1117 Warning
Mapped onto distributed RAM because of timing constraints  
The instance ram_reg_r2_1152_1279_6_6 is implemented as distributed LUT RAM for the following reason: The timing constraints suggest that the chosen mapping will yield a better timing.
Related violations: <none>

SYNTH-5#1118 Warning
Mapped onto distributed RAM because of timing constraints  
The instance ram_reg_r2_1152_1279_7_7 is implemented as distributed LUT RAM for the following reason: The timing constraints suggest that the chosen mapping will yield a better timing.
Related violations: <none>

SYNTH-5#1119 Warning
Mapped onto distributed RAM because of timing constraints  
The instance ram_reg_r2_1152_1279_8_8 is implemented as distributed LUT RAM for the following reason: The timing constraints suggest that the chosen mapping will yield a better timing.
Related violations: <none>

SYNTH-5#1120 Warning
Mapped onto distributed RAM because of timing constraints  
The instance ram_reg_r2_1152_1279_9_9 is implemented as distributed LUT RAM for the following reason: The timing constraints suggest that the chosen mapping will yield a better timing.
Related violations: <none>

SYNTH-5#1121 Warning
Mapped onto distributed RAM because of timing constraints  
The instance ram_reg_r2_1280_1407_0_0 is implemented as distributed LUT RAM for the following reason: The timing constraints suggest that the chosen mapping will yield a better timing.
Related violations: <none>

SYNTH-5#1122 Warning
Mapped onto distributed RAM because of timing constraints  
The instance ram_reg_r2_1280_1407_10_10 is implemented as distributed LUT RAM for the following reason: The timing constraints suggest that the chosen mapping will yield a better timing.
Related violations: <none>

SYNTH-5#1123 Warning
Mapped onto distributed RAM because of timing constraints  
The instance ram_reg_r2_1280_1407_11_11 is implemented as distributed LUT RAM for the following reason: The timing constraints suggest that the chosen mapping will yield a better timing.
Related violations: <none>

SYNTH-5#1124 Warning
Mapped onto distributed RAM because of timing constraints  
The instance ram_reg_r2_1280_1407_12_12 is implemented as distributed LUT RAM for the following reason: The timing constraints suggest that the chosen mapping will yield a better timing.
Related violations: <none>

SYNTH-5#1125 Warning
Mapped onto distributed RAM because of timing constraints  
The instance ram_reg_r2_1280_1407_13_13 is implemented as distributed LUT RAM for the following reason: The timing constraints suggest that the chosen mapping will yield a better timing.
Related violations: <none>

SYNTH-5#1126 Warning
Mapped onto distributed RAM because of timing constraints  
The instance ram_reg_r2_1280_1407_14_14 is implemented as distributed LUT RAM for the following reason: The timing constraints suggest that the chosen mapping will yield a better timing.
Related violations: <none>

SYNTH-5#1127 Warning
Mapped onto distributed RAM because of timing constraints  
The instance ram_reg_r2_1280_1407_15_15 is implemented as distributed LUT RAM for the following reason: The timing constraints suggest that the chosen mapping will yield a better timing.
Related violations: <none>

SYNTH-5#1128 Warning
Mapped onto distributed RAM because of timing constraints  
The instance ram_reg_r2_1280_1407_16_16 is implemented as distributed LUT RAM for the following reason: The timing constraints suggest that the chosen mapping will yield a better timing.
Related violations: <none>

SYNTH-5#1129 Warning
Mapped onto distributed RAM because of timing constraints  
The instance ram_reg_r2_1280_1407_17_17 is implemented as distributed LUT RAM for the following reason: The timing constraints suggest that the chosen mapping will yield a better timing.
Related violations: <none>

SYNTH-5#1130 Warning
Mapped onto distributed RAM because of timing constraints  
The instance ram_reg_r2_1280_1407_18_18 is implemented as distributed LUT RAM for the following reason: The timing constraints suggest that the chosen mapping will yield a better timing.
Related violations: <none>

SYNTH-5#1131 Warning
Mapped onto distributed RAM because of timing constraints  
The instance ram_reg_r2_1280_1407_19_19 is implemented as distributed LUT RAM for the following reason: The timing constraints suggest that the chosen mapping will yield a better timing.
Related violations: <none>

SYNTH-5#1132 Warning
Mapped onto distributed RAM because of timing constraints  
The instance ram_reg_r2_1280_1407_1_1 is implemented as distributed LUT RAM for the following reason: The timing constraints suggest that the chosen mapping will yield a better timing.
Related violations: <none>

SYNTH-5#1133 Warning
Mapped onto distributed RAM because of timing constraints  
The instance ram_reg_r2_1280_1407_20_20 is implemented as distributed LUT RAM for the following reason: The timing constraints suggest that the chosen mapping will yield a better timing.
Related violations: <none>

SYNTH-5#1134 Warning
Mapped onto distributed RAM because of timing constraints  
The instance ram_reg_r2_1280_1407_21_21 is implemented as distributed LUT RAM for the following reason: The timing constraints suggest that the chosen mapping will yield a better timing.
Related violations: <none>

SYNTH-5#1135 Warning
Mapped onto distributed RAM because of timing constraints  
The instance ram_reg_r2_1280_1407_22_22 is implemented as distributed LUT RAM for the following reason: The timing constraints suggest that the chosen mapping will yield a better timing.
Related violations: <none>

SYNTH-5#1136 Warning
Mapped onto distributed RAM because of timing constraints  
The instance ram_reg_r2_1280_1407_23_23 is implemented as distributed LUT RAM for the following reason: The timing constraints suggest that the chosen mapping will yield a better timing.
Related violations: <none>

SYNTH-5#1137 Warning
Mapped onto distributed RAM because of timing constraints  
The instance ram_reg_r2_1280_1407_24_24 is implemented as distributed LUT RAM for the following reason: The timing constraints suggest that the chosen mapping will yield a better timing.
Related violations: <none>

SYNTH-5#1138 Warning
Mapped onto distributed RAM because of timing constraints  
The instance ram_reg_r2_1280_1407_25_25 is implemented as distributed LUT RAM for the following reason: The timing constraints suggest that the chosen mapping will yield a better timing.
Related violations: <none>

SYNTH-5#1139 Warning
Mapped onto distributed RAM because of timing constraints  
The instance ram_reg_r2_1280_1407_26_26 is implemented as distributed LUT RAM for the following reason: The timing constraints suggest that the chosen mapping will yield a better timing.
Related violations: <none>

SYNTH-5#1140 Warning
Mapped onto distributed RAM because of timing constraints  
The instance ram_reg_r2_1280_1407_27_27 is implemented as distributed LUT RAM for the following reason: The timing constraints suggest that the chosen mapping will yield a better timing.
Related violations: <none>

SYNTH-5#1141 Warning
Mapped onto distributed RAM because of timing constraints  
The instance ram_reg_r2_1280_1407_28_28 is implemented as distributed LUT RAM for the following reason: The timing constraints suggest that the chosen mapping will yield a better timing.
Related violations: <none>

SYNTH-5#1142 Warning
Mapped onto distributed RAM because of timing constraints  
The instance ram_reg_r2_1280_1407_29_29 is implemented as distributed LUT RAM for the following reason: The timing constraints suggest that the chosen mapping will yield a better timing.
Related violations: <none>

SYNTH-5#1143 Warning
Mapped onto distributed RAM because of timing constraints  
The instance ram_reg_r2_1280_1407_2_2 is implemented as distributed LUT RAM for the following reason: The timing constraints suggest that the chosen mapping will yield a better timing.
Related violations: <none>

SYNTH-5#1144 Warning
Mapped onto distributed RAM because of timing constraints  
The instance ram_reg_r2_1280_1407_30_30 is implemented as distributed LUT RAM for the following reason: The timing constraints suggest that the chosen mapping will yield a better timing.
Related violations: <none>

SYNTH-5#1145 Warning
Mapped onto distributed RAM because of timing constraints  
The instance ram_reg_r2_1280_1407_31_31 is implemented as distributed LUT RAM for the following reason: The timing constraints suggest that the chosen mapping will yield a better timing.
Related violations: <none>

SYNTH-5#1146 Warning
Mapped onto distributed RAM because of timing constraints  
The instance ram_reg_r2_1280_1407_3_3 is implemented as distributed LUT RAM for the following reason: The timing constraints suggest that the chosen mapping will yield a better timing.
Related violations: <none>

SYNTH-5#1147 Warning
Mapped onto distributed RAM because of timing constraints  
The instance ram_reg_r2_1280_1407_4_4 is implemented as distributed LUT RAM for the following reason: The timing constraints suggest that the chosen mapping will yield a better timing.
Related violations: <none>

SYNTH-5#1148 Warning
Mapped onto distributed RAM because of timing constraints  
The instance ram_reg_r2_1280_1407_5_5 is implemented as distributed LUT RAM for the following reason: The timing constraints suggest that the chosen mapping will yield a better timing.
Related violations: <none>

SYNTH-5#1149 Warning
Mapped onto distributed RAM because of timing constraints  
The instance ram_reg_r2_1280_1407_6_6 is implemented as distributed LUT RAM for the following reason: The timing constraints suggest that the chosen mapping will yield a better timing.
Related violations: <none>

SYNTH-5#1150 Warning
Mapped onto distributed RAM because of timing constraints  
The instance ram_reg_r2_1280_1407_7_7 is implemented as distributed LUT RAM for the following reason: The timing constraints suggest that the chosen mapping will yield a better timing.
Related violations: <none>

SYNTH-5#1151 Warning
Mapped onto distributed RAM because of timing constraints  
The instance ram_reg_r2_1280_1407_8_8 is implemented as distributed LUT RAM for the following reason: The timing constraints suggest that the chosen mapping will yield a better timing.
Related violations: <none>

SYNTH-5#1152 Warning
Mapped onto distributed RAM because of timing constraints  
The instance ram_reg_r2_1280_1407_9_9 is implemented as distributed LUT RAM for the following reason: The timing constraints suggest that the chosen mapping will yield a better timing.
Related violations: <none>

SYNTH-5#1153 Warning
Mapped onto distributed RAM because of timing constraints  
The instance ram_reg_r2_128_255_0_0 is implemented as distributed LUT RAM for the following reason: The timing constraints suggest that the chosen mapping will yield a better timing.
Related violations: <none>

SYNTH-5#1154 Warning
Mapped onto distributed RAM because of timing constraints  
The instance ram_reg_r2_128_255_10_10 is implemented as distributed LUT RAM for the following reason: The timing constraints suggest that the chosen mapping will yield a better timing.
Related violations: <none>

SYNTH-5#1155 Warning
Mapped onto distributed RAM because of timing constraints  
The instance ram_reg_r2_128_255_11_11 is implemented as distributed LUT RAM for the following reason: The timing constraints suggest that the chosen mapping will yield a better timing.
Related violations: <none>

SYNTH-5#1156 Warning
Mapped onto distributed RAM because of timing constraints  
The instance ram_reg_r2_128_255_12_12 is implemented as distributed LUT RAM for the following reason: The timing constraints suggest that the chosen mapping will yield a better timing.
Related violations: <none>

SYNTH-5#1157 Warning
Mapped onto distributed RAM because of timing constraints  
The instance ram_reg_r2_128_255_13_13 is implemented as distributed LUT RAM for the following reason: The timing constraints suggest that the chosen mapping will yield a better timing.
Related violations: <none>

SYNTH-5#1158 Warning
Mapped onto distributed RAM because of timing constraints  
The instance ram_reg_r2_128_255_14_14 is implemented as distributed LUT RAM for the following reason: The timing constraints suggest that the chosen mapping will yield a better timing.
Related violations: <none>

SYNTH-5#1159 Warning
Mapped onto distributed RAM because of timing constraints  
The instance ram_reg_r2_128_255_15_15 is implemented as distributed LUT RAM for the following reason: The timing constraints suggest that the chosen mapping will yield a better timing.
Related violations: <none>

SYNTH-5#1160 Warning
Mapped onto distributed RAM because of timing constraints  
The instance ram_reg_r2_128_255_16_16 is implemented as distributed LUT RAM for the following reason: The timing constraints suggest that the chosen mapping will yield a better timing.
Related violations: <none>

SYNTH-5#1161 Warning
Mapped onto distributed RAM because of timing constraints  
The instance ram_reg_r2_128_255_17_17 is implemented as distributed LUT RAM for the following reason: The timing constraints suggest that the chosen mapping will yield a better timing.
Related violations: <none>

SYNTH-5#1162 Warning
Mapped onto distributed RAM because of timing constraints  
The instance ram_reg_r2_128_255_18_18 is implemented as distributed LUT RAM for the following reason: The timing constraints suggest that the chosen mapping will yield a better timing.
Related violations: <none>

SYNTH-5#1163 Warning
Mapped onto distributed RAM because of timing constraints  
The instance ram_reg_r2_128_255_19_19 is implemented as distributed LUT RAM for the following reason: The timing constraints suggest that the chosen mapping will yield a better timing.
Related violations: <none>

SYNTH-5#1164 Warning
Mapped onto distributed RAM because of timing constraints  
The instance ram_reg_r2_128_255_1_1 is implemented as distributed LUT RAM for the following reason: The timing constraints suggest that the chosen mapping will yield a better timing.
Related violations: <none>

SYNTH-5#1165 Warning
Mapped onto distributed RAM because of timing constraints  
The instance ram_reg_r2_128_255_20_20 is implemented as distributed LUT RAM for the following reason: The timing constraints suggest that the chosen mapping will yield a better timing.
Related violations: <none>

SYNTH-5#1166 Warning
Mapped onto distributed RAM because of timing constraints  
The instance ram_reg_r2_128_255_21_21 is implemented as distributed LUT RAM for the following reason: The timing constraints suggest that the chosen mapping will yield a better timing.
Related violations: <none>

SYNTH-5#1167 Warning
Mapped onto distributed RAM because of timing constraints  
The instance ram_reg_r2_128_255_22_22 is implemented as distributed LUT RAM for the following reason: The timing constraints suggest that the chosen mapping will yield a better timing.
Related violations: <none>

SYNTH-5#1168 Warning
Mapped onto distributed RAM because of timing constraints  
The instance ram_reg_r2_128_255_23_23 is implemented as distributed LUT RAM for the following reason: The timing constraints suggest that the chosen mapping will yield a better timing.
Related violations: <none>

SYNTH-5#1169 Warning
Mapped onto distributed RAM because of timing constraints  
The instance ram_reg_r2_128_255_24_24 is implemented as distributed LUT RAM for the following reason: The timing constraints suggest that the chosen mapping will yield a better timing.
Related violations: <none>

SYNTH-5#1170 Warning
Mapped onto distributed RAM because of timing constraints  
The instance ram_reg_r2_128_255_25_25 is implemented as distributed LUT RAM for the following reason: The timing constraints suggest that the chosen mapping will yield a better timing.
Related violations: <none>

SYNTH-5#1171 Warning
Mapped onto distributed RAM because of timing constraints  
The instance ram_reg_r2_128_255_26_26 is implemented as distributed LUT RAM for the following reason: The timing constraints suggest that the chosen mapping will yield a better timing.
Related violations: <none>

SYNTH-5#1172 Warning
Mapped onto distributed RAM because of timing constraints  
The instance ram_reg_r2_128_255_27_27 is implemented as distributed LUT RAM for the following reason: The timing constraints suggest that the chosen mapping will yield a better timing.
Related violations: <none>

SYNTH-5#1173 Warning
Mapped onto distributed RAM because of timing constraints  
The instance ram_reg_r2_128_255_28_28 is implemented as distributed LUT RAM for the following reason: The timing constraints suggest that the chosen mapping will yield a better timing.
Related violations: <none>

SYNTH-5#1174 Warning
Mapped onto distributed RAM because of timing constraints  
The instance ram_reg_r2_128_255_29_29 is implemented as distributed LUT RAM for the following reason: The timing constraints suggest that the chosen mapping will yield a better timing.
Related violations: <none>

SYNTH-5#1175 Warning
Mapped onto distributed RAM because of timing constraints  
The instance ram_reg_r2_128_255_2_2 is implemented as distributed LUT RAM for the following reason: The timing constraints suggest that the chosen mapping will yield a better timing.
Related violations: <none>

SYNTH-5#1176 Warning
Mapped onto distributed RAM because of timing constraints  
The instance ram_reg_r2_128_255_30_30 is implemented as distributed LUT RAM for the following reason: The timing constraints suggest that the chosen mapping will yield a better timing.
Related violations: <none>

SYNTH-5#1177 Warning
Mapped onto distributed RAM because of timing constraints  
The instance ram_reg_r2_128_255_31_31 is implemented as distributed LUT RAM for the following reason: The timing constraints suggest that the chosen mapping will yield a better timing.
Related violations: <none>

SYNTH-5#1178 Warning
Mapped onto distributed RAM because of timing constraints  
The instance ram_reg_r2_128_255_3_3 is implemented as distributed LUT RAM for the following reason: The timing constraints suggest that the chosen mapping will yield a better timing.
Related violations: <none>

SYNTH-5#1179 Warning
Mapped onto distributed RAM because of timing constraints  
The instance ram_reg_r2_128_255_4_4 is implemented as distributed LUT RAM for the following reason: The timing constraints suggest that the chosen mapping will yield a better timing.
Related violations: <none>

SYNTH-5#1180 Warning
Mapped onto distributed RAM because of timing constraints  
The instance ram_reg_r2_128_255_5_5 is implemented as distributed LUT RAM for the following reason: The timing constraints suggest that the chosen mapping will yield a better timing.
Related violations: <none>

SYNTH-5#1181 Warning
Mapped onto distributed RAM because of timing constraints  
The instance ram_reg_r2_128_255_6_6 is implemented as distributed LUT RAM for the following reason: The timing constraints suggest that the chosen mapping will yield a better timing.
Related violations: <none>

SYNTH-5#1182 Warning
Mapped onto distributed RAM because of timing constraints  
The instance ram_reg_r2_128_255_7_7 is implemented as distributed LUT RAM for the following reason: The timing constraints suggest that the chosen mapping will yield a better timing.
Related violations: <none>

SYNTH-5#1183 Warning
Mapped onto distributed RAM because of timing constraints  
The instance ram_reg_r2_128_255_8_8 is implemented as distributed LUT RAM for the following reason: The timing constraints suggest that the chosen mapping will yield a better timing.
Related violations: <none>

SYNTH-5#1184 Warning
Mapped onto distributed RAM because of timing constraints  
The instance ram_reg_r2_128_255_9_9 is implemented as distributed LUT RAM for the following reason: The timing constraints suggest that the chosen mapping will yield a better timing.
Related violations: <none>

SYNTH-5#1185 Warning
Mapped onto distributed RAM because of timing constraints  
The instance ram_reg_r2_1408_1535_0_0 is implemented as distributed LUT RAM for the following reason: The timing constraints suggest that the chosen mapping will yield a better timing.
Related violations: <none>

SYNTH-5#1186 Warning
Mapped onto distributed RAM because of timing constraints  
The instance ram_reg_r2_1408_1535_10_10 is implemented as distributed LUT RAM for the following reason: The timing constraints suggest that the chosen mapping will yield a better timing.
Related violations: <none>

SYNTH-5#1187 Warning
Mapped onto distributed RAM because of timing constraints  
The instance ram_reg_r2_1408_1535_11_11 is implemented as distributed LUT RAM for the following reason: The timing constraints suggest that the chosen mapping will yield a better timing.
Related violations: <none>

SYNTH-5#1188 Warning
Mapped onto distributed RAM because of timing constraints  
The instance ram_reg_r2_1408_1535_12_12 is implemented as distributed LUT RAM for the following reason: The timing constraints suggest that the chosen mapping will yield a better timing.
Related violations: <none>

SYNTH-5#1189 Warning
Mapped onto distributed RAM because of timing constraints  
The instance ram_reg_r2_1408_1535_13_13 is implemented as distributed LUT RAM for the following reason: The timing constraints suggest that the chosen mapping will yield a better timing.
Related violations: <none>

SYNTH-5#1190 Warning
Mapped onto distributed RAM because of timing constraints  
The instance ram_reg_r2_1408_1535_14_14 is implemented as distributed LUT RAM for the following reason: The timing constraints suggest that the chosen mapping will yield a better timing.
Related violations: <none>

SYNTH-5#1191 Warning
Mapped onto distributed RAM because of timing constraints  
The instance ram_reg_r2_1408_1535_15_15 is implemented as distributed LUT RAM for the following reason: The timing constraints suggest that the chosen mapping will yield a better timing.
Related violations: <none>

SYNTH-5#1192 Warning
Mapped onto distributed RAM because of timing constraints  
The instance ram_reg_r2_1408_1535_16_16 is implemented as distributed LUT RAM for the following reason: The timing constraints suggest that the chosen mapping will yield a better timing.
Related violations: <none>

SYNTH-5#1193 Warning
Mapped onto distributed RAM because of timing constraints  
The instance ram_reg_r2_1408_1535_17_17 is implemented as distributed LUT RAM for the following reason: The timing constraints suggest that the chosen mapping will yield a better timing.
Related violations: <none>

SYNTH-5#1194 Warning
Mapped onto distributed RAM because of timing constraints  
The instance ram_reg_r2_1408_1535_18_18 is implemented as distributed LUT RAM for the following reason: The timing constraints suggest that the chosen mapping will yield a better timing.
Related violations: <none>

SYNTH-5#1195 Warning
Mapped onto distributed RAM because of timing constraints  
The instance ram_reg_r2_1408_1535_19_19 is implemented as distributed LUT RAM for the following reason: The timing constraints suggest that the chosen mapping will yield a better timing.
Related violations: <none>

SYNTH-5#1196 Warning
Mapped onto distributed RAM because of timing constraints  
The instance ram_reg_r2_1408_1535_1_1 is implemented as distributed LUT RAM for the following reason: The timing constraints suggest that the chosen mapping will yield a better timing.
Related violations: <none>

SYNTH-5#1197 Warning
Mapped onto distributed RAM because of timing constraints  
The instance ram_reg_r2_1408_1535_20_20 is implemented as distributed LUT RAM for the following reason: The timing constraints suggest that the chosen mapping will yield a better timing.
Related violations: <none>

SYNTH-5#1198 Warning
Mapped onto distributed RAM because of timing constraints  
The instance ram_reg_r2_1408_1535_21_21 is implemented as distributed LUT RAM for the following reason: The timing constraints suggest that the chosen mapping will yield a better timing.
Related violations: <none>

SYNTH-5#1199 Warning
Mapped onto distributed RAM because of timing constraints  
The instance ram_reg_r2_1408_1535_22_22 is implemented as distributed LUT RAM for the following reason: The timing constraints suggest that the chosen mapping will yield a better timing.
Related violations: <none>

SYNTH-5#1200 Warning
Mapped onto distributed RAM because of timing constraints  
The instance ram_reg_r2_1408_1535_23_23 is implemented as distributed LUT RAM for the following reason: The timing constraints suggest that the chosen mapping will yield a better timing.
Related violations: <none>

SYNTH-5#1201 Warning
Mapped onto distributed RAM because of timing constraints  
The instance ram_reg_r2_1408_1535_24_24 is implemented as distributed LUT RAM for the following reason: The timing constraints suggest that the chosen mapping will yield a better timing.
Related violations: <none>

SYNTH-5#1202 Warning
Mapped onto distributed RAM because of timing constraints  
The instance ram_reg_r2_1408_1535_25_25 is implemented as distributed LUT RAM for the following reason: The timing constraints suggest that the chosen mapping will yield a better timing.
Related violations: <none>

SYNTH-5#1203 Warning
Mapped onto distributed RAM because of timing constraints  
The instance ram_reg_r2_1408_1535_26_26 is implemented as distributed LUT RAM for the following reason: The timing constraints suggest that the chosen mapping will yield a better timing.
Related violations: <none>

SYNTH-5#1204 Warning
Mapped onto distributed RAM because of timing constraints  
The instance ram_reg_r2_1408_1535_27_27 is implemented as distributed LUT RAM for the following reason: The timing constraints suggest that the chosen mapping will yield a better timing.
Related violations: <none>

SYNTH-5#1205 Warning
Mapped onto distributed RAM because of timing constraints  
The instance ram_reg_r2_1408_1535_28_28 is implemented as distributed LUT RAM for the following reason: The timing constraints suggest that the chosen mapping will yield a better timing.
Related violations: <none>

SYNTH-5#1206 Warning
Mapped onto distributed RAM because of timing constraints  
The instance ram_reg_r2_1408_1535_29_29 is implemented as distributed LUT RAM for the following reason: The timing constraints suggest that the chosen mapping will yield a better timing.
Related violations: <none>

SYNTH-5#1207 Warning
Mapped onto distributed RAM because of timing constraints  
The instance ram_reg_r2_1408_1535_2_2 is implemented as distributed LUT RAM for the following reason: The timing constraints suggest that the chosen mapping will yield a better timing.
Related violations: <none>

SYNTH-5#1208 Warning
Mapped onto distributed RAM because of timing constraints  
The instance ram_reg_r2_1408_1535_30_30 is implemented as distributed LUT RAM for the following reason: The timing constraints suggest that the chosen mapping will yield a better timing.
Related violations: <none>

SYNTH-5#1209 Warning
Mapped onto distributed RAM because of timing constraints  
The instance ram_reg_r2_1408_1535_31_31 is implemented as distributed LUT RAM for the following reason: The timing constraints suggest that the chosen mapping will yield a better timing.
Related violations: <none>

SYNTH-5#1210 Warning
Mapped onto distributed RAM because of timing constraints  
The instance ram_reg_r2_1408_1535_3_3 is implemented as distributed LUT RAM for the following reason: The timing constraints suggest that the chosen mapping will yield a better timing.
Related violations: <none>

SYNTH-5#1211 Warning
Mapped onto distributed RAM because of timing constraints  
The instance ram_reg_r2_1408_1535_4_4 is implemented as distributed LUT RAM for the following reason: The timing constraints suggest that the chosen mapping will yield a better timing.
Related violations: <none>

SYNTH-5#1212 Warning
Mapped onto distributed RAM because of timing constraints  
The instance ram_reg_r2_1408_1535_5_5 is implemented as distributed LUT RAM for the following reason: The timing constraints suggest that the chosen mapping will yield a better timing.
Related violations: <none>

SYNTH-5#1213 Warning
Mapped onto distributed RAM because of timing constraints  
The instance ram_reg_r2_1408_1535_6_6 is implemented as distributed LUT RAM for the following reason: The timing constraints suggest that the chosen mapping will yield a better timing.
Related violations: <none>

SYNTH-5#1214 Warning
Mapped onto distributed RAM because of timing constraints  
The instance ram_reg_r2_1408_1535_7_7 is implemented as distributed LUT RAM for the following reason: The timing constraints suggest that the chosen mapping will yield a better timing.
Related violations: <none>

SYNTH-5#1215 Warning
Mapped onto distributed RAM because of timing constraints  
The instance ram_reg_r2_1408_1535_8_8 is implemented as distributed LUT RAM for the following reason: The timing constraints suggest that the chosen mapping will yield a better timing.
Related violations: <none>

SYNTH-5#1216 Warning
Mapped onto distributed RAM because of timing constraints  
The instance ram_reg_r2_1408_1535_9_9 is implemented as distributed LUT RAM for the following reason: The timing constraints suggest that the chosen mapping will yield a better timing.
Related violations: <none>

SYNTH-5#1217 Warning
Mapped onto distributed RAM because of timing constraints  
The instance ram_reg_r2_1536_1663_0_0 is implemented as distributed LUT RAM for the following reason: The timing constraints suggest that the chosen mapping will yield a better timing.
Related violations: <none>

SYNTH-5#1218 Warning
Mapped onto distributed RAM because of timing constraints  
The instance ram_reg_r2_1536_1663_10_10 is implemented as distributed LUT RAM for the following reason: The timing constraints suggest that the chosen mapping will yield a better timing.
Related violations: <none>

SYNTH-5#1219 Warning
Mapped onto distributed RAM because of timing constraints  
The instance ram_reg_r2_1536_1663_11_11 is implemented as distributed LUT RAM for the following reason: The timing constraints suggest that the chosen mapping will yield a better timing.
Related violations: <none>

SYNTH-5#1220 Warning
Mapped onto distributed RAM because of timing constraints  
The instance ram_reg_r2_1536_1663_12_12 is implemented as distributed LUT RAM for the following reason: The timing constraints suggest that the chosen mapping will yield a better timing.
Related violations: <none>

SYNTH-5#1221 Warning
Mapped onto distributed RAM because of timing constraints  
The instance ram_reg_r2_1536_1663_13_13 is implemented as distributed LUT RAM for the following reason: The timing constraints suggest that the chosen mapping will yield a better timing.
Related violations: <none>

SYNTH-5#1222 Warning
Mapped onto distributed RAM because of timing constraints  
The instance ram_reg_r2_1536_1663_14_14 is implemented as distributed LUT RAM for the following reason: The timing constraints suggest that the chosen mapping will yield a better timing.
Related violations: <none>

SYNTH-5#1223 Warning
Mapped onto distributed RAM because of timing constraints  
The instance ram_reg_r2_1536_1663_15_15 is implemented as distributed LUT RAM for the following reason: The timing constraints suggest that the chosen mapping will yield a better timing.
Related violations: <none>

SYNTH-5#1224 Warning
Mapped onto distributed RAM because of timing constraints  
The instance ram_reg_r2_1536_1663_16_16 is implemented as distributed LUT RAM for the following reason: The timing constraints suggest that the chosen mapping will yield a better timing.
Related violations: <none>

SYNTH-5#1225 Warning
Mapped onto distributed RAM because of timing constraints  
The instance ram_reg_r2_1536_1663_17_17 is implemented as distributed LUT RAM for the following reason: The timing constraints suggest that the chosen mapping will yield a better timing.
Related violations: <none>

SYNTH-5#1226 Warning
Mapped onto distributed RAM because of timing constraints  
The instance ram_reg_r2_1536_1663_18_18 is implemented as distributed LUT RAM for the following reason: The timing constraints suggest that the chosen mapping will yield a better timing.
Related violations: <none>

SYNTH-5#1227 Warning
Mapped onto distributed RAM because of timing constraints  
The instance ram_reg_r2_1536_1663_19_19 is implemented as distributed LUT RAM for the following reason: The timing constraints suggest that the chosen mapping will yield a better timing.
Related violations: <none>

SYNTH-5#1228 Warning
Mapped onto distributed RAM because of timing constraints  
The instance ram_reg_r2_1536_1663_1_1 is implemented as distributed LUT RAM for the following reason: The timing constraints suggest that the chosen mapping will yield a better timing.
Related violations: <none>

SYNTH-5#1229 Warning
Mapped onto distributed RAM because of timing constraints  
The instance ram_reg_r2_1536_1663_20_20 is implemented as distributed LUT RAM for the following reason: The timing constraints suggest that the chosen mapping will yield a better timing.
Related violations: <none>

SYNTH-5#1230 Warning
Mapped onto distributed RAM because of timing constraints  
The instance ram_reg_r2_1536_1663_21_21 is implemented as distributed LUT RAM for the following reason: The timing constraints suggest that the chosen mapping will yield a better timing.
Related violations: <none>

SYNTH-5#1231 Warning
Mapped onto distributed RAM because of timing constraints  
The instance ram_reg_r2_1536_1663_22_22 is implemented as distributed LUT RAM for the following reason: The timing constraints suggest that the chosen mapping will yield a better timing.
Related violations: <none>

SYNTH-5#1232 Warning
Mapped onto distributed RAM because of timing constraints  
The instance ram_reg_r2_1536_1663_23_23 is implemented as distributed LUT RAM for the following reason: The timing constraints suggest that the chosen mapping will yield a better timing.
Related violations: <none>

SYNTH-5#1233 Warning
Mapped onto distributed RAM because of timing constraints  
The instance ram_reg_r2_1536_1663_24_24 is implemented as distributed LUT RAM for the following reason: The timing constraints suggest that the chosen mapping will yield a better timing.
Related violations: <none>

SYNTH-5#1234 Warning
Mapped onto distributed RAM because of timing constraints  
The instance ram_reg_r2_1536_1663_25_25 is implemented as distributed LUT RAM for the following reason: The timing constraints suggest that the chosen mapping will yield a better timing.
Related violations: <none>

SYNTH-5#1235 Warning
Mapped onto distributed RAM because of timing constraints  
The instance ram_reg_r2_1536_1663_26_26 is implemented as distributed LUT RAM for the following reason: The timing constraints suggest that the chosen mapping will yield a better timing.
Related violations: <none>

SYNTH-5#1236 Warning
Mapped onto distributed RAM because of timing constraints  
The instance ram_reg_r2_1536_1663_27_27 is implemented as distributed LUT RAM for the following reason: The timing constraints suggest that the chosen mapping will yield a better timing.
Related violations: <none>

SYNTH-5#1237 Warning
Mapped onto distributed RAM because of timing constraints  
The instance ram_reg_r2_1536_1663_28_28 is implemented as distributed LUT RAM for the following reason: The timing constraints suggest that the chosen mapping will yield a better timing.
Related violations: <none>

SYNTH-5#1238 Warning
Mapped onto distributed RAM because of timing constraints  
The instance ram_reg_r2_1536_1663_29_29 is implemented as distributed LUT RAM for the following reason: The timing constraints suggest that the chosen mapping will yield a better timing.
Related violations: <none>

SYNTH-5#1239 Warning
Mapped onto distributed RAM because of timing constraints  
The instance ram_reg_r2_1536_1663_2_2 is implemented as distributed LUT RAM for the following reason: The timing constraints suggest that the chosen mapping will yield a better timing.
Related violations: <none>

SYNTH-5#1240 Warning
Mapped onto distributed RAM because of timing constraints  
The instance ram_reg_r2_1536_1663_30_30 is implemented as distributed LUT RAM for the following reason: The timing constraints suggest that the chosen mapping will yield a better timing.
Related violations: <none>

SYNTH-5#1241 Warning
Mapped onto distributed RAM because of timing constraints  
The instance ram_reg_r2_1536_1663_31_31 is implemented as distributed LUT RAM for the following reason: The timing constraints suggest that the chosen mapping will yield a better timing.
Related violations: <none>

SYNTH-5#1242 Warning
Mapped onto distributed RAM because of timing constraints  
The instance ram_reg_r2_1536_1663_3_3 is implemented as distributed LUT RAM for the following reason: The timing constraints suggest that the chosen mapping will yield a better timing.
Related violations: <none>

SYNTH-5#1243 Warning
Mapped onto distributed RAM because of timing constraints  
The instance ram_reg_r2_1536_1663_4_4 is implemented as distributed LUT RAM for the following reason: The timing constraints suggest that the chosen mapping will yield a better timing.
Related violations: <none>

SYNTH-5#1244 Warning
Mapped onto distributed RAM because of timing constraints  
The instance ram_reg_r2_1536_1663_5_5 is implemented as distributed LUT RAM for the following reason: The timing constraints suggest that the chosen mapping will yield a better timing.
Related violations: <none>

SYNTH-5#1245 Warning
Mapped onto distributed RAM because of timing constraints  
The instance ram_reg_r2_1536_1663_6_6 is implemented as distributed LUT RAM for the following reason: The timing constraints suggest that the chosen mapping will yield a better timing.
Related violations: <none>

SYNTH-5#1246 Warning
Mapped onto distributed RAM because of timing constraints  
The instance ram_reg_r2_1536_1663_7_7 is implemented as distributed LUT RAM for the following reason: The timing constraints suggest that the chosen mapping will yield a better timing.
Related violations: <none>

SYNTH-5#1247 Warning
Mapped onto distributed RAM because of timing constraints  
The instance ram_reg_r2_1536_1663_8_8 is implemented as distributed LUT RAM for the following reason: The timing constraints suggest that the chosen mapping will yield a better timing.
Related violations: <none>

SYNTH-5#1248 Warning
Mapped onto distributed RAM because of timing constraints  
The instance ram_reg_r2_1536_1663_9_9 is implemented as distributed LUT RAM for the following reason: The timing constraints suggest that the chosen mapping will yield a better timing.
Related violations: <none>

SYNTH-5#1249 Warning
Mapped onto distributed RAM because of timing constraints  
The instance ram_reg_r2_1664_1791_0_0 is implemented as distributed LUT RAM for the following reason: The timing constraints suggest that the chosen mapping will yield a better timing.
Related violations: <none>

SYNTH-5#1250 Warning
Mapped onto distributed RAM because of timing constraints  
The instance ram_reg_r2_1664_1791_10_10 is implemented as distributed LUT RAM for the following reason: The timing constraints suggest that the chosen mapping will yield a better timing.
Related violations: <none>

SYNTH-5#1251 Warning
Mapped onto distributed RAM because of timing constraints  
The instance ram_reg_r2_1664_1791_11_11 is implemented as distributed LUT RAM for the following reason: The timing constraints suggest that the chosen mapping will yield a better timing.
Related violations: <none>

SYNTH-5#1252 Warning
Mapped onto distributed RAM because of timing constraints  
The instance ram_reg_r2_1664_1791_12_12 is implemented as distributed LUT RAM for the following reason: The timing constraints suggest that the chosen mapping will yield a better timing.
Related violations: <none>

SYNTH-5#1253 Warning
Mapped onto distributed RAM because of timing constraints  
The instance ram_reg_r2_1664_1791_13_13 is implemented as distributed LUT RAM for the following reason: The timing constraints suggest that the chosen mapping will yield a better timing.
Related violations: <none>

SYNTH-5#1254 Warning
Mapped onto distributed RAM because of timing constraints  
The instance ram_reg_r2_1664_1791_14_14 is implemented as distributed LUT RAM for the following reason: The timing constraints suggest that the chosen mapping will yield a better timing.
Related violations: <none>

SYNTH-5#1255 Warning
Mapped onto distributed RAM because of timing constraints  
The instance ram_reg_r2_1664_1791_15_15 is implemented as distributed LUT RAM for the following reason: The timing constraints suggest that the chosen mapping will yield a better timing.
Related violations: <none>

SYNTH-5#1256 Warning
Mapped onto distributed RAM because of timing constraints  
The instance ram_reg_r2_1664_1791_16_16 is implemented as distributed LUT RAM for the following reason: The timing constraints suggest that the chosen mapping will yield a better timing.
Related violations: <none>

SYNTH-5#1257 Warning
Mapped onto distributed RAM because of timing constraints  
The instance ram_reg_r2_1664_1791_17_17 is implemented as distributed LUT RAM for the following reason: The timing constraints suggest that the chosen mapping will yield a better timing.
Related violations: <none>

SYNTH-5#1258 Warning
Mapped onto distributed RAM because of timing constraints  
The instance ram_reg_r2_1664_1791_18_18 is implemented as distributed LUT RAM for the following reason: The timing constraints suggest that the chosen mapping will yield a better timing.
Related violations: <none>

SYNTH-5#1259 Warning
Mapped onto distributed RAM because of timing constraints  
The instance ram_reg_r2_1664_1791_19_19 is implemented as distributed LUT RAM for the following reason: The timing constraints suggest that the chosen mapping will yield a better timing.
Related violations: <none>

SYNTH-5#1260 Warning
Mapped onto distributed RAM because of timing constraints  
The instance ram_reg_r2_1664_1791_1_1 is implemented as distributed LUT RAM for the following reason: The timing constraints suggest that the chosen mapping will yield a better timing.
Related violations: <none>

SYNTH-5#1261 Warning
Mapped onto distributed RAM because of timing constraints  
The instance ram_reg_r2_1664_1791_20_20 is implemented as distributed LUT RAM for the following reason: The timing constraints suggest that the chosen mapping will yield a better timing.
Related violations: <none>

SYNTH-5#1262 Warning
Mapped onto distributed RAM because of timing constraints  
The instance ram_reg_r2_1664_1791_21_21 is implemented as distributed LUT RAM for the following reason: The timing constraints suggest that the chosen mapping will yield a better timing.
Related violations: <none>

SYNTH-5#1263 Warning
Mapped onto distributed RAM because of timing constraints  
The instance ram_reg_r2_1664_1791_22_22 is implemented as distributed LUT RAM for the following reason: The timing constraints suggest that the chosen mapping will yield a better timing.
Related violations: <none>

SYNTH-5#1264 Warning
Mapped onto distributed RAM because of timing constraints  
The instance ram_reg_r2_1664_1791_23_23 is implemented as distributed LUT RAM for the following reason: The timing constraints suggest that the chosen mapping will yield a better timing.
Related violations: <none>

SYNTH-5#1265 Warning
Mapped onto distributed RAM because of timing constraints  
The instance ram_reg_r2_1664_1791_24_24 is implemented as distributed LUT RAM for the following reason: The timing constraints suggest that the chosen mapping will yield a better timing.
Related violations: <none>

SYNTH-5#1266 Warning
Mapped onto distributed RAM because of timing constraints  
The instance ram_reg_r2_1664_1791_25_25 is implemented as distributed LUT RAM for the following reason: The timing constraints suggest that the chosen mapping will yield a better timing.
Related violations: <none>

SYNTH-5#1267 Warning
Mapped onto distributed RAM because of timing constraints  
The instance ram_reg_r2_1664_1791_26_26 is implemented as distributed LUT RAM for the following reason: The timing constraints suggest that the chosen mapping will yield a better timing.
Related violations: <none>

SYNTH-5#1268 Warning
Mapped onto distributed RAM because of timing constraints  
The instance ram_reg_r2_1664_1791_27_27 is implemented as distributed LUT RAM for the following reason: The timing constraints suggest that the chosen mapping will yield a better timing.
Related violations: <none>

SYNTH-5#1269 Warning
Mapped onto distributed RAM because of timing constraints  
The instance ram_reg_r2_1664_1791_28_28 is implemented as distributed LUT RAM for the following reason: The timing constraints suggest that the chosen mapping will yield a better timing.
Related violations: <none>

SYNTH-5#1270 Warning
Mapped onto distributed RAM because of timing constraints  
The instance ram_reg_r2_1664_1791_29_29 is implemented as distributed LUT RAM for the following reason: The timing constraints suggest that the chosen mapping will yield a better timing.
Related violations: <none>

SYNTH-5#1271 Warning
Mapped onto distributed RAM because of timing constraints  
The instance ram_reg_r2_1664_1791_2_2 is implemented as distributed LUT RAM for the following reason: The timing constraints suggest that the chosen mapping will yield a better timing.
Related violations: <none>

SYNTH-5#1272 Warning
Mapped onto distributed RAM because of timing constraints  
The instance ram_reg_r2_1664_1791_30_30 is implemented as distributed LUT RAM for the following reason: The timing constraints suggest that the chosen mapping will yield a better timing.
Related violations: <none>

SYNTH-5#1273 Warning
Mapped onto distributed RAM because of timing constraints  
The instance ram_reg_r2_1664_1791_31_31 is implemented as distributed LUT RAM for the following reason: The timing constraints suggest that the chosen mapping will yield a better timing.
Related violations: <none>

SYNTH-5#1274 Warning
Mapped onto distributed RAM because of timing constraints  
The instance ram_reg_r2_1664_1791_3_3 is implemented as distributed LUT RAM for the following reason: The timing constraints suggest that the chosen mapping will yield a better timing.
Related violations: <none>

SYNTH-5#1275 Warning
Mapped onto distributed RAM because of timing constraints  
The instance ram_reg_r2_1664_1791_4_4 is implemented as distributed LUT RAM for the following reason: The timing constraints suggest that the chosen mapping will yield a better timing.
Related violations: <none>

SYNTH-5#1276 Warning
Mapped onto distributed RAM because of timing constraints  
The instance ram_reg_r2_1664_1791_5_5 is implemented as distributed LUT RAM for the following reason: The timing constraints suggest that the chosen mapping will yield a better timing.
Related violations: <none>

SYNTH-5#1277 Warning
Mapped onto distributed RAM because of timing constraints  
The instance ram_reg_r2_1664_1791_6_6 is implemented as distributed LUT RAM for the following reason: The timing constraints suggest that the chosen mapping will yield a better timing.
Related violations: <none>

SYNTH-5#1278 Warning
Mapped onto distributed RAM because of timing constraints  
The instance ram_reg_r2_1664_1791_7_7 is implemented as distributed LUT RAM for the following reason: The timing constraints suggest that the chosen mapping will yield a better timing.
Related violations: <none>

SYNTH-5#1279 Warning
Mapped onto distributed RAM because of timing constraints  
The instance ram_reg_r2_1664_1791_8_8 is implemented as distributed LUT RAM for the following reason: The timing constraints suggest that the chosen mapping will yield a better timing.
Related violations: <none>

SYNTH-5#1280 Warning
Mapped onto distributed RAM because of timing constraints  
The instance ram_reg_r2_1664_1791_9_9 is implemented as distributed LUT RAM for the following reason: The timing constraints suggest that the chosen mapping will yield a better timing.
Related violations: <none>

SYNTH-5#1281 Warning
Mapped onto distributed RAM because of timing constraints  
The instance ram_reg_r2_1792_1919_0_0 is implemented as distributed LUT RAM for the following reason: The timing constraints suggest that the chosen mapping will yield a better timing.
Related violations: <none>

SYNTH-5#1282 Warning
Mapped onto distributed RAM because of timing constraints  
The instance ram_reg_r2_1792_1919_10_10 is implemented as distributed LUT RAM for the following reason: The timing constraints suggest that the chosen mapping will yield a better timing.
Related violations: <none>

SYNTH-5#1283 Warning
Mapped onto distributed RAM because of timing constraints  
The instance ram_reg_r2_1792_1919_11_11 is implemented as distributed LUT RAM for the following reason: The timing constraints suggest that the chosen mapping will yield a better timing.
Related violations: <none>

SYNTH-5#1284 Warning
Mapped onto distributed RAM because of timing constraints  
The instance ram_reg_r2_1792_1919_12_12 is implemented as distributed LUT RAM for the following reason: The timing constraints suggest that the chosen mapping will yield a better timing.
Related violations: <none>

SYNTH-5#1285 Warning
Mapped onto distributed RAM because of timing constraints  
The instance ram_reg_r2_1792_1919_13_13 is implemented as distributed LUT RAM for the following reason: The timing constraints suggest that the chosen mapping will yield a better timing.
Related violations: <none>

SYNTH-5#1286 Warning
Mapped onto distributed RAM because of timing constraints  
The instance ram_reg_r2_1792_1919_14_14 is implemented as distributed LUT RAM for the following reason: The timing constraints suggest that the chosen mapping will yield a better timing.
Related violations: <none>

SYNTH-5#1287 Warning
Mapped onto distributed RAM because of timing constraints  
The instance ram_reg_r2_1792_1919_15_15 is implemented as distributed LUT RAM for the following reason: The timing constraints suggest that the chosen mapping will yield a better timing.
Related violations: <none>

SYNTH-5#1288 Warning
Mapped onto distributed RAM because of timing constraints  
The instance ram_reg_r2_1792_1919_16_16 is implemented as distributed LUT RAM for the following reason: The timing constraints suggest that the chosen mapping will yield a better timing.
Related violations: <none>

SYNTH-5#1289 Warning
Mapped onto distributed RAM because of timing constraints  
The instance ram_reg_r2_1792_1919_17_17 is implemented as distributed LUT RAM for the following reason: The timing constraints suggest that the chosen mapping will yield a better timing.
Related violations: <none>

SYNTH-5#1290 Warning
Mapped onto distributed RAM because of timing constraints  
The instance ram_reg_r2_1792_1919_18_18 is implemented as distributed LUT RAM for the following reason: The timing constraints suggest that the chosen mapping will yield a better timing.
Related violations: <none>

SYNTH-5#1291 Warning
Mapped onto distributed RAM because of timing constraints  
The instance ram_reg_r2_1792_1919_19_19 is implemented as distributed LUT RAM for the following reason: The timing constraints suggest that the chosen mapping will yield a better timing.
Related violations: <none>

SYNTH-5#1292 Warning
Mapped onto distributed RAM because of timing constraints  
The instance ram_reg_r2_1792_1919_1_1 is implemented as distributed LUT RAM for the following reason: The timing constraints suggest that the chosen mapping will yield a better timing.
Related violations: <none>

SYNTH-5#1293 Warning
Mapped onto distributed RAM because of timing constraints  
The instance ram_reg_r2_1792_1919_20_20 is implemented as distributed LUT RAM for the following reason: The timing constraints suggest that the chosen mapping will yield a better timing.
Related violations: <none>

SYNTH-5#1294 Warning
Mapped onto distributed RAM because of timing constraints  
The instance ram_reg_r2_1792_1919_21_21 is implemented as distributed LUT RAM for the following reason: The timing constraints suggest that the chosen mapping will yield a better timing.
Related violations: <none>

SYNTH-5#1295 Warning
Mapped onto distributed RAM because of timing constraints  
The instance ram_reg_r2_1792_1919_22_22 is implemented as distributed LUT RAM for the following reason: The timing constraints suggest that the chosen mapping will yield a better timing.
Related violations: <none>

SYNTH-5#1296 Warning
Mapped onto distributed RAM because of timing constraints  
The instance ram_reg_r2_1792_1919_23_23 is implemented as distributed LUT RAM for the following reason: The timing constraints suggest that the chosen mapping will yield a better timing.
Related violations: <none>

SYNTH-5#1297 Warning
Mapped onto distributed RAM because of timing constraints  
The instance ram_reg_r2_1792_1919_24_24 is implemented as distributed LUT RAM for the following reason: The timing constraints suggest that the chosen mapping will yield a better timing.
Related violations: <none>

SYNTH-5#1298 Warning
Mapped onto distributed RAM because of timing constraints  
The instance ram_reg_r2_1792_1919_25_25 is implemented as distributed LUT RAM for the following reason: The timing constraints suggest that the chosen mapping will yield a better timing.
Related violations: <none>

SYNTH-5#1299 Warning
Mapped onto distributed RAM because of timing constraints  
The instance ram_reg_r2_1792_1919_26_26 is implemented as distributed LUT RAM for the following reason: The timing constraints suggest that the chosen mapping will yield a better timing.
Related violations: <none>

SYNTH-5#1300 Warning
Mapped onto distributed RAM because of timing constraints  
The instance ram_reg_r2_1792_1919_27_27 is implemented as distributed LUT RAM for the following reason: The timing constraints suggest that the chosen mapping will yield a better timing.
Related violations: <none>

SYNTH-5#1301 Warning
Mapped onto distributed RAM because of timing constraints  
The instance ram_reg_r2_1792_1919_28_28 is implemented as distributed LUT RAM for the following reason: The timing constraints suggest that the chosen mapping will yield a better timing.
Related violations: <none>

SYNTH-5#1302 Warning
Mapped onto distributed RAM because of timing constraints  
The instance ram_reg_r2_1792_1919_29_29 is implemented as distributed LUT RAM for the following reason: The timing constraints suggest that the chosen mapping will yield a better timing.
Related violations: <none>

SYNTH-5#1303 Warning
Mapped onto distributed RAM because of timing constraints  
The instance ram_reg_r2_1792_1919_2_2 is implemented as distributed LUT RAM for the following reason: The timing constraints suggest that the chosen mapping will yield a better timing.
Related violations: <none>

SYNTH-5#1304 Warning
Mapped onto distributed RAM because of timing constraints  
The instance ram_reg_r2_1792_1919_30_30 is implemented as distributed LUT RAM for the following reason: The timing constraints suggest that the chosen mapping will yield a better timing.
Related violations: <none>

SYNTH-5#1305 Warning
Mapped onto distributed RAM because of timing constraints  
The instance ram_reg_r2_1792_1919_31_31 is implemented as distributed LUT RAM for the following reason: The timing constraints suggest that the chosen mapping will yield a better timing.
Related violations: <none>

SYNTH-5#1306 Warning
Mapped onto distributed RAM because of timing constraints  
The instance ram_reg_r2_1792_1919_3_3 is implemented as distributed LUT RAM for the following reason: The timing constraints suggest that the chosen mapping will yield a better timing.
Related violations: <none>

SYNTH-5#1307 Warning
Mapped onto distributed RAM because of timing constraints  
The instance ram_reg_r2_1792_1919_4_4 is implemented as distributed LUT RAM for the following reason: The timing constraints suggest that the chosen mapping will yield a better timing.
Related violations: <none>

SYNTH-5#1308 Warning
Mapped onto distributed RAM because of timing constraints  
The instance ram_reg_r2_1792_1919_5_5 is implemented as distributed LUT RAM for the following reason: The timing constraints suggest that the chosen mapping will yield a better timing.
Related violations: <none>

SYNTH-5#1309 Warning
Mapped onto distributed RAM because of timing constraints  
The instance ram_reg_r2_1792_1919_6_6 is implemented as distributed LUT RAM for the following reason: The timing constraints suggest that the chosen mapping will yield a better timing.
Related violations: <none>

SYNTH-5#1310 Warning
Mapped onto distributed RAM because of timing constraints  
The instance ram_reg_r2_1792_1919_7_7 is implemented as distributed LUT RAM for the following reason: The timing constraints suggest that the chosen mapping will yield a better timing.
Related violations: <none>

SYNTH-5#1311 Warning
Mapped onto distributed RAM because of timing constraints  
The instance ram_reg_r2_1792_1919_8_8 is implemented as distributed LUT RAM for the following reason: The timing constraints suggest that the chosen mapping will yield a better timing.
Related violations: <none>

SYNTH-5#1312 Warning
Mapped onto distributed RAM because of timing constraints  
The instance ram_reg_r2_1792_1919_9_9 is implemented as distributed LUT RAM for the following reason: The timing constraints suggest that the chosen mapping will yield a better timing.
Related violations: <none>

SYNTH-5#1313 Warning
Mapped onto distributed RAM because of timing constraints  
The instance ram_reg_r2_1920_2047_0_0 is implemented as distributed LUT RAM for the following reason: The timing constraints suggest that the chosen mapping will yield a better timing.
Related violations: <none>

SYNTH-5#1314 Warning
Mapped onto distributed RAM because of timing constraints  
The instance ram_reg_r2_1920_2047_10_10 is implemented as distributed LUT RAM for the following reason: The timing constraints suggest that the chosen mapping will yield a better timing.
Related violations: <none>

SYNTH-5#1315 Warning
Mapped onto distributed RAM because of timing constraints  
The instance ram_reg_r2_1920_2047_11_11 is implemented as distributed LUT RAM for the following reason: The timing constraints suggest that the chosen mapping will yield a better timing.
Related violations: <none>

SYNTH-5#1316 Warning
Mapped onto distributed RAM because of timing constraints  
The instance ram_reg_r2_1920_2047_12_12 is implemented as distributed LUT RAM for the following reason: The timing constraints suggest that the chosen mapping will yield a better timing.
Related violations: <none>

SYNTH-5#1317 Warning
Mapped onto distributed RAM because of timing constraints  
The instance ram_reg_r2_1920_2047_13_13 is implemented as distributed LUT RAM for the following reason: The timing constraints suggest that the chosen mapping will yield a better timing.
Related violations: <none>

SYNTH-5#1318 Warning
Mapped onto distributed RAM because of timing constraints  
The instance ram_reg_r2_1920_2047_14_14 is implemented as distributed LUT RAM for the following reason: The timing constraints suggest that the chosen mapping will yield a better timing.
Related violations: <none>

SYNTH-5#1319 Warning
Mapped onto distributed RAM because of timing constraints  
The instance ram_reg_r2_1920_2047_15_15 is implemented as distributed LUT RAM for the following reason: The timing constraints suggest that the chosen mapping will yield a better timing.
Related violations: <none>

SYNTH-5#1320 Warning
Mapped onto distributed RAM because of timing constraints  
The instance ram_reg_r2_1920_2047_16_16 is implemented as distributed LUT RAM for the following reason: The timing constraints suggest that the chosen mapping will yield a better timing.
Related violations: <none>

SYNTH-5#1321 Warning
Mapped onto distributed RAM because of timing constraints  
The instance ram_reg_r2_1920_2047_17_17 is implemented as distributed LUT RAM for the following reason: The timing constraints suggest that the chosen mapping will yield a better timing.
Related violations: <none>

SYNTH-5#1322 Warning
Mapped onto distributed RAM because of timing constraints  
The instance ram_reg_r2_1920_2047_18_18 is implemented as distributed LUT RAM for the following reason: The timing constraints suggest that the chosen mapping will yield a better timing.
Related violations: <none>

SYNTH-5#1323 Warning
Mapped onto distributed RAM because of timing constraints  
The instance ram_reg_r2_1920_2047_19_19 is implemented as distributed LUT RAM for the following reason: The timing constraints suggest that the chosen mapping will yield a better timing.
Related violations: <none>

SYNTH-5#1324 Warning
Mapped onto distributed RAM because of timing constraints  
The instance ram_reg_r2_1920_2047_1_1 is implemented as distributed LUT RAM for the following reason: The timing constraints suggest that the chosen mapping will yield a better timing.
Related violations: <none>

SYNTH-5#1325 Warning
Mapped onto distributed RAM because of timing constraints  
The instance ram_reg_r2_1920_2047_20_20 is implemented as distributed LUT RAM for the following reason: The timing constraints suggest that the chosen mapping will yield a better timing.
Related violations: <none>

SYNTH-5#1326 Warning
Mapped onto distributed RAM because of timing constraints  
The instance ram_reg_r2_1920_2047_21_21 is implemented as distributed LUT RAM for the following reason: The timing constraints suggest that the chosen mapping will yield a better timing.
Related violations: <none>

SYNTH-5#1327 Warning
Mapped onto distributed RAM because of timing constraints  
The instance ram_reg_r2_1920_2047_22_22 is implemented as distributed LUT RAM for the following reason: The timing constraints suggest that the chosen mapping will yield a better timing.
Related violations: <none>

SYNTH-5#1328 Warning
Mapped onto distributed RAM because of timing constraints  
The instance ram_reg_r2_1920_2047_23_23 is implemented as distributed LUT RAM for the following reason: The timing constraints suggest that the chosen mapping will yield a better timing.
Related violations: <none>

SYNTH-5#1329 Warning
Mapped onto distributed RAM because of timing constraints  
The instance ram_reg_r2_1920_2047_24_24 is implemented as distributed LUT RAM for the following reason: The timing constraints suggest that the chosen mapping will yield a better timing.
Related violations: <none>

SYNTH-5#1330 Warning
Mapped onto distributed RAM because of timing constraints  
The instance ram_reg_r2_1920_2047_25_25 is implemented as distributed LUT RAM for the following reason: The timing constraints suggest that the chosen mapping will yield a better timing.
Related violations: <none>

SYNTH-5#1331 Warning
Mapped onto distributed RAM because of timing constraints  
The instance ram_reg_r2_1920_2047_26_26 is implemented as distributed LUT RAM for the following reason: The timing constraints suggest that the chosen mapping will yield a better timing.
Related violations: <none>

SYNTH-5#1332 Warning
Mapped onto distributed RAM because of timing constraints  
The instance ram_reg_r2_1920_2047_27_27 is implemented as distributed LUT RAM for the following reason: The timing constraints suggest that the chosen mapping will yield a better timing.
Related violations: <none>

SYNTH-5#1333 Warning
Mapped onto distributed RAM because of timing constraints  
The instance ram_reg_r2_1920_2047_28_28 is implemented as distributed LUT RAM for the following reason: The timing constraints suggest that the chosen mapping will yield a better timing.
Related violations: <none>

SYNTH-5#1334 Warning
Mapped onto distributed RAM because of timing constraints  
The instance ram_reg_r2_1920_2047_29_29 is implemented as distributed LUT RAM for the following reason: The timing constraints suggest that the chosen mapping will yield a better timing.
Related violations: <none>

SYNTH-5#1335 Warning
Mapped onto distributed RAM because of timing constraints  
The instance ram_reg_r2_1920_2047_2_2 is implemented as distributed LUT RAM for the following reason: The timing constraints suggest that the chosen mapping will yield a better timing.
Related violations: <none>

SYNTH-5#1336 Warning
Mapped onto distributed RAM because of timing constraints  
The instance ram_reg_r2_1920_2047_30_30 is implemented as distributed LUT RAM for the following reason: The timing constraints suggest that the chosen mapping will yield a better timing.
Related violations: <none>

SYNTH-5#1337 Warning
Mapped onto distributed RAM because of timing constraints  
The instance ram_reg_r2_1920_2047_31_31 is implemented as distributed LUT RAM for the following reason: The timing constraints suggest that the chosen mapping will yield a better timing.
Related violations: <none>

SYNTH-5#1338 Warning
Mapped onto distributed RAM because of timing constraints  
The instance ram_reg_r2_1920_2047_3_3 is implemented as distributed LUT RAM for the following reason: The timing constraints suggest that the chosen mapping will yield a better timing.
Related violations: <none>

SYNTH-5#1339 Warning
Mapped onto distributed RAM because of timing constraints  
The instance ram_reg_r2_1920_2047_4_4 is implemented as distributed LUT RAM for the following reason: The timing constraints suggest that the chosen mapping will yield a better timing.
Related violations: <none>

SYNTH-5#1340 Warning
Mapped onto distributed RAM because of timing constraints  
The instance ram_reg_r2_1920_2047_5_5 is implemented as distributed LUT RAM for the following reason: The timing constraints suggest that the chosen mapping will yield a better timing.
Related violations: <none>

SYNTH-5#1341 Warning
Mapped onto distributed RAM because of timing constraints  
The instance ram_reg_r2_1920_2047_6_6 is implemented as distributed LUT RAM for the following reason: The timing constraints suggest that the chosen mapping will yield a better timing.
Related violations: <none>

SYNTH-5#1342 Warning
Mapped onto distributed RAM because of timing constraints  
The instance ram_reg_r2_1920_2047_7_7 is implemented as distributed LUT RAM for the following reason: The timing constraints suggest that the chosen mapping will yield a better timing.
Related violations: <none>

SYNTH-5#1343 Warning
Mapped onto distributed RAM because of timing constraints  
The instance ram_reg_r2_1920_2047_8_8 is implemented as distributed LUT RAM for the following reason: The timing constraints suggest that the chosen mapping will yield a better timing.
Related violations: <none>

SYNTH-5#1344 Warning
Mapped onto distributed RAM because of timing constraints  
The instance ram_reg_r2_1920_2047_9_9 is implemented as distributed LUT RAM for the following reason: The timing constraints suggest that the chosen mapping will yield a better timing.
Related violations: <none>

SYNTH-5#1345 Warning
Mapped onto distributed RAM because of timing constraints  
The instance ram_reg_r2_2048_2175_0_0 is implemented as distributed LUT RAM for the following reason: The timing constraints suggest that the chosen mapping will yield a better timing.
Related violations: <none>

SYNTH-5#1346 Warning
Mapped onto distributed RAM because of timing constraints  
The instance ram_reg_r2_2048_2175_10_10 is implemented as distributed LUT RAM for the following reason: The timing constraints suggest that the chosen mapping will yield a better timing.
Related violations: <none>

SYNTH-5#1347 Warning
Mapped onto distributed RAM because of timing constraints  
The instance ram_reg_r2_2048_2175_11_11 is implemented as distributed LUT RAM for the following reason: The timing constraints suggest that the chosen mapping will yield a better timing.
Related violations: <none>

SYNTH-5#1348 Warning
Mapped onto distributed RAM because of timing constraints  
The instance ram_reg_r2_2048_2175_12_12 is implemented as distributed LUT RAM for the following reason: The timing constraints suggest that the chosen mapping will yield a better timing.
Related violations: <none>

SYNTH-5#1349 Warning
Mapped onto distributed RAM because of timing constraints  
The instance ram_reg_r2_2048_2175_13_13 is implemented as distributed LUT RAM for the following reason: The timing constraints suggest that the chosen mapping will yield a better timing.
Related violations: <none>

SYNTH-5#1350 Warning
Mapped onto distributed RAM because of timing constraints  
The instance ram_reg_r2_2048_2175_14_14 is implemented as distributed LUT RAM for the following reason: The timing constraints suggest that the chosen mapping will yield a better timing.
Related violations: <none>

SYNTH-5#1351 Warning
Mapped onto distributed RAM because of timing constraints  
The instance ram_reg_r2_2048_2175_15_15 is implemented as distributed LUT RAM for the following reason: The timing constraints suggest that the chosen mapping will yield a better timing.
Related violations: <none>

SYNTH-5#1352 Warning
Mapped onto distributed RAM because of timing constraints  
The instance ram_reg_r2_2048_2175_16_16 is implemented as distributed LUT RAM for the following reason: The timing constraints suggest that the chosen mapping will yield a better timing.
Related violations: <none>

SYNTH-5#1353 Warning
Mapped onto distributed RAM because of timing constraints  
The instance ram_reg_r2_2048_2175_17_17 is implemented as distributed LUT RAM for the following reason: The timing constraints suggest that the chosen mapping will yield a better timing.
Related violations: <none>

SYNTH-5#1354 Warning
Mapped onto distributed RAM because of timing constraints  
The instance ram_reg_r2_2048_2175_18_18 is implemented as distributed LUT RAM for the following reason: The timing constraints suggest that the chosen mapping will yield a better timing.
Related violations: <none>

SYNTH-5#1355 Warning
Mapped onto distributed RAM because of timing constraints  
The instance ram_reg_r2_2048_2175_19_19 is implemented as distributed LUT RAM for the following reason: The timing constraints suggest that the chosen mapping will yield a better timing.
Related violations: <none>

SYNTH-5#1356 Warning
Mapped onto distributed RAM because of timing constraints  
The instance ram_reg_r2_2048_2175_1_1 is implemented as distributed LUT RAM for the following reason: The timing constraints suggest that the chosen mapping will yield a better timing.
Related violations: <none>

SYNTH-5#1357 Warning
Mapped onto distributed RAM because of timing constraints  
The instance ram_reg_r2_2048_2175_20_20 is implemented as distributed LUT RAM for the following reason: The timing constraints suggest that the chosen mapping will yield a better timing.
Related violations: <none>

SYNTH-5#1358 Warning
Mapped onto distributed RAM because of timing constraints  
The instance ram_reg_r2_2048_2175_21_21 is implemented as distributed LUT RAM for the following reason: The timing constraints suggest that the chosen mapping will yield a better timing.
Related violations: <none>

SYNTH-5#1359 Warning
Mapped onto distributed RAM because of timing constraints  
The instance ram_reg_r2_2048_2175_22_22 is implemented as distributed LUT RAM for the following reason: The timing constraints suggest that the chosen mapping will yield a better timing.
Related violations: <none>

SYNTH-5#1360 Warning
Mapped onto distributed RAM because of timing constraints  
The instance ram_reg_r2_2048_2175_23_23 is implemented as distributed LUT RAM for the following reason: The timing constraints suggest that the chosen mapping will yield a better timing.
Related violations: <none>

SYNTH-5#1361 Warning
Mapped onto distributed RAM because of timing constraints  
The instance ram_reg_r2_2048_2175_24_24 is implemented as distributed LUT RAM for the following reason: The timing constraints suggest that the chosen mapping will yield a better timing.
Related violations: <none>

SYNTH-5#1362 Warning
Mapped onto distributed RAM because of timing constraints  
The instance ram_reg_r2_2048_2175_25_25 is implemented as distributed LUT RAM for the following reason: The timing constraints suggest that the chosen mapping will yield a better timing.
Related violations: <none>

SYNTH-5#1363 Warning
Mapped onto distributed RAM because of timing constraints  
The instance ram_reg_r2_2048_2175_26_26 is implemented as distributed LUT RAM for the following reason: The timing constraints suggest that the chosen mapping will yield a better timing.
Related violations: <none>

SYNTH-5#1364 Warning
Mapped onto distributed RAM because of timing constraints  
The instance ram_reg_r2_2048_2175_27_27 is implemented as distributed LUT RAM for the following reason: The timing constraints suggest that the chosen mapping will yield a better timing.
Related violations: <none>

SYNTH-5#1365 Warning
Mapped onto distributed RAM because of timing constraints  
The instance ram_reg_r2_2048_2175_28_28 is implemented as distributed LUT RAM for the following reason: The timing constraints suggest that the chosen mapping will yield a better timing.
Related violations: <none>

SYNTH-5#1366 Warning
Mapped onto distributed RAM because of timing constraints  
The instance ram_reg_r2_2048_2175_29_29 is implemented as distributed LUT RAM for the following reason: The timing constraints suggest that the chosen mapping will yield a better timing.
Related violations: <none>

SYNTH-5#1367 Warning
Mapped onto distributed RAM because of timing constraints  
The instance ram_reg_r2_2048_2175_2_2 is implemented as distributed LUT RAM for the following reason: The timing constraints suggest that the chosen mapping will yield a better timing.
Related violations: <none>

SYNTH-5#1368 Warning
Mapped onto distributed RAM because of timing constraints  
The instance ram_reg_r2_2048_2175_30_30 is implemented as distributed LUT RAM for the following reason: The timing constraints suggest that the chosen mapping will yield a better timing.
Related violations: <none>

SYNTH-5#1369 Warning
Mapped onto distributed RAM because of timing constraints  
The instance ram_reg_r2_2048_2175_31_31 is implemented as distributed LUT RAM for the following reason: The timing constraints suggest that the chosen mapping will yield a better timing.
Related violations: <none>

SYNTH-5#1370 Warning
Mapped onto distributed RAM because of timing constraints  
The instance ram_reg_r2_2048_2175_3_3 is implemented as distributed LUT RAM for the following reason: The timing constraints suggest that the chosen mapping will yield a better timing.
Related violations: <none>

SYNTH-5#1371 Warning
Mapped onto distributed RAM because of timing constraints  
The instance ram_reg_r2_2048_2175_4_4 is implemented as distributed LUT RAM for the following reason: The timing constraints suggest that the chosen mapping will yield a better timing.
Related violations: <none>

SYNTH-5#1372 Warning
Mapped onto distributed RAM because of timing constraints  
The instance ram_reg_r2_2048_2175_5_5 is implemented as distributed LUT RAM for the following reason: The timing constraints suggest that the chosen mapping will yield a better timing.
Related violations: <none>

SYNTH-5#1373 Warning
Mapped onto distributed RAM because of timing constraints  
The instance ram_reg_r2_2048_2175_6_6 is implemented as distributed LUT RAM for the following reason: The timing constraints suggest that the chosen mapping will yield a better timing.
Related violations: <none>

SYNTH-5#1374 Warning
Mapped onto distributed RAM because of timing constraints  
The instance ram_reg_r2_2048_2175_7_7 is implemented as distributed LUT RAM for the following reason: The timing constraints suggest that the chosen mapping will yield a better timing.
Related violations: <none>

SYNTH-5#1375 Warning
Mapped onto distributed RAM because of timing constraints  
The instance ram_reg_r2_2048_2175_8_8 is implemented as distributed LUT RAM for the following reason: The timing constraints suggest that the chosen mapping will yield a better timing.
Related violations: <none>

SYNTH-5#1376 Warning
Mapped onto distributed RAM because of timing constraints  
The instance ram_reg_r2_2048_2175_9_9 is implemented as distributed LUT RAM for the following reason: The timing constraints suggest that the chosen mapping will yield a better timing.
Related violations: <none>

SYNTH-5#1377 Warning
Mapped onto distributed RAM because of timing constraints  
The instance ram_reg_r2_2176_2303_0_0 is implemented as distributed LUT RAM for the following reason: The timing constraints suggest that the chosen mapping will yield a better timing.
Related violations: <none>

SYNTH-5#1378 Warning
Mapped onto distributed RAM because of timing constraints  
The instance ram_reg_r2_2176_2303_10_10 is implemented as distributed LUT RAM for the following reason: The timing constraints suggest that the chosen mapping will yield a better timing.
Related violations: <none>

SYNTH-5#1379 Warning
Mapped onto distributed RAM because of timing constraints  
The instance ram_reg_r2_2176_2303_11_11 is implemented as distributed LUT RAM for the following reason: The timing constraints suggest that the chosen mapping will yield a better timing.
Related violations: <none>

SYNTH-5#1380 Warning
Mapped onto distributed RAM because of timing constraints  
The instance ram_reg_r2_2176_2303_12_12 is implemented as distributed LUT RAM for the following reason: The timing constraints suggest that the chosen mapping will yield a better timing.
Related violations: <none>

SYNTH-5#1381 Warning
Mapped onto distributed RAM because of timing constraints  
The instance ram_reg_r2_2176_2303_13_13 is implemented as distributed LUT RAM for the following reason: The timing constraints suggest that the chosen mapping will yield a better timing.
Related violations: <none>

SYNTH-5#1382 Warning
Mapped onto distributed RAM because of timing constraints  
The instance ram_reg_r2_2176_2303_14_14 is implemented as distributed LUT RAM for the following reason: The timing constraints suggest that the chosen mapping will yield a better timing.
Related violations: <none>

SYNTH-5#1383 Warning
Mapped onto distributed RAM because of timing constraints  
The instance ram_reg_r2_2176_2303_15_15 is implemented as distributed LUT RAM for the following reason: The timing constraints suggest that the chosen mapping will yield a better timing.
Related violations: <none>

SYNTH-5#1384 Warning
Mapped onto distributed RAM because of timing constraints  
The instance ram_reg_r2_2176_2303_16_16 is implemented as distributed LUT RAM for the following reason: The timing constraints suggest that the chosen mapping will yield a better timing.
Related violations: <none>

SYNTH-5#1385 Warning
Mapped onto distributed RAM because of timing constraints  
The instance ram_reg_r2_2176_2303_17_17 is implemented as distributed LUT RAM for the following reason: The timing constraints suggest that the chosen mapping will yield a better timing.
Related violations: <none>

SYNTH-5#1386 Warning
Mapped onto distributed RAM because of timing constraints  
The instance ram_reg_r2_2176_2303_18_18 is implemented as distributed LUT RAM for the following reason: The timing constraints suggest that the chosen mapping will yield a better timing.
Related violations: <none>

SYNTH-5#1387 Warning
Mapped onto distributed RAM because of timing constraints  
The instance ram_reg_r2_2176_2303_19_19 is implemented as distributed LUT RAM for the following reason: The timing constraints suggest that the chosen mapping will yield a better timing.
Related violations: <none>

SYNTH-5#1388 Warning
Mapped onto distributed RAM because of timing constraints  
The instance ram_reg_r2_2176_2303_1_1 is implemented as distributed LUT RAM for the following reason: The timing constraints suggest that the chosen mapping will yield a better timing.
Related violations: <none>

SYNTH-5#1389 Warning
Mapped onto distributed RAM because of timing constraints  
The instance ram_reg_r2_2176_2303_20_20 is implemented as distributed LUT RAM for the following reason: The timing constraints suggest that the chosen mapping will yield a better timing.
Related violations: <none>

SYNTH-5#1390 Warning
Mapped onto distributed RAM because of timing constraints  
The instance ram_reg_r2_2176_2303_21_21 is implemented as distributed LUT RAM for the following reason: The timing constraints suggest that the chosen mapping will yield a better timing.
Related violations: <none>

SYNTH-5#1391 Warning
Mapped onto distributed RAM because of timing constraints  
The instance ram_reg_r2_2176_2303_22_22 is implemented as distributed LUT RAM for the following reason: The timing constraints suggest that the chosen mapping will yield a better timing.
Related violations: <none>

SYNTH-5#1392 Warning
Mapped onto distributed RAM because of timing constraints  
The instance ram_reg_r2_2176_2303_23_23 is implemented as distributed LUT RAM for the following reason: The timing constraints suggest that the chosen mapping will yield a better timing.
Related violations: <none>

SYNTH-5#1393 Warning
Mapped onto distributed RAM because of timing constraints  
The instance ram_reg_r2_2176_2303_24_24 is implemented as distributed LUT RAM for the following reason: The timing constraints suggest that the chosen mapping will yield a better timing.
Related violations: <none>

SYNTH-5#1394 Warning
Mapped onto distributed RAM because of timing constraints  
The instance ram_reg_r2_2176_2303_25_25 is implemented as distributed LUT RAM for the following reason: The timing constraints suggest that the chosen mapping will yield a better timing.
Related violations: <none>

SYNTH-5#1395 Warning
Mapped onto distributed RAM because of timing constraints  
The instance ram_reg_r2_2176_2303_26_26 is implemented as distributed LUT RAM for the following reason: The timing constraints suggest that the chosen mapping will yield a better timing.
Related violations: <none>

SYNTH-5#1396 Warning
Mapped onto distributed RAM because of timing constraints  
The instance ram_reg_r2_2176_2303_27_27 is implemented as distributed LUT RAM for the following reason: The timing constraints suggest that the chosen mapping will yield a better timing.
Related violations: <none>

SYNTH-5#1397 Warning
Mapped onto distributed RAM because of timing constraints  
The instance ram_reg_r2_2176_2303_28_28 is implemented as distributed LUT RAM for the following reason: The timing constraints suggest that the chosen mapping will yield a better timing.
Related violations: <none>

SYNTH-5#1398 Warning
Mapped onto distributed RAM because of timing constraints  
The instance ram_reg_r2_2176_2303_29_29 is implemented as distributed LUT RAM for the following reason: The timing constraints suggest that the chosen mapping will yield a better timing.
Related violations: <none>

SYNTH-5#1399 Warning
Mapped onto distributed RAM because of timing constraints  
The instance ram_reg_r2_2176_2303_2_2 is implemented as distributed LUT RAM for the following reason: The timing constraints suggest that the chosen mapping will yield a better timing.
Related violations: <none>

SYNTH-5#1400 Warning
Mapped onto distributed RAM because of timing constraints  
The instance ram_reg_r2_2176_2303_30_30 is implemented as distributed LUT RAM for the following reason: The timing constraints suggest that the chosen mapping will yield a better timing.
Related violations: <none>

SYNTH-5#1401 Warning
Mapped onto distributed RAM because of timing constraints  
The instance ram_reg_r2_2176_2303_31_31 is implemented as distributed LUT RAM for the following reason: The timing constraints suggest that the chosen mapping will yield a better timing.
Related violations: <none>

SYNTH-5#1402 Warning
Mapped onto distributed RAM because of timing constraints  
The instance ram_reg_r2_2176_2303_3_3 is implemented as distributed LUT RAM for the following reason: The timing constraints suggest that the chosen mapping will yield a better timing.
Related violations: <none>

SYNTH-5#1403 Warning
Mapped onto distributed RAM because of timing constraints  
The instance ram_reg_r2_2176_2303_4_4 is implemented as distributed LUT RAM for the following reason: The timing constraints suggest that the chosen mapping will yield a better timing.
Related violations: <none>

SYNTH-5#1404 Warning
Mapped onto distributed RAM because of timing constraints  
The instance ram_reg_r2_2176_2303_5_5 is implemented as distributed LUT RAM for the following reason: The timing constraints suggest that the chosen mapping will yield a better timing.
Related violations: <none>

SYNTH-5#1405 Warning
Mapped onto distributed RAM because of timing constraints  
The instance ram_reg_r2_2176_2303_6_6 is implemented as distributed LUT RAM for the following reason: The timing constraints suggest that the chosen mapping will yield a better timing.
Related violations: <none>

SYNTH-5#1406 Warning
Mapped onto distributed RAM because of timing constraints  
The instance ram_reg_r2_2176_2303_7_7 is implemented as distributed LUT RAM for the following reason: The timing constraints suggest that the chosen mapping will yield a better timing.
Related violations: <none>

SYNTH-5#1407 Warning
Mapped onto distributed RAM because of timing constraints  
The instance ram_reg_r2_2176_2303_8_8 is implemented as distributed LUT RAM for the following reason: The timing constraints suggest that the chosen mapping will yield a better timing.
Related violations: <none>

SYNTH-5#1408 Warning
Mapped onto distributed RAM because of timing constraints  
The instance ram_reg_r2_2176_2303_9_9 is implemented as distributed LUT RAM for the following reason: The timing constraints suggest that the chosen mapping will yield a better timing.
Related violations: <none>

SYNTH-5#1409 Warning
Mapped onto distributed RAM because of timing constraints  
The instance ram_reg_r2_2304_2431_0_0 is implemented as distributed LUT RAM for the following reason: The timing constraints suggest that the chosen mapping will yield a better timing.
Related violations: <none>

SYNTH-5#1410 Warning
Mapped onto distributed RAM because of timing constraints  
The instance ram_reg_r2_2304_2431_10_10 is implemented as distributed LUT RAM for the following reason: The timing constraints suggest that the chosen mapping will yield a better timing.
Related violations: <none>

SYNTH-5#1411 Warning
Mapped onto distributed RAM because of timing constraints  
The instance ram_reg_r2_2304_2431_11_11 is implemented as distributed LUT RAM for the following reason: The timing constraints suggest that the chosen mapping will yield a better timing.
Related violations: <none>

SYNTH-5#1412 Warning
Mapped onto distributed RAM because of timing constraints  
The instance ram_reg_r2_2304_2431_12_12 is implemented as distributed LUT RAM for the following reason: The timing constraints suggest that the chosen mapping will yield a better timing.
Related violations: <none>

SYNTH-5#1413 Warning
Mapped onto distributed RAM because of timing constraints  
The instance ram_reg_r2_2304_2431_13_13 is implemented as distributed LUT RAM for the following reason: The timing constraints suggest that the chosen mapping will yield a better timing.
Related violations: <none>

SYNTH-5#1414 Warning
Mapped onto distributed RAM because of timing constraints  
The instance ram_reg_r2_2304_2431_14_14 is implemented as distributed LUT RAM for the following reason: The timing constraints suggest that the chosen mapping will yield a better timing.
Related violations: <none>

SYNTH-5#1415 Warning
Mapped onto distributed RAM because of timing constraints  
The instance ram_reg_r2_2304_2431_15_15 is implemented as distributed LUT RAM for the following reason: The timing constraints suggest that the chosen mapping will yield a better timing.
Related violations: <none>

SYNTH-5#1416 Warning
Mapped onto distributed RAM because of timing constraints  
The instance ram_reg_r2_2304_2431_16_16 is implemented as distributed LUT RAM for the following reason: The timing constraints suggest that the chosen mapping will yield a better timing.
Related violations: <none>

SYNTH-5#1417 Warning
Mapped onto distributed RAM because of timing constraints  
The instance ram_reg_r2_2304_2431_17_17 is implemented as distributed LUT RAM for the following reason: The timing constraints suggest that the chosen mapping will yield a better timing.
Related violations: <none>

SYNTH-5#1418 Warning
Mapped onto distributed RAM because of timing constraints  
The instance ram_reg_r2_2304_2431_18_18 is implemented as distributed LUT RAM for the following reason: The timing constraints suggest that the chosen mapping will yield a better timing.
Related violations: <none>

SYNTH-5#1419 Warning
Mapped onto distributed RAM because of timing constraints  
The instance ram_reg_r2_2304_2431_19_19 is implemented as distributed LUT RAM for the following reason: The timing constraints suggest that the chosen mapping will yield a better timing.
Related violations: <none>

SYNTH-5#1420 Warning
Mapped onto distributed RAM because of timing constraints  
The instance ram_reg_r2_2304_2431_1_1 is implemented as distributed LUT RAM for the following reason: The timing constraints suggest that the chosen mapping will yield a better timing.
Related violations: <none>

SYNTH-5#1421 Warning
Mapped onto distributed RAM because of timing constraints  
The instance ram_reg_r2_2304_2431_20_20 is implemented as distributed LUT RAM for the following reason: The timing constraints suggest that the chosen mapping will yield a better timing.
Related violations: <none>

SYNTH-5#1422 Warning
Mapped onto distributed RAM because of timing constraints  
The instance ram_reg_r2_2304_2431_21_21 is implemented as distributed LUT RAM for the following reason: The timing constraints suggest that the chosen mapping will yield a better timing.
Related violations: <none>

SYNTH-5#1423 Warning
Mapped onto distributed RAM because of timing constraints  
The instance ram_reg_r2_2304_2431_22_22 is implemented as distributed LUT RAM for the following reason: The timing constraints suggest that the chosen mapping will yield a better timing.
Related violations: <none>

SYNTH-5#1424 Warning
Mapped onto distributed RAM because of timing constraints  
The instance ram_reg_r2_2304_2431_23_23 is implemented as distributed LUT RAM for the following reason: The timing constraints suggest that the chosen mapping will yield a better timing.
Related violations: <none>

SYNTH-5#1425 Warning
Mapped onto distributed RAM because of timing constraints  
The instance ram_reg_r2_2304_2431_24_24 is implemented as distributed LUT RAM for the following reason: The timing constraints suggest that the chosen mapping will yield a better timing.
Related violations: <none>

SYNTH-5#1426 Warning
Mapped onto distributed RAM because of timing constraints  
The instance ram_reg_r2_2304_2431_25_25 is implemented as distributed LUT RAM for the following reason: The timing constraints suggest that the chosen mapping will yield a better timing.
Related violations: <none>

SYNTH-5#1427 Warning
Mapped onto distributed RAM because of timing constraints  
The instance ram_reg_r2_2304_2431_26_26 is implemented as distributed LUT RAM for the following reason: The timing constraints suggest that the chosen mapping will yield a better timing.
Related violations: <none>

SYNTH-5#1428 Warning
Mapped onto distributed RAM because of timing constraints  
The instance ram_reg_r2_2304_2431_27_27 is implemented as distributed LUT RAM for the following reason: The timing constraints suggest that the chosen mapping will yield a better timing.
Related violations: <none>

SYNTH-5#1429 Warning
Mapped onto distributed RAM because of timing constraints  
The instance ram_reg_r2_2304_2431_28_28 is implemented as distributed LUT RAM for the following reason: The timing constraints suggest that the chosen mapping will yield a better timing.
Related violations: <none>

SYNTH-5#1430 Warning
Mapped onto distributed RAM because of timing constraints  
The instance ram_reg_r2_2304_2431_29_29 is implemented as distributed LUT RAM for the following reason: The timing constraints suggest that the chosen mapping will yield a better timing.
Related violations: <none>

SYNTH-5#1431 Warning
Mapped onto distributed RAM because of timing constraints  
The instance ram_reg_r2_2304_2431_2_2 is implemented as distributed LUT RAM for the following reason: The timing constraints suggest that the chosen mapping will yield a better timing.
Related violations: <none>

SYNTH-5#1432 Warning
Mapped onto distributed RAM because of timing constraints  
The instance ram_reg_r2_2304_2431_30_30 is implemented as distributed LUT RAM for the following reason: The timing constraints suggest that the chosen mapping will yield a better timing.
Related violations: <none>

SYNTH-5#1433 Warning
Mapped onto distributed RAM because of timing constraints  
The instance ram_reg_r2_2304_2431_31_31 is implemented as distributed LUT RAM for the following reason: The timing constraints suggest that the chosen mapping will yield a better timing.
Related violations: <none>

SYNTH-5#1434 Warning
Mapped onto distributed RAM because of timing constraints  
The instance ram_reg_r2_2304_2431_3_3 is implemented as distributed LUT RAM for the following reason: The timing constraints suggest that the chosen mapping will yield a better timing.
Related violations: <none>

SYNTH-5#1435 Warning
Mapped onto distributed RAM because of timing constraints  
The instance ram_reg_r2_2304_2431_4_4 is implemented as distributed LUT RAM for the following reason: The timing constraints suggest that the chosen mapping will yield a better timing.
Related violations: <none>

SYNTH-5#1436 Warning
Mapped onto distributed RAM because of timing constraints  
The instance ram_reg_r2_2304_2431_5_5 is implemented as distributed LUT RAM for the following reason: The timing constraints suggest that the chosen mapping will yield a better timing.
Related violations: <none>

SYNTH-5#1437 Warning
Mapped onto distributed RAM because of timing constraints  
The instance ram_reg_r2_2304_2431_6_6 is implemented as distributed LUT RAM for the following reason: The timing constraints suggest that the chosen mapping will yield a better timing.
Related violations: <none>

SYNTH-5#1438 Warning
Mapped onto distributed RAM because of timing constraints  
The instance ram_reg_r2_2304_2431_7_7 is implemented as distributed LUT RAM for the following reason: The timing constraints suggest that the chosen mapping will yield a better timing.
Related violations: <none>

SYNTH-5#1439 Warning
Mapped onto distributed RAM because of timing constraints  
The instance ram_reg_r2_2304_2431_8_8 is implemented as distributed LUT RAM for the following reason: The timing constraints suggest that the chosen mapping will yield a better timing.
Related violations: <none>

SYNTH-5#1440 Warning
Mapped onto distributed RAM because of timing constraints  
The instance ram_reg_r2_2304_2431_9_9 is implemented as distributed LUT RAM for the following reason: The timing constraints suggest that the chosen mapping will yield a better timing.
Related violations: <none>

SYNTH-5#1441 Warning
Mapped onto distributed RAM because of timing constraints  
The instance ram_reg_r2_2432_2559_0_0 is implemented as distributed LUT RAM for the following reason: The timing constraints suggest that the chosen mapping will yield a better timing.
Related violations: <none>

SYNTH-5#1442 Warning
Mapped onto distributed RAM because of timing constraints  
The instance ram_reg_r2_2432_2559_10_10 is implemented as distributed LUT RAM for the following reason: The timing constraints suggest that the chosen mapping will yield a better timing.
Related violations: <none>

SYNTH-5#1443 Warning
Mapped onto distributed RAM because of timing constraints  
The instance ram_reg_r2_2432_2559_11_11 is implemented as distributed LUT RAM for the following reason: The timing constraints suggest that the chosen mapping will yield a better timing.
Related violations: <none>

SYNTH-5#1444 Warning
Mapped onto distributed RAM because of timing constraints  
The instance ram_reg_r2_2432_2559_12_12 is implemented as distributed LUT RAM for the following reason: The timing constraints suggest that the chosen mapping will yield a better timing.
Related violations: <none>

SYNTH-5#1445 Warning
Mapped onto distributed RAM because of timing constraints  
The instance ram_reg_r2_2432_2559_13_13 is implemented as distributed LUT RAM for the following reason: The timing constraints suggest that the chosen mapping will yield a better timing.
Related violations: <none>

SYNTH-5#1446 Warning
Mapped onto distributed RAM because of timing constraints  
The instance ram_reg_r2_2432_2559_14_14 is implemented as distributed LUT RAM for the following reason: The timing constraints suggest that the chosen mapping will yield a better timing.
Related violations: <none>

SYNTH-5#1447 Warning
Mapped onto distributed RAM because of timing constraints  
The instance ram_reg_r2_2432_2559_15_15 is implemented as distributed LUT RAM for the following reason: The timing constraints suggest that the chosen mapping will yield a better timing.
Related violations: <none>

SYNTH-5#1448 Warning
Mapped onto distributed RAM because of timing constraints  
The instance ram_reg_r2_2432_2559_16_16 is implemented as distributed LUT RAM for the following reason: The timing constraints suggest that the chosen mapping will yield a better timing.
Related violations: <none>

SYNTH-5#1449 Warning
Mapped onto distributed RAM because of timing constraints  
The instance ram_reg_r2_2432_2559_17_17 is implemented as distributed LUT RAM for the following reason: The timing constraints suggest that the chosen mapping will yield a better timing.
Related violations: <none>

SYNTH-5#1450 Warning
Mapped onto distributed RAM because of timing constraints  
The instance ram_reg_r2_2432_2559_18_18 is implemented as distributed LUT RAM for the following reason: The timing constraints suggest that the chosen mapping will yield a better timing.
Related violations: <none>

SYNTH-5#1451 Warning
Mapped onto distributed RAM because of timing constraints  
The instance ram_reg_r2_2432_2559_19_19 is implemented as distributed LUT RAM for the following reason: The timing constraints suggest that the chosen mapping will yield a better timing.
Related violations: <none>

SYNTH-5#1452 Warning
Mapped onto distributed RAM because of timing constraints  
The instance ram_reg_r2_2432_2559_1_1 is implemented as distributed LUT RAM for the following reason: The timing constraints suggest that the chosen mapping will yield a better timing.
Related violations: <none>

SYNTH-5#1453 Warning
Mapped onto distributed RAM because of timing constraints  
The instance ram_reg_r2_2432_2559_20_20 is implemented as distributed LUT RAM for the following reason: The timing constraints suggest that the chosen mapping will yield a better timing.
Related violations: <none>

SYNTH-5#1454 Warning
Mapped onto distributed RAM because of timing constraints  
The instance ram_reg_r2_2432_2559_21_21 is implemented as distributed LUT RAM for the following reason: The timing constraints suggest that the chosen mapping will yield a better timing.
Related violations: <none>

SYNTH-5#1455 Warning
Mapped onto distributed RAM because of timing constraints  
The instance ram_reg_r2_2432_2559_22_22 is implemented as distributed LUT RAM for the following reason: The timing constraints suggest that the chosen mapping will yield a better timing.
Related violations: <none>

SYNTH-5#1456 Warning
Mapped onto distributed RAM because of timing constraints  
The instance ram_reg_r2_2432_2559_23_23 is implemented as distributed LUT RAM for the following reason: The timing constraints suggest that the chosen mapping will yield a better timing.
Related violations: <none>

SYNTH-5#1457 Warning
Mapped onto distributed RAM because of timing constraints  
The instance ram_reg_r2_2432_2559_24_24 is implemented as distributed LUT RAM for the following reason: The timing constraints suggest that the chosen mapping will yield a better timing.
Related violations: <none>

SYNTH-5#1458 Warning
Mapped onto distributed RAM because of timing constraints  
The instance ram_reg_r2_2432_2559_25_25 is implemented as distributed LUT RAM for the following reason: The timing constraints suggest that the chosen mapping will yield a better timing.
Related violations: <none>

SYNTH-5#1459 Warning
Mapped onto distributed RAM because of timing constraints  
The instance ram_reg_r2_2432_2559_26_26 is implemented as distributed LUT RAM for the following reason: The timing constraints suggest that the chosen mapping will yield a better timing.
Related violations: <none>

SYNTH-5#1460 Warning
Mapped onto distributed RAM because of timing constraints  
The instance ram_reg_r2_2432_2559_27_27 is implemented as distributed LUT RAM for the following reason: The timing constraints suggest that the chosen mapping will yield a better timing.
Related violations: <none>

SYNTH-5#1461 Warning
Mapped onto distributed RAM because of timing constraints  
The instance ram_reg_r2_2432_2559_28_28 is implemented as distributed LUT RAM for the following reason: The timing constraints suggest that the chosen mapping will yield a better timing.
Related violations: <none>

SYNTH-5#1462 Warning
Mapped onto distributed RAM because of timing constraints  
The instance ram_reg_r2_2432_2559_29_29 is implemented as distributed LUT RAM for the following reason: The timing constraints suggest that the chosen mapping will yield a better timing.
Related violations: <none>

SYNTH-5#1463 Warning
Mapped onto distributed RAM because of timing constraints  
The instance ram_reg_r2_2432_2559_2_2 is implemented as distributed LUT RAM for the following reason: The timing constraints suggest that the chosen mapping will yield a better timing.
Related violations: <none>

SYNTH-5#1464 Warning
Mapped onto distributed RAM because of timing constraints  
The instance ram_reg_r2_2432_2559_30_30 is implemented as distributed LUT RAM for the following reason: The timing constraints suggest that the chosen mapping will yield a better timing.
Related violations: <none>

SYNTH-5#1465 Warning
Mapped onto distributed RAM because of timing constraints  
The instance ram_reg_r2_2432_2559_31_31 is implemented as distributed LUT RAM for the following reason: The timing constraints suggest that the chosen mapping will yield a better timing.
Related violations: <none>

SYNTH-5#1466 Warning
Mapped onto distributed RAM because of timing constraints  
The instance ram_reg_r2_2432_2559_3_3 is implemented as distributed LUT RAM for the following reason: The timing constraints suggest that the chosen mapping will yield a better timing.
Related violations: <none>

SYNTH-5#1467 Warning
Mapped onto distributed RAM because of timing constraints  
The instance ram_reg_r2_2432_2559_4_4 is implemented as distributed LUT RAM for the following reason: The timing constraints suggest that the chosen mapping will yield a better timing.
Related violations: <none>

SYNTH-5#1468 Warning
Mapped onto distributed RAM because of timing constraints  
The instance ram_reg_r2_2432_2559_5_5 is implemented as distributed LUT RAM for the following reason: The timing constraints suggest that the chosen mapping will yield a better timing.
Related violations: <none>

SYNTH-5#1469 Warning
Mapped onto distributed RAM because of timing constraints  
The instance ram_reg_r2_2432_2559_6_6 is implemented as distributed LUT RAM for the following reason: The timing constraints suggest that the chosen mapping will yield a better timing.
Related violations: <none>

SYNTH-5#1470 Warning
Mapped onto distributed RAM because of timing constraints  
The instance ram_reg_r2_2432_2559_7_7 is implemented as distributed LUT RAM for the following reason: The timing constraints suggest that the chosen mapping will yield a better timing.
Related violations: <none>

SYNTH-5#1471 Warning
Mapped onto distributed RAM because of timing constraints  
The instance ram_reg_r2_2432_2559_8_8 is implemented as distributed LUT RAM for the following reason: The timing constraints suggest that the chosen mapping will yield a better timing.
Related violations: <none>

SYNTH-5#1472 Warning
Mapped onto distributed RAM because of timing constraints  
The instance ram_reg_r2_2432_2559_9_9 is implemented as distributed LUT RAM for the following reason: The timing constraints suggest that the chosen mapping will yield a better timing.
Related violations: <none>

SYNTH-5#1473 Warning
Mapped onto distributed RAM because of timing constraints  
The instance ram_reg_r2_2560_2687_0_0 is implemented as distributed LUT RAM for the following reason: The timing constraints suggest that the chosen mapping will yield a better timing.
Related violations: <none>

SYNTH-5#1474 Warning
Mapped onto distributed RAM because of timing constraints  
The instance ram_reg_r2_2560_2687_10_10 is implemented as distributed LUT RAM for the following reason: The timing constraints suggest that the chosen mapping will yield a better timing.
Related violations: <none>

SYNTH-5#1475 Warning
Mapped onto distributed RAM because of timing constraints  
The instance ram_reg_r2_2560_2687_11_11 is implemented as distributed LUT RAM for the following reason: The timing constraints suggest that the chosen mapping will yield a better timing.
Related violations: <none>

SYNTH-5#1476 Warning
Mapped onto distributed RAM because of timing constraints  
The instance ram_reg_r2_2560_2687_12_12 is implemented as distributed LUT RAM for the following reason: The timing constraints suggest that the chosen mapping will yield a better timing.
Related violations: <none>

SYNTH-5#1477 Warning
Mapped onto distributed RAM because of timing constraints  
The instance ram_reg_r2_2560_2687_13_13 is implemented as distributed LUT RAM for the following reason: The timing constraints suggest that the chosen mapping will yield a better timing.
Related violations: <none>

SYNTH-5#1478 Warning
Mapped onto distributed RAM because of timing constraints  
The instance ram_reg_r2_2560_2687_14_14 is implemented as distributed LUT RAM for the following reason: The timing constraints suggest that the chosen mapping will yield a better timing.
Related violations: <none>

SYNTH-5#1479 Warning
Mapped onto distributed RAM because of timing constraints  
The instance ram_reg_r2_2560_2687_15_15 is implemented as distributed LUT RAM for the following reason: The timing constraints suggest that the chosen mapping will yield a better timing.
Related violations: <none>

SYNTH-5#1480 Warning
Mapped onto distributed RAM because of timing constraints  
The instance ram_reg_r2_2560_2687_16_16 is implemented as distributed LUT RAM for the following reason: The timing constraints suggest that the chosen mapping will yield a better timing.
Related violations: <none>

SYNTH-5#1481 Warning
Mapped onto distributed RAM because of timing constraints  
The instance ram_reg_r2_2560_2687_17_17 is implemented as distributed LUT RAM for the following reason: The timing constraints suggest that the chosen mapping will yield a better timing.
Related violations: <none>

SYNTH-5#1482 Warning
Mapped onto distributed RAM because of timing constraints  
The instance ram_reg_r2_2560_2687_18_18 is implemented as distributed LUT RAM for the following reason: The timing constraints suggest that the chosen mapping will yield a better timing.
Related violations: <none>

SYNTH-5#1483 Warning
Mapped onto distributed RAM because of timing constraints  
The instance ram_reg_r2_2560_2687_19_19 is implemented as distributed LUT RAM for the following reason: The timing constraints suggest that the chosen mapping will yield a better timing.
Related violations: <none>

SYNTH-5#1484 Warning
Mapped onto distributed RAM because of timing constraints  
The instance ram_reg_r2_2560_2687_1_1 is implemented as distributed LUT RAM for the following reason: The timing constraints suggest that the chosen mapping will yield a better timing.
Related violations: <none>

SYNTH-5#1485 Warning
Mapped onto distributed RAM because of timing constraints  
The instance ram_reg_r2_2560_2687_20_20 is implemented as distributed LUT RAM for the following reason: The timing constraints suggest that the chosen mapping will yield a better timing.
Related violations: <none>

SYNTH-5#1486 Warning
Mapped onto distributed RAM because of timing constraints  
The instance ram_reg_r2_2560_2687_21_21 is implemented as distributed LUT RAM for the following reason: The timing constraints suggest that the chosen mapping will yield a better timing.
Related violations: <none>

SYNTH-5#1487 Warning
Mapped onto distributed RAM because of timing constraints  
The instance ram_reg_r2_2560_2687_22_22 is implemented as distributed LUT RAM for the following reason: The timing constraints suggest that the chosen mapping will yield a better timing.
Related violations: <none>

SYNTH-5#1488 Warning
Mapped onto distributed RAM because of timing constraints  
The instance ram_reg_r2_2560_2687_23_23 is implemented as distributed LUT RAM for the following reason: The timing constraints suggest that the chosen mapping will yield a better timing.
Related violations: <none>

SYNTH-5#1489 Warning
Mapped onto distributed RAM because of timing constraints  
The instance ram_reg_r2_2560_2687_24_24 is implemented as distributed LUT RAM for the following reason: The timing constraints suggest that the chosen mapping will yield a better timing.
Related violations: <none>

SYNTH-5#1490 Warning
Mapped onto distributed RAM because of timing constraints  
The instance ram_reg_r2_2560_2687_25_25 is implemented as distributed LUT RAM for the following reason: The timing constraints suggest that the chosen mapping will yield a better timing.
Related violations: <none>

SYNTH-5#1491 Warning
Mapped onto distributed RAM because of timing constraints  
The instance ram_reg_r2_2560_2687_26_26 is implemented as distributed LUT RAM for the following reason: The timing constraints suggest that the chosen mapping will yield a better timing.
Related violations: <none>

SYNTH-5#1492 Warning
Mapped onto distributed RAM because of timing constraints  
The instance ram_reg_r2_2560_2687_27_27 is implemented as distributed LUT RAM for the following reason: The timing constraints suggest that the chosen mapping will yield a better timing.
Related violations: <none>

SYNTH-5#1493 Warning
Mapped onto distributed RAM because of timing constraints  
The instance ram_reg_r2_2560_2687_28_28 is implemented as distributed LUT RAM for the following reason: The timing constraints suggest that the chosen mapping will yield a better timing.
Related violations: <none>

SYNTH-5#1494 Warning
Mapped onto distributed RAM because of timing constraints  
The instance ram_reg_r2_2560_2687_29_29 is implemented as distributed LUT RAM for the following reason: The timing constraints suggest that the chosen mapping will yield a better timing.
Related violations: <none>

SYNTH-5#1495 Warning
Mapped onto distributed RAM because of timing constraints  
The instance ram_reg_r2_2560_2687_2_2 is implemented as distributed LUT RAM for the following reason: The timing constraints suggest that the chosen mapping will yield a better timing.
Related violations: <none>

SYNTH-5#1496 Warning
Mapped onto distributed RAM because of timing constraints  
The instance ram_reg_r2_2560_2687_30_30 is implemented as distributed LUT RAM for the following reason: The timing constraints suggest that the chosen mapping will yield a better timing.
Related violations: <none>

SYNTH-5#1497 Warning
Mapped onto distributed RAM because of timing constraints  
The instance ram_reg_r2_2560_2687_31_31 is implemented as distributed LUT RAM for the following reason: The timing constraints suggest that the chosen mapping will yield a better timing.
Related violations: <none>

SYNTH-5#1498 Warning
Mapped onto distributed RAM because of timing constraints  
The instance ram_reg_r2_2560_2687_3_3 is implemented as distributed LUT RAM for the following reason: The timing constraints suggest that the chosen mapping will yield a better timing.
Related violations: <none>

SYNTH-5#1499 Warning
Mapped onto distributed RAM because of timing constraints  
The instance ram_reg_r2_2560_2687_4_4 is implemented as distributed LUT RAM for the following reason: The timing constraints suggest that the chosen mapping will yield a better timing.
Related violations: <none>

SYNTH-5#1500 Warning
Mapped onto distributed RAM because of timing constraints  
The instance ram_reg_r2_2560_2687_5_5 is implemented as distributed LUT RAM for the following reason: The timing constraints suggest that the chosen mapping will yield a better timing.
Related violations: <none>

SYNTH-5#1501 Warning
Mapped onto distributed RAM because of timing constraints  
The instance ram_reg_r2_2560_2687_6_6 is implemented as distributed LUT RAM for the following reason: The timing constraints suggest that the chosen mapping will yield a better timing.
Related violations: <none>

SYNTH-5#1502 Warning
Mapped onto distributed RAM because of timing constraints  
The instance ram_reg_r2_2560_2687_7_7 is implemented as distributed LUT RAM for the following reason: The timing constraints suggest that the chosen mapping will yield a better timing.
Related violations: <none>

SYNTH-5#1503 Warning
Mapped onto distributed RAM because of timing constraints  
The instance ram_reg_r2_2560_2687_8_8 is implemented as distributed LUT RAM for the following reason: The timing constraints suggest that the chosen mapping will yield a better timing.
Related violations: <none>

SYNTH-5#1504 Warning
Mapped onto distributed RAM because of timing constraints  
The instance ram_reg_r2_2560_2687_9_9 is implemented as distributed LUT RAM for the following reason: The timing constraints suggest that the chosen mapping will yield a better timing.
Related violations: <none>

SYNTH-5#1505 Warning
Mapped onto distributed RAM because of timing constraints  
The instance ram_reg_r2_256_383_0_0 is implemented as distributed LUT RAM for the following reason: The timing constraints suggest that the chosen mapping will yield a better timing.
Related violations: <none>

SYNTH-5#1506 Warning
Mapped onto distributed RAM because of timing constraints  
The instance ram_reg_r2_256_383_10_10 is implemented as distributed LUT RAM for the following reason: The timing constraints suggest that the chosen mapping will yield a better timing.
Related violations: <none>

SYNTH-5#1507 Warning
Mapped onto distributed RAM because of timing constraints  
The instance ram_reg_r2_256_383_11_11 is implemented as distributed LUT RAM for the following reason: The timing constraints suggest that the chosen mapping will yield a better timing.
Related violations: <none>

SYNTH-5#1508 Warning
Mapped onto distributed RAM because of timing constraints  
The instance ram_reg_r2_256_383_12_12 is implemented as distributed LUT RAM for the following reason: The timing constraints suggest that the chosen mapping will yield a better timing.
Related violations: <none>

SYNTH-5#1509 Warning
Mapped onto distributed RAM because of timing constraints  
The instance ram_reg_r2_256_383_13_13 is implemented as distributed LUT RAM for the following reason: The timing constraints suggest that the chosen mapping will yield a better timing.
Related violations: <none>

SYNTH-5#1510 Warning
Mapped onto distributed RAM because of timing constraints  
The instance ram_reg_r2_256_383_14_14 is implemented as distributed LUT RAM for the following reason: The timing constraints suggest that the chosen mapping will yield a better timing.
Related violations: <none>

SYNTH-5#1511 Warning
Mapped onto distributed RAM because of timing constraints  
The instance ram_reg_r2_256_383_15_15 is implemented as distributed LUT RAM for the following reason: The timing constraints suggest that the chosen mapping will yield a better timing.
Related violations: <none>

SYNTH-5#1512 Warning
Mapped onto distributed RAM because of timing constraints  
The instance ram_reg_r2_256_383_16_16 is implemented as distributed LUT RAM for the following reason: The timing constraints suggest that the chosen mapping will yield a better timing.
Related violations: <none>

SYNTH-5#1513 Warning
Mapped onto distributed RAM because of timing constraints  
The instance ram_reg_r2_256_383_17_17 is implemented as distributed LUT RAM for the following reason: The timing constraints suggest that the chosen mapping will yield a better timing.
Related violations: <none>

SYNTH-5#1514 Warning
Mapped onto distributed RAM because of timing constraints  
The instance ram_reg_r2_256_383_18_18 is implemented as distributed LUT RAM for the following reason: The timing constraints suggest that the chosen mapping will yield a better timing.
Related violations: <none>

SYNTH-5#1515 Warning
Mapped onto distributed RAM because of timing constraints  
The instance ram_reg_r2_256_383_19_19 is implemented as distributed LUT RAM for the following reason: The timing constraints suggest that the chosen mapping will yield a better timing.
Related violations: <none>

SYNTH-5#1516 Warning
Mapped onto distributed RAM because of timing constraints  
The instance ram_reg_r2_256_383_1_1 is implemented as distributed LUT RAM for the following reason: The timing constraints suggest that the chosen mapping will yield a better timing.
Related violations: <none>

SYNTH-5#1517 Warning
Mapped onto distributed RAM because of timing constraints  
The instance ram_reg_r2_256_383_20_20 is implemented as distributed LUT RAM for the following reason: The timing constraints suggest that the chosen mapping will yield a better timing.
Related violations: <none>

SYNTH-5#1518 Warning
Mapped onto distributed RAM because of timing constraints  
The instance ram_reg_r2_256_383_21_21 is implemented as distributed LUT RAM for the following reason: The timing constraints suggest that the chosen mapping will yield a better timing.
Related violations: <none>

SYNTH-5#1519 Warning
Mapped onto distributed RAM because of timing constraints  
The instance ram_reg_r2_256_383_22_22 is implemented as distributed LUT RAM for the following reason: The timing constraints suggest that the chosen mapping will yield a better timing.
Related violations: <none>

SYNTH-5#1520 Warning
Mapped onto distributed RAM because of timing constraints  
The instance ram_reg_r2_256_383_23_23 is implemented as distributed LUT RAM for the following reason: The timing constraints suggest that the chosen mapping will yield a better timing.
Related violations: <none>

SYNTH-5#1521 Warning
Mapped onto distributed RAM because of timing constraints  
The instance ram_reg_r2_256_383_24_24 is implemented as distributed LUT RAM for the following reason: The timing constraints suggest that the chosen mapping will yield a better timing.
Related violations: <none>

SYNTH-5#1522 Warning
Mapped onto distributed RAM because of timing constraints  
The instance ram_reg_r2_256_383_25_25 is implemented as distributed LUT RAM for the following reason: The timing constraints suggest that the chosen mapping will yield a better timing.
Related violations: <none>

SYNTH-5#1523 Warning
Mapped onto distributed RAM because of timing constraints  
The instance ram_reg_r2_256_383_26_26 is implemented as distributed LUT RAM for the following reason: The timing constraints suggest that the chosen mapping will yield a better timing.
Related violations: <none>

SYNTH-5#1524 Warning
Mapped onto distributed RAM because of timing constraints  
The instance ram_reg_r2_256_383_27_27 is implemented as distributed LUT RAM for the following reason: The timing constraints suggest that the chosen mapping will yield a better timing.
Related violations: <none>

SYNTH-5#1525 Warning
Mapped onto distributed RAM because of timing constraints  
The instance ram_reg_r2_256_383_28_28 is implemented as distributed LUT RAM for the following reason: The timing constraints suggest that the chosen mapping will yield a better timing.
Related violations: <none>

SYNTH-5#1526 Warning
Mapped onto distributed RAM because of timing constraints  
The instance ram_reg_r2_256_383_29_29 is implemented as distributed LUT RAM for the following reason: The timing constraints suggest that the chosen mapping will yield a better timing.
Related violations: <none>

SYNTH-5#1527 Warning
Mapped onto distributed RAM because of timing constraints  
The instance ram_reg_r2_256_383_2_2 is implemented as distributed LUT RAM for the following reason: The timing constraints suggest that the chosen mapping will yield a better timing.
Related violations: <none>

SYNTH-5#1528 Warning
Mapped onto distributed RAM because of timing constraints  
The instance ram_reg_r2_256_383_30_30 is implemented as distributed LUT RAM for the following reason: The timing constraints suggest that the chosen mapping will yield a better timing.
Related violations: <none>

SYNTH-5#1529 Warning
Mapped onto distributed RAM because of timing constraints  
The instance ram_reg_r2_256_383_31_31 is implemented as distributed LUT RAM for the following reason: The timing constraints suggest that the chosen mapping will yield a better timing.
Related violations: <none>

SYNTH-5#1530 Warning
Mapped onto distributed RAM because of timing constraints  
The instance ram_reg_r2_256_383_3_3 is implemented as distributed LUT RAM for the following reason: The timing constraints suggest that the chosen mapping will yield a better timing.
Related violations: <none>

SYNTH-5#1531 Warning
Mapped onto distributed RAM because of timing constraints  
The instance ram_reg_r2_256_383_4_4 is implemented as distributed LUT RAM for the following reason: The timing constraints suggest that the chosen mapping will yield a better timing.
Related violations: <none>

SYNTH-5#1532 Warning
Mapped onto distributed RAM because of timing constraints  
The instance ram_reg_r2_256_383_5_5 is implemented as distributed LUT RAM for the following reason: The timing constraints suggest that the chosen mapping will yield a better timing.
Related violations: <none>

SYNTH-5#1533 Warning
Mapped onto distributed RAM because of timing constraints  
The instance ram_reg_r2_256_383_6_6 is implemented as distributed LUT RAM for the following reason: The timing constraints suggest that the chosen mapping will yield a better timing.
Related violations: <none>

SYNTH-5#1534 Warning
Mapped onto distributed RAM because of timing constraints  
The instance ram_reg_r2_256_383_7_7 is implemented as distributed LUT RAM for the following reason: The timing constraints suggest that the chosen mapping will yield a better timing.
Related violations: <none>

SYNTH-5#1535 Warning
Mapped onto distributed RAM because of timing constraints  
The instance ram_reg_r2_256_383_8_8 is implemented as distributed LUT RAM for the following reason: The timing constraints suggest that the chosen mapping will yield a better timing.
Related violations: <none>

SYNTH-5#1536 Warning
Mapped onto distributed RAM because of timing constraints  
The instance ram_reg_r2_256_383_9_9 is implemented as distributed LUT RAM for the following reason: The timing constraints suggest that the chosen mapping will yield a better timing.
Related violations: <none>

SYNTH-5#1537 Warning
Mapped onto distributed RAM because of timing constraints  
The instance ram_reg_r2_2688_2815_0_0 is implemented as distributed LUT RAM for the following reason: The timing constraints suggest that the chosen mapping will yield a better timing.
Related violations: <none>

SYNTH-5#1538 Warning
Mapped onto distributed RAM because of timing constraints  
The instance ram_reg_r2_2688_2815_10_10 is implemented as distributed LUT RAM for the following reason: The timing constraints suggest that the chosen mapping will yield a better timing.
Related violations: <none>

SYNTH-5#1539 Warning
Mapped onto distributed RAM because of timing constraints  
The instance ram_reg_r2_2688_2815_11_11 is implemented as distributed LUT RAM for the following reason: The timing constraints suggest that the chosen mapping will yield a better timing.
Related violations: <none>

SYNTH-5#1540 Warning
Mapped onto distributed RAM because of timing constraints  
The instance ram_reg_r2_2688_2815_12_12 is implemented as distributed LUT RAM for the following reason: The timing constraints suggest that the chosen mapping will yield a better timing.
Related violations: <none>

SYNTH-5#1541 Warning
Mapped onto distributed RAM because of timing constraints  
The instance ram_reg_r2_2688_2815_13_13 is implemented as distributed LUT RAM for the following reason: The timing constraints suggest that the chosen mapping will yield a better timing.
Related violations: <none>

SYNTH-5#1542 Warning
Mapped onto distributed RAM because of timing constraints  
The instance ram_reg_r2_2688_2815_14_14 is implemented as distributed LUT RAM for the following reason: The timing constraints suggest that the chosen mapping will yield a better timing.
Related violations: <none>

SYNTH-5#1543 Warning
Mapped onto distributed RAM because of timing constraints  
The instance ram_reg_r2_2688_2815_15_15 is implemented as distributed LUT RAM for the following reason: The timing constraints suggest that the chosen mapping will yield a better timing.
Related violations: <none>

SYNTH-5#1544 Warning
Mapped onto distributed RAM because of timing constraints  
The instance ram_reg_r2_2688_2815_16_16 is implemented as distributed LUT RAM for the following reason: The timing constraints suggest that the chosen mapping will yield a better timing.
Related violations: <none>

SYNTH-5#1545 Warning
Mapped onto distributed RAM because of timing constraints  
The instance ram_reg_r2_2688_2815_17_17 is implemented as distributed LUT RAM for the following reason: The timing constraints suggest that the chosen mapping will yield a better timing.
Related violations: <none>

SYNTH-5#1546 Warning
Mapped onto distributed RAM because of timing constraints  
The instance ram_reg_r2_2688_2815_18_18 is implemented as distributed LUT RAM for the following reason: The timing constraints suggest that the chosen mapping will yield a better timing.
Related violations: <none>

SYNTH-5#1547 Warning
Mapped onto distributed RAM because of timing constraints  
The instance ram_reg_r2_2688_2815_19_19 is implemented as distributed LUT RAM for the following reason: The timing constraints suggest that the chosen mapping will yield a better timing.
Related violations: <none>

SYNTH-5#1548 Warning
Mapped onto distributed RAM because of timing constraints  
The instance ram_reg_r2_2688_2815_1_1 is implemented as distributed LUT RAM for the following reason: The timing constraints suggest that the chosen mapping will yield a better timing.
Related violations: <none>

SYNTH-5#1549 Warning
Mapped onto distributed RAM because of timing constraints  
The instance ram_reg_r2_2688_2815_20_20 is implemented as distributed LUT RAM for the following reason: The timing constraints suggest that the chosen mapping will yield a better timing.
Related violations: <none>

SYNTH-5#1550 Warning
Mapped onto distributed RAM because of timing constraints  
The instance ram_reg_r2_2688_2815_21_21 is implemented as distributed LUT RAM for the following reason: The timing constraints suggest that the chosen mapping will yield a better timing.
Related violations: <none>

SYNTH-5#1551 Warning
Mapped onto distributed RAM because of timing constraints  
The instance ram_reg_r2_2688_2815_22_22 is implemented as distributed LUT RAM for the following reason: The timing constraints suggest that the chosen mapping will yield a better timing.
Related violations: <none>

SYNTH-5#1552 Warning
Mapped onto distributed RAM because of timing constraints  
The instance ram_reg_r2_2688_2815_23_23 is implemented as distributed LUT RAM for the following reason: The timing constraints suggest that the chosen mapping will yield a better timing.
Related violations: <none>

SYNTH-5#1553 Warning
Mapped onto distributed RAM because of timing constraints  
The instance ram_reg_r2_2688_2815_24_24 is implemented as distributed LUT RAM for the following reason: The timing constraints suggest that the chosen mapping will yield a better timing.
Related violations: <none>

SYNTH-5#1554 Warning
Mapped onto distributed RAM because of timing constraints  
The instance ram_reg_r2_2688_2815_25_25 is implemented as distributed LUT RAM for the following reason: The timing constraints suggest that the chosen mapping will yield a better timing.
Related violations: <none>

SYNTH-5#1555 Warning
Mapped onto distributed RAM because of timing constraints  
The instance ram_reg_r2_2688_2815_26_26 is implemented as distributed LUT RAM for the following reason: The timing constraints suggest that the chosen mapping will yield a better timing.
Related violations: <none>

SYNTH-5#1556 Warning
Mapped onto distributed RAM because of timing constraints  
The instance ram_reg_r2_2688_2815_27_27 is implemented as distributed LUT RAM for the following reason: The timing constraints suggest that the chosen mapping will yield a better timing.
Related violations: <none>

SYNTH-5#1557 Warning
Mapped onto distributed RAM because of timing constraints  
The instance ram_reg_r2_2688_2815_28_28 is implemented as distributed LUT RAM for the following reason: The timing constraints suggest that the chosen mapping will yield a better timing.
Related violations: <none>

SYNTH-5#1558 Warning
Mapped onto distributed RAM because of timing constraints  
The instance ram_reg_r2_2688_2815_29_29 is implemented as distributed LUT RAM for the following reason: The timing constraints suggest that the chosen mapping will yield a better timing.
Related violations: <none>

SYNTH-5#1559 Warning
Mapped onto distributed RAM because of timing constraints  
The instance ram_reg_r2_2688_2815_2_2 is implemented as distributed LUT RAM for the following reason: The timing constraints suggest that the chosen mapping will yield a better timing.
Related violations: <none>

SYNTH-5#1560 Warning
Mapped onto distributed RAM because of timing constraints  
The instance ram_reg_r2_2688_2815_30_30 is implemented as distributed LUT RAM for the following reason: The timing constraints suggest that the chosen mapping will yield a better timing.
Related violations: <none>

SYNTH-5#1561 Warning
Mapped onto distributed RAM because of timing constraints  
The instance ram_reg_r2_2688_2815_31_31 is implemented as distributed LUT RAM for the following reason: The timing constraints suggest that the chosen mapping will yield a better timing.
Related violations: <none>

SYNTH-5#1562 Warning
Mapped onto distributed RAM because of timing constraints  
The instance ram_reg_r2_2688_2815_3_3 is implemented as distributed LUT RAM for the following reason: The timing constraints suggest that the chosen mapping will yield a better timing.
Related violations: <none>

SYNTH-5#1563 Warning
Mapped onto distributed RAM because of timing constraints  
The instance ram_reg_r2_2688_2815_4_4 is implemented as distributed LUT RAM for the following reason: The timing constraints suggest that the chosen mapping will yield a better timing.
Related violations: <none>

SYNTH-5#1564 Warning
Mapped onto distributed RAM because of timing constraints  
The instance ram_reg_r2_2688_2815_5_5 is implemented as distributed LUT RAM for the following reason: The timing constraints suggest that the chosen mapping will yield a better timing.
Related violations: <none>

SYNTH-5#1565 Warning
Mapped onto distributed RAM because of timing constraints  
The instance ram_reg_r2_2688_2815_6_6 is implemented as distributed LUT RAM for the following reason: The timing constraints suggest that the chosen mapping will yield a better timing.
Related violations: <none>

SYNTH-5#1566 Warning
Mapped onto distributed RAM because of timing constraints  
The instance ram_reg_r2_2688_2815_7_7 is implemented as distributed LUT RAM for the following reason: The timing constraints suggest that the chosen mapping will yield a better timing.
Related violations: <none>

SYNTH-5#1567 Warning
Mapped onto distributed RAM because of timing constraints  
The instance ram_reg_r2_2688_2815_8_8 is implemented as distributed LUT RAM for the following reason: The timing constraints suggest that the chosen mapping will yield a better timing.
Related violations: <none>

SYNTH-5#1568 Warning
Mapped onto distributed RAM because of timing constraints  
The instance ram_reg_r2_2688_2815_9_9 is implemented as distributed LUT RAM for the following reason: The timing constraints suggest that the chosen mapping will yield a better timing.
Related violations: <none>

SYNTH-5#1569 Warning
Mapped onto distributed RAM because of timing constraints  
The instance ram_reg_r2_2816_2943_0_0 is implemented as distributed LUT RAM for the following reason: The timing constraints suggest that the chosen mapping will yield a better timing.
Related violations: <none>

SYNTH-5#1570 Warning
Mapped onto distributed RAM because of timing constraints  
The instance ram_reg_r2_2816_2943_10_10 is implemented as distributed LUT RAM for the following reason: The timing constraints suggest that the chosen mapping will yield a better timing.
Related violations: <none>

SYNTH-5#1571 Warning
Mapped onto distributed RAM because of timing constraints  
The instance ram_reg_r2_2816_2943_11_11 is implemented as distributed LUT RAM for the following reason: The timing constraints suggest that the chosen mapping will yield a better timing.
Related violations: <none>

SYNTH-5#1572 Warning
Mapped onto distributed RAM because of timing constraints  
The instance ram_reg_r2_2816_2943_12_12 is implemented as distributed LUT RAM for the following reason: The timing constraints suggest that the chosen mapping will yield a better timing.
Related violations: <none>

SYNTH-5#1573 Warning
Mapped onto distributed RAM because of timing constraints  
The instance ram_reg_r2_2816_2943_13_13 is implemented as distributed LUT RAM for the following reason: The timing constraints suggest that the chosen mapping will yield a better timing.
Related violations: <none>

SYNTH-5#1574 Warning
Mapped onto distributed RAM because of timing constraints  
The instance ram_reg_r2_2816_2943_14_14 is implemented as distributed LUT RAM for the following reason: The timing constraints suggest that the chosen mapping will yield a better timing.
Related violations: <none>

SYNTH-5#1575 Warning
Mapped onto distributed RAM because of timing constraints  
The instance ram_reg_r2_2816_2943_15_15 is implemented as distributed LUT RAM for the following reason: The timing constraints suggest that the chosen mapping will yield a better timing.
Related violations: <none>

SYNTH-5#1576 Warning
Mapped onto distributed RAM because of timing constraints  
The instance ram_reg_r2_2816_2943_16_16 is implemented as distributed LUT RAM for the following reason: The timing constraints suggest that the chosen mapping will yield a better timing.
Related violations: <none>

SYNTH-5#1577 Warning
Mapped onto distributed RAM because of timing constraints  
The instance ram_reg_r2_2816_2943_17_17 is implemented as distributed LUT RAM for the following reason: The timing constraints suggest that the chosen mapping will yield a better timing.
Related violations: <none>

SYNTH-5#1578 Warning
Mapped onto distributed RAM because of timing constraints  
The instance ram_reg_r2_2816_2943_18_18 is implemented as distributed LUT RAM for the following reason: The timing constraints suggest that the chosen mapping will yield a better timing.
Related violations: <none>

SYNTH-5#1579 Warning
Mapped onto distributed RAM because of timing constraints  
The instance ram_reg_r2_2816_2943_19_19 is implemented as distributed LUT RAM for the following reason: The timing constraints suggest that the chosen mapping will yield a better timing.
Related violations: <none>

SYNTH-5#1580 Warning
Mapped onto distributed RAM because of timing constraints  
The instance ram_reg_r2_2816_2943_1_1 is implemented as distributed LUT RAM for the following reason: The timing constraints suggest that the chosen mapping will yield a better timing.
Related violations: <none>

SYNTH-5#1581 Warning
Mapped onto distributed RAM because of timing constraints  
The instance ram_reg_r2_2816_2943_20_20 is implemented as distributed LUT RAM for the following reason: The timing constraints suggest that the chosen mapping will yield a better timing.
Related violations: <none>

SYNTH-5#1582 Warning
Mapped onto distributed RAM because of timing constraints  
The instance ram_reg_r2_2816_2943_21_21 is implemented as distributed LUT RAM for the following reason: The timing constraints suggest that the chosen mapping will yield a better timing.
Related violations: <none>

SYNTH-5#1583 Warning
Mapped onto distributed RAM because of timing constraints  
The instance ram_reg_r2_2816_2943_22_22 is implemented as distributed LUT RAM for the following reason: The timing constraints suggest that the chosen mapping will yield a better timing.
Related violations: <none>

SYNTH-5#1584 Warning
Mapped onto distributed RAM because of timing constraints  
The instance ram_reg_r2_2816_2943_23_23 is implemented as distributed LUT RAM for the following reason: The timing constraints suggest that the chosen mapping will yield a better timing.
Related violations: <none>

SYNTH-5#1585 Warning
Mapped onto distributed RAM because of timing constraints  
The instance ram_reg_r2_2816_2943_24_24 is implemented as distributed LUT RAM for the following reason: The timing constraints suggest that the chosen mapping will yield a better timing.
Related violations: <none>

SYNTH-5#1586 Warning
Mapped onto distributed RAM because of timing constraints  
The instance ram_reg_r2_2816_2943_25_25 is implemented as distributed LUT RAM for the following reason: The timing constraints suggest that the chosen mapping will yield a better timing.
Related violations: <none>

SYNTH-5#1587 Warning
Mapped onto distributed RAM because of timing constraints  
The instance ram_reg_r2_2816_2943_26_26 is implemented as distributed LUT RAM for the following reason: The timing constraints suggest that the chosen mapping will yield a better timing.
Related violations: <none>

SYNTH-5#1588 Warning
Mapped onto distributed RAM because of timing constraints  
The instance ram_reg_r2_2816_2943_27_27 is implemented as distributed LUT RAM for the following reason: The timing constraints suggest that the chosen mapping will yield a better timing.
Related violations: <none>

SYNTH-5#1589 Warning
Mapped onto distributed RAM because of timing constraints  
The instance ram_reg_r2_2816_2943_28_28 is implemented as distributed LUT RAM for the following reason: The timing constraints suggest that the chosen mapping will yield a better timing.
Related violations: <none>

SYNTH-5#1590 Warning
Mapped onto distributed RAM because of timing constraints  
The instance ram_reg_r2_2816_2943_29_29 is implemented as distributed LUT RAM for the following reason: The timing constraints suggest that the chosen mapping will yield a better timing.
Related violations: <none>

SYNTH-5#1591 Warning
Mapped onto distributed RAM because of timing constraints  
The instance ram_reg_r2_2816_2943_2_2 is implemented as distributed LUT RAM for the following reason: The timing constraints suggest that the chosen mapping will yield a better timing.
Related violations: <none>

SYNTH-5#1592 Warning
Mapped onto distributed RAM because of timing constraints  
The instance ram_reg_r2_2816_2943_30_30 is implemented as distributed LUT RAM for the following reason: The timing constraints suggest that the chosen mapping will yield a better timing.
Related violations: <none>

SYNTH-5#1593 Warning
Mapped onto distributed RAM because of timing constraints  
The instance ram_reg_r2_2816_2943_31_31 is implemented as distributed LUT RAM for the following reason: The timing constraints suggest that the chosen mapping will yield a better timing.
Related violations: <none>

SYNTH-5#1594 Warning
Mapped onto distributed RAM because of timing constraints  
The instance ram_reg_r2_2816_2943_3_3 is implemented as distributed LUT RAM for the following reason: The timing constraints suggest that the chosen mapping will yield a better timing.
Related violations: <none>

SYNTH-5#1595 Warning
Mapped onto distributed RAM because of timing constraints  
The instance ram_reg_r2_2816_2943_4_4 is implemented as distributed LUT RAM for the following reason: The timing constraints suggest that the chosen mapping will yield a better timing.
Related violations: <none>

SYNTH-5#1596 Warning
Mapped onto distributed RAM because of timing constraints  
The instance ram_reg_r2_2816_2943_5_5 is implemented as distributed LUT RAM for the following reason: The timing constraints suggest that the chosen mapping will yield a better timing.
Related violations: <none>

SYNTH-5#1597 Warning
Mapped onto distributed RAM because of timing constraints  
The instance ram_reg_r2_2816_2943_6_6 is implemented as distributed LUT RAM for the following reason: The timing constraints suggest that the chosen mapping will yield a better timing.
Related violations: <none>

SYNTH-5#1598 Warning
Mapped onto distributed RAM because of timing constraints  
The instance ram_reg_r2_2816_2943_7_7 is implemented as distributed LUT RAM for the following reason: The timing constraints suggest that the chosen mapping will yield a better timing.
Related violations: <none>

SYNTH-5#1599 Warning
Mapped onto distributed RAM because of timing constraints  
The instance ram_reg_r2_2816_2943_8_8 is implemented as distributed LUT RAM for the following reason: The timing constraints suggest that the chosen mapping will yield a better timing.
Related violations: <none>

SYNTH-5#1600 Warning
Mapped onto distributed RAM because of timing constraints  
The instance ram_reg_r2_2816_2943_9_9 is implemented as distributed LUT RAM for the following reason: The timing constraints suggest that the chosen mapping will yield a better timing.
Related violations: <none>

SYNTH-5#1601 Warning
Mapped onto distributed RAM because of timing constraints  
The instance ram_reg_r2_2944_3071_0_0 is implemented as distributed LUT RAM for the following reason: The timing constraints suggest that the chosen mapping will yield a better timing.
Related violations: <none>

SYNTH-5#1602 Warning
Mapped onto distributed RAM because of timing constraints  
The instance ram_reg_r2_2944_3071_10_10 is implemented as distributed LUT RAM for the following reason: The timing constraints suggest that the chosen mapping will yield a better timing.
Related violations: <none>

SYNTH-5#1603 Warning
Mapped onto distributed RAM because of timing constraints  
The instance ram_reg_r2_2944_3071_11_11 is implemented as distributed LUT RAM for the following reason: The timing constraints suggest that the chosen mapping will yield a better timing.
Related violations: <none>

SYNTH-5#1604 Warning
Mapped onto distributed RAM because of timing constraints  
The instance ram_reg_r2_2944_3071_12_12 is implemented as distributed LUT RAM for the following reason: The timing constraints suggest that the chosen mapping will yield a better timing.
Related violations: <none>

SYNTH-5#1605 Warning
Mapped onto distributed RAM because of timing constraints  
The instance ram_reg_r2_2944_3071_13_13 is implemented as distributed LUT RAM for the following reason: The timing constraints suggest that the chosen mapping will yield a better timing.
Related violations: <none>

SYNTH-5#1606 Warning
Mapped onto distributed RAM because of timing constraints  
The instance ram_reg_r2_2944_3071_14_14 is implemented as distributed LUT RAM for the following reason: The timing constraints suggest that the chosen mapping will yield a better timing.
Related violations: <none>

SYNTH-5#1607 Warning
Mapped onto distributed RAM because of timing constraints  
The instance ram_reg_r2_2944_3071_15_15 is implemented as distributed LUT RAM for the following reason: The timing constraints suggest that the chosen mapping will yield a better timing.
Related violations: <none>

SYNTH-5#1608 Warning
Mapped onto distributed RAM because of timing constraints  
The instance ram_reg_r2_2944_3071_16_16 is implemented as distributed LUT RAM for the following reason: The timing constraints suggest that the chosen mapping will yield a better timing.
Related violations: <none>

SYNTH-5#1609 Warning
Mapped onto distributed RAM because of timing constraints  
The instance ram_reg_r2_2944_3071_17_17 is implemented as distributed LUT RAM for the following reason: The timing constraints suggest that the chosen mapping will yield a better timing.
Related violations: <none>

SYNTH-5#1610 Warning
Mapped onto distributed RAM because of timing constraints  
The instance ram_reg_r2_2944_3071_18_18 is implemented as distributed LUT RAM for the following reason: The timing constraints suggest that the chosen mapping will yield a better timing.
Related violations: <none>

SYNTH-5#1611 Warning
Mapped onto distributed RAM because of timing constraints  
The instance ram_reg_r2_2944_3071_19_19 is implemented as distributed LUT RAM for the following reason: The timing constraints suggest that the chosen mapping will yield a better timing.
Related violations: <none>

SYNTH-5#1612 Warning
Mapped onto distributed RAM because of timing constraints  
The instance ram_reg_r2_2944_3071_1_1 is implemented as distributed LUT RAM for the following reason: The timing constraints suggest that the chosen mapping will yield a better timing.
Related violations: <none>

SYNTH-5#1613 Warning
Mapped onto distributed RAM because of timing constraints  
The instance ram_reg_r2_2944_3071_20_20 is implemented as distributed LUT RAM for the following reason: The timing constraints suggest that the chosen mapping will yield a better timing.
Related violations: <none>

SYNTH-5#1614 Warning
Mapped onto distributed RAM because of timing constraints  
The instance ram_reg_r2_2944_3071_21_21 is implemented as distributed LUT RAM for the following reason: The timing constraints suggest that the chosen mapping will yield a better timing.
Related violations: <none>

SYNTH-5#1615 Warning
Mapped onto distributed RAM because of timing constraints  
The instance ram_reg_r2_2944_3071_22_22 is implemented as distributed LUT RAM for the following reason: The timing constraints suggest that the chosen mapping will yield a better timing.
Related violations: <none>

SYNTH-5#1616 Warning
Mapped onto distributed RAM because of timing constraints  
The instance ram_reg_r2_2944_3071_23_23 is implemented as distributed LUT RAM for the following reason: The timing constraints suggest that the chosen mapping will yield a better timing.
Related violations: <none>

SYNTH-5#1617 Warning
Mapped onto distributed RAM because of timing constraints  
The instance ram_reg_r2_2944_3071_24_24 is implemented as distributed LUT RAM for the following reason: The timing constraints suggest that the chosen mapping will yield a better timing.
Related violations: <none>

SYNTH-5#1618 Warning
Mapped onto distributed RAM because of timing constraints  
The instance ram_reg_r2_2944_3071_25_25 is implemented as distributed LUT RAM for the following reason: The timing constraints suggest that the chosen mapping will yield a better timing.
Related violations: <none>

SYNTH-5#1619 Warning
Mapped onto distributed RAM because of timing constraints  
The instance ram_reg_r2_2944_3071_26_26 is implemented as distributed LUT RAM for the following reason: The timing constraints suggest that the chosen mapping will yield a better timing.
Related violations: <none>

SYNTH-5#1620 Warning
Mapped onto distributed RAM because of timing constraints  
The instance ram_reg_r2_2944_3071_27_27 is implemented as distributed LUT RAM for the following reason: The timing constraints suggest that the chosen mapping will yield a better timing.
Related violations: <none>

SYNTH-5#1621 Warning
Mapped onto distributed RAM because of timing constraints  
The instance ram_reg_r2_2944_3071_28_28 is implemented as distributed LUT RAM for the following reason: The timing constraints suggest that the chosen mapping will yield a better timing.
Related violations: <none>

SYNTH-5#1622 Warning
Mapped onto distributed RAM because of timing constraints  
The instance ram_reg_r2_2944_3071_29_29 is implemented as distributed LUT RAM for the following reason: The timing constraints suggest that the chosen mapping will yield a better timing.
Related violations: <none>

SYNTH-5#1623 Warning
Mapped onto distributed RAM because of timing constraints  
The instance ram_reg_r2_2944_3071_2_2 is implemented as distributed LUT RAM for the following reason: The timing constraints suggest that the chosen mapping will yield a better timing.
Related violations: <none>

SYNTH-5#1624 Warning
Mapped onto distributed RAM because of timing constraints  
The instance ram_reg_r2_2944_3071_30_30 is implemented as distributed LUT RAM for the following reason: The timing constraints suggest that the chosen mapping will yield a better timing.
Related violations: <none>

SYNTH-5#1625 Warning
Mapped onto distributed RAM because of timing constraints  
The instance ram_reg_r2_2944_3071_31_31 is implemented as distributed LUT RAM for the following reason: The timing constraints suggest that the chosen mapping will yield a better timing.
Related violations: <none>

SYNTH-5#1626 Warning
Mapped onto distributed RAM because of timing constraints  
The instance ram_reg_r2_2944_3071_3_3 is implemented as distributed LUT RAM for the following reason: The timing constraints suggest that the chosen mapping will yield a better timing.
Related violations: <none>

SYNTH-5#1627 Warning
Mapped onto distributed RAM because of timing constraints  
The instance ram_reg_r2_2944_3071_4_4 is implemented as distributed LUT RAM for the following reason: The timing constraints suggest that the chosen mapping will yield a better timing.
Related violations: <none>

SYNTH-5#1628 Warning
Mapped onto distributed RAM because of timing constraints  
The instance ram_reg_r2_2944_3071_5_5 is implemented as distributed LUT RAM for the following reason: The timing constraints suggest that the chosen mapping will yield a better timing.
Related violations: <none>

SYNTH-5#1629 Warning
Mapped onto distributed RAM because of timing constraints  
The instance ram_reg_r2_2944_3071_6_6 is implemented as distributed LUT RAM for the following reason: The timing constraints suggest that the chosen mapping will yield a better timing.
Related violations: <none>

SYNTH-5#1630 Warning
Mapped onto distributed RAM because of timing constraints  
The instance ram_reg_r2_2944_3071_7_7 is implemented as distributed LUT RAM for the following reason: The timing constraints suggest that the chosen mapping will yield a better timing.
Related violations: <none>

SYNTH-5#1631 Warning
Mapped onto distributed RAM because of timing constraints  
The instance ram_reg_r2_2944_3071_8_8 is implemented as distributed LUT RAM for the following reason: The timing constraints suggest that the chosen mapping will yield a better timing.
Related violations: <none>

SYNTH-5#1632 Warning
Mapped onto distributed RAM because of timing constraints  
The instance ram_reg_r2_2944_3071_9_9 is implemented as distributed LUT RAM for the following reason: The timing constraints suggest that the chosen mapping will yield a better timing.
Related violations: <none>

SYNTH-5#1633 Warning
Mapped onto distributed RAM because of timing constraints  
The instance ram_reg_r2_3072_3199_0_0 is implemented as distributed LUT RAM for the following reason: The timing constraints suggest that the chosen mapping will yield a better timing.
Related violations: <none>

SYNTH-5#1634 Warning
Mapped onto distributed RAM because of timing constraints  
The instance ram_reg_r2_3072_3199_10_10 is implemented as distributed LUT RAM for the following reason: The timing constraints suggest that the chosen mapping will yield a better timing.
Related violations: <none>

SYNTH-5#1635 Warning
Mapped onto distributed RAM because of timing constraints  
The instance ram_reg_r2_3072_3199_11_11 is implemented as distributed LUT RAM for the following reason: The timing constraints suggest that the chosen mapping will yield a better timing.
Related violations: <none>

SYNTH-5#1636 Warning
Mapped onto distributed RAM because of timing constraints  
The instance ram_reg_r2_3072_3199_12_12 is implemented as distributed LUT RAM for the following reason: The timing constraints suggest that the chosen mapping will yield a better timing.
Related violations: <none>

SYNTH-5#1637 Warning
Mapped onto distributed RAM because of timing constraints  
The instance ram_reg_r2_3072_3199_13_13 is implemented as distributed LUT RAM for the following reason: The timing constraints suggest that the chosen mapping will yield a better timing.
Related violations: <none>

SYNTH-5#1638 Warning
Mapped onto distributed RAM because of timing constraints  
The instance ram_reg_r2_3072_3199_14_14 is implemented as distributed LUT RAM for the following reason: The timing constraints suggest that the chosen mapping will yield a better timing.
Related violations: <none>

SYNTH-5#1639 Warning
Mapped onto distributed RAM because of timing constraints  
The instance ram_reg_r2_3072_3199_15_15 is implemented as distributed LUT RAM for the following reason: The timing constraints suggest that the chosen mapping will yield a better timing.
Related violations: <none>

SYNTH-5#1640 Warning
Mapped onto distributed RAM because of timing constraints  
The instance ram_reg_r2_3072_3199_16_16 is implemented as distributed LUT RAM for the following reason: The timing constraints suggest that the chosen mapping will yield a better timing.
Related violations: <none>

SYNTH-5#1641 Warning
Mapped onto distributed RAM because of timing constraints  
The instance ram_reg_r2_3072_3199_17_17 is implemented as distributed LUT RAM for the following reason: The timing constraints suggest that the chosen mapping will yield a better timing.
Related violations: <none>

SYNTH-5#1642 Warning
Mapped onto distributed RAM because of timing constraints  
The instance ram_reg_r2_3072_3199_18_18 is implemented as distributed LUT RAM for the following reason: The timing constraints suggest that the chosen mapping will yield a better timing.
Related violations: <none>

SYNTH-5#1643 Warning
Mapped onto distributed RAM because of timing constraints  
The instance ram_reg_r2_3072_3199_19_19 is implemented as distributed LUT RAM for the following reason: The timing constraints suggest that the chosen mapping will yield a better timing.
Related violations: <none>

SYNTH-5#1644 Warning
Mapped onto distributed RAM because of timing constraints  
The instance ram_reg_r2_3072_3199_1_1 is implemented as distributed LUT RAM for the following reason: The timing constraints suggest that the chosen mapping will yield a better timing.
Related violations: <none>

SYNTH-5#1645 Warning
Mapped onto distributed RAM because of timing constraints  
The instance ram_reg_r2_3072_3199_20_20 is implemented as distributed LUT RAM for the following reason: The timing constraints suggest that the chosen mapping will yield a better timing.
Related violations: <none>

SYNTH-5#1646 Warning
Mapped onto distributed RAM because of timing constraints  
The instance ram_reg_r2_3072_3199_21_21 is implemented as distributed LUT RAM for the following reason: The timing constraints suggest that the chosen mapping will yield a better timing.
Related violations: <none>

SYNTH-5#1647 Warning
Mapped onto distributed RAM because of timing constraints  
The instance ram_reg_r2_3072_3199_22_22 is implemented as distributed LUT RAM for the following reason: The timing constraints suggest that the chosen mapping will yield a better timing.
Related violations: <none>

SYNTH-5#1648 Warning
Mapped onto distributed RAM because of timing constraints  
The instance ram_reg_r2_3072_3199_23_23 is implemented as distributed LUT RAM for the following reason: The timing constraints suggest that the chosen mapping will yield a better timing.
Related violations: <none>

SYNTH-5#1649 Warning
Mapped onto distributed RAM because of timing constraints  
The instance ram_reg_r2_3072_3199_24_24 is implemented as distributed LUT RAM for the following reason: The timing constraints suggest that the chosen mapping will yield a better timing.
Related violations: <none>

SYNTH-5#1650 Warning
Mapped onto distributed RAM because of timing constraints  
The instance ram_reg_r2_3072_3199_25_25 is implemented as distributed LUT RAM for the following reason: The timing constraints suggest that the chosen mapping will yield a better timing.
Related violations: <none>

SYNTH-5#1651 Warning
Mapped onto distributed RAM because of timing constraints  
The instance ram_reg_r2_3072_3199_26_26 is implemented as distributed LUT RAM for the following reason: The timing constraints suggest that the chosen mapping will yield a better timing.
Related violations: <none>

SYNTH-5#1652 Warning
Mapped onto distributed RAM because of timing constraints  
The instance ram_reg_r2_3072_3199_27_27 is implemented as distributed LUT RAM for the following reason: The timing constraints suggest that the chosen mapping will yield a better timing.
Related violations: <none>

SYNTH-5#1653 Warning
Mapped onto distributed RAM because of timing constraints  
The instance ram_reg_r2_3072_3199_28_28 is implemented as distributed LUT RAM for the following reason: The timing constraints suggest that the chosen mapping will yield a better timing.
Related violations: <none>

SYNTH-5#1654 Warning
Mapped onto distributed RAM because of timing constraints  
The instance ram_reg_r2_3072_3199_29_29 is implemented as distributed LUT RAM for the following reason: The timing constraints suggest that the chosen mapping will yield a better timing.
Related violations: <none>

SYNTH-5#1655 Warning
Mapped onto distributed RAM because of timing constraints  
The instance ram_reg_r2_3072_3199_2_2 is implemented as distributed LUT RAM for the following reason: The timing constraints suggest that the chosen mapping will yield a better timing.
Related violations: <none>

SYNTH-5#1656 Warning
Mapped onto distributed RAM because of timing constraints  
The instance ram_reg_r2_3072_3199_30_30 is implemented as distributed LUT RAM for the following reason: The timing constraints suggest that the chosen mapping will yield a better timing.
Related violations: <none>

SYNTH-5#1657 Warning
Mapped onto distributed RAM because of timing constraints  
The instance ram_reg_r2_3072_3199_31_31 is implemented as distributed LUT RAM for the following reason: The timing constraints suggest that the chosen mapping will yield a better timing.
Related violations: <none>

SYNTH-5#1658 Warning
Mapped onto distributed RAM because of timing constraints  
The instance ram_reg_r2_3072_3199_3_3 is implemented as distributed LUT RAM for the following reason: The timing constraints suggest that the chosen mapping will yield a better timing.
Related violations: <none>

SYNTH-5#1659 Warning
Mapped onto distributed RAM because of timing constraints  
The instance ram_reg_r2_3072_3199_4_4 is implemented as distributed LUT RAM for the following reason: The timing constraints suggest that the chosen mapping will yield a better timing.
Related violations: <none>

SYNTH-5#1660 Warning
Mapped onto distributed RAM because of timing constraints  
The instance ram_reg_r2_3072_3199_5_5 is implemented as distributed LUT RAM for the following reason: The timing constraints suggest that the chosen mapping will yield a better timing.
Related violations: <none>

SYNTH-5#1661 Warning
Mapped onto distributed RAM because of timing constraints  
The instance ram_reg_r2_3072_3199_6_6 is implemented as distributed LUT RAM for the following reason: The timing constraints suggest that the chosen mapping will yield a better timing.
Related violations: <none>

SYNTH-5#1662 Warning
Mapped onto distributed RAM because of timing constraints  
The instance ram_reg_r2_3072_3199_7_7 is implemented as distributed LUT RAM for the following reason: The timing constraints suggest that the chosen mapping will yield a better timing.
Related violations: <none>

SYNTH-5#1663 Warning
Mapped onto distributed RAM because of timing constraints  
The instance ram_reg_r2_3072_3199_8_8 is implemented as distributed LUT RAM for the following reason: The timing constraints suggest that the chosen mapping will yield a better timing.
Related violations: <none>

SYNTH-5#1664 Warning
Mapped onto distributed RAM because of timing constraints  
The instance ram_reg_r2_3072_3199_9_9 is implemented as distributed LUT RAM for the following reason: The timing constraints suggest that the chosen mapping will yield a better timing.
Related violations: <none>

SYNTH-5#1665 Warning
Mapped onto distributed RAM because of timing constraints  
The instance ram_reg_r2_3200_3327_0_0 is implemented as distributed LUT RAM for the following reason: The timing constraints suggest that the chosen mapping will yield a better timing.
Related violations: <none>

SYNTH-5#1666 Warning
Mapped onto distributed RAM because of timing constraints  
The instance ram_reg_r2_3200_3327_10_10 is implemented as distributed LUT RAM for the following reason: The timing constraints suggest that the chosen mapping will yield a better timing.
Related violations: <none>

SYNTH-5#1667 Warning
Mapped onto distributed RAM because of timing constraints  
The instance ram_reg_r2_3200_3327_11_11 is implemented as distributed LUT RAM for the following reason: The timing constraints suggest that the chosen mapping will yield a better timing.
Related violations: <none>

SYNTH-5#1668 Warning
Mapped onto distributed RAM because of timing constraints  
The instance ram_reg_r2_3200_3327_12_12 is implemented as distributed LUT RAM for the following reason: The timing constraints suggest that the chosen mapping will yield a better timing.
Related violations: <none>

SYNTH-5#1669 Warning
Mapped onto distributed RAM because of timing constraints  
The instance ram_reg_r2_3200_3327_13_13 is implemented as distributed LUT RAM for the following reason: The timing constraints suggest that the chosen mapping will yield a better timing.
Related violations: <none>

SYNTH-5#1670 Warning
Mapped onto distributed RAM because of timing constraints  
The instance ram_reg_r2_3200_3327_14_14 is implemented as distributed LUT RAM for the following reason: The timing constraints suggest that the chosen mapping will yield a better timing.
Related violations: <none>

SYNTH-5#1671 Warning
Mapped onto distributed RAM because of timing constraints  
The instance ram_reg_r2_3200_3327_15_15 is implemented as distributed LUT RAM for the following reason: The timing constraints suggest that the chosen mapping will yield a better timing.
Related violations: <none>

SYNTH-5#1672 Warning
Mapped onto distributed RAM because of timing constraints  
The instance ram_reg_r2_3200_3327_16_16 is implemented as distributed LUT RAM for the following reason: The timing constraints suggest that the chosen mapping will yield a better timing.
Related violations: <none>

SYNTH-5#1673 Warning
Mapped onto distributed RAM because of timing constraints  
The instance ram_reg_r2_3200_3327_17_17 is implemented as distributed LUT RAM for the following reason: The timing constraints suggest that the chosen mapping will yield a better timing.
Related violations: <none>

SYNTH-5#1674 Warning
Mapped onto distributed RAM because of timing constraints  
The instance ram_reg_r2_3200_3327_18_18 is implemented as distributed LUT RAM for the following reason: The timing constraints suggest that the chosen mapping will yield a better timing.
Related violations: <none>

SYNTH-5#1675 Warning
Mapped onto distributed RAM because of timing constraints  
The instance ram_reg_r2_3200_3327_19_19 is implemented as distributed LUT RAM for the following reason: The timing constraints suggest that the chosen mapping will yield a better timing.
Related violations: <none>

SYNTH-5#1676 Warning
Mapped onto distributed RAM because of timing constraints  
The instance ram_reg_r2_3200_3327_1_1 is implemented as distributed LUT RAM for the following reason: The timing constraints suggest that the chosen mapping will yield a better timing.
Related violations: <none>

SYNTH-5#1677 Warning
Mapped onto distributed RAM because of timing constraints  
The instance ram_reg_r2_3200_3327_20_20 is implemented as distributed LUT RAM for the following reason: The timing constraints suggest that the chosen mapping will yield a better timing.
Related violations: <none>

SYNTH-5#1678 Warning
Mapped onto distributed RAM because of timing constraints  
The instance ram_reg_r2_3200_3327_21_21 is implemented as distributed LUT RAM for the following reason: The timing constraints suggest that the chosen mapping will yield a better timing.
Related violations: <none>

SYNTH-5#1679 Warning
Mapped onto distributed RAM because of timing constraints  
The instance ram_reg_r2_3200_3327_22_22 is implemented as distributed LUT RAM for the following reason: The timing constraints suggest that the chosen mapping will yield a better timing.
Related violations: <none>

SYNTH-5#1680 Warning
Mapped onto distributed RAM because of timing constraints  
The instance ram_reg_r2_3200_3327_23_23 is implemented as distributed LUT RAM for the following reason: The timing constraints suggest that the chosen mapping will yield a better timing.
Related violations: <none>

SYNTH-5#1681 Warning
Mapped onto distributed RAM because of timing constraints  
The instance ram_reg_r2_3200_3327_24_24 is implemented as distributed LUT RAM for the following reason: The timing constraints suggest that the chosen mapping will yield a better timing.
Related violations: <none>

SYNTH-5#1682 Warning
Mapped onto distributed RAM because of timing constraints  
The instance ram_reg_r2_3200_3327_25_25 is implemented as distributed LUT RAM for the following reason: The timing constraints suggest that the chosen mapping will yield a better timing.
Related violations: <none>

SYNTH-5#1683 Warning
Mapped onto distributed RAM because of timing constraints  
The instance ram_reg_r2_3200_3327_26_26 is implemented as distributed LUT RAM for the following reason: The timing constraints suggest that the chosen mapping will yield a better timing.
Related violations: <none>

SYNTH-5#1684 Warning
Mapped onto distributed RAM because of timing constraints  
The instance ram_reg_r2_3200_3327_27_27 is implemented as distributed LUT RAM for the following reason: The timing constraints suggest that the chosen mapping will yield a better timing.
Related violations: <none>

SYNTH-5#1685 Warning
Mapped onto distributed RAM because of timing constraints  
The instance ram_reg_r2_3200_3327_28_28 is implemented as distributed LUT RAM for the following reason: The timing constraints suggest that the chosen mapping will yield a better timing.
Related violations: <none>

SYNTH-5#1686 Warning
Mapped onto distributed RAM because of timing constraints  
The instance ram_reg_r2_3200_3327_29_29 is implemented as distributed LUT RAM for the following reason: The timing constraints suggest that the chosen mapping will yield a better timing.
Related violations: <none>

SYNTH-5#1687 Warning
Mapped onto distributed RAM because of timing constraints  
The instance ram_reg_r2_3200_3327_2_2 is implemented as distributed LUT RAM for the following reason: The timing constraints suggest that the chosen mapping will yield a better timing.
Related violations: <none>

SYNTH-5#1688 Warning
Mapped onto distributed RAM because of timing constraints  
The instance ram_reg_r2_3200_3327_30_30 is implemented as distributed LUT RAM for the following reason: The timing constraints suggest that the chosen mapping will yield a better timing.
Related violations: <none>

SYNTH-5#1689 Warning
Mapped onto distributed RAM because of timing constraints  
The instance ram_reg_r2_3200_3327_31_31 is implemented as distributed LUT RAM for the following reason: The timing constraints suggest that the chosen mapping will yield a better timing.
Related violations: <none>

SYNTH-5#1690 Warning
Mapped onto distributed RAM because of timing constraints  
The instance ram_reg_r2_3200_3327_3_3 is implemented as distributed LUT RAM for the following reason: The timing constraints suggest that the chosen mapping will yield a better timing.
Related violations: <none>

SYNTH-5#1691 Warning
Mapped onto distributed RAM because of timing constraints  
The instance ram_reg_r2_3200_3327_4_4 is implemented as distributed LUT RAM for the following reason: The timing constraints suggest that the chosen mapping will yield a better timing.
Related violations: <none>

SYNTH-5#1692 Warning
Mapped onto distributed RAM because of timing constraints  
The instance ram_reg_r2_3200_3327_5_5 is implemented as distributed LUT RAM for the following reason: The timing constraints suggest that the chosen mapping will yield a better timing.
Related violations: <none>

SYNTH-5#1693 Warning
Mapped onto distributed RAM because of timing constraints  
The instance ram_reg_r2_3200_3327_6_6 is implemented as distributed LUT RAM for the following reason: The timing constraints suggest that the chosen mapping will yield a better timing.
Related violations: <none>

SYNTH-5#1694 Warning
Mapped onto distributed RAM because of timing constraints  
The instance ram_reg_r2_3200_3327_7_7 is implemented as distributed LUT RAM for the following reason: The timing constraints suggest that the chosen mapping will yield a better timing.
Related violations: <none>

SYNTH-5#1695 Warning
Mapped onto distributed RAM because of timing constraints  
The instance ram_reg_r2_3200_3327_8_8 is implemented as distributed LUT RAM for the following reason: The timing constraints suggest that the chosen mapping will yield a better timing.
Related violations: <none>

SYNTH-5#1696 Warning
Mapped onto distributed RAM because of timing constraints  
The instance ram_reg_r2_3200_3327_9_9 is implemented as distributed LUT RAM for the following reason: The timing constraints suggest that the chosen mapping will yield a better timing.
Related violations: <none>

SYNTH-5#1697 Warning
Mapped onto distributed RAM because of timing constraints  
The instance ram_reg_r2_3328_3455_0_0 is implemented as distributed LUT RAM for the following reason: The timing constraints suggest that the chosen mapping will yield a better timing.
Related violations: <none>

SYNTH-5#1698 Warning
Mapped onto distributed RAM because of timing constraints  
The instance ram_reg_r2_3328_3455_10_10 is implemented as distributed LUT RAM for the following reason: The timing constraints suggest that the chosen mapping will yield a better timing.
Related violations: <none>

SYNTH-5#1699 Warning
Mapped onto distributed RAM because of timing constraints  
The instance ram_reg_r2_3328_3455_11_11 is implemented as distributed LUT RAM for the following reason: The timing constraints suggest that the chosen mapping will yield a better timing.
Related violations: <none>

SYNTH-5#1700 Warning
Mapped onto distributed RAM because of timing constraints  
The instance ram_reg_r2_3328_3455_12_12 is implemented as distributed LUT RAM for the following reason: The timing constraints suggest that the chosen mapping will yield a better timing.
Related violations: <none>

SYNTH-5#1701 Warning
Mapped onto distributed RAM because of timing constraints  
The instance ram_reg_r2_3328_3455_13_13 is implemented as distributed LUT RAM for the following reason: The timing constraints suggest that the chosen mapping will yield a better timing.
Related violations: <none>

SYNTH-5#1702 Warning
Mapped onto distributed RAM because of timing constraints  
The instance ram_reg_r2_3328_3455_14_14 is implemented as distributed LUT RAM for the following reason: The timing constraints suggest that the chosen mapping will yield a better timing.
Related violations: <none>

SYNTH-5#1703 Warning
Mapped onto distributed RAM because of timing constraints  
The instance ram_reg_r2_3328_3455_15_15 is implemented as distributed LUT RAM for the following reason: The timing constraints suggest that the chosen mapping will yield a better timing.
Related violations: <none>

SYNTH-5#1704 Warning
Mapped onto distributed RAM because of timing constraints  
The instance ram_reg_r2_3328_3455_16_16 is implemented as distributed LUT RAM for the following reason: The timing constraints suggest that the chosen mapping will yield a better timing.
Related violations: <none>

SYNTH-5#1705 Warning
Mapped onto distributed RAM because of timing constraints  
The instance ram_reg_r2_3328_3455_17_17 is implemented as distributed LUT RAM for the following reason: The timing constraints suggest that the chosen mapping will yield a better timing.
Related violations: <none>

SYNTH-5#1706 Warning
Mapped onto distributed RAM because of timing constraints  
The instance ram_reg_r2_3328_3455_18_18 is implemented as distributed LUT RAM for the following reason: The timing constraints suggest that the chosen mapping will yield a better timing.
Related violations: <none>

SYNTH-5#1707 Warning
Mapped onto distributed RAM because of timing constraints  
The instance ram_reg_r2_3328_3455_19_19 is implemented as distributed LUT RAM for the following reason: The timing constraints suggest that the chosen mapping will yield a better timing.
Related violations: <none>

SYNTH-5#1708 Warning
Mapped onto distributed RAM because of timing constraints  
The instance ram_reg_r2_3328_3455_1_1 is implemented as distributed LUT RAM for the following reason: The timing constraints suggest that the chosen mapping will yield a better timing.
Related violations: <none>

SYNTH-5#1709 Warning
Mapped onto distributed RAM because of timing constraints  
The instance ram_reg_r2_3328_3455_20_20 is implemented as distributed LUT RAM for the following reason: The timing constraints suggest that the chosen mapping will yield a better timing.
Related violations: <none>

SYNTH-5#1710 Warning
Mapped onto distributed RAM because of timing constraints  
The instance ram_reg_r2_3328_3455_21_21 is implemented as distributed LUT RAM for the following reason: The timing constraints suggest that the chosen mapping will yield a better timing.
Related violations: <none>

SYNTH-5#1711 Warning
Mapped onto distributed RAM because of timing constraints  
The instance ram_reg_r2_3328_3455_22_22 is implemented as distributed LUT RAM for the following reason: The timing constraints suggest that the chosen mapping will yield a better timing.
Related violations: <none>

SYNTH-5#1712 Warning
Mapped onto distributed RAM because of timing constraints  
The instance ram_reg_r2_3328_3455_23_23 is implemented as distributed LUT RAM for the following reason: The timing constraints suggest that the chosen mapping will yield a better timing.
Related violations: <none>

SYNTH-5#1713 Warning
Mapped onto distributed RAM because of timing constraints  
The instance ram_reg_r2_3328_3455_24_24 is implemented as distributed LUT RAM for the following reason: The timing constraints suggest that the chosen mapping will yield a better timing.
Related violations: <none>

SYNTH-5#1714 Warning
Mapped onto distributed RAM because of timing constraints  
The instance ram_reg_r2_3328_3455_25_25 is implemented as distributed LUT RAM for the following reason: The timing constraints suggest that the chosen mapping will yield a better timing.
Related violations: <none>

SYNTH-5#1715 Warning
Mapped onto distributed RAM because of timing constraints  
The instance ram_reg_r2_3328_3455_26_26 is implemented as distributed LUT RAM for the following reason: The timing constraints suggest that the chosen mapping will yield a better timing.
Related violations: <none>

SYNTH-5#1716 Warning
Mapped onto distributed RAM because of timing constraints  
The instance ram_reg_r2_3328_3455_27_27 is implemented as distributed LUT RAM for the following reason: The timing constraints suggest that the chosen mapping will yield a better timing.
Related violations: <none>

SYNTH-5#1717 Warning
Mapped onto distributed RAM because of timing constraints  
The instance ram_reg_r2_3328_3455_28_28 is implemented as distributed LUT RAM for the following reason: The timing constraints suggest that the chosen mapping will yield a better timing.
Related violations: <none>

SYNTH-5#1718 Warning
Mapped onto distributed RAM because of timing constraints  
The instance ram_reg_r2_3328_3455_29_29 is implemented as distributed LUT RAM for the following reason: The timing constraints suggest that the chosen mapping will yield a better timing.
Related violations: <none>

SYNTH-5#1719 Warning
Mapped onto distributed RAM because of timing constraints  
The instance ram_reg_r2_3328_3455_2_2 is implemented as distributed LUT RAM for the following reason: The timing constraints suggest that the chosen mapping will yield a better timing.
Related violations: <none>

SYNTH-5#1720 Warning
Mapped onto distributed RAM because of timing constraints  
The instance ram_reg_r2_3328_3455_30_30 is implemented as distributed LUT RAM for the following reason: The timing constraints suggest that the chosen mapping will yield a better timing.
Related violations: <none>

SYNTH-5#1721 Warning
Mapped onto distributed RAM because of timing constraints  
The instance ram_reg_r2_3328_3455_31_31 is implemented as distributed LUT RAM for the following reason: The timing constraints suggest that the chosen mapping will yield a better timing.
Related violations: <none>

SYNTH-5#1722 Warning
Mapped onto distributed RAM because of timing constraints  
The instance ram_reg_r2_3328_3455_3_3 is implemented as distributed LUT RAM for the following reason: The timing constraints suggest that the chosen mapping will yield a better timing.
Related violations: <none>

SYNTH-5#1723 Warning
Mapped onto distributed RAM because of timing constraints  
The instance ram_reg_r2_3328_3455_4_4 is implemented as distributed LUT RAM for the following reason: The timing constraints suggest that the chosen mapping will yield a better timing.
Related violations: <none>

SYNTH-5#1724 Warning
Mapped onto distributed RAM because of timing constraints  
The instance ram_reg_r2_3328_3455_5_5 is implemented as distributed LUT RAM for the following reason: The timing constraints suggest that the chosen mapping will yield a better timing.
Related violations: <none>

SYNTH-5#1725 Warning
Mapped onto distributed RAM because of timing constraints  
The instance ram_reg_r2_3328_3455_6_6 is implemented as distributed LUT RAM for the following reason: The timing constraints suggest that the chosen mapping will yield a better timing.
Related violations: <none>

SYNTH-5#1726 Warning
Mapped onto distributed RAM because of timing constraints  
The instance ram_reg_r2_3328_3455_7_7 is implemented as distributed LUT RAM for the following reason: The timing constraints suggest that the chosen mapping will yield a better timing.
Related violations: <none>

SYNTH-5#1727 Warning
Mapped onto distributed RAM because of timing constraints  
The instance ram_reg_r2_3328_3455_8_8 is implemented as distributed LUT RAM for the following reason: The timing constraints suggest that the chosen mapping will yield a better timing.
Related violations: <none>

SYNTH-5#1728 Warning
Mapped onto distributed RAM because of timing constraints  
The instance ram_reg_r2_3328_3455_9_9 is implemented as distributed LUT RAM for the following reason: The timing constraints suggest that the chosen mapping will yield a better timing.
Related violations: <none>

SYNTH-5#1729 Warning
Mapped onto distributed RAM because of timing constraints  
The instance ram_reg_r2_3456_3583_0_0 is implemented as distributed LUT RAM for the following reason: The timing constraints suggest that the chosen mapping will yield a better timing.
Related violations: <none>

SYNTH-5#1730 Warning
Mapped onto distributed RAM because of timing constraints  
The instance ram_reg_r2_3456_3583_10_10 is implemented as distributed LUT RAM for the following reason: The timing constraints suggest that the chosen mapping will yield a better timing.
Related violations: <none>

SYNTH-5#1731 Warning
Mapped onto distributed RAM because of timing constraints  
The instance ram_reg_r2_3456_3583_11_11 is implemented as distributed LUT RAM for the following reason: The timing constraints suggest that the chosen mapping will yield a better timing.
Related violations: <none>

SYNTH-5#1732 Warning
Mapped onto distributed RAM because of timing constraints  
The instance ram_reg_r2_3456_3583_12_12 is implemented as distributed LUT RAM for the following reason: The timing constraints suggest that the chosen mapping will yield a better timing.
Related violations: <none>

SYNTH-5#1733 Warning
Mapped onto distributed RAM because of timing constraints  
The instance ram_reg_r2_3456_3583_13_13 is implemented as distributed LUT RAM for the following reason: The timing constraints suggest that the chosen mapping will yield a better timing.
Related violations: <none>

SYNTH-5#1734 Warning
Mapped onto distributed RAM because of timing constraints  
The instance ram_reg_r2_3456_3583_14_14 is implemented as distributed LUT RAM for the following reason: The timing constraints suggest that the chosen mapping will yield a better timing.
Related violations: <none>

SYNTH-5#1735 Warning
Mapped onto distributed RAM because of timing constraints  
The instance ram_reg_r2_3456_3583_15_15 is implemented as distributed LUT RAM for the following reason: The timing constraints suggest that the chosen mapping will yield a better timing.
Related violations: <none>

SYNTH-5#1736 Warning
Mapped onto distributed RAM because of timing constraints  
The instance ram_reg_r2_3456_3583_16_16 is implemented as distributed LUT RAM for the following reason: The timing constraints suggest that the chosen mapping will yield a better timing.
Related violations: <none>

SYNTH-5#1737 Warning
Mapped onto distributed RAM because of timing constraints  
The instance ram_reg_r2_3456_3583_17_17 is implemented as distributed LUT RAM for the following reason: The timing constraints suggest that the chosen mapping will yield a better timing.
Related violations: <none>

SYNTH-5#1738 Warning
Mapped onto distributed RAM because of timing constraints  
The instance ram_reg_r2_3456_3583_18_18 is implemented as distributed LUT RAM for the following reason: The timing constraints suggest that the chosen mapping will yield a better timing.
Related violations: <none>

SYNTH-5#1739 Warning
Mapped onto distributed RAM because of timing constraints  
The instance ram_reg_r2_3456_3583_19_19 is implemented as distributed LUT RAM for the following reason: The timing constraints suggest that the chosen mapping will yield a better timing.
Related violations: <none>

SYNTH-5#1740 Warning
Mapped onto distributed RAM because of timing constraints  
The instance ram_reg_r2_3456_3583_1_1 is implemented as distributed LUT RAM for the following reason: The timing constraints suggest that the chosen mapping will yield a better timing.
Related violations: <none>

SYNTH-5#1741 Warning
Mapped onto distributed RAM because of timing constraints  
The instance ram_reg_r2_3456_3583_20_20 is implemented as distributed LUT RAM for the following reason: The timing constraints suggest that the chosen mapping will yield a better timing.
Related violations: <none>

SYNTH-5#1742 Warning
Mapped onto distributed RAM because of timing constraints  
The instance ram_reg_r2_3456_3583_21_21 is implemented as distributed LUT RAM for the following reason: The timing constraints suggest that the chosen mapping will yield a better timing.
Related violations: <none>

SYNTH-5#1743 Warning
Mapped onto distributed RAM because of timing constraints  
The instance ram_reg_r2_3456_3583_22_22 is implemented as distributed LUT RAM for the following reason: The timing constraints suggest that the chosen mapping will yield a better timing.
Related violations: <none>

SYNTH-5#1744 Warning
Mapped onto distributed RAM because of timing constraints  
The instance ram_reg_r2_3456_3583_23_23 is implemented as distributed LUT RAM for the following reason: The timing constraints suggest that the chosen mapping will yield a better timing.
Related violations: <none>

SYNTH-5#1745 Warning
Mapped onto distributed RAM because of timing constraints  
The instance ram_reg_r2_3456_3583_24_24 is implemented as distributed LUT RAM for the following reason: The timing constraints suggest that the chosen mapping will yield a better timing.
Related violations: <none>

SYNTH-5#1746 Warning
Mapped onto distributed RAM because of timing constraints  
The instance ram_reg_r2_3456_3583_25_25 is implemented as distributed LUT RAM for the following reason: The timing constraints suggest that the chosen mapping will yield a better timing.
Related violations: <none>

SYNTH-5#1747 Warning
Mapped onto distributed RAM because of timing constraints  
The instance ram_reg_r2_3456_3583_26_26 is implemented as distributed LUT RAM for the following reason: The timing constraints suggest that the chosen mapping will yield a better timing.
Related violations: <none>

SYNTH-5#1748 Warning
Mapped onto distributed RAM because of timing constraints  
The instance ram_reg_r2_3456_3583_27_27 is implemented as distributed LUT RAM for the following reason: The timing constraints suggest that the chosen mapping will yield a better timing.
Related violations: <none>

SYNTH-5#1749 Warning
Mapped onto distributed RAM because of timing constraints  
The instance ram_reg_r2_3456_3583_28_28 is implemented as distributed LUT RAM for the following reason: The timing constraints suggest that the chosen mapping will yield a better timing.
Related violations: <none>

SYNTH-5#1750 Warning
Mapped onto distributed RAM because of timing constraints  
The instance ram_reg_r2_3456_3583_29_29 is implemented as distributed LUT RAM for the following reason: The timing constraints suggest that the chosen mapping will yield a better timing.
Related violations: <none>

SYNTH-5#1751 Warning
Mapped onto distributed RAM because of timing constraints  
The instance ram_reg_r2_3456_3583_2_2 is implemented as distributed LUT RAM for the following reason: The timing constraints suggest that the chosen mapping will yield a better timing.
Related violations: <none>

SYNTH-5#1752 Warning
Mapped onto distributed RAM because of timing constraints  
The instance ram_reg_r2_3456_3583_30_30 is implemented as distributed LUT RAM for the following reason: The timing constraints suggest that the chosen mapping will yield a better timing.
Related violations: <none>

SYNTH-5#1753 Warning
Mapped onto distributed RAM because of timing constraints  
The instance ram_reg_r2_3456_3583_31_31 is implemented as distributed LUT RAM for the following reason: The timing constraints suggest that the chosen mapping will yield a better timing.
Related violations: <none>

SYNTH-5#1754 Warning
Mapped onto distributed RAM because of timing constraints  
The instance ram_reg_r2_3456_3583_3_3 is implemented as distributed LUT RAM for the following reason: The timing constraints suggest that the chosen mapping will yield a better timing.
Related violations: <none>

SYNTH-5#1755 Warning
Mapped onto distributed RAM because of timing constraints  
The instance ram_reg_r2_3456_3583_4_4 is implemented as distributed LUT RAM for the following reason: The timing constraints suggest that the chosen mapping will yield a better timing.
Related violations: <none>

SYNTH-5#1756 Warning
Mapped onto distributed RAM because of timing constraints  
The instance ram_reg_r2_3456_3583_5_5 is implemented as distributed LUT RAM for the following reason: The timing constraints suggest that the chosen mapping will yield a better timing.
Related violations: <none>

SYNTH-5#1757 Warning
Mapped onto distributed RAM because of timing constraints  
The instance ram_reg_r2_3456_3583_6_6 is implemented as distributed LUT RAM for the following reason: The timing constraints suggest that the chosen mapping will yield a better timing.
Related violations: <none>

SYNTH-5#1758 Warning
Mapped onto distributed RAM because of timing constraints  
The instance ram_reg_r2_3456_3583_7_7 is implemented as distributed LUT RAM for the following reason: The timing constraints suggest that the chosen mapping will yield a better timing.
Related violations: <none>

SYNTH-5#1759 Warning
Mapped onto distributed RAM because of timing constraints  
The instance ram_reg_r2_3456_3583_8_8 is implemented as distributed LUT RAM for the following reason: The timing constraints suggest that the chosen mapping will yield a better timing.
Related violations: <none>

SYNTH-5#1760 Warning
Mapped onto distributed RAM because of timing constraints  
The instance ram_reg_r2_3456_3583_9_9 is implemented as distributed LUT RAM for the following reason: The timing constraints suggest that the chosen mapping will yield a better timing.
Related violations: <none>

SYNTH-5#1761 Warning
Mapped onto distributed RAM because of timing constraints  
The instance ram_reg_r2_3584_3711_0_0 is implemented as distributed LUT RAM for the following reason: The timing constraints suggest that the chosen mapping will yield a better timing.
Related violations: <none>

SYNTH-5#1762 Warning
Mapped onto distributed RAM because of timing constraints  
The instance ram_reg_r2_3584_3711_10_10 is implemented as distributed LUT RAM for the following reason: The timing constraints suggest that the chosen mapping will yield a better timing.
Related violations: <none>

SYNTH-5#1763 Warning
Mapped onto distributed RAM because of timing constraints  
The instance ram_reg_r2_3584_3711_11_11 is implemented as distributed LUT RAM for the following reason: The timing constraints suggest that the chosen mapping will yield a better timing.
Related violations: <none>

SYNTH-5#1764 Warning
Mapped onto distributed RAM because of timing constraints  
The instance ram_reg_r2_3584_3711_12_12 is implemented as distributed LUT RAM for the following reason: The timing constraints suggest that the chosen mapping will yield a better timing.
Related violations: <none>

SYNTH-5#1765 Warning
Mapped onto distributed RAM because of timing constraints  
The instance ram_reg_r2_3584_3711_13_13 is implemented as distributed LUT RAM for the following reason: The timing constraints suggest that the chosen mapping will yield a better timing.
Related violations: <none>

SYNTH-5#1766 Warning
Mapped onto distributed RAM because of timing constraints  
The instance ram_reg_r2_3584_3711_14_14 is implemented as distributed LUT RAM for the following reason: The timing constraints suggest that the chosen mapping will yield a better timing.
Related violations: <none>

SYNTH-5#1767 Warning
Mapped onto distributed RAM because of timing constraints  
The instance ram_reg_r2_3584_3711_15_15 is implemented as distributed LUT RAM for the following reason: The timing constraints suggest that the chosen mapping will yield a better timing.
Related violations: <none>

SYNTH-5#1768 Warning
Mapped onto distributed RAM because of timing constraints  
The instance ram_reg_r2_3584_3711_16_16 is implemented as distributed LUT RAM for the following reason: The timing constraints suggest that the chosen mapping will yield a better timing.
Related violations: <none>

SYNTH-5#1769 Warning
Mapped onto distributed RAM because of timing constraints  
The instance ram_reg_r2_3584_3711_17_17 is implemented as distributed LUT RAM for the following reason: The timing constraints suggest that the chosen mapping will yield a better timing.
Related violations: <none>

SYNTH-5#1770 Warning
Mapped onto distributed RAM because of timing constraints  
The instance ram_reg_r2_3584_3711_18_18 is implemented as distributed LUT RAM for the following reason: The timing constraints suggest that the chosen mapping will yield a better timing.
Related violations: <none>

SYNTH-5#1771 Warning
Mapped onto distributed RAM because of timing constraints  
The instance ram_reg_r2_3584_3711_19_19 is implemented as distributed LUT RAM for the following reason: The timing constraints suggest that the chosen mapping will yield a better timing.
Related violations: <none>

SYNTH-5#1772 Warning
Mapped onto distributed RAM because of timing constraints  
The instance ram_reg_r2_3584_3711_1_1 is implemented as distributed LUT RAM for the following reason: The timing constraints suggest that the chosen mapping will yield a better timing.
Related violations: <none>

SYNTH-5#1773 Warning
Mapped onto distributed RAM because of timing constraints  
The instance ram_reg_r2_3584_3711_20_20 is implemented as distributed LUT RAM for the following reason: The timing constraints suggest that the chosen mapping will yield a better timing.
Related violations: <none>

SYNTH-5#1774 Warning
Mapped onto distributed RAM because of timing constraints  
The instance ram_reg_r2_3584_3711_21_21 is implemented as distributed LUT RAM for the following reason: The timing constraints suggest that the chosen mapping will yield a better timing.
Related violations: <none>

SYNTH-5#1775 Warning
Mapped onto distributed RAM because of timing constraints  
The instance ram_reg_r2_3584_3711_22_22 is implemented as distributed LUT RAM for the following reason: The timing constraints suggest that the chosen mapping will yield a better timing.
Related violations: <none>

SYNTH-5#1776 Warning
Mapped onto distributed RAM because of timing constraints  
The instance ram_reg_r2_3584_3711_23_23 is implemented as distributed LUT RAM for the following reason: The timing constraints suggest that the chosen mapping will yield a better timing.
Related violations: <none>

SYNTH-5#1777 Warning
Mapped onto distributed RAM because of timing constraints  
The instance ram_reg_r2_3584_3711_24_24 is implemented as distributed LUT RAM for the following reason: The timing constraints suggest that the chosen mapping will yield a better timing.
Related violations: <none>

SYNTH-5#1778 Warning
Mapped onto distributed RAM because of timing constraints  
The instance ram_reg_r2_3584_3711_25_25 is implemented as distributed LUT RAM for the following reason: The timing constraints suggest that the chosen mapping will yield a better timing.
Related violations: <none>

SYNTH-5#1779 Warning
Mapped onto distributed RAM because of timing constraints  
The instance ram_reg_r2_3584_3711_26_26 is implemented as distributed LUT RAM for the following reason: The timing constraints suggest that the chosen mapping will yield a better timing.
Related violations: <none>

SYNTH-5#1780 Warning
Mapped onto distributed RAM because of timing constraints  
The instance ram_reg_r2_3584_3711_27_27 is implemented as distributed LUT RAM for the following reason: The timing constraints suggest that the chosen mapping will yield a better timing.
Related violations: <none>

SYNTH-5#1781 Warning
Mapped onto distributed RAM because of timing constraints  
The instance ram_reg_r2_3584_3711_28_28 is implemented as distributed LUT RAM for the following reason: The timing constraints suggest that the chosen mapping will yield a better timing.
Related violations: <none>

SYNTH-5#1782 Warning
Mapped onto distributed RAM because of timing constraints  
The instance ram_reg_r2_3584_3711_29_29 is implemented as distributed LUT RAM for the following reason: The timing constraints suggest that the chosen mapping will yield a better timing.
Related violations: <none>

SYNTH-5#1783 Warning
Mapped onto distributed RAM because of timing constraints  
The instance ram_reg_r2_3584_3711_2_2 is implemented as distributed LUT RAM for the following reason: The timing constraints suggest that the chosen mapping will yield a better timing.
Related violations: <none>

SYNTH-5#1784 Warning
Mapped onto distributed RAM because of timing constraints  
The instance ram_reg_r2_3584_3711_30_30 is implemented as distributed LUT RAM for the following reason: The timing constraints suggest that the chosen mapping will yield a better timing.
Related violations: <none>

SYNTH-5#1785 Warning
Mapped onto distributed RAM because of timing constraints  
The instance ram_reg_r2_3584_3711_31_31 is implemented as distributed LUT RAM for the following reason: The timing constraints suggest that the chosen mapping will yield a better timing.
Related violations: <none>

SYNTH-5#1786 Warning
Mapped onto distributed RAM because of timing constraints  
The instance ram_reg_r2_3584_3711_3_3 is implemented as distributed LUT RAM for the following reason: The timing constraints suggest that the chosen mapping will yield a better timing.
Related violations: <none>

SYNTH-5#1787 Warning
Mapped onto distributed RAM because of timing constraints  
The instance ram_reg_r2_3584_3711_4_4 is implemented as distributed LUT RAM for the following reason: The timing constraints suggest that the chosen mapping will yield a better timing.
Related violations: <none>

SYNTH-5#1788 Warning
Mapped onto distributed RAM because of timing constraints  
The instance ram_reg_r2_3584_3711_5_5 is implemented as distributed LUT RAM for the following reason: The timing constraints suggest that the chosen mapping will yield a better timing.
Related violations: <none>

SYNTH-5#1789 Warning
Mapped onto distributed RAM because of timing constraints  
The instance ram_reg_r2_3584_3711_6_6 is implemented as distributed LUT RAM for the following reason: The timing constraints suggest that the chosen mapping will yield a better timing.
Related violations: <none>

SYNTH-5#1790 Warning
Mapped onto distributed RAM because of timing constraints  
The instance ram_reg_r2_3584_3711_7_7 is implemented as distributed LUT RAM for the following reason: The timing constraints suggest that the chosen mapping will yield a better timing.
Related violations: <none>

SYNTH-5#1791 Warning
Mapped onto distributed RAM because of timing constraints  
The instance ram_reg_r2_3584_3711_8_8 is implemented as distributed LUT RAM for the following reason: The timing constraints suggest that the chosen mapping will yield a better timing.
Related violations: <none>

SYNTH-5#1792 Warning
Mapped onto distributed RAM because of timing constraints  
The instance ram_reg_r2_3584_3711_9_9 is implemented as distributed LUT RAM for the following reason: The timing constraints suggest that the chosen mapping will yield a better timing.
Related violations: <none>

SYNTH-5#1793 Warning
Mapped onto distributed RAM because of timing constraints  
The instance ram_reg_r2_3712_3839_0_0 is implemented as distributed LUT RAM for the following reason: The timing constraints suggest that the chosen mapping will yield a better timing.
Related violations: <none>

SYNTH-5#1794 Warning
Mapped onto distributed RAM because of timing constraints  
The instance ram_reg_r2_3712_3839_10_10 is implemented as distributed LUT RAM for the following reason: The timing constraints suggest that the chosen mapping will yield a better timing.
Related violations: <none>

SYNTH-5#1795 Warning
Mapped onto distributed RAM because of timing constraints  
The instance ram_reg_r2_3712_3839_11_11 is implemented as distributed LUT RAM for the following reason: The timing constraints suggest that the chosen mapping will yield a better timing.
Related violations: <none>

SYNTH-5#1796 Warning
Mapped onto distributed RAM because of timing constraints  
The instance ram_reg_r2_3712_3839_12_12 is implemented as distributed LUT RAM for the following reason: The timing constraints suggest that the chosen mapping will yield a better timing.
Related violations: <none>

SYNTH-5#1797 Warning
Mapped onto distributed RAM because of timing constraints  
The instance ram_reg_r2_3712_3839_13_13 is implemented as distributed LUT RAM for the following reason: The timing constraints suggest that the chosen mapping will yield a better timing.
Related violations: <none>

SYNTH-5#1798 Warning
Mapped onto distributed RAM because of timing constraints  
The instance ram_reg_r2_3712_3839_14_14 is implemented as distributed LUT RAM for the following reason: The timing constraints suggest that the chosen mapping will yield a better timing.
Related violations: <none>

SYNTH-5#1799 Warning
Mapped onto distributed RAM because of timing constraints  
The instance ram_reg_r2_3712_3839_15_15 is implemented as distributed LUT RAM for the following reason: The timing constraints suggest that the chosen mapping will yield a better timing.
Related violations: <none>

SYNTH-5#1800 Warning
Mapped onto distributed RAM because of timing constraints  
The instance ram_reg_r2_3712_3839_16_16 is implemented as distributed LUT RAM for the following reason: The timing constraints suggest that the chosen mapping will yield a better timing.
Related violations: <none>

SYNTH-5#1801 Warning
Mapped onto distributed RAM because of timing constraints  
The instance ram_reg_r2_3712_3839_17_17 is implemented as distributed LUT RAM for the following reason: The timing constraints suggest that the chosen mapping will yield a better timing.
Related violations: <none>

SYNTH-5#1802 Warning
Mapped onto distributed RAM because of timing constraints  
The instance ram_reg_r2_3712_3839_18_18 is implemented as distributed LUT RAM for the following reason: The timing constraints suggest that the chosen mapping will yield a better timing.
Related violations: <none>

SYNTH-5#1803 Warning
Mapped onto distributed RAM because of timing constraints  
The instance ram_reg_r2_3712_3839_19_19 is implemented as distributed LUT RAM for the following reason: The timing constraints suggest that the chosen mapping will yield a better timing.
Related violations: <none>

SYNTH-5#1804 Warning
Mapped onto distributed RAM because of timing constraints  
The instance ram_reg_r2_3712_3839_1_1 is implemented as distributed LUT RAM for the following reason: The timing constraints suggest that the chosen mapping will yield a better timing.
Related violations: <none>

SYNTH-5#1805 Warning
Mapped onto distributed RAM because of timing constraints  
The instance ram_reg_r2_3712_3839_20_20 is implemented as distributed LUT RAM for the following reason: The timing constraints suggest that the chosen mapping will yield a better timing.
Related violations: <none>

SYNTH-5#1806 Warning
Mapped onto distributed RAM because of timing constraints  
The instance ram_reg_r2_3712_3839_21_21 is implemented as distributed LUT RAM for the following reason: The timing constraints suggest that the chosen mapping will yield a better timing.
Related violations: <none>

SYNTH-5#1807 Warning
Mapped onto distributed RAM because of timing constraints  
The instance ram_reg_r2_3712_3839_22_22 is implemented as distributed LUT RAM for the following reason: The timing constraints suggest that the chosen mapping will yield a better timing.
Related violations: <none>

SYNTH-5#1808 Warning
Mapped onto distributed RAM because of timing constraints  
The instance ram_reg_r2_3712_3839_23_23 is implemented as distributed LUT RAM for the following reason: The timing constraints suggest that the chosen mapping will yield a better timing.
Related violations: <none>

SYNTH-5#1809 Warning
Mapped onto distributed RAM because of timing constraints  
The instance ram_reg_r2_3712_3839_24_24 is implemented as distributed LUT RAM for the following reason: The timing constraints suggest that the chosen mapping will yield a better timing.
Related violations: <none>

SYNTH-5#1810 Warning
Mapped onto distributed RAM because of timing constraints  
The instance ram_reg_r2_3712_3839_25_25 is implemented as distributed LUT RAM for the following reason: The timing constraints suggest that the chosen mapping will yield a better timing.
Related violations: <none>

SYNTH-5#1811 Warning
Mapped onto distributed RAM because of timing constraints  
The instance ram_reg_r2_3712_3839_26_26 is implemented as distributed LUT RAM for the following reason: The timing constraints suggest that the chosen mapping will yield a better timing.
Related violations: <none>

SYNTH-5#1812 Warning
Mapped onto distributed RAM because of timing constraints  
The instance ram_reg_r2_3712_3839_27_27 is implemented as distributed LUT RAM for the following reason: The timing constraints suggest that the chosen mapping will yield a better timing.
Related violations: <none>

SYNTH-5#1813 Warning
Mapped onto distributed RAM because of timing constraints  
The instance ram_reg_r2_3712_3839_28_28 is implemented as distributed LUT RAM for the following reason: The timing constraints suggest that the chosen mapping will yield a better timing.
Related violations: <none>

SYNTH-5#1814 Warning
Mapped onto distributed RAM because of timing constraints  
The instance ram_reg_r2_3712_3839_29_29 is implemented as distributed LUT RAM for the following reason: The timing constraints suggest that the chosen mapping will yield a better timing.
Related violations: <none>

SYNTH-5#1815 Warning
Mapped onto distributed RAM because of timing constraints  
The instance ram_reg_r2_3712_3839_2_2 is implemented as distributed LUT RAM for the following reason: The timing constraints suggest that the chosen mapping will yield a better timing.
Related violations: <none>

SYNTH-5#1816 Warning
Mapped onto distributed RAM because of timing constraints  
The instance ram_reg_r2_3712_3839_30_30 is implemented as distributed LUT RAM for the following reason: The timing constraints suggest that the chosen mapping will yield a better timing.
Related violations: <none>

SYNTH-5#1817 Warning
Mapped onto distributed RAM because of timing constraints  
The instance ram_reg_r2_3712_3839_31_31 is implemented as distributed LUT RAM for the following reason: The timing constraints suggest that the chosen mapping will yield a better timing.
Related violations: <none>

SYNTH-5#1818 Warning
Mapped onto distributed RAM because of timing constraints  
The instance ram_reg_r2_3712_3839_3_3 is implemented as distributed LUT RAM for the following reason: The timing constraints suggest that the chosen mapping will yield a better timing.
Related violations: <none>

SYNTH-5#1819 Warning
Mapped onto distributed RAM because of timing constraints  
The instance ram_reg_r2_3712_3839_4_4 is implemented as distributed LUT RAM for the following reason: The timing constraints suggest that the chosen mapping will yield a better timing.
Related violations: <none>

SYNTH-5#1820 Warning
Mapped onto distributed RAM because of timing constraints  
The instance ram_reg_r2_3712_3839_5_5 is implemented as distributed LUT RAM for the following reason: The timing constraints suggest that the chosen mapping will yield a better timing.
Related violations: <none>

SYNTH-5#1821 Warning
Mapped onto distributed RAM because of timing constraints  
The instance ram_reg_r2_3712_3839_6_6 is implemented as distributed LUT RAM for the following reason: The timing constraints suggest that the chosen mapping will yield a better timing.
Related violations: <none>

SYNTH-5#1822 Warning
Mapped onto distributed RAM because of timing constraints  
The instance ram_reg_r2_3712_3839_7_7 is implemented as distributed LUT RAM for the following reason: The timing constraints suggest that the chosen mapping will yield a better timing.
Related violations: <none>

SYNTH-5#1823 Warning
Mapped onto distributed RAM because of timing constraints  
The instance ram_reg_r2_3712_3839_8_8 is implemented as distributed LUT RAM for the following reason: The timing constraints suggest that the chosen mapping will yield a better timing.
Related violations: <none>

SYNTH-5#1824 Warning
Mapped onto distributed RAM because of timing constraints  
The instance ram_reg_r2_3712_3839_9_9 is implemented as distributed LUT RAM for the following reason: The timing constraints suggest that the chosen mapping will yield a better timing.
Related violations: <none>

SYNTH-5#1825 Warning
Mapped onto distributed RAM because of timing constraints  
The instance ram_reg_r2_3840_3967_0_0 is implemented as distributed LUT RAM for the following reason: The timing constraints suggest that the chosen mapping will yield a better timing.
Related violations: <none>

SYNTH-5#1826 Warning
Mapped onto distributed RAM because of timing constraints  
The instance ram_reg_r2_3840_3967_10_10 is implemented as distributed LUT RAM for the following reason: The timing constraints suggest that the chosen mapping will yield a better timing.
Related violations: <none>

SYNTH-5#1827 Warning
Mapped onto distributed RAM because of timing constraints  
The instance ram_reg_r2_3840_3967_11_11 is implemented as distributed LUT RAM for the following reason: The timing constraints suggest that the chosen mapping will yield a better timing.
Related violations: <none>

SYNTH-5#1828 Warning
Mapped onto distributed RAM because of timing constraints  
The instance ram_reg_r2_3840_3967_12_12 is implemented as distributed LUT RAM for the following reason: The timing constraints suggest that the chosen mapping will yield a better timing.
Related violations: <none>

SYNTH-5#1829 Warning
Mapped onto distributed RAM because of timing constraints  
The instance ram_reg_r2_3840_3967_13_13 is implemented as distributed LUT RAM for the following reason: The timing constraints suggest that the chosen mapping will yield a better timing.
Related violations: <none>

SYNTH-5#1830 Warning
Mapped onto distributed RAM because of timing constraints  
The instance ram_reg_r2_3840_3967_14_14 is implemented as distributed LUT RAM for the following reason: The timing constraints suggest that the chosen mapping will yield a better timing.
Related violations: <none>

SYNTH-5#1831 Warning
Mapped onto distributed RAM because of timing constraints  
The instance ram_reg_r2_3840_3967_15_15 is implemented as distributed LUT RAM for the following reason: The timing constraints suggest that the chosen mapping will yield a better timing.
Related violations: <none>

SYNTH-5#1832 Warning
Mapped onto distributed RAM because of timing constraints  
The instance ram_reg_r2_3840_3967_16_16 is implemented as distributed LUT RAM for the following reason: The timing constraints suggest that the chosen mapping will yield a better timing.
Related violations: <none>

SYNTH-5#1833 Warning
Mapped onto distributed RAM because of timing constraints  
The instance ram_reg_r2_3840_3967_17_17 is implemented as distributed LUT RAM for the following reason: The timing constraints suggest that the chosen mapping will yield a better timing.
Related violations: <none>

SYNTH-5#1834 Warning
Mapped onto distributed RAM because of timing constraints  
The instance ram_reg_r2_3840_3967_18_18 is implemented as distributed LUT RAM for the following reason: The timing constraints suggest that the chosen mapping will yield a better timing.
Related violations: <none>

SYNTH-5#1835 Warning
Mapped onto distributed RAM because of timing constraints  
The instance ram_reg_r2_3840_3967_19_19 is implemented as distributed LUT RAM for the following reason: The timing constraints suggest that the chosen mapping will yield a better timing.
Related violations: <none>

SYNTH-5#1836 Warning
Mapped onto distributed RAM because of timing constraints  
The instance ram_reg_r2_3840_3967_1_1 is implemented as distributed LUT RAM for the following reason: The timing constraints suggest that the chosen mapping will yield a better timing.
Related violations: <none>

SYNTH-5#1837 Warning
Mapped onto distributed RAM because of timing constraints  
The instance ram_reg_r2_3840_3967_20_20 is implemented as distributed LUT RAM for the following reason: The timing constraints suggest that the chosen mapping will yield a better timing.
Related violations: <none>

SYNTH-5#1838 Warning
Mapped onto distributed RAM because of timing constraints  
The instance ram_reg_r2_3840_3967_21_21 is implemented as distributed LUT RAM for the following reason: The timing constraints suggest that the chosen mapping will yield a better timing.
Related violations: <none>

SYNTH-5#1839 Warning
Mapped onto distributed RAM because of timing constraints  
The instance ram_reg_r2_3840_3967_22_22 is implemented as distributed LUT RAM for the following reason: The timing constraints suggest that the chosen mapping will yield a better timing.
Related violations: <none>

SYNTH-5#1840 Warning
Mapped onto distributed RAM because of timing constraints  
The instance ram_reg_r2_3840_3967_23_23 is implemented as distributed LUT RAM for the following reason: The timing constraints suggest that the chosen mapping will yield a better timing.
Related violations: <none>

SYNTH-5#1841 Warning
Mapped onto distributed RAM because of timing constraints  
The instance ram_reg_r2_3840_3967_24_24 is implemented as distributed LUT RAM for the following reason: The timing constraints suggest that the chosen mapping will yield a better timing.
Related violations: <none>

SYNTH-5#1842 Warning
Mapped onto distributed RAM because of timing constraints  
The instance ram_reg_r2_3840_3967_25_25 is implemented as distributed LUT RAM for the following reason: The timing constraints suggest that the chosen mapping will yield a better timing.
Related violations: <none>

SYNTH-5#1843 Warning
Mapped onto distributed RAM because of timing constraints  
The instance ram_reg_r2_3840_3967_26_26 is implemented as distributed LUT RAM for the following reason: The timing constraints suggest that the chosen mapping will yield a better timing.
Related violations: <none>

SYNTH-5#1844 Warning
Mapped onto distributed RAM because of timing constraints  
The instance ram_reg_r2_3840_3967_27_27 is implemented as distributed LUT RAM for the following reason: The timing constraints suggest that the chosen mapping will yield a better timing.
Related violations: <none>

SYNTH-5#1845 Warning
Mapped onto distributed RAM because of timing constraints  
The instance ram_reg_r2_3840_3967_28_28 is implemented as distributed LUT RAM for the following reason: The timing constraints suggest that the chosen mapping will yield a better timing.
Related violations: <none>

SYNTH-5#1846 Warning
Mapped onto distributed RAM because of timing constraints  
The instance ram_reg_r2_3840_3967_29_29 is implemented as distributed LUT RAM for the following reason: The timing constraints suggest that the chosen mapping will yield a better timing.
Related violations: <none>

SYNTH-5#1847 Warning
Mapped onto distributed RAM because of timing constraints  
The instance ram_reg_r2_3840_3967_2_2 is implemented as distributed LUT RAM for the following reason: The timing constraints suggest that the chosen mapping will yield a better timing.
Related violations: <none>

SYNTH-5#1848 Warning
Mapped onto distributed RAM because of timing constraints  
The instance ram_reg_r2_3840_3967_30_30 is implemented as distributed LUT RAM for the following reason: The timing constraints suggest that the chosen mapping will yield a better timing.
Related violations: <none>

SYNTH-5#1849 Warning
Mapped onto distributed RAM because of timing constraints  
The instance ram_reg_r2_3840_3967_31_31 is implemented as distributed LUT RAM for the following reason: The timing constraints suggest that the chosen mapping will yield a better timing.
Related violations: <none>

SYNTH-5#1850 Warning
Mapped onto distributed RAM because of timing constraints  
The instance ram_reg_r2_3840_3967_3_3 is implemented as distributed LUT RAM for the following reason: The timing constraints suggest that the chosen mapping will yield a better timing.
Related violations: <none>

SYNTH-5#1851 Warning
Mapped onto distributed RAM because of timing constraints  
The instance ram_reg_r2_3840_3967_4_4 is implemented as distributed LUT RAM for the following reason: The timing constraints suggest that the chosen mapping will yield a better timing.
Related violations: <none>

SYNTH-5#1852 Warning
Mapped onto distributed RAM because of timing constraints  
The instance ram_reg_r2_3840_3967_5_5 is implemented as distributed LUT RAM for the following reason: The timing constraints suggest that the chosen mapping will yield a better timing.
Related violations: <none>

SYNTH-5#1853 Warning
Mapped onto distributed RAM because of timing constraints  
The instance ram_reg_r2_3840_3967_6_6 is implemented as distributed LUT RAM for the following reason: The timing constraints suggest that the chosen mapping will yield a better timing.
Related violations: <none>

SYNTH-5#1854 Warning
Mapped onto distributed RAM because of timing constraints  
The instance ram_reg_r2_3840_3967_7_7 is implemented as distributed LUT RAM for the following reason: The timing constraints suggest that the chosen mapping will yield a better timing.
Related violations: <none>

SYNTH-5#1855 Warning
Mapped onto distributed RAM because of timing constraints  
The instance ram_reg_r2_3840_3967_8_8 is implemented as distributed LUT RAM for the following reason: The timing constraints suggest that the chosen mapping will yield a better timing.
Related violations: <none>

SYNTH-5#1856 Warning
Mapped onto distributed RAM because of timing constraints  
The instance ram_reg_r2_3840_3967_9_9 is implemented as distributed LUT RAM for the following reason: The timing constraints suggest that the chosen mapping will yield a better timing.
Related violations: <none>

SYNTH-5#1857 Warning
Mapped onto distributed RAM because of timing constraints  
The instance ram_reg_r2_384_511_0_0 is implemented as distributed LUT RAM for the following reason: The timing constraints suggest that the chosen mapping will yield a better timing.
Related violations: <none>

SYNTH-5#1858 Warning
Mapped onto distributed RAM because of timing constraints  
The instance ram_reg_r2_384_511_10_10 is implemented as distributed LUT RAM for the following reason: The timing constraints suggest that the chosen mapping will yield a better timing.
Related violations: <none>

SYNTH-5#1859 Warning
Mapped onto distributed RAM because of timing constraints  
The instance ram_reg_r2_384_511_11_11 is implemented as distributed LUT RAM for the following reason: The timing constraints suggest that the chosen mapping will yield a better timing.
Related violations: <none>

SYNTH-5#1860 Warning
Mapped onto distributed RAM because of timing constraints  
The instance ram_reg_r2_384_511_12_12 is implemented as distributed LUT RAM for the following reason: The timing constraints suggest that the chosen mapping will yield a better timing.
Related violations: <none>

SYNTH-5#1861 Warning
Mapped onto distributed RAM because of timing constraints  
The instance ram_reg_r2_384_511_13_13 is implemented as distributed LUT RAM for the following reason: The timing constraints suggest that the chosen mapping will yield a better timing.
Related violations: <none>

SYNTH-5#1862 Warning
Mapped onto distributed RAM because of timing constraints  
The instance ram_reg_r2_384_511_14_14 is implemented as distributed LUT RAM for the following reason: The timing constraints suggest that the chosen mapping will yield a better timing.
Related violations: <none>

SYNTH-5#1863 Warning
Mapped onto distributed RAM because of timing constraints  
The instance ram_reg_r2_384_511_15_15 is implemented as distributed LUT RAM for the following reason: The timing constraints suggest that the chosen mapping will yield a better timing.
Related violations: <none>

SYNTH-5#1864 Warning
Mapped onto distributed RAM because of timing constraints  
The instance ram_reg_r2_384_511_16_16 is implemented as distributed LUT RAM for the following reason: The timing constraints suggest that the chosen mapping will yield a better timing.
Related violations: <none>

SYNTH-5#1865 Warning
Mapped onto distributed RAM because of timing constraints  
The instance ram_reg_r2_384_511_17_17 is implemented as distributed LUT RAM for the following reason: The timing constraints suggest that the chosen mapping will yield a better timing.
Related violations: <none>

SYNTH-5#1866 Warning
Mapped onto distributed RAM because of timing constraints  
The instance ram_reg_r2_384_511_18_18 is implemented as distributed LUT RAM for the following reason: The timing constraints suggest that the chosen mapping will yield a better timing.
Related violations: <none>

SYNTH-5#1867 Warning
Mapped onto distributed RAM because of timing constraints  
The instance ram_reg_r2_384_511_19_19 is implemented as distributed LUT RAM for the following reason: The timing constraints suggest that the chosen mapping will yield a better timing.
Related violations: <none>

SYNTH-5#1868 Warning
Mapped onto distributed RAM because of timing constraints  
The instance ram_reg_r2_384_511_1_1 is implemented as distributed LUT RAM for the following reason: The timing constraints suggest that the chosen mapping will yield a better timing.
Related violations: <none>

SYNTH-5#1869 Warning
Mapped onto distributed RAM because of timing constraints  
The instance ram_reg_r2_384_511_20_20 is implemented as distributed LUT RAM for the following reason: The timing constraints suggest that the chosen mapping will yield a better timing.
Related violations: <none>

SYNTH-5#1870 Warning
Mapped onto distributed RAM because of timing constraints  
The instance ram_reg_r2_384_511_21_21 is implemented as distributed LUT RAM for the following reason: The timing constraints suggest that the chosen mapping will yield a better timing.
Related violations: <none>

SYNTH-5#1871 Warning
Mapped onto distributed RAM because of timing constraints  
The instance ram_reg_r2_384_511_22_22 is implemented as distributed LUT RAM for the following reason: The timing constraints suggest that the chosen mapping will yield a better timing.
Related violations: <none>

SYNTH-5#1872 Warning
Mapped onto distributed RAM because of timing constraints  
The instance ram_reg_r2_384_511_23_23 is implemented as distributed LUT RAM for the following reason: The timing constraints suggest that the chosen mapping will yield a better timing.
Related violations: <none>

SYNTH-5#1873 Warning
Mapped onto distributed RAM because of timing constraints  
The instance ram_reg_r2_384_511_24_24 is implemented as distributed LUT RAM for the following reason: The timing constraints suggest that the chosen mapping will yield a better timing.
Related violations: <none>

SYNTH-5#1874 Warning
Mapped onto distributed RAM because of timing constraints  
The instance ram_reg_r2_384_511_25_25 is implemented as distributed LUT RAM for the following reason: The timing constraints suggest that the chosen mapping will yield a better timing.
Related violations: <none>

SYNTH-5#1875 Warning
Mapped onto distributed RAM because of timing constraints  
The instance ram_reg_r2_384_511_26_26 is implemented as distributed LUT RAM for the following reason: The timing constraints suggest that the chosen mapping will yield a better timing.
Related violations: <none>

SYNTH-5#1876 Warning
Mapped onto distributed RAM because of timing constraints  
The instance ram_reg_r2_384_511_27_27 is implemented as distributed LUT RAM for the following reason: The timing constraints suggest that the chosen mapping will yield a better timing.
Related violations: <none>

SYNTH-5#1877 Warning
Mapped onto distributed RAM because of timing constraints  
The instance ram_reg_r2_384_511_28_28 is implemented as distributed LUT RAM for the following reason: The timing constraints suggest that the chosen mapping will yield a better timing.
Related violations: <none>

SYNTH-5#1878 Warning
Mapped onto distributed RAM because of timing constraints  
The instance ram_reg_r2_384_511_29_29 is implemented as distributed LUT RAM for the following reason: The timing constraints suggest that the chosen mapping will yield a better timing.
Related violations: <none>

SYNTH-5#1879 Warning
Mapped onto distributed RAM because of timing constraints  
The instance ram_reg_r2_384_511_2_2 is implemented as distributed LUT RAM for the following reason: The timing constraints suggest that the chosen mapping will yield a better timing.
Related violations: <none>

SYNTH-5#1880 Warning
Mapped onto distributed RAM because of timing constraints  
The instance ram_reg_r2_384_511_30_30 is implemented as distributed LUT RAM for the following reason: The timing constraints suggest that the chosen mapping will yield a better timing.
Related violations: <none>

SYNTH-5#1881 Warning
Mapped onto distributed RAM because of timing constraints  
The instance ram_reg_r2_384_511_31_31 is implemented as distributed LUT RAM for the following reason: The timing constraints suggest that the chosen mapping will yield a better timing.
Related violations: <none>

SYNTH-5#1882 Warning
Mapped onto distributed RAM because of timing constraints  
The instance ram_reg_r2_384_511_3_3 is implemented as distributed LUT RAM for the following reason: The timing constraints suggest that the chosen mapping will yield a better timing.
Related violations: <none>

SYNTH-5#1883 Warning
Mapped onto distributed RAM because of timing constraints  
The instance ram_reg_r2_384_511_4_4 is implemented as distributed LUT RAM for the following reason: The timing constraints suggest that the chosen mapping will yield a better timing.
Related violations: <none>

SYNTH-5#1884 Warning
Mapped onto distributed RAM because of timing constraints  
The instance ram_reg_r2_384_511_5_5 is implemented as distributed LUT RAM for the following reason: The timing constraints suggest that the chosen mapping will yield a better timing.
Related violations: <none>

SYNTH-5#1885 Warning
Mapped onto distributed RAM because of timing constraints  
The instance ram_reg_r2_384_511_6_6 is implemented as distributed LUT RAM for the following reason: The timing constraints suggest that the chosen mapping will yield a better timing.
Related violations: <none>

SYNTH-5#1886 Warning
Mapped onto distributed RAM because of timing constraints  
The instance ram_reg_r2_384_511_7_7 is implemented as distributed LUT RAM for the following reason: The timing constraints suggest that the chosen mapping will yield a better timing.
Related violations: <none>

SYNTH-5#1887 Warning
Mapped onto distributed RAM because of timing constraints  
The instance ram_reg_r2_384_511_8_8 is implemented as distributed LUT RAM for the following reason: The timing constraints suggest that the chosen mapping will yield a better timing.
Related violations: <none>

SYNTH-5#1888 Warning
Mapped onto distributed RAM because of timing constraints  
The instance ram_reg_r2_384_511_9_9 is implemented as distributed LUT RAM for the following reason: The timing constraints suggest that the chosen mapping will yield a better timing.
Related violations: <none>

SYNTH-5#1889 Warning
Mapped onto distributed RAM because of timing constraints  
The instance ram_reg_r2_3968_4095_0_0 is implemented as distributed LUT RAM for the following reason: The timing constraints suggest that the chosen mapping will yield a better timing.
Related violations: <none>

SYNTH-5#1890 Warning
Mapped onto distributed RAM because of timing constraints  
The instance ram_reg_r2_3968_4095_10_10 is implemented as distributed LUT RAM for the following reason: The timing constraints suggest that the chosen mapping will yield a better timing.
Related violations: <none>

SYNTH-5#1891 Warning
Mapped onto distributed RAM because of timing constraints  
The instance ram_reg_r2_3968_4095_11_11 is implemented as distributed LUT RAM for the following reason: The timing constraints suggest that the chosen mapping will yield a better timing.
Related violations: <none>

SYNTH-5#1892 Warning
Mapped onto distributed RAM because of timing constraints  
The instance ram_reg_r2_3968_4095_12_12 is implemented as distributed LUT RAM for the following reason: The timing constraints suggest that the chosen mapping will yield a better timing.
Related violations: <none>

SYNTH-5#1893 Warning
Mapped onto distributed RAM because of timing constraints  
The instance ram_reg_r2_3968_4095_13_13 is implemented as distributed LUT RAM for the following reason: The timing constraints suggest that the chosen mapping will yield a better timing.
Related violations: <none>

SYNTH-5#1894 Warning
Mapped onto distributed RAM because of timing constraints  
The instance ram_reg_r2_3968_4095_14_14 is implemented as distributed LUT RAM for the following reason: The timing constraints suggest that the chosen mapping will yield a better timing.
Related violations: <none>

SYNTH-5#1895 Warning
Mapped onto distributed RAM because of timing constraints  
The instance ram_reg_r2_3968_4095_15_15 is implemented as distributed LUT RAM for the following reason: The timing constraints suggest that the chosen mapping will yield a better timing.
Related violations: <none>

SYNTH-5#1896 Warning
Mapped onto distributed RAM because of timing constraints  
The instance ram_reg_r2_3968_4095_16_16 is implemented as distributed LUT RAM for the following reason: The timing constraints suggest that the chosen mapping will yield a better timing.
Related violations: <none>

SYNTH-5#1897 Warning
Mapped onto distributed RAM because of timing constraints  
The instance ram_reg_r2_3968_4095_17_17 is implemented as distributed LUT RAM for the following reason: The timing constraints suggest that the chosen mapping will yield a better timing.
Related violations: <none>

SYNTH-5#1898 Warning
Mapped onto distributed RAM because of timing constraints  
The instance ram_reg_r2_3968_4095_18_18 is implemented as distributed LUT RAM for the following reason: The timing constraints suggest that the chosen mapping will yield a better timing.
Related violations: <none>

SYNTH-5#1899 Warning
Mapped onto distributed RAM because of timing constraints  
The instance ram_reg_r2_3968_4095_19_19 is implemented as distributed LUT RAM for the following reason: The timing constraints suggest that the chosen mapping will yield a better timing.
Related violations: <none>

SYNTH-5#1900 Warning
Mapped onto distributed RAM because of timing constraints  
The instance ram_reg_r2_3968_4095_1_1 is implemented as distributed LUT RAM for the following reason: The timing constraints suggest that the chosen mapping will yield a better timing.
Related violations: <none>

SYNTH-5#1901 Warning
Mapped onto distributed RAM because of timing constraints  
The instance ram_reg_r2_3968_4095_20_20 is implemented as distributed LUT RAM for the following reason: The timing constraints suggest that the chosen mapping will yield a better timing.
Related violations: <none>

SYNTH-5#1902 Warning
Mapped onto distributed RAM because of timing constraints  
The instance ram_reg_r2_3968_4095_21_21 is implemented as distributed LUT RAM for the following reason: The timing constraints suggest that the chosen mapping will yield a better timing.
Related violations: <none>

SYNTH-5#1903 Warning
Mapped onto distributed RAM because of timing constraints  
The instance ram_reg_r2_3968_4095_22_22 is implemented as distributed LUT RAM for the following reason: The timing constraints suggest that the chosen mapping will yield a better timing.
Related violations: <none>

SYNTH-5#1904 Warning
Mapped onto distributed RAM because of timing constraints  
The instance ram_reg_r2_3968_4095_23_23 is implemented as distributed LUT RAM for the following reason: The timing constraints suggest that the chosen mapping will yield a better timing.
Related violations: <none>

SYNTH-5#1905 Warning
Mapped onto distributed RAM because of timing constraints  
The instance ram_reg_r2_3968_4095_24_24 is implemented as distributed LUT RAM for the following reason: The timing constraints suggest that the chosen mapping will yield a better timing.
Related violations: <none>

SYNTH-5#1906 Warning
Mapped onto distributed RAM because of timing constraints  
The instance ram_reg_r2_3968_4095_25_25 is implemented as distributed LUT RAM for the following reason: The timing constraints suggest that the chosen mapping will yield a better timing.
Related violations: <none>

SYNTH-5#1907 Warning
Mapped onto distributed RAM because of timing constraints  
The instance ram_reg_r2_3968_4095_26_26 is implemented as distributed LUT RAM for the following reason: The timing constraints suggest that the chosen mapping will yield a better timing.
Related violations: <none>

SYNTH-5#1908 Warning
Mapped onto distributed RAM because of timing constraints  
The instance ram_reg_r2_3968_4095_27_27 is implemented as distributed LUT RAM for the following reason: The timing constraints suggest that the chosen mapping will yield a better timing.
Related violations: <none>

SYNTH-5#1909 Warning
Mapped onto distributed RAM because of timing constraints  
The instance ram_reg_r2_3968_4095_28_28 is implemented as distributed LUT RAM for the following reason: The timing constraints suggest that the chosen mapping will yield a better timing.
Related violations: <none>

SYNTH-5#1910 Warning
Mapped onto distributed RAM because of timing constraints  
The instance ram_reg_r2_3968_4095_29_29 is implemented as distributed LUT RAM for the following reason: The timing constraints suggest that the chosen mapping will yield a better timing.
Related violations: <none>

SYNTH-5#1911 Warning
Mapped onto distributed RAM because of timing constraints  
The instance ram_reg_r2_3968_4095_2_2 is implemented as distributed LUT RAM for the following reason: The timing constraints suggest that the chosen mapping will yield a better timing.
Related violations: <none>

SYNTH-5#1912 Warning
Mapped onto distributed RAM because of timing constraints  
The instance ram_reg_r2_3968_4095_30_30 is implemented as distributed LUT RAM for the following reason: The timing constraints suggest that the chosen mapping will yield a better timing.
Related violations: <none>

SYNTH-5#1913 Warning
Mapped onto distributed RAM because of timing constraints  
The instance ram_reg_r2_3968_4095_31_31 is implemented as distributed LUT RAM for the following reason: The timing constraints suggest that the chosen mapping will yield a better timing.
Related violations: <none>

SYNTH-5#1914 Warning
Mapped onto distributed RAM because of timing constraints  
The instance ram_reg_r2_3968_4095_3_3 is implemented as distributed LUT RAM for the following reason: The timing constraints suggest that the chosen mapping will yield a better timing.
Related violations: <none>

SYNTH-5#1915 Warning
Mapped onto distributed RAM because of timing constraints  
The instance ram_reg_r2_3968_4095_4_4 is implemented as distributed LUT RAM for the following reason: The timing constraints suggest that the chosen mapping will yield a better timing.
Related violations: <none>

SYNTH-5#1916 Warning
Mapped onto distributed RAM because of timing constraints  
The instance ram_reg_r2_3968_4095_5_5 is implemented as distributed LUT RAM for the following reason: The timing constraints suggest that the chosen mapping will yield a better timing.
Related violations: <none>

SYNTH-5#1917 Warning
Mapped onto distributed RAM because of timing constraints  
The instance ram_reg_r2_3968_4095_6_6 is implemented as distributed LUT RAM for the following reason: The timing constraints suggest that the chosen mapping will yield a better timing.
Related violations: <none>

SYNTH-5#1918 Warning
Mapped onto distributed RAM because of timing constraints  
The instance ram_reg_r2_3968_4095_7_7 is implemented as distributed LUT RAM for the following reason: The timing constraints suggest that the chosen mapping will yield a better timing.
Related violations: <none>

SYNTH-5#1919 Warning
Mapped onto distributed RAM because of timing constraints  
The instance ram_reg_r2_3968_4095_8_8 is implemented as distributed LUT RAM for the following reason: The timing constraints suggest that the chosen mapping will yield a better timing.
Related violations: <none>

SYNTH-5#1920 Warning
Mapped onto distributed RAM because of timing constraints  
The instance ram_reg_r2_3968_4095_9_9 is implemented as distributed LUT RAM for the following reason: The timing constraints suggest that the chosen mapping will yield a better timing.
Related violations: <none>

SYNTH-5#1921 Warning
Mapped onto distributed RAM because of timing constraints  
The instance ram_reg_r2_512_639_0_0 is implemented as distributed LUT RAM for the following reason: The timing constraints suggest that the chosen mapping will yield a better timing.
Related violations: <none>

SYNTH-5#1922 Warning
Mapped onto distributed RAM because of timing constraints  
The instance ram_reg_r2_512_639_10_10 is implemented as distributed LUT RAM for the following reason: The timing constraints suggest that the chosen mapping will yield a better timing.
Related violations: <none>

SYNTH-5#1923 Warning
Mapped onto distributed RAM because of timing constraints  
The instance ram_reg_r2_512_639_11_11 is implemented as distributed LUT RAM for the following reason: The timing constraints suggest that the chosen mapping will yield a better timing.
Related violations: <none>

SYNTH-5#1924 Warning
Mapped onto distributed RAM because of timing constraints  
The instance ram_reg_r2_512_639_12_12 is implemented as distributed LUT RAM for the following reason: The timing constraints suggest that the chosen mapping will yield a better timing.
Related violations: <none>

SYNTH-5#1925 Warning
Mapped onto distributed RAM because of timing constraints  
The instance ram_reg_r2_512_639_13_13 is implemented as distributed LUT RAM for the following reason: The timing constraints suggest that the chosen mapping will yield a better timing.
Related violations: <none>

SYNTH-5#1926 Warning
Mapped onto distributed RAM because of timing constraints  
The instance ram_reg_r2_512_639_14_14 is implemented as distributed LUT RAM for the following reason: The timing constraints suggest that the chosen mapping will yield a better timing.
Related violations: <none>

SYNTH-5#1927 Warning
Mapped onto distributed RAM because of timing constraints  
The instance ram_reg_r2_512_639_15_15 is implemented as distributed LUT RAM for the following reason: The timing constraints suggest that the chosen mapping will yield a better timing.
Related violations: <none>

SYNTH-5#1928 Warning
Mapped onto distributed RAM because of timing constraints  
The instance ram_reg_r2_512_639_16_16 is implemented as distributed LUT RAM for the following reason: The timing constraints suggest that the chosen mapping will yield a better timing.
Related violations: <none>

SYNTH-5#1929 Warning
Mapped onto distributed RAM because of timing constraints  
The instance ram_reg_r2_512_639_17_17 is implemented as distributed LUT RAM for the following reason: The timing constraints suggest that the chosen mapping will yield a better timing.
Related violations: <none>

SYNTH-5#1930 Warning
Mapped onto distributed RAM because of timing constraints  
The instance ram_reg_r2_512_639_18_18 is implemented as distributed LUT RAM for the following reason: The timing constraints suggest that the chosen mapping will yield a better timing.
Related violations: <none>

SYNTH-5#1931 Warning
Mapped onto distributed RAM because of timing constraints  
The instance ram_reg_r2_512_639_19_19 is implemented as distributed LUT RAM for the following reason: The timing constraints suggest that the chosen mapping will yield a better timing.
Related violations: <none>

SYNTH-5#1932 Warning
Mapped onto distributed RAM because of timing constraints  
The instance ram_reg_r2_512_639_1_1 is implemented as distributed LUT RAM for the following reason: The timing constraints suggest that the chosen mapping will yield a better timing.
Related violations: <none>

SYNTH-5#1933 Warning
Mapped onto distributed RAM because of timing constraints  
The instance ram_reg_r2_512_639_20_20 is implemented as distributed LUT RAM for the following reason: The timing constraints suggest that the chosen mapping will yield a better timing.
Related violations: <none>

SYNTH-5#1934 Warning
Mapped onto distributed RAM because of timing constraints  
The instance ram_reg_r2_512_639_21_21 is implemented as distributed LUT RAM for the following reason: The timing constraints suggest that the chosen mapping will yield a better timing.
Related violations: <none>

SYNTH-5#1935 Warning
Mapped onto distributed RAM because of timing constraints  
The instance ram_reg_r2_512_639_22_22 is implemented as distributed LUT RAM for the following reason: The timing constraints suggest that the chosen mapping will yield a better timing.
Related violations: <none>

SYNTH-5#1936 Warning
Mapped onto distributed RAM because of timing constraints  
The instance ram_reg_r2_512_639_23_23 is implemented as distributed LUT RAM for the following reason: The timing constraints suggest that the chosen mapping will yield a better timing.
Related violations: <none>

SYNTH-5#1937 Warning
Mapped onto distributed RAM because of timing constraints  
The instance ram_reg_r2_512_639_24_24 is implemented as distributed LUT RAM for the following reason: The timing constraints suggest that the chosen mapping will yield a better timing.
Related violations: <none>

SYNTH-5#1938 Warning
Mapped onto distributed RAM because of timing constraints  
The instance ram_reg_r2_512_639_25_25 is implemented as distributed LUT RAM for the following reason: The timing constraints suggest that the chosen mapping will yield a better timing.
Related violations: <none>

SYNTH-5#1939 Warning
Mapped onto distributed RAM because of timing constraints  
The instance ram_reg_r2_512_639_26_26 is implemented as distributed LUT RAM for the following reason: The timing constraints suggest that the chosen mapping will yield a better timing.
Related violations: <none>

SYNTH-5#1940 Warning
Mapped onto distributed RAM because of timing constraints  
The instance ram_reg_r2_512_639_27_27 is implemented as distributed LUT RAM for the following reason: The timing constraints suggest that the chosen mapping will yield a better timing.
Related violations: <none>

SYNTH-5#1941 Warning
Mapped onto distributed RAM because of timing constraints  
The instance ram_reg_r2_512_639_28_28 is implemented as distributed LUT RAM for the following reason: The timing constraints suggest that the chosen mapping will yield a better timing.
Related violations: <none>

SYNTH-5#1942 Warning
Mapped onto distributed RAM because of timing constraints  
The instance ram_reg_r2_512_639_29_29 is implemented as distributed LUT RAM for the following reason: The timing constraints suggest that the chosen mapping will yield a better timing.
Related violations: <none>

SYNTH-5#1943 Warning
Mapped onto distributed RAM because of timing constraints  
The instance ram_reg_r2_512_639_2_2 is implemented as distributed LUT RAM for the following reason: The timing constraints suggest that the chosen mapping will yield a better timing.
Related violations: <none>

SYNTH-5#1944 Warning
Mapped onto distributed RAM because of timing constraints  
The instance ram_reg_r2_512_639_30_30 is implemented as distributed LUT RAM for the following reason: The timing constraints suggest that the chosen mapping will yield a better timing.
Related violations: <none>

SYNTH-5#1945 Warning
Mapped onto distributed RAM because of timing constraints  
The instance ram_reg_r2_512_639_31_31 is implemented as distributed LUT RAM for the following reason: The timing constraints suggest that the chosen mapping will yield a better timing.
Related violations: <none>

SYNTH-5#1946 Warning
Mapped onto distributed RAM because of timing constraints  
The instance ram_reg_r2_512_639_3_3 is implemented as distributed LUT RAM for the following reason: The timing constraints suggest that the chosen mapping will yield a better timing.
Related violations: <none>

SYNTH-5#1947 Warning
Mapped onto distributed RAM because of timing constraints  
The instance ram_reg_r2_512_639_4_4 is implemented as distributed LUT RAM for the following reason: The timing constraints suggest that the chosen mapping will yield a better timing.
Related violations: <none>

SYNTH-5#1948 Warning
Mapped onto distributed RAM because of timing constraints  
The instance ram_reg_r2_512_639_5_5 is implemented as distributed LUT RAM for the following reason: The timing constraints suggest that the chosen mapping will yield a better timing.
Related violations: <none>

SYNTH-5#1949 Warning
Mapped onto distributed RAM because of timing constraints  
The instance ram_reg_r2_512_639_6_6 is implemented as distributed LUT RAM for the following reason: The timing constraints suggest that the chosen mapping will yield a better timing.
Related violations: <none>

SYNTH-5#1950 Warning
Mapped onto distributed RAM because of timing constraints  
The instance ram_reg_r2_512_639_7_7 is implemented as distributed LUT RAM for the following reason: The timing constraints suggest that the chosen mapping will yield a better timing.
Related violations: <none>

SYNTH-5#1951 Warning
Mapped onto distributed RAM because of timing constraints  
The instance ram_reg_r2_512_639_8_8 is implemented as distributed LUT RAM for the following reason: The timing constraints suggest that the chosen mapping will yield a better timing.
Related violations: <none>

SYNTH-5#1952 Warning
Mapped onto distributed RAM because of timing constraints  
The instance ram_reg_r2_512_639_9_9 is implemented as distributed LUT RAM for the following reason: The timing constraints suggest that the chosen mapping will yield a better timing.
Related violations: <none>

SYNTH-5#1953 Warning
Mapped onto distributed RAM because of timing constraints  
The instance ram_reg_r2_640_767_0_0 is implemented as distributed LUT RAM for the following reason: The timing constraints suggest that the chosen mapping will yield a better timing.
Related violations: <none>

SYNTH-5#1954 Warning
Mapped onto distributed RAM because of timing constraints  
The instance ram_reg_r2_640_767_10_10 is implemented as distributed LUT RAM for the following reason: The timing constraints suggest that the chosen mapping will yield a better timing.
Related violations: <none>

SYNTH-5#1955 Warning
Mapped onto distributed RAM because of timing constraints  
The instance ram_reg_r2_640_767_11_11 is implemented as distributed LUT RAM for the following reason: The timing constraints suggest that the chosen mapping will yield a better timing.
Related violations: <none>

SYNTH-5#1956 Warning
Mapped onto distributed RAM because of timing constraints  
The instance ram_reg_r2_640_767_12_12 is implemented as distributed LUT RAM for the following reason: The timing constraints suggest that the chosen mapping will yield a better timing.
Related violations: <none>

SYNTH-5#1957 Warning
Mapped onto distributed RAM because of timing constraints  
The instance ram_reg_r2_640_767_13_13 is implemented as distributed LUT RAM for the following reason: The timing constraints suggest that the chosen mapping will yield a better timing.
Related violations: <none>

SYNTH-5#1958 Warning
Mapped onto distributed RAM because of timing constraints  
The instance ram_reg_r2_640_767_14_14 is implemented as distributed LUT RAM for the following reason: The timing constraints suggest that the chosen mapping will yield a better timing.
Related violations: <none>

SYNTH-5#1959 Warning
Mapped onto distributed RAM because of timing constraints  
The instance ram_reg_r2_640_767_15_15 is implemented as distributed LUT RAM for the following reason: The timing constraints suggest that the chosen mapping will yield a better timing.
Related violations: <none>

SYNTH-5#1960 Warning
Mapped onto distributed RAM because of timing constraints  
The instance ram_reg_r2_640_767_16_16 is implemented as distributed LUT RAM for the following reason: The timing constraints suggest that the chosen mapping will yield a better timing.
Related violations: <none>

SYNTH-5#1961 Warning
Mapped onto distributed RAM because of timing constraints  
The instance ram_reg_r2_640_767_17_17 is implemented as distributed LUT RAM for the following reason: The timing constraints suggest that the chosen mapping will yield a better timing.
Related violations: <none>

SYNTH-5#1962 Warning
Mapped onto distributed RAM because of timing constraints  
The instance ram_reg_r2_640_767_18_18 is implemented as distributed LUT RAM for the following reason: The timing constraints suggest that the chosen mapping will yield a better timing.
Related violations: <none>

SYNTH-5#1963 Warning
Mapped onto distributed RAM because of timing constraints  
The instance ram_reg_r2_640_767_19_19 is implemented as distributed LUT RAM for the following reason: The timing constraints suggest that the chosen mapping will yield a better timing.
Related violations: <none>

SYNTH-5#1964 Warning
Mapped onto distributed RAM because of timing constraints  
The instance ram_reg_r2_640_767_1_1 is implemented as distributed LUT RAM for the following reason: The timing constraints suggest that the chosen mapping will yield a better timing.
Related violations: <none>

SYNTH-5#1965 Warning
Mapped onto distributed RAM because of timing constraints  
The instance ram_reg_r2_640_767_20_20 is implemented as distributed LUT RAM for the following reason: The timing constraints suggest that the chosen mapping will yield a better timing.
Related violations: <none>

SYNTH-5#1966 Warning
Mapped onto distributed RAM because of timing constraints  
The instance ram_reg_r2_640_767_21_21 is implemented as distributed LUT RAM for the following reason: The timing constraints suggest that the chosen mapping will yield a better timing.
Related violations: <none>

SYNTH-5#1967 Warning
Mapped onto distributed RAM because of timing constraints  
The instance ram_reg_r2_640_767_22_22 is implemented as distributed LUT RAM for the following reason: The timing constraints suggest that the chosen mapping will yield a better timing.
Related violations: <none>

SYNTH-5#1968 Warning
Mapped onto distributed RAM because of timing constraints  
The instance ram_reg_r2_640_767_23_23 is implemented as distributed LUT RAM for the following reason: The timing constraints suggest that the chosen mapping will yield a better timing.
Related violations: <none>

SYNTH-5#1969 Warning
Mapped onto distributed RAM because of timing constraints  
The instance ram_reg_r2_640_767_24_24 is implemented as distributed LUT RAM for the following reason: The timing constraints suggest that the chosen mapping will yield a better timing.
Related violations: <none>

SYNTH-5#1970 Warning
Mapped onto distributed RAM because of timing constraints  
The instance ram_reg_r2_640_767_25_25 is implemented as distributed LUT RAM for the following reason: The timing constraints suggest that the chosen mapping will yield a better timing.
Related violations: <none>

SYNTH-5#1971 Warning
Mapped onto distributed RAM because of timing constraints  
The instance ram_reg_r2_640_767_26_26 is implemented as distributed LUT RAM for the following reason: The timing constraints suggest that the chosen mapping will yield a better timing.
Related violations: <none>

SYNTH-5#1972 Warning
Mapped onto distributed RAM because of timing constraints  
The instance ram_reg_r2_640_767_27_27 is implemented as distributed LUT RAM for the following reason: The timing constraints suggest that the chosen mapping will yield a better timing.
Related violations: <none>

SYNTH-5#1973 Warning
Mapped onto distributed RAM because of timing constraints  
The instance ram_reg_r2_640_767_28_28 is implemented as distributed LUT RAM for the following reason: The timing constraints suggest that the chosen mapping will yield a better timing.
Related violations: <none>

SYNTH-5#1974 Warning
Mapped onto distributed RAM because of timing constraints  
The instance ram_reg_r2_640_767_29_29 is implemented as distributed LUT RAM for the following reason: The timing constraints suggest that the chosen mapping will yield a better timing.
Related violations: <none>

SYNTH-5#1975 Warning
Mapped onto distributed RAM because of timing constraints  
The instance ram_reg_r2_640_767_2_2 is implemented as distributed LUT RAM for the following reason: The timing constraints suggest that the chosen mapping will yield a better timing.
Related violations: <none>

SYNTH-5#1976 Warning
Mapped onto distributed RAM because of timing constraints  
The instance ram_reg_r2_640_767_30_30 is implemented as distributed LUT RAM for the following reason: The timing constraints suggest that the chosen mapping will yield a better timing.
Related violations: <none>

SYNTH-5#1977 Warning
Mapped onto distributed RAM because of timing constraints  
The instance ram_reg_r2_640_767_31_31 is implemented as distributed LUT RAM for the following reason: The timing constraints suggest that the chosen mapping will yield a better timing.
Related violations: <none>

SYNTH-5#1978 Warning
Mapped onto distributed RAM because of timing constraints  
The instance ram_reg_r2_640_767_3_3 is implemented as distributed LUT RAM for the following reason: The timing constraints suggest that the chosen mapping will yield a better timing.
Related violations: <none>

SYNTH-5#1979 Warning
Mapped onto distributed RAM because of timing constraints  
The instance ram_reg_r2_640_767_4_4 is implemented as distributed LUT RAM for the following reason: The timing constraints suggest that the chosen mapping will yield a better timing.
Related violations: <none>

SYNTH-5#1980 Warning
Mapped onto distributed RAM because of timing constraints  
The instance ram_reg_r2_640_767_5_5 is implemented as distributed LUT RAM for the following reason: The timing constraints suggest that the chosen mapping will yield a better timing.
Related violations: <none>

SYNTH-5#1981 Warning
Mapped onto distributed RAM because of timing constraints  
The instance ram_reg_r2_640_767_6_6 is implemented as distributed LUT RAM for the following reason: The timing constraints suggest that the chosen mapping will yield a better timing.
Related violations: <none>

SYNTH-5#1982 Warning
Mapped onto distributed RAM because of timing constraints  
The instance ram_reg_r2_640_767_7_7 is implemented as distributed LUT RAM for the following reason: The timing constraints suggest that the chosen mapping will yield a better timing.
Related violations: <none>

SYNTH-5#1983 Warning
Mapped onto distributed RAM because of timing constraints  
The instance ram_reg_r2_640_767_8_8 is implemented as distributed LUT RAM for the following reason: The timing constraints suggest that the chosen mapping will yield a better timing.
Related violations: <none>

SYNTH-5#1984 Warning
Mapped onto distributed RAM because of timing constraints  
The instance ram_reg_r2_640_767_9_9 is implemented as distributed LUT RAM for the following reason: The timing constraints suggest that the chosen mapping will yield a better timing.
Related violations: <none>

SYNTH-5#1985 Warning
Mapped onto distributed RAM because of timing constraints  
The instance ram_reg_r2_768_895_0_0 is implemented as distributed LUT RAM for the following reason: The timing constraints suggest that the chosen mapping will yield a better timing.
Related violations: <none>

SYNTH-5#1986 Warning
Mapped onto distributed RAM because of timing constraints  
The instance ram_reg_r2_768_895_10_10 is implemented as distributed LUT RAM for the following reason: The timing constraints suggest that the chosen mapping will yield a better timing.
Related violations: <none>

SYNTH-5#1987 Warning
Mapped onto distributed RAM because of timing constraints  
The instance ram_reg_r2_768_895_11_11 is implemented as distributed LUT RAM for the following reason: The timing constraints suggest that the chosen mapping will yield a better timing.
Related violations: <none>

SYNTH-5#1988 Warning
Mapped onto distributed RAM because of timing constraints  
The instance ram_reg_r2_768_895_12_12 is implemented as distributed LUT RAM for the following reason: The timing constraints suggest that the chosen mapping will yield a better timing.
Related violations: <none>

SYNTH-5#1989 Warning
Mapped onto distributed RAM because of timing constraints  
The instance ram_reg_r2_768_895_13_13 is implemented as distributed LUT RAM for the following reason: The timing constraints suggest that the chosen mapping will yield a better timing.
Related violations: <none>

SYNTH-5#1990 Warning
Mapped onto distributed RAM because of timing constraints  
The instance ram_reg_r2_768_895_14_14 is implemented as distributed LUT RAM for the following reason: The timing constraints suggest that the chosen mapping will yield a better timing.
Related violations: <none>

SYNTH-5#1991 Warning
Mapped onto distributed RAM because of timing constraints  
The instance ram_reg_r2_768_895_15_15 is implemented as distributed LUT RAM for the following reason: The timing constraints suggest that the chosen mapping will yield a better timing.
Related violations: <none>

SYNTH-5#1992 Warning
Mapped onto distributed RAM because of timing constraints  
The instance ram_reg_r2_768_895_16_16 is implemented as distributed LUT RAM for the following reason: The timing constraints suggest that the chosen mapping will yield a better timing.
Related violations: <none>

SYNTH-5#1993 Warning
Mapped onto distributed RAM because of timing constraints  
The instance ram_reg_r2_768_895_17_17 is implemented as distributed LUT RAM for the following reason: The timing constraints suggest that the chosen mapping will yield a better timing.
Related violations: <none>

SYNTH-5#1994 Warning
Mapped onto distributed RAM because of timing constraints  
The instance ram_reg_r2_768_895_18_18 is implemented as distributed LUT RAM for the following reason: The timing constraints suggest that the chosen mapping will yield a better timing.
Related violations: <none>

SYNTH-5#1995 Warning
Mapped onto distributed RAM because of timing constraints  
The instance ram_reg_r2_768_895_19_19 is implemented as distributed LUT RAM for the following reason: The timing constraints suggest that the chosen mapping will yield a better timing.
Related violations: <none>

SYNTH-5#1996 Warning
Mapped onto distributed RAM because of timing constraints  
The instance ram_reg_r2_768_895_1_1 is implemented as distributed LUT RAM for the following reason: The timing constraints suggest that the chosen mapping will yield a better timing.
Related violations: <none>

SYNTH-5#1997 Warning
Mapped onto distributed RAM because of timing constraints  
The instance ram_reg_r2_768_895_20_20 is implemented as distributed LUT RAM for the following reason: The timing constraints suggest that the chosen mapping will yield a better timing.
Related violations: <none>

SYNTH-5#1998 Warning
Mapped onto distributed RAM because of timing constraints  
The instance ram_reg_r2_768_895_21_21 is implemented as distributed LUT RAM for the following reason: The timing constraints suggest that the chosen mapping will yield a better timing.
Related violations: <none>

SYNTH-5#1999 Warning
Mapped onto distributed RAM because of timing constraints  
The instance ram_reg_r2_768_895_22_22 is implemented as distributed LUT RAM for the following reason: The timing constraints suggest that the chosen mapping will yield a better timing.
Related violations: <none>

SYNTH-5#2000 Warning
Mapped onto distributed RAM because of timing constraints  
The instance ram_reg_r2_768_895_23_23 is implemented as distributed LUT RAM for the following reason: The timing constraints suggest that the chosen mapping will yield a better timing.
Related violations: <none>

SYNTH-5#2001 Warning
Mapped onto distributed RAM because of timing constraints  
The instance ram_reg_r2_768_895_24_24 is implemented as distributed LUT RAM for the following reason: The timing constraints suggest that the chosen mapping will yield a better timing.
Related violations: <none>

SYNTH-5#2002 Warning
Mapped onto distributed RAM because of timing constraints  
The instance ram_reg_r2_768_895_25_25 is implemented as distributed LUT RAM for the following reason: The timing constraints suggest that the chosen mapping will yield a better timing.
Related violations: <none>

SYNTH-5#2003 Warning
Mapped onto distributed RAM because of timing constraints  
The instance ram_reg_r2_768_895_26_26 is implemented as distributed LUT RAM for the following reason: The timing constraints suggest that the chosen mapping will yield a better timing.
Related violations: <none>

SYNTH-5#2004 Warning
Mapped onto distributed RAM because of timing constraints  
The instance ram_reg_r2_768_895_27_27 is implemented as distributed LUT RAM for the following reason: The timing constraints suggest that the chosen mapping will yield a better timing.
Related violations: <none>

SYNTH-5#2005 Warning
Mapped onto distributed RAM because of timing constraints  
The instance ram_reg_r2_768_895_28_28 is implemented as distributed LUT RAM for the following reason: The timing constraints suggest that the chosen mapping will yield a better timing.
Related violations: <none>

SYNTH-5#2006 Warning
Mapped onto distributed RAM because of timing constraints  
The instance ram_reg_r2_768_895_29_29 is implemented as distributed LUT RAM for the following reason: The timing constraints suggest that the chosen mapping will yield a better timing.
Related violations: <none>

SYNTH-5#2007 Warning
Mapped onto distributed RAM because of timing constraints  
The instance ram_reg_r2_768_895_2_2 is implemented as distributed LUT RAM for the following reason: The timing constraints suggest that the chosen mapping will yield a better timing.
Related violations: <none>

SYNTH-5#2008 Warning
Mapped onto distributed RAM because of timing constraints  
The instance ram_reg_r2_768_895_30_30 is implemented as distributed LUT RAM for the following reason: The timing constraints suggest that the chosen mapping will yield a better timing.
Related violations: <none>

SYNTH-5#2009 Warning
Mapped onto distributed RAM because of timing constraints  
The instance ram_reg_r2_768_895_31_31 is implemented as distributed LUT RAM for the following reason: The timing constraints suggest that the chosen mapping will yield a better timing.
Related violations: <none>

SYNTH-5#2010 Warning
Mapped onto distributed RAM because of timing constraints  
The instance ram_reg_r2_768_895_3_3 is implemented as distributed LUT RAM for the following reason: The timing constraints suggest that the chosen mapping will yield a better timing.
Related violations: <none>

SYNTH-5#2011 Warning
Mapped onto distributed RAM because of timing constraints  
The instance ram_reg_r2_768_895_4_4 is implemented as distributed LUT RAM for the following reason: The timing constraints suggest that the chosen mapping will yield a better timing.
Related violations: <none>

SYNTH-5#2012 Warning
Mapped onto distributed RAM because of timing constraints  
The instance ram_reg_r2_768_895_5_5 is implemented as distributed LUT RAM for the following reason: The timing constraints suggest that the chosen mapping will yield a better timing.
Related violations: <none>

SYNTH-5#2013 Warning
Mapped onto distributed RAM because of timing constraints  
The instance ram_reg_r2_768_895_6_6 is implemented as distributed LUT RAM for the following reason: The timing constraints suggest that the chosen mapping will yield a better timing.
Related violations: <none>

SYNTH-5#2014 Warning
Mapped onto distributed RAM because of timing constraints  
The instance ram_reg_r2_768_895_7_7 is implemented as distributed LUT RAM for the following reason: The timing constraints suggest that the chosen mapping will yield a better timing.
Related violations: <none>

SYNTH-5#2015 Warning
Mapped onto distributed RAM because of timing constraints  
The instance ram_reg_r2_768_895_8_8 is implemented as distributed LUT RAM for the following reason: The timing constraints suggest that the chosen mapping will yield a better timing.
Related violations: <none>

SYNTH-5#2016 Warning
Mapped onto distributed RAM because of timing constraints  
The instance ram_reg_r2_768_895_9_9 is implemented as distributed LUT RAM for the following reason: The timing constraints suggest that the chosen mapping will yield a better timing.
Related violations: <none>

SYNTH-5#2017 Warning
Mapped onto distributed RAM because of timing constraints  
The instance ram_reg_r2_896_1023_0_0 is implemented as distributed LUT RAM for the following reason: The timing constraints suggest that the chosen mapping will yield a better timing.
Related violations: <none>

SYNTH-5#2018 Warning
Mapped onto distributed RAM because of timing constraints  
The instance ram_reg_r2_896_1023_10_10 is implemented as distributed LUT RAM for the following reason: The timing constraints suggest that the chosen mapping will yield a better timing.
Related violations: <none>

SYNTH-5#2019 Warning
Mapped onto distributed RAM because of timing constraints  
The instance ram_reg_r2_896_1023_11_11 is implemented as distributed LUT RAM for the following reason: The timing constraints suggest that the chosen mapping will yield a better timing.
Related violations: <none>

SYNTH-5#2020 Warning
Mapped onto distributed RAM because of timing constraints  
The instance ram_reg_r2_896_1023_12_12 is implemented as distributed LUT RAM for the following reason: The timing constraints suggest that the chosen mapping will yield a better timing.
Related violations: <none>

SYNTH-5#2021 Warning
Mapped onto distributed RAM because of timing constraints  
The instance ram_reg_r2_896_1023_13_13 is implemented as distributed LUT RAM for the following reason: The timing constraints suggest that the chosen mapping will yield a better timing.
Related violations: <none>

SYNTH-5#2022 Warning
Mapped onto distributed RAM because of timing constraints  
The instance ram_reg_r2_896_1023_14_14 is implemented as distributed LUT RAM for the following reason: The timing constraints suggest that the chosen mapping will yield a better timing.
Related violations: <none>

SYNTH-5#2023 Warning
Mapped onto distributed RAM because of timing constraints  
The instance ram_reg_r2_896_1023_15_15 is implemented as distributed LUT RAM for the following reason: The timing constraints suggest that the chosen mapping will yield a better timing.
Related violations: <none>

SYNTH-5#2024 Warning
Mapped onto distributed RAM because of timing constraints  
The instance ram_reg_r2_896_1023_16_16 is implemented as distributed LUT RAM for the following reason: The timing constraints suggest that the chosen mapping will yield a better timing.
Related violations: <none>

SYNTH-5#2025 Warning
Mapped onto distributed RAM because of timing constraints  
The instance ram_reg_r2_896_1023_17_17 is implemented as distributed LUT RAM for the following reason: The timing constraints suggest that the chosen mapping will yield a better timing.
Related violations: <none>

SYNTH-5#2026 Warning
Mapped onto distributed RAM because of timing constraints  
The instance ram_reg_r2_896_1023_18_18 is implemented as distributed LUT RAM for the following reason: The timing constraints suggest that the chosen mapping will yield a better timing.
Related violations: <none>

SYNTH-5#2027 Warning
Mapped onto distributed RAM because of timing constraints  
The instance ram_reg_r2_896_1023_19_19 is implemented as distributed LUT RAM for the following reason: The timing constraints suggest that the chosen mapping will yield a better timing.
Related violations: <none>

SYNTH-5#2028 Warning
Mapped onto distributed RAM because of timing constraints  
The instance ram_reg_r2_896_1023_1_1 is implemented as distributed LUT RAM for the following reason: The timing constraints suggest that the chosen mapping will yield a better timing.
Related violations: <none>

SYNTH-5#2029 Warning
Mapped onto distributed RAM because of timing constraints  
The instance ram_reg_r2_896_1023_20_20 is implemented as distributed LUT RAM for the following reason: The timing constraints suggest that the chosen mapping will yield a better timing.
Related violations: <none>

SYNTH-5#2030 Warning
Mapped onto distributed RAM because of timing constraints  
The instance ram_reg_r2_896_1023_21_21 is implemented as distributed LUT RAM for the following reason: The timing constraints suggest that the chosen mapping will yield a better timing.
Related violations: <none>

SYNTH-5#2031 Warning
Mapped onto distributed RAM because of timing constraints  
The instance ram_reg_r2_896_1023_22_22 is implemented as distributed LUT RAM for the following reason: The timing constraints suggest that the chosen mapping will yield a better timing.
Related violations: <none>

SYNTH-5#2032 Warning
Mapped onto distributed RAM because of timing constraints  
The instance ram_reg_r2_896_1023_23_23 is implemented as distributed LUT RAM for the following reason: The timing constraints suggest that the chosen mapping will yield a better timing.
Related violations: <none>

SYNTH-5#2033 Warning
Mapped onto distributed RAM because of timing constraints  
The instance ram_reg_r2_896_1023_24_24 is implemented as distributed LUT RAM for the following reason: The timing constraints suggest that the chosen mapping will yield a better timing.
Related violations: <none>

SYNTH-5#2034 Warning
Mapped onto distributed RAM because of timing constraints  
The instance ram_reg_r2_896_1023_25_25 is implemented as distributed LUT RAM for the following reason: The timing constraints suggest that the chosen mapping will yield a better timing.
Related violations: <none>

SYNTH-5#2035 Warning
Mapped onto distributed RAM because of timing constraints  
The instance ram_reg_r2_896_1023_26_26 is implemented as distributed LUT RAM for the following reason: The timing constraints suggest that the chosen mapping will yield a better timing.
Related violations: <none>

SYNTH-5#2036 Warning
Mapped onto distributed RAM because of timing constraints  
The instance ram_reg_r2_896_1023_27_27 is implemented as distributed LUT RAM for the following reason: The timing constraints suggest that the chosen mapping will yield a better timing.
Related violations: <none>

SYNTH-5#2037 Warning
Mapped onto distributed RAM because of timing constraints  
The instance ram_reg_r2_896_1023_28_28 is implemented as distributed LUT RAM for the following reason: The timing constraints suggest that the chosen mapping will yield a better timing.
Related violations: <none>

SYNTH-5#2038 Warning
Mapped onto distributed RAM because of timing constraints  
The instance ram_reg_r2_896_1023_29_29 is implemented as distributed LUT RAM for the following reason: The timing constraints suggest that the chosen mapping will yield a better timing.
Related violations: <none>

SYNTH-5#2039 Warning
Mapped onto distributed RAM because of timing constraints  
The instance ram_reg_r2_896_1023_2_2 is implemented as distributed LUT RAM for the following reason: The timing constraints suggest that the chosen mapping will yield a better timing.
Related violations: <none>

SYNTH-5#2040 Warning
Mapped onto distributed RAM because of timing constraints  
The instance ram_reg_r2_896_1023_30_30 is implemented as distributed LUT RAM for the following reason: The timing constraints suggest that the chosen mapping will yield a better timing.
Related violations: <none>

SYNTH-5#2041 Warning
Mapped onto distributed RAM because of timing constraints  
The instance ram_reg_r2_896_1023_31_31 is implemented as distributed LUT RAM for the following reason: The timing constraints suggest that the chosen mapping will yield a better timing.
Related violations: <none>

SYNTH-5#2042 Warning
Mapped onto distributed RAM because of timing constraints  
The instance ram_reg_r2_896_1023_3_3 is implemented as distributed LUT RAM for the following reason: The timing constraints suggest that the chosen mapping will yield a better timing.
Related violations: <none>

SYNTH-5#2043 Warning
Mapped onto distributed RAM because of timing constraints  
The instance ram_reg_r2_896_1023_4_4 is implemented as distributed LUT RAM for the following reason: The timing constraints suggest that the chosen mapping will yield a better timing.
Related violations: <none>

SYNTH-5#2044 Warning
Mapped onto distributed RAM because of timing constraints  
The instance ram_reg_r2_896_1023_5_5 is implemented as distributed LUT RAM for the following reason: The timing constraints suggest that the chosen mapping will yield a better timing.
Related violations: <none>

SYNTH-5#2045 Warning
Mapped onto distributed RAM because of timing constraints  
The instance ram_reg_r2_896_1023_6_6 is implemented as distributed LUT RAM for the following reason: The timing constraints suggest that the chosen mapping will yield a better timing.
Related violations: <none>

SYNTH-5#2046 Warning
Mapped onto distributed RAM because of timing constraints  
The instance ram_reg_r2_896_1023_7_7 is implemented as distributed LUT RAM for the following reason: The timing constraints suggest that the chosen mapping will yield a better timing.
Related violations: <none>

SYNTH-5#2047 Warning
Mapped onto distributed RAM because of timing constraints  
The instance ram_reg_r2_896_1023_8_8 is implemented as distributed LUT RAM for the following reason: The timing constraints suggest that the chosen mapping will yield a better timing.
Related violations: <none>

SYNTH-5#2048 Warning
Mapped onto distributed RAM because of timing constraints  
The instance ram_reg_r2_896_1023_9_9 is implemented as distributed LUT RAM for the following reason: The timing constraints suggest that the chosen mapping will yield a better timing.
Related violations: <none>

SYNTH-10#1 Warning
Wide multiplier  
Detected multiplier at dut/core0/execute_unit/mdu_unit/prod_ss of size 15x18, it is decomposed from a wide multipler into 4 DSP blocks.
Related violations: <none>

SYNTH-10#2 Warning
Wide multiplier  
Detected multiplier at dut/core0/execute_unit/mdu_unit/prod_ss__0 of size 15x15, it is decomposed from a wide multipler into 4 DSP blocks.
Related violations: <none>

SYNTH-10#3 Warning
Wide multiplier  
Detected multiplier at dut/core0/execute_unit/mdu_unit/prod_ss__1 of size 18x18, it is decomposed from a wide multipler into 4 DSP blocks.
Related violations: <none>

SYNTH-10#4 Warning
Wide multiplier  
Detected multiplier at dut/core0/execute_unit/mdu_unit/prod_ss__2 of size 18x15, it is decomposed from a wide multipler into 4 DSP blocks.
Related violations: <none>

SYNTH-10#5 Warning
Wide multiplier  
Detected multiplier at dut/core0/execute_unit/mdu_unit/prod_su of size 15x18, it is decomposed from a wide multipler into 4 DSP blocks.
Related violations: <none>

SYNTH-10#6 Warning
Wide multiplier  
Detected multiplier at dut/core0/execute_unit/mdu_unit/prod_su__0 of size 15x16, it is decomposed from a wide multipler into 4 DSP blocks.
Related violations: <none>

SYNTH-10#7 Warning
Wide multiplier  
Detected multiplier at dut/core0/execute_unit/mdu_unit/prod_su__1 of size 18x18, it is decomposed from a wide multipler into 4 DSP blocks.
Related violations: <none>

SYNTH-10#8 Warning
Wide multiplier  
Detected multiplier at dut/core0/execute_unit/mdu_unit/prod_su__2 of size 18x16, it is decomposed from a wide multipler into 4 DSP blocks.
Related violations: <none>

SYNTH-10#9 Warning
Wide multiplier  
Detected multiplier at dut/core0/execute_unit/mdu_unit/prod_uu of size 16x18, it is decomposed from a wide multipler into 4 DSP blocks.
Related violations: <none>

SYNTH-10#10 Warning
Wide multiplier  
Detected multiplier at dut/core0/execute_unit/mdu_unit/prod_uu__0 of size 16x16, it is decomposed from a wide multipler into 4 DSP blocks.
Related violations: <none>

SYNTH-10#11 Warning
Wide multiplier  
Detected multiplier at dut/core0/execute_unit/mdu_unit/prod_uu__1 of size 18x18, it is decomposed from a wide multipler into 4 DSP blocks.
Related violations: <none>

SYNTH-10#12 Warning
Wide multiplier  
Detected multiplier at dut/core0/execute_unit/mdu_unit/prod_uu__2 of size 18x16, it is decomposed from a wide multipler into 4 DSP blocks.
Related violations: <none>

SYNTH-10#13 Warning
Wide multiplier  
Detected multiplier at dut/core1/execute_unit/mdu_unit/prod_ss of size 15x18, it is decomposed from a wide multipler into 4 DSP blocks.
Related violations: <none>

SYNTH-10#14 Warning
Wide multiplier  
Detected multiplier at dut/core1/execute_unit/mdu_unit/prod_ss__0 of size 15x15, it is decomposed from a wide multipler into 4 DSP blocks.
Related violations: <none>

SYNTH-10#15 Warning
Wide multiplier  
Detected multiplier at dut/core1/execute_unit/mdu_unit/prod_ss__1 of size 18x18, it is decomposed from a wide multipler into 4 DSP blocks.
Related violations: <none>

SYNTH-10#16 Warning
Wide multiplier  
Detected multiplier at dut/core1/execute_unit/mdu_unit/prod_ss__2 of size 18x15, it is decomposed from a wide multipler into 4 DSP blocks.
Related violations: <none>

SYNTH-10#17 Warning
Wide multiplier  
Detected multiplier at dut/core1/execute_unit/mdu_unit/prod_su of size 15x18, it is decomposed from a wide multipler into 4 DSP blocks.
Related violations: <none>

SYNTH-10#18 Warning
Wide multiplier  
Detected multiplier at dut/core1/execute_unit/mdu_unit/prod_su__0 of size 15x16, it is decomposed from a wide multipler into 4 DSP blocks.
Related violations: <none>

SYNTH-10#19 Warning
Wide multiplier  
Detected multiplier at dut/core1/execute_unit/mdu_unit/prod_su__1 of size 18x18, it is decomposed from a wide multipler into 4 DSP blocks.
Related violations: <none>

SYNTH-10#20 Warning
Wide multiplier  
Detected multiplier at dut/core1/execute_unit/mdu_unit/prod_su__2 of size 18x16, it is decomposed from a wide multipler into 4 DSP blocks.
Related violations: <none>

SYNTH-10#21 Warning
Wide multiplier  
Detected multiplier at dut/core1/execute_unit/mdu_unit/prod_uu of size 16x18, it is decomposed from a wide multipler into 4 DSP blocks.
Related violations: <none>

SYNTH-10#22 Warning
Wide multiplier  
Detected multiplier at dut/core1/execute_unit/mdu_unit/prod_uu__0 of size 16x16, it is decomposed from a wide multipler into 4 DSP blocks.
Related violations: <none>

SYNTH-10#23 Warning
Wide multiplier  
Detected multiplier at dut/core1/execute_unit/mdu_unit/prod_uu__1 of size 18x18, it is decomposed from a wide multipler into 4 DSP blocks.
Related violations: <none>

SYNTH-10#24 Warning
Wide multiplier  
Detected multiplier at dut/core1/execute_unit/mdu_unit/prod_uu__2 of size 18x16, it is decomposed from a wide multipler into 4 DSP blocks.
Related violations: <none>


