Copyright 1986-2022 Xilinx, Inc. All Rights Reserved.
---------------------------------------------------------------------------------------------------------------------------------------------------------------------------------------------------------------------------------------------------------------------------
| Tool Version : Vivado v.2022.2 (win64) Build 3671981 Fri Oct 14 05:00:03 MDT 2022
| Date         : Thu Aug  6 00:23:27 2026
| Host         : DESKTOP-750OH1D running 64-bit major release  (build 9200)
| Command      : report_timing_summary -max_paths 10 -report_unconstrained -file RV32IMFA_DualCore_BoardTop_timing_summary_routed.rpt -pb RV32IMFA_DualCore_BoardTop_timing_summary_routed.pb -rpx RV32IMFA_DualCore_BoardTop_timing_summary_routed.rpx -warn_on_violation
| Design       : RV32IMFA_DualCore_BoardTop
| Device       : 7z030-fbv676
| Speed File   : -1  PRODUCTION 1.12 2019-11-22
---------------------------------------------------------------------------------------------------------------------------------------------------------------------------------------------------------------------------------------------------------------------------

Timing Summary Report

------------------------------------------------------------------------------------------------
| Timer Settings
| --------------
------------------------------------------------------------------------------------------------

  Enable Multi Corner Analysis               :  Yes
  Enable Pessimism Removal                   :  Yes
  Pessimism Removal Resolution               :  Nearest Common Node
  Enable Input Delay Default Clock           :  No
  Enable Preset / Clear Arcs                 :  No
  Disable Flight Delays                      :  No
  Ignore I/O Paths                           :  No
  Timing Early Launch at Borrowing Latches   :  No
  Borrow Time for Max Delay Exceptions       :  Yes
  Merge Timing Exceptions                    :  Yes

  Corner  Analyze    Analyze    
  Name    Max Paths  Min Paths  
  ------  ---------  ---------  
  Slow    Yes        Yes        
  Fast    Yes        Yes        


------------------------------------------------------------------------------------------------
| Report Methodology
| ------------------
------------------------------------------------------------------------------------------------

Rule       Severity          Description                                                Violations  
---------  ----------------  ---------------------------------------------------------  ----------  
TIMING-17  Critical Warning  Non-clocked sequential cell                                1000        
SYNTH-5    Warning           Mapped onto distributed RAM because of timing constraints  2048        
SYNTH-10   Warning           Wide multiplier                                            24          

Note: This report is based on the most recent report_methodology run and may not be up-to-date. Run report_methodology on the current design for the latest report.



check_timing report

Table of Contents
-----------------
1. checking no_clock (19687)
2. checking constant_clock (0)
3. checking pulse_width_clock (0)
4. checking unconstrained_internal_endpoints (98732)
5. checking no_input_delay (1)
6. checking no_output_delay (1)
7. checking multiple_clock (0)
8. checking generated_clocks (0)
9. checking loops (0)
10. checking partial_input_delay (0)
11. checking partial_output_delay (0)
12. checking latch_loops (0)

1. checking no_clock (19687)
----------------------------
 There are 19687 register/latch pins with no clock driven by root clock pin: sys_clock (HIGH)


2. checking constant_clock (0)
------------------------------
 There are 0 register/latch pins with constant_clock.


3. checking pulse_width_clock (0)
---------------------------------
 There are 0 register/latch pins which need pulse_width check


4. checking unconstrained_internal_endpoints (98732)
----------------------------------------------------
 There are 98732 pins that are not constrained for maximum delay. (HIGH)

 There are 0 pins that are not constrained for maximum delay due to constant clock.


5. checking no_input_delay (1)
------------------------------
 There is 1 input port with no input delay specified. (HIGH)

 There are 0 input ports with no input delay but user has a false path constraint.


6. checking no_output_delay (1)
-------------------------------
 There is 1 port with no output delay specified. (HIGH)

 There are 0 ports with no output delay but user has a false path constraint

 There are 0 ports with no output delay but with a timing clock defined on it or propagating through it


7. checking multiple_clock (0)
------------------------------
 There are 0 register/latch pins with multiple clocks.


8. checking generated_clocks (0)
--------------------------------
 There are 0 generated clocks that are not connected to a clock source.


9. checking loops (0)
---------------------
 There are 0 combinational loops in the design.


10. checking partial_input_delay (0)
------------------------------------
 There are 0 input ports with partial input delay specified.


11. checking partial_output_delay (0)
-------------------------------------
 There are 0 ports with partial output delay specified.


12. checking latch_loops (0)
----------------------------
 There are 0 combinational latch loops in the design through latch input



------------------------------------------------------------------------------------------------
| Design Timing Summary
| ---------------------
------------------------------------------------------------------------------------------------

    WNS(ns)      TNS(ns)  TNS Failing Endpoints  TNS Total Endpoints      WHS(ns)      THS(ns)  THS Failing Endpoints  THS Total Endpoints     WPWS(ns)     TPWS(ns)  TPWS Failing Endpoints  TPWS Total Endpoints  
    -------      -------  ---------------------  -------------------      -------      -------  ---------------------  -------------------     --------     --------  ----------------------  --------------------  
        inf        0.000                      0                98733          inf        0.000                      0                98733           NA           NA                      NA                    NA  


There are no user specified timing constraints.


------------------------------------------------------------------------------------------------
| Clock Summary
| -------------
------------------------------------------------------------------------------------------------


------------------------------------------------------------------------------------------------
| Intra Clock Table
| -----------------
------------------------------------------------------------------------------------------------

Clock             WNS(ns)      TNS(ns)  TNS Failing Endpoints  TNS Total Endpoints      WHS(ns)      THS(ns)  THS Failing Endpoints  THS Total Endpoints     WPWS(ns)     TPWS(ns)  TPWS Failing Endpoints  TPWS Total Endpoints  
-----             -------      -------  ---------------------  -------------------      -------      -------  ---------------------  -------------------     --------     --------  ----------------------  --------------------  


------------------------------------------------------------------------------------------------
| Inter Clock Table
| -----------------
------------------------------------------------------------------------------------------------

From Clock    To Clock          WNS(ns)      TNS(ns)  TNS Failing Endpoints  TNS Total Endpoints      WHS(ns)      THS(ns)  THS Failing Endpoints  THS Total Endpoints  
----------    --------          -------      -------  ---------------------  -------------------      -------      -------  ---------------------  -------------------  


------------------------------------------------------------------------------------------------
| Other Path Groups Table
| -----------------------
------------------------------------------------------------------------------------------------

Path Group    From Clock    To Clock          WNS(ns)      TNS(ns)  TNS Failing Endpoints  TNS Total Endpoints      WHS(ns)      THS(ns)  THS Failing Endpoints  THS Total Endpoints  
----------    ----------    --------          -------      -------  ---------------------  -------------------      -------      -------  ---------------------  -------------------  


------------------------------------------------------------------------------------------------
| User Ignored Path Table
| -----------------------
------------------------------------------------------------------------------------------------

Path Group    From Clock    To Clock    
----------    ----------    --------    


------------------------------------------------------------------------------------------------
| Unconstrained Path Table
| ------------------------
------------------------------------------------------------------------------------------------

Path Group    From Clock    To Clock    
----------    ----------    --------    
(none)                                    


------------------------------------------------------------------------------------------------
| Timing Details
| --------------
------------------------------------------------------------------------------------------------


--------------------------------------------------------------------------------------
Path Group:  (none)
From Clock:  
  To Clock:  

Max Delay         98733 Endpoints
Min Delay         98733 Endpoints
--------------------------------------------------------------------------------------


Max Delay Paths
--------------------------------------------------------------------------------------
Slack:                    inf
  Source:                 dut/core1/mem_wb/RD_F_W_reg[3]/C
                            (rising edge-triggered cell FDRE)
  Destination:            dut/core1/execute_unit/u_fpu/u_divider/out_res_reg[16]/D
  Path Group:             (none)
  Path Type:              Max at Slow Process Corner
  Data Path Delay:        146.923ns  (logic 36.885ns (25.105%)  route 110.038ns (74.895%))
  Logic Levels:           316  (CARRY4=196 FDRE=1 LUT1=1 LUT2=24 LUT3=22 LUT4=7 LUT5=4 LUT6=61)

    Location             Delay type                Incr(ns)  Path(ns)    Netlist Resource(s)
  -------------------------------------------------------------------    -------------------
    SLICE_X68Y33         FDRE                         0.000     0.000 r  dut/core1/mem_wb/RD_F_W_reg[3]/C
    SLICE_X68Y33         FDRE (Prop_fdre_C_Q)         0.269     0.269 r  dut/core1/mem_wb/RD_F_W_reg[3]/Q
                         net (fo=73, routed)          0.946     1.215    dut/core1/id_ex/RD_F_W[3]
    SLICE_X68Y39         LUT6 (Prop_lut6_I3_O)        0.053     1.268 r  dut/core1/id_ex/B_r[31]_i_7__0/O
                         net (fo=1, routed)           0.306     1.574    dut/core1/id_ex/B_r[31]_i_7__0_n_0
    SLICE_X68Y39         LUT5 (Prop_lut5_I0_O)        0.053     1.627 r  dut/core1/id_ex/B_r[31]_i_5__0/O
                         net (fo=2, routed)           0.951     2.578    dut/core1/mem_wb/ForwardBE1__0
    SLICE_X67Y37         LUT3 (Prop_lut3_I2_O)        0.053     2.631 r  dut/core1/mem_wb/B_r[31]_i_2__0/O
                         net (fo=34, routed)          2.427     5.058    dut/core1/mem_wb/ForwardBE_F[0]
    SLICE_X80Y10         LUT5 (Prop_lut5_I1_O)        0.053     5.111 f  dut/core1/mem_wb/forward_fb_mux/B_r[2]_i_1__0/O
                         net (fo=112, routed)         7.652    12.763    dut/core1/mem_wb/ALU_ResultM_reg[2]
    SLICE_X0Y23          LUT1 (Prop_lut1_I0_O)        0.053    12.816 r  dut/core1/mem_wb/u_divider/out_res[30]_i_685__0/O
                         net (fo=1, routed)           0.000    12.816    dut_n_1069
    SLICE_X0Y23          CARRY4 (Prop_carry4_S[2]_CO[3])
                                                      0.219    13.035 r  u_divider/out_res_reg[30]_i_633__0/CO[3]
                         net (fo=1, routed)           0.000    13.035    u_divider/out_res_reg[30]_i_633__0_n_0
    SLICE_X0Y24          CARRY4 (Prop_carry4_CI_CO[3])
                                                      0.060    13.095 r  u_divider/out_res_reg[30]_i_628__0/CO[3]
                         net (fo=1, routed)           0.008    13.103    u_divider/out_res_reg[30]_i_628__0_n_0
    SLICE_X0Y25          CARRY4 (Prop_carry4_CI_CO[3])
                                                      0.060    13.163 r  u_divider/out_res_reg[30]_i_623__0/CO[3]
                         net (fo=1, routed)           0.000    13.163    u_divider/out_res_reg[30]_i_623__0_n_0
    SLICE_X0Y26          CARRY4 (Prop_carry4_CI_CO[3])
                                                      0.060    13.223 r  u_divider/out_res_reg[30]_i_618__0/CO[3]
                         net (fo=1, routed)           0.000    13.223    u_divider/out_res_reg[30]_i_618__0_n_0
    SLICE_X0Y27          CARRY4 (Prop_carry4_CI_CO[3])
                                                      0.060    13.283 r  u_divider/out_res_reg[30]_i_613__0/CO[3]
                         net (fo=1, routed)           0.000    13.283    u_divider/out_res_reg[30]_i_613__0_n_0
    SLICE_X0Y28          CARRY4 (Prop_carry4_CI_CO[3])
                                                      0.060    13.343 r  u_divider/out_res_reg[30]_i_610__0/CO[3]
                         net (fo=1, routed)           0.000    13.343    u_divider/out_res_reg[30]_i_610__0_n_0
    SLICE_X0Y29          CARRY4 (Prop_carry4_CI_CO[0])
                                                      0.173    13.516 r  u_divider/out_res_reg[30]_i_609__0/CO[0]
                         net (fo=27, routed)          1.168    14.684    dut/core1/mem_wb/u_divider/out_res_reg[30]_i_601__0[0]
    SLICE_X1Y23          LUT3 (Prop_lut3_I0_O)        0.153    14.837 r  dut/core1/mem_wb/u_divider/out_res[30]_i_640__0/O
                         net (fo=1, routed)           0.000    14.837    dut_n_2166
    SLICE_X1Y23          CARRY4 (Prop_carry4_S[1]_CO[3])
                                                      0.324    15.161 r  u_divider/out_res_reg[30]_i_601__0/CO[3]
                         net (fo=1, routed)           0.000    15.161    u_divider/out_res_reg[30]_i_601__0_n_0
    SLICE_X1Y24          CARRY4 (Prop_carry4_CI_CO[3])
                                                      0.058    15.219 r  u_divider/out_res_reg[30]_i_596__0/CO[3]
                         net (fo=1, routed)           0.008    15.227    u_divider/out_res_reg[30]_i_596__0_n_0
    SLICE_X1Y25          CARRY4 (Prop_carry4_CI_CO[3])
                                                      0.058    15.285 r  u_divider/out_res_reg[30]_i_591__0/CO[3]
                         net (fo=1, routed)           0.000    15.285    u_divider/out_res_reg[30]_i_591__0_n_0
    SLICE_X1Y26          CARRY4 (Prop_carry4_CI_CO[3])
                                                      0.058    15.343 r  u_divider/out_res_reg[30]_i_586__0/CO[3]
                         net (fo=1, routed)           0.000    15.343    u_divider/out_res_reg[30]_i_586__0_n_0
    SLICE_X1Y27          CARRY4 (Prop_carry4_CI_CO[3])
                                                      0.058    15.401 r  u_divider/out_res_reg[30]_i_581__0/CO[3]
                         net (fo=1, routed)           0.000    15.401    u_divider/out_res_reg[30]_i_581__0_n_0
    SLICE_X1Y28          CARRY4 (Prop_carry4_CI_CO[3])
                                                      0.058    15.459 r  u_divider/out_res_reg[30]_i_578__0/CO[3]
                         net (fo=1, routed)           0.000    15.459    u_divider/out_res_reg[30]_i_578__0_n_0
    SLICE_X1Y29          CARRY4 (Prop_carry4_CI_CO[1])
                                                      0.094    15.553 r  u_divider/out_res_reg[30]_i_577__0/CO[1]
                         net (fo=27, routed)          0.974    16.527    u_divider/out_res_reg[30]_i_577__0_n_2
    SLICE_X2Y23          CARRY4 (Prop_carry4_CYINIT_CO[3])
                                                      0.458    16.985 r  u_divider/out_res_reg[30]_i_569__0/CO[3]
                         net (fo=1, routed)           0.000    16.985    u_divider/out_res_reg[30]_i_569__0_n_0
    SLICE_X2Y24          CARRY4 (Prop_carry4_CI_CO[3])
                                                      0.060    17.045 r  u_divider/out_res_reg[30]_i_564__0/CO[3]
                         net (fo=1, routed)           0.008    17.053    u_divider/out_res_reg[30]_i_564__0_n_0
    SLICE_X2Y25          CARRY4 (Prop_carry4_CI_CO[3])
                                                      0.060    17.113 r  u_divider/out_res_reg[30]_i_559__0/CO[3]
                         net (fo=1, routed)           0.000    17.113    u_divider/out_res_reg[30]_i_559__0_n_0
    SLICE_X2Y26          CARRY4 (Prop_carry4_CI_CO[3])
                                                      0.060    17.173 r  u_divider/out_res_reg[30]_i_554__0/CO[3]
                         net (fo=1, routed)           0.000    17.173    u_divider/out_res_reg[30]_i_554__0_n_0
    SLICE_X2Y27          CARRY4 (Prop_carry4_CI_CO[3])
                                                      0.060    17.233 r  u_divider/out_res_reg[30]_i_549__0/CO[3]
                         net (fo=1, routed)           0.000    17.233    u_divider/out_res_reg[30]_i_549__0_n_0
    SLICE_X2Y28          CARRY4 (Prop_carry4_CI_CO[3])
                                                      0.060    17.293 r  u_divider/out_res_reg[30]_i_546__0/CO[3]
                         net (fo=1, routed)           0.000    17.293    u_divider/out_res_reg[30]_i_546__0_n_0
    SLICE_X2Y29          CARRY4 (Prop_carry4_CI_CO[1])
                                                      0.093    17.386 r  u_divider/out_res_reg[30]_i_545__0/CO[1]
                         net (fo=27, routed)          1.097    18.483    u_divider/out_res_reg[30]_i_545__0_n_2
    SLICE_X2Y35          LUT3 (Prop_lut3_I0_O)        0.153    18.636 r  u_divider/out_res[30]_i_551__0/O
                         net (fo=1, routed)           0.000    18.636    u_divider/out_res[30]_i_551__0_n_0
    SLICE_X2Y35          CARRY4 (Prop_carry4_S[2]_CO[3])
                                                      0.219    18.855 r  u_divider/out_res_reg[30]_i_514__0/CO[3]
                         net (fo=1, routed)           0.000    18.855    u_divider/out_res_reg[30]_i_514__0_n_0
    SLICE_X2Y36          CARRY4 (Prop_carry4_CI_CO[1])
                                                      0.093    18.948 r  u_divider/out_res_reg[30]_i_513__0/CO[1]
                         net (fo=27, routed)          1.437    20.385    u_divider/out_res_reg[30]_i_513__0_n_2
    SLICE_X0Y30          LUT3 (Prop_lut3_I0_O)        0.153    20.538 r  u_divider/out_res[30]_i_542__0/O
                         net (fo=1, routed)           0.000    20.538    u_divider/out_res[30]_i_542__0_n_0
    SLICE_X0Y30          CARRY4 (Prop_carry4_S[3]_CO[3])
                                                      0.216    20.754 r  u_divider/out_res_reg[30]_i_505__0/CO[3]
                         net (fo=1, routed)           0.000    20.754    u_divider/out_res_reg[30]_i_505__0_n_0
    SLICE_X0Y31          CARRY4 (Prop_carry4_CI_CO[3])
                                                      0.060    20.814 r  u_divider/out_res_reg[30]_i_500__0/CO[3]
                         net (fo=1, routed)           0.000    20.814    u_divider/out_res_reg[30]_i_500__0_n_0
    SLICE_X0Y32          CARRY4 (Prop_carry4_CI_CO[3])
                                                      0.060    20.874 r  u_divider/out_res_reg[30]_i_495__0/CO[3]
                         net (fo=1, routed)           0.000    20.874    u_divider/out_res_reg[30]_i_495__0_n_0
    SLICE_X0Y33          CARRY4 (Prop_carry4_CI_CO[3])
                                                      0.060    20.934 r  u_divider/out_res_reg[30]_i_490__0/CO[3]
                         net (fo=1, routed)           0.000    20.934    u_divider/out_res_reg[30]_i_490__0_n_0
    SLICE_X0Y34          CARRY4 (Prop_carry4_CI_CO[3])
                                                      0.060    20.994 r  u_divider/out_res_reg[30]_i_485__0/CO[3]
                         net (fo=1, routed)           0.000    20.994    u_divider/out_res_reg[30]_i_485__0_n_0
    SLICE_X0Y35          CARRY4 (Prop_carry4_CI_CO[3])
                                                      0.060    21.054 r  u_divider/out_res_reg[30]_i_482__0/CO[3]
                         net (fo=1, routed)           0.000    21.054    u_divider/out_res_reg[30]_i_482__0_n_0
    SLICE_X0Y36          CARRY4 (Prop_carry4_CI_CO[1])
                                                      0.093    21.147 r  u_divider/out_res_reg[30]_i_481__0/CO[1]
                         net (fo=27, routed)          1.087    22.234    u_divider/out_res_reg[30]_i_481__0_n_2
    SLICE_X1Y31          LUT3 (Prop_lut3_I0_O)        0.153    22.387 r  u_divider/out_res[30]_i_508__0/O
                         net (fo=1, routed)           0.000    22.387    u_divider/out_res[30]_i_508__0_n_0
    SLICE_X1Y31          CARRY4 (Prop_carry4_S[1]_CO[3])
                                                      0.324    22.711 r  u_divider/out_res_reg[30]_i_468__0/CO[3]
                         net (fo=1, routed)           0.000    22.711    u_divider/out_res_reg[30]_i_468__0_n_0
    SLICE_X1Y32          CARRY4 (Prop_carry4_CI_CO[3])
                                                      0.058    22.769 r  u_divider/out_res_reg[30]_i_463__0/CO[3]
                         net (fo=1, routed)           0.000    22.769    u_divider/out_res_reg[30]_i_463__0_n_0
    SLICE_X1Y33          CARRY4 (Prop_carry4_CI_CO[3])
                                                      0.058    22.827 r  u_divider/out_res_reg[30]_i_458__0/CO[3]
                         net (fo=1, routed)           0.000    22.827    u_divider/out_res_reg[30]_i_458__0_n_0
    SLICE_X1Y34          CARRY4 (Prop_carry4_CI_CO[3])
                                                      0.058    22.885 r  u_divider/out_res_reg[30]_i_453__0/CO[3]
                         net (fo=1, routed)           0.000    22.885    u_divider/out_res_reg[30]_i_453__0_n_0
    SLICE_X1Y35          CARRY4 (Prop_carry4_CI_CO[3])
                                                      0.058    22.943 r  u_divider/out_res_reg[30]_i_450__0/CO[3]
                         net (fo=1, routed)           0.000    22.943    u_divider/out_res_reg[30]_i_450__0_n_0
    SLICE_X1Y36          CARRY4 (Prop_carry4_CI_CO[1])
                                                      0.094    23.037 r  u_divider/out_res_reg[30]_i_449__0/CO[1]
                         net (fo=27, routed)          1.202    24.239    dut/core1/mem_wb/u_divider/out_res_reg[30]_i_441__0[0]
    SLICE_X3Y30          LUT3 (Prop_lut3_I0_O)        0.152    24.391 r  dut/core1/mem_wb/u_divider/out_res[30]_i_480__0/O
                         net (fo=1, routed)           0.000    24.391    dut_n_2171
    SLICE_X3Y30          CARRY4 (Prop_carry4_S[1]_CO[3])
                                                      0.324    24.715 r  u_divider/out_res_reg[30]_i_441__0/CO[3]
                         net (fo=1, routed)           0.000    24.715    u_divider/out_res_reg[30]_i_441__0_n_0
    SLICE_X3Y31          CARRY4 (Prop_carry4_CI_CO[3])
                                                      0.058    24.773 r  u_divider/out_res_reg[30]_i_436__0/CO[3]
                         net (fo=1, routed)           0.000    24.773    u_divider/out_res_reg[30]_i_436__0_n_0
    SLICE_X3Y32          CARRY4 (Prop_carry4_CI_CO[3])
                                                      0.058    24.831 r  u_divider/out_res_reg[30]_i_431__0/CO[3]
                         net (fo=1, routed)           0.000    24.831    u_divider/out_res_reg[30]_i_431__0_n_0
    SLICE_X3Y33          CARRY4 (Prop_carry4_CI_CO[3])
                                                      0.058    24.889 r  u_divider/out_res_reg[30]_i_426__0/CO[3]
                         net (fo=1, routed)           0.000    24.889    u_divider/out_res_reg[30]_i_426__0_n_0
    SLICE_X3Y34          CARRY4 (Prop_carry4_CI_CO[3])
                                                      0.058    24.947 r  u_divider/out_res_reg[30]_i_421__0/CO[3]
                         net (fo=1, routed)           0.000    24.947    u_divider/out_res_reg[30]_i_421__0_n_0
    SLICE_X3Y35          CARRY4 (Prop_carry4_CI_CO[3])
                                                      0.058    25.005 r  u_divider/out_res_reg[30]_i_418__0/CO[3]
                         net (fo=1, routed)           0.000    25.005    u_divider/out_res_reg[30]_i_418__0_n_0
    SLICE_X3Y36          CARRY4 (Prop_carry4_CI_CO[1])
                                                      0.094    25.099 r  u_divider/out_res_reg[30]_i_417__0/CO[1]
                         net (fo=27, routed)          0.815    25.914    dut/core1/mem_wb/u_divider/out_res_reg[30]_i_409__0[0]
    SLICE_X2Y37          LUT3 (Prop_lut3_I0_O)        0.152    26.066 r  dut/core1/mem_wb/u_divider/out_res[30]_i_448__0/O
                         net (fo=1, routed)           0.000    26.066    dut_n_2172
    SLICE_X2Y37          CARRY4 (Prop_carry4_S[1]_CO[3])
                                                      0.310    26.376 r  u_divider/out_res_reg[30]_i_409__0/CO[3]
                         net (fo=1, routed)           0.000    26.376    u_divider/out_res_reg[30]_i_409__0_n_0
    SLICE_X2Y38          CARRY4 (Prop_carry4_CI_CO[3])
                                                      0.060    26.436 r  u_divider/out_res_reg[30]_i_404__0/CO[3]
                         net (fo=1, routed)           0.000    26.436    u_divider/out_res_reg[30]_i_404__0_n_0
    SLICE_X2Y39          CARRY4 (Prop_carry4_CI_CO[3])
                                                      0.060    26.496 r  u_divider/out_res_reg[30]_i_399__0/CO[3]
                         net (fo=1, routed)           0.000    26.496    u_divider/out_res_reg[30]_i_399__0_n_0
    SLICE_X2Y40          CARRY4 (Prop_carry4_CI_CO[3])
                                                      0.060    26.556 r  u_divider/out_res_reg[30]_i_394__0/CO[3]
                         net (fo=1, routed)           0.000    26.556    u_divider/out_res_reg[30]_i_394__0_n_0
    SLICE_X2Y41          CARRY4 (Prop_carry4_CI_CO[3])
                                                      0.060    26.616 r  u_divider/out_res_reg[30]_i_389__0/CO[3]
                         net (fo=1, routed)           0.000    26.616    u_divider/out_res_reg[30]_i_389__0_n_0
    SLICE_X2Y42          CARRY4 (Prop_carry4_CI_CO[3])
                                                      0.060    26.676 r  u_divider/out_res_reg[30]_i_386__0/CO[3]
                         net (fo=1, routed)           0.000    26.676    u_divider/out_res_reg[30]_i_386__0_n_0
    SLICE_X2Y43          CARRY4 (Prop_carry4_CI_CO[1])
                                                      0.093    26.769 r  u_divider/out_res_reg[30]_i_385__0/CO[1]
                         net (fo=27, routed)          1.232    28.001    u_divider/out_res_reg[30]_i_385__0_n_2
    SLICE_X3Y37          LUT3 (Prop_lut3_I0_O)        0.153    28.154 r  u_divider/out_res[30]_i_414__0/O
                         net (fo=1, routed)           0.000    28.154    u_divider/out_res[30]_i_414__0_n_0
    SLICE_X3Y37          CARRY4 (Prop_carry4_S[3]_CO[3])
                                                      0.233    28.387 r  u_divider/out_res_reg[30]_i_377__0/CO[3]
                         net (fo=1, routed)           0.000    28.387    u_divider/out_res_reg[30]_i_377__0_n_0
    SLICE_X3Y38          CARRY4 (Prop_carry4_CI_CO[3])
                                                      0.058    28.445 r  u_divider/out_res_reg[30]_i_372__0/CO[3]
                         net (fo=1, routed)           0.000    28.445    u_divider/out_res_reg[30]_i_372__0_n_0
    SLICE_X3Y39          CARRY4 (Prop_carry4_CI_CO[3])
                                                      0.058    28.503 r  u_divider/out_res_reg[30]_i_367__0/CO[3]
                         net (fo=1, routed)           0.000    28.503    u_divider/out_res_reg[30]_i_367__0_n_0
    SLICE_X3Y40          CARRY4 (Prop_carry4_CI_CO[3])
                                                      0.058    28.561 r  u_divider/out_res_reg[30]_i_362__0/CO[3]
                         net (fo=1, routed)           0.000    28.561    u_divider/out_res_reg[30]_i_362__0_n_0
    SLICE_X3Y41          CARRY4 (Prop_carry4_CI_CO[3])
                                                      0.058    28.619 r  u_divider/out_res_reg[30]_i_357__0/CO[3]
                         net (fo=1, routed)           0.000    28.619    u_divider/out_res_reg[30]_i_357__0_n_0
    SLICE_X3Y42          CARRY4 (Prop_carry4_CI_CO[3])
                                                      0.058    28.677 r  u_divider/out_res_reg[30]_i_354__0/CO[3]
                         net (fo=1, routed)           0.000    28.677    u_divider/out_res_reg[30]_i_354__0_n_0
    SLICE_X3Y43          CARRY4 (Prop_carry4_CI_CO[1])
                                                      0.094    28.771 r  u_divider/out_res_reg[30]_i_353__0/CO[1]
                         net (fo=27, routed)          1.389    30.160    dut/core1/mem_wb/u_divider/out_res_reg[30]_i_344__0[0]
    SLICE_X4Y33          LUT3 (Prop_lut3_I0_O)        0.152    30.312 r  dut/core1/mem_wb/u_divider/out_res[30]_i_384__0/O
                         net (fo=1, routed)           0.000    30.312    dut_n_2174
    SLICE_X4Y33          CARRY4 (Prop_carry4_S[1]_CO[3])
                                                      0.310    30.622 r  u_divider/out_res_reg[30]_i_344__0/CO[3]
                         net (fo=1, routed)           0.000    30.622    u_divider/out_res_reg[30]_i_344__0_n_0
    SLICE_X4Y34          CARRY4 (Prop_carry4_CI_CO[3])
                                                      0.060    30.682 r  u_divider/out_res_reg[30]_i_339__0/CO[3]
                         net (fo=1, routed)           0.000    30.682    u_divider/out_res_reg[30]_i_339__0_n_0
    SLICE_X4Y35          CARRY4 (Prop_carry4_CI_CO[3])
                                                      0.060    30.742 r  u_divider/out_res_reg[30]_i_334__0/CO[3]
                         net (fo=1, routed)           0.000    30.742    u_divider/out_res_reg[30]_i_334__0_n_0
    SLICE_X4Y36          CARRY4 (Prop_carry4_CI_CO[3])
                                                      0.060    30.802 r  u_divider/out_res_reg[30]_i_329__0/CO[3]
                         net (fo=1, routed)           0.000    30.802    u_divider/out_res_reg[30]_i_329__0_n_0
    SLICE_X4Y37          CARRY4 (Prop_carry4_CI_CO[3])
                                                      0.060    30.862 r  u_divider/out_res_reg[30]_i_324__0/CO[3]
                         net (fo=1, routed)           0.000    30.862    u_divider/out_res_reg[30]_i_324__0_n_0
    SLICE_X4Y38          CARRY4 (Prop_carry4_CI_CO[3])
                                                      0.060    30.922 r  u_divider/out_res_reg[30]_i_321__0/CO[3]
                         net (fo=1, routed)           0.000    30.922    u_divider/out_res_reg[30]_i_321__0_n_0
    SLICE_X4Y39          CARRY4 (Prop_carry4_CI_CO[1])
                                                      0.093    31.015 r  u_divider/out_res_reg[30]_i_320__0/CO[1]
                         net (fo=27, routed)          1.261    32.276    dut/core1/mem_wb/u_divider/out_res_reg[30]_i_311__0[0]
    SLICE_X7Y32          LUT3 (Prop_lut3_I0_O)        0.153    32.429 r  dut/core1/mem_wb/u_divider/out_res[30]_i_351__0/O
                         net (fo=1, routed)           0.000    32.429    dut_n_2175
    SLICE_X7Y32          CARRY4 (Prop_carry4_S[1]_CO[3])
                                                      0.324    32.753 r  u_divider/out_res_reg[30]_i_311__0/CO[3]
                         net (fo=1, routed)           0.000    32.753    u_divider/out_res_reg[30]_i_311__0_n_0
    SLICE_X7Y33          CARRY4 (Prop_carry4_CI_CO[3])
                                                      0.058    32.811 r  u_divider/out_res_reg[30]_i_306__0/CO[3]
                         net (fo=1, routed)           0.000    32.811    u_divider/out_res_reg[30]_i_306__0_n_0
    SLICE_X7Y34          CARRY4 (Prop_carry4_CI_CO[3])
                                                      0.058    32.869 r  u_divider/out_res_reg[30]_i_301__0/CO[3]
                         net (fo=1, routed)           0.000    32.869    u_divider/out_res_reg[30]_i_301__0_n_0
    SLICE_X7Y35          CARRY4 (Prop_carry4_CI_CO[3])
                                                      0.058    32.927 r  u_divider/out_res_reg[30]_i_296__0/CO[3]
                         net (fo=1, routed)           0.000    32.927    u_divider/out_res_reg[30]_i_296__0_n_0
    SLICE_X7Y36          CARRY4 (Prop_carry4_CI_CO[3])
                                                      0.058    32.985 r  u_divider/out_res_reg[30]_i_291__0/CO[3]
                         net (fo=1, routed)           0.000    32.985    u_divider/out_res_reg[30]_i_291__0_n_0
    SLICE_X7Y37          CARRY4 (Prop_carry4_CI_CO[3])
                                                      0.058    33.043 r  u_divider/out_res_reg[30]_i_288__0/CO[3]
                         net (fo=1, routed)           0.000    33.043    u_divider/out_res_reg[30]_i_288__0_n_0
    SLICE_X7Y38          CARRY4 (Prop_carry4_CI_CO[1])
                                                      0.094    33.137 r  u_divider/out_res_reg[30]_i_287__0/CO[1]
                         net (fo=27, routed)          1.425    34.562    dut/core1/mem_wb/u_divider/out_res_reg[30]_i_278__0[0]
    SLICE_X11Y32         LUT3 (Prop_lut3_I0_O)        0.152    34.714 r  dut/core1/mem_wb/u_divider/out_res[30]_i_318__0/O
                         net (fo=1, routed)           0.000    34.714    dut_n_2176
    SLICE_X11Y32         CARRY4 (Prop_carry4_S[1]_CO[3])
                                                      0.324    35.038 r  u_divider/out_res_reg[30]_i_278__0/CO[3]
                         net (fo=1, routed)           0.000    35.038    u_divider/out_res_reg[30]_i_278__0_n_0
    SLICE_X11Y33         CARRY4 (Prop_carry4_CI_CO[3])
                                                      0.058    35.096 r  u_divider/out_res_reg[30]_i_273__0/CO[3]
                         net (fo=1, routed)           0.000    35.096    u_divider/out_res_reg[30]_i_273__0_n_0
    SLICE_X11Y34         CARRY4 (Prop_carry4_CI_CO[3])
                                                      0.058    35.154 r  u_divider/out_res_reg[30]_i_268__0/CO[3]
                         net (fo=1, routed)           0.000    35.154    u_divider/out_res_reg[30]_i_268__0_n_0
    SLICE_X11Y35         CARRY4 (Prop_carry4_CI_CO[3])
                                                      0.058    35.212 r  u_divider/out_res_reg[30]_i_263__0/CO[3]
                         net (fo=1, routed)           0.000    35.212    u_divider/out_res_reg[30]_i_263__0_n_0
    SLICE_X11Y36         CARRY4 (Prop_carry4_CI_CO[3])
                                                      0.058    35.270 r  u_divider/out_res_reg[30]_i_258__0/CO[3]
                         net (fo=1, routed)           0.000    35.270    u_divider/out_res_reg[30]_i_258__0_n_0
    SLICE_X11Y37         CARRY4 (Prop_carry4_CI_CO[3])
                                                      0.058    35.328 r  u_divider/out_res_reg[30]_i_255__0/CO[3]
                         net (fo=1, routed)           0.000    35.328    u_divider/out_res_reg[30]_i_255__0_n_0
    SLICE_X11Y38         CARRY4 (Prop_carry4_CI_CO[1])
                                                      0.094    35.422 r  u_divider/out_res_reg[30]_i_254__0/CO[1]
                         net (fo=27, routed)          1.201    36.623    u_divider/out_res_reg[30]_i_254__0_n_2
    SLICE_X15Y32         LUT3 (Prop_lut3_I0_O)        0.152    36.775 r  u_divider/out_res[30]_i_284__0/O
                         net (fo=1, routed)           0.000    36.775    u_divider/out_res[30]_i_284__0_n_0
    SLICE_X15Y32         CARRY4 (Prop_carry4_S[2]_CO[3])
                                                      0.235    37.010 r  u_divider/out_res_reg[30]_i_245__0/CO[3]
                         net (fo=1, routed)           0.000    37.010    u_divider/out_res_reg[30]_i_245__0_n_0
    SLICE_X15Y33         CARRY4 (Prop_carry4_CI_CO[3])
                                                      0.058    37.068 r  u_divider/out_res_reg[30]_i_240__0/CO[3]
                         net (fo=1, routed)           0.000    37.068    u_divider/out_res_reg[30]_i_240__0_n_0
    SLICE_X15Y34         CARRY4 (Prop_carry4_CI_CO[3])
                                                      0.058    37.126 r  u_divider/out_res_reg[30]_i_235__0/CO[3]
                         net (fo=1, routed)           0.000    37.126    u_divider/out_res_reg[30]_i_235__0_n_0
    SLICE_X15Y35         CARRY4 (Prop_carry4_CI_CO[3])
                                                      0.058    37.184 r  u_divider/out_res_reg[30]_i_230__0/CO[3]
                         net (fo=1, routed)           0.000    37.184    u_divider/out_res_reg[30]_i_230__0_n_0
    SLICE_X15Y36         CARRY4 (Prop_carry4_CI_CO[3])
                                                      0.058    37.242 r  u_divider/out_res_reg[30]_i_225__0/CO[3]
                         net (fo=1, routed)           0.000    37.242    u_divider/out_res_reg[30]_i_225__0_n_0
    SLICE_X15Y37         CARRY4 (Prop_carry4_CI_CO[3])
                                                      0.058    37.300 r  u_divider/out_res_reg[30]_i_222__0/CO[3]
                         net (fo=1, routed)           0.000    37.300    u_divider/out_res_reg[30]_i_222__0_n_0
    SLICE_X15Y38         CARRY4 (Prop_carry4_CI_CO[1])
                                                      0.094    37.394 r  u_divider/out_res_reg[30]_i_221__0/CO[1]
                         net (fo=27, routed)          1.155    38.548    u_divider/out_res_reg[30]_i_221__0_n_2
    SLICE_X15Y42         LUT3 (Prop_lut3_I0_O)        0.152    38.700 r  u_divider/out_res[30]_i_237__0/O
                         net (fo=1, routed)           0.000    38.700    u_divider/out_res[30]_i_237__0_n_0
    SLICE_X15Y42         CARRY4 (Prop_carry4_S[2]_CO[3])
                                                      0.235    38.935 r  u_divider/out_res_reg[30]_i_197__0/CO[3]
                         net (fo=1, routed)           0.000    38.935    u_divider/out_res_reg[30]_i_197__0_n_0
    SLICE_X15Y43         CARRY4 (Prop_carry4_CI_CO[3])
                                                      0.058    38.993 r  u_divider/out_res_reg[30]_i_192__0/CO[3]
                         net (fo=1, routed)           0.000    38.993    u_divider/out_res_reg[30]_i_192__0_n_0
    SLICE_X15Y44         CARRY4 (Prop_carry4_CI_CO[3])
                                                      0.058    39.051 r  u_divider/out_res_reg[30]_i_189__0/CO[3]
                         net (fo=1, routed)           0.000    39.051    u_divider/out_res_reg[30]_i_189__0_n_0
    SLICE_X15Y45         CARRY4 (Prop_carry4_CI_CO[1])
                                                      0.094    39.145 r  u_divider/out_res_reg[30]_i_188__0/CO[1]
                         net (fo=27, routed)          1.816    40.961    u_divider/out_res_reg[30]_i_188__0_n_2
    SLICE_X11Y39         LUT3 (Prop_lut3_I0_O)        0.152    41.113 r  u_divider/out_res[30]_i_218__0/O
                         net (fo=1, routed)           0.000    41.113    u_divider/out_res[30]_i_218__0_n_0
    SLICE_X11Y39         CARRY4 (Prop_carry4_S[2]_CO[3])
                                                      0.235    41.348 r  u_divider/out_res_reg[30]_i_179__0/CO[3]
                         net (fo=1, routed)           0.000    41.348    u_divider/out_res_reg[30]_i_179__0_n_0
    SLICE_X11Y40         CARRY4 (Prop_carry4_CI_CO[3])
                                                      0.058    41.406 r  u_divider/out_res_reg[30]_i_174__0/CO[3]
                         net (fo=1, routed)           0.000    41.406    u_divider/out_res_reg[30]_i_174__0_n_0
    SLICE_X11Y41         CARRY4 (Prop_carry4_CI_CO[3])
                                                      0.058    41.464 r  u_divider/out_res_reg[30]_i_169__0/CO[3]
                         net (fo=1, routed)           0.000    41.464    u_divider/out_res_reg[30]_i_169__0_n_0
    SLICE_X11Y42         CARRY4 (Prop_carry4_CI_CO[3])
                                                      0.058    41.522 r  u_divider/out_res_reg[30]_i_164__0/CO[3]
                         net (fo=1, routed)           0.000    41.522    u_divider/out_res_reg[30]_i_164__0_n_0
    SLICE_X11Y43         CARRY4 (Prop_carry4_CI_CO[3])
                                                      0.058    41.580 r  u_divider/out_res_reg[30]_i_159__0/CO[3]
                         net (fo=1, routed)           0.000    41.580    u_divider/out_res_reg[30]_i_159__0_n_0
    SLICE_X11Y44         CARRY4 (Prop_carry4_CI_CO[3])
                                                      0.058    41.638 r  u_divider/out_res_reg[30]_i_156__0/CO[3]
                         net (fo=1, routed)           0.000    41.638    u_divider/out_res_reg[30]_i_156__0_n_0
    SLICE_X11Y45         CARRY4 (Prop_carry4_CI_CO[1])
                                                      0.094    41.732 r  u_divider/out_res_reg[30]_i_155__0/CO[1]
                         net (fo=27, routed)          1.479    43.211    u_divider/out_res_reg[30]_i_155__0_n_2
    SLICE_X9Y39          LUT3 (Prop_lut3_I0_O)        0.152    43.363 r  u_divider/out_res[30]_i_185__0/O
                         net (fo=1, routed)           0.000    43.363    u_divider/out_res[30]_i_185__0_n_0
    SLICE_X9Y39          CARRY4 (Prop_carry4_S[2]_CO[3])
                                                      0.235    43.598 r  u_divider/out_res_reg[30]_i_146__0/CO[3]
                         net (fo=1, routed)           0.000    43.598    u_divider/out_res_reg[30]_i_146__0_n_0
    SLICE_X9Y40          CARRY4 (Prop_carry4_CI_CO[3])
                                                      0.058    43.656 r  u_divider/out_res_reg[30]_i_141__0/CO[3]
                         net (fo=1, routed)           0.000    43.656    u_divider/out_res_reg[30]_i_141__0_n_0
    SLICE_X9Y41          CARRY4 (Prop_carry4_CI_CO[3])
                                                      0.058    43.714 r  u_divider/out_res_reg[30]_i_136__0/CO[3]
                         net (fo=1, routed)           0.000    43.714    u_divider/out_res_reg[30]_i_136__0_n_0
    SLICE_X9Y42          CARRY4 (Prop_carry4_CI_CO[3])
                                                      0.058    43.772 r  u_divider/out_res_reg[30]_i_131__0/CO[3]
                         net (fo=1, routed)           0.000    43.772    u_divider/out_res_reg[30]_i_131__0_n_0
    SLICE_X9Y43          CARRY4 (Prop_carry4_CI_CO[3])
                                                      0.058    43.830 r  u_divider/out_res_reg[30]_i_126__0/CO[3]
                         net (fo=1, routed)           0.000    43.830    u_divider/out_res_reg[30]_i_126__0_n_0
    SLICE_X9Y44          CARRY4 (Prop_carry4_CI_CO[3])
                                                      0.058    43.888 r  u_divider/out_res_reg[30]_i_123__0/CO[3]
                         net (fo=1, routed)           0.000    43.888    u_divider/out_res_reg[30]_i_123__0_n_0
    SLICE_X9Y45          CARRY4 (Prop_carry4_CI_CO[1])
                                                      0.094    43.982 r  u_divider/out_res_reg[30]_i_122__0/CO[1]
                         net (fo=27, routed)          1.441    45.424    u_divider/out_res_reg[30]_i_122__0_n_2
    SLICE_X13Y52         LUT2 (Prop_lut2_I0_O)        0.152    45.576 r  u_divider/out_res[30]_i_124__0/O
                         net (fo=1, routed)           0.000    45.576    u_divider/out_res[30]_i_124__0_n_0
    SLICE_X13Y52         CARRY4 (Prop_carry4_S[1]_CO[1])
                                                      0.302    45.878 r  u_divider/out_res_reg[30]_i_92__0/CO[1]
                         net (fo=27, routed)          1.310    47.187    dut/core1/mem_wb/u_divider/i__carry_i_124__0[0]
    SLICE_X13Y39         LUT3 (Prop_lut3_I0_O)        0.152    47.339 r  dut/core1/mem_wb/u_divider/i__carry_i_149__0/O
                         net (fo=1, routed)           0.000    47.339    dut_n_2182
    SLICE_X13Y39         CARRY4 (Prop_carry4_S[1]_CO[3])
                                                      0.324    47.663 r  u_divider/i__carry_i_124__0/CO[3]
                         net (fo=1, routed)           0.000    47.663    u_divider/i__carry_i_124__0_n_0
    SLICE_X13Y40         CARRY4 (Prop_carry4_CI_CO[3])
                                                      0.058    47.721 r  u_divider/out_res_reg[30]_i_86__0/CO[3]
                         net (fo=1, routed)           0.000    47.721    u_divider/out_res_reg[30]_i_86__0_n_0
    SLICE_X13Y41         CARRY4 (Prop_carry4_CI_CO[3])
                                                      0.058    47.779 r  u_divider/out_res_reg[30]_i_81__0/CO[3]
                         net (fo=1, routed)           0.000    47.779    u_divider/out_res_reg[30]_i_81__0_n_0
    SLICE_X13Y42         CARRY4 (Prop_carry4_CI_CO[3])
                                                      0.058    47.837 r  u_divider/out_res_reg[30]_i_76__0/CO[3]
                         net (fo=1, routed)           0.000    47.837    u_divider/out_res_reg[30]_i_76__0_n_0
    SLICE_X13Y43         CARRY4 (Prop_carry4_CI_CO[3])
                                                      0.058    47.895 r  u_divider/out_res_reg[30]_i_71__0/CO[3]
                         net (fo=1, routed)           0.000    47.895    u_divider/out_res_reg[30]_i_71__0_n_0
    SLICE_X13Y44         CARRY4 (Prop_carry4_CI_CO[3])
                                                      0.058    47.953 r  u_divider/out_res_reg[30]_i_68__0/CO[3]
                         net (fo=1, routed)           0.000    47.953    u_divider/out_res_reg[30]_i_68__0_n_0
    SLICE_X13Y45         CARRY4 (Prop_carry4_CI_CO[1])
                                                      0.094    48.047 r  u_divider/out_res_reg[30]_i_67__0/CO[1]
                         net (fo=27, routed)          1.406    49.453    u_divider/out_res_reg[30]_i_67__0_n_2
    SLICE_X19Y39         LUT3 (Prop_lut3_I0_O)        0.152    49.605 r  u_divider/i__carry_i_145__0/O
                         net (fo=1, routed)           0.000    49.605    u_divider/i__carry_i_145__0_n_0
    SLICE_X19Y39         CARRY4 (Prop_carry4_S[2]_CO[3])
                                                      0.235    49.840 r  u_divider/i__carry_i_119__0/CO[3]
                         net (fo=1, routed)           0.000    49.840    u_divider/i__carry_i_119__0_n_0
    SLICE_X19Y40         CARRY4 (Prop_carry4_CI_CO[3])
                                                      0.058    49.898 r  u_divider/i__carry_i_93__0/CO[3]
                         net (fo=1, routed)           0.000    49.898    u_divider/i__carry_i_93__0_n_0
    SLICE_X19Y41         CARRY4 (Prop_carry4_CI_CO[3])
                                                      0.058    49.956 r  u_divider/out_res_reg[30]_i_61__0/CO[3]
                         net (fo=1, routed)           0.000    49.956    u_divider/out_res_reg[30]_i_61__0_n_0
    SLICE_X19Y42         CARRY4 (Prop_carry4_CI_CO[3])
                                                      0.058    50.014 r  u_divider/out_res_reg[30]_i_56__0/CO[3]
                         net (fo=1, routed)           0.000    50.014    u_divider/out_res_reg[30]_i_56__0_n_0
    SLICE_X19Y43         CARRY4 (Prop_carry4_CI_CO[3])
                                                      0.058    50.072 r  u_divider/out_res_reg[30]_i_51__0/CO[3]
                         net (fo=1, routed)           0.000    50.072    u_divider/out_res_reg[30]_i_51__0_n_0
    SLICE_X19Y44         CARRY4 (Prop_carry4_CI_CO[3])
                                                      0.058    50.130 r  u_divider/out_res_reg[30]_i_48__0/CO[3]
                         net (fo=1, routed)           0.000    50.130    u_divider/out_res_reg[30]_i_48__0_n_0
    SLICE_X19Y45         CARRY4 (Prop_carry4_CI_CO[1])
                                                      0.094    50.224 r  u_divider/out_res_reg[30]_i_47__0/CO[1]
                         net (fo=27, routed)          1.431    51.655    u_divider/out_res_reg[30]_i_47__0_n_2
    SLICE_X17Y39         LUT3 (Prop_lut3_I0_O)        0.152    51.807 r  u_divider/i__carry_i_141__0/O
                         net (fo=1, routed)           0.000    51.807    u_divider/i__carry_i_141__0_n_0
    SLICE_X17Y39         CARRY4 (Prop_carry4_S[3]_CO[3])
                                                      0.233    52.040 r  u_divider/i__carry_i_114__0/CO[3]
                         net (fo=1, routed)           0.000    52.040    u_divider/i__carry_i_114__0_n_0
    SLICE_X17Y40         CARRY4 (Prop_carry4_CI_CO[3])
                                                      0.058    52.098 r  u_divider/i__carry_i_88__0/CO[3]
                         net (fo=1, routed)           0.000    52.098    u_divider/i__carry_i_88__0_n_0
    SLICE_X17Y41         CARRY4 (Prop_carry4_CI_CO[3])
                                                      0.058    52.156 r  u_divider/i__carry_i_67__0/CO[3]
                         net (fo=1, routed)           0.000    52.156    u_divider/i__carry_i_67__0_n_0
    SLICE_X17Y42         CARRY4 (Prop_carry4_CI_CO[3])
                                                      0.058    52.214 r  u_divider/out_res_reg[30]_i_41__0/CO[3]
                         net (fo=1, routed)           0.000    52.214    u_divider/out_res_reg[30]_i_41__0_n_0
    SLICE_X17Y43         CARRY4 (Prop_carry4_CI_CO[3])
                                                      0.058    52.272 r  u_divider/out_res_reg[30]_i_36__0/CO[3]
                         net (fo=1, routed)           0.000    52.272    u_divider/out_res_reg[30]_i_36__0_n_0
    SLICE_X17Y44         CARRY4 (Prop_carry4_CI_CO[3])
                                                      0.058    52.330 r  u_divider/out_res_reg[30]_i_33__0/CO[3]
                         net (fo=1, routed)           0.000    52.330    u_divider/out_res_reg[30]_i_33__0_n_0
    SLICE_X17Y45         CARRY4 (Prop_carry4_CI_CO[1])
                                                      0.094    52.424 r  u_divider/out_res_reg[30]_i_32__0/CO[1]
                         net (fo=27, routed)          1.557    53.981    u_divider/out_res_reg[30]_i_32__0_n_2
    SLICE_X17Y49         LUT3 (Prop_lut3_I0_O)        0.152    54.133 r  u_divider/i__carry_i_71__0/O
                         net (fo=1, routed)           0.000    54.133    u_divider/i__carry_i_71__0_n_0
    SLICE_X17Y49         CARRY4 (Prop_carry4_S[0]_CO[3])
                                                      0.313    54.446 r  u_divider/i__carry_i_46__0/CO[3]
                         net (fo=1, routed)           0.001    54.447    u_divider/i__carry_i_46__0_n_0
    SLICE_X17Y50         CARRY4 (Prop_carry4_CI_CO[3])
                                                      0.058    54.505 r  u_divider/out_res_reg[30]_i_26__0/CO[3]
                         net (fo=1, routed)           0.000    54.505    u_divider/out_res_reg[30]_i_26__0_n_0
    SLICE_X17Y51         CARRY4 (Prop_carry4_CI_CO[3])
                                                      0.058    54.563 r  u_divider/out_res_reg[30]_i_23__0/CO[3]
                         net (fo=1, routed)           0.000    54.563    u_divider/out_res_reg[30]_i_23__0_n_0
    SLICE_X17Y52         CARRY4 (Prop_carry4_CI_CO[1])
                                                      0.094    54.657 r  u_divider/out_res_reg[30]_i_22__0/CO[1]
                         net (fo=27, routed)          1.116    55.773    dut/core1/mem_wb/u_divider/i__carry_i_104__0[0]
    SLICE_X19Y46         LUT3 (Prop_lut3_I0_O)        0.152    55.925 r  dut/core1/mem_wb/u_divider/i__carry_i_137__0/O
                         net (fo=1, routed)           0.000    55.925    dut_n_2186
    SLICE_X19Y46         CARRY4 (Prop_carry4_S[1]_CO[3])
                                                      0.324    56.249 r  u_divider/i__carry_i_104__0/CO[3]
                         net (fo=1, routed)           0.000    56.249    u_divider/i__carry_i_104__0_n_0
    SLICE_X19Y47         CARRY4 (Prop_carry4_CI_CO[3])
                                                      0.058    56.307 r  u_divider/i__carry_i_78__0/CO[3]
                         net (fo=1, routed)           0.000    56.307    u_divider/i__carry_i_78__0_n_0
    SLICE_X19Y48         CARRY4 (Prop_carry4_CI_CO[3])
                                                      0.058    56.365 r  u_divider/i__carry_i_57__0/CO[3]
                         net (fo=1, routed)           0.000    56.365    u_divider/i__carry_i_57__0_n_0
    SLICE_X19Y49         CARRY4 (Prop_carry4_CI_CO[3])
                                                      0.058    56.423 r  u_divider/i__carry_i_41__0/CO[3]
                         net (fo=1, routed)           0.001    56.424    u_divider/i__carry_i_41__0_n_0
    SLICE_X19Y50         CARRY4 (Prop_carry4_CI_CO[3])
                                                      0.058    56.482 r  u_divider/i__carry_i_30__0/CO[3]
                         net (fo=1, routed)           0.000    56.482    u_divider/i__carry_i_30__0_n_0
    SLICE_X19Y51         CARRY4 (Prop_carry4_CI_CO[3])
                                                      0.058    56.540 r  u_divider/out_res_reg[30]_i_15__0/CO[3]
                         net (fo=1, routed)           0.000    56.540    u_divider/out_res_reg[30]_i_15__0_n_0
    SLICE_X19Y52         CARRY4 (Prop_carry4_CI_CO[1])
                                                      0.094    56.634 r  u_divider/out_res_reg[30]_i_14__0/CO[1]
                         net (fo=27, routed)          1.191    57.825    dut/core1/mem_wb/u_divider/i__carry_i_99__0[0]
    SLICE_X21Y46         LUT3 (Prop_lut3_I0_O)        0.152    57.977 r  dut/core1/mem_wb/u_divider/i__carry_i_134__0/O
                         net (fo=1, routed)           0.000    57.977    dut_n_2187
    SLICE_X21Y46         CARRY4 (Prop_carry4_S[1]_CO[3])
                                                      0.324    58.301 r  u_divider/i__carry_i_99__0/CO[3]
                         net (fo=1, routed)           0.000    58.301    u_divider/i__carry_i_99__0_n_0
    SLICE_X21Y47         CARRY4 (Prop_carry4_CI_CO[3])
                                                      0.058    58.359 r  u_divider/i__carry_i_73__0/CO[3]
                         net (fo=1, routed)           0.000    58.359    u_divider/i__carry_i_73__0_n_0
    SLICE_X21Y48         CARRY4 (Prop_carry4_CI_CO[3])
                                                      0.058    58.417 r  u_divider/i__carry_i_52__0/CO[3]
                         net (fo=1, routed)           0.000    58.417    u_divider/i__carry_i_52__0_n_0
    SLICE_X21Y49         CARRY4 (Prop_carry4_CI_CO[3])
                                                      0.058    58.475 r  u_divider/i__carry_i_36__0/CO[3]
                         net (fo=1, routed)           0.001    58.476    u_divider/i__carry_i_36__0_n_0
    SLICE_X21Y50         CARRY4 (Prop_carry4_CI_CO[3])
                                                      0.058    58.534 r  u_divider/i__carry_i_25__0/CO[3]
                         net (fo=1, routed)           0.000    58.534    u_divider/i__carry_i_25__0_n_0
    SLICE_X21Y51         CARRY4 (Prop_carry4_CI_CO[3])
                                                      0.058    58.592 r  u_divider/i__carry_i_15__0/CO[3]
                         net (fo=1, routed)           0.000    58.592    u_divider/i__carry_i_15__0_n_0
    SLICE_X21Y52         CARRY4 (Prop_carry4_CI_CO[1])
                                                      0.094    58.686 r  u_divider/out_res_reg[30]_i_8__0/CO[1]
                         net (fo=70, routed)          1.150    59.835    u_divider/out_res_reg[30]_i_8__0_n_2
    SLICE_X21Y58         LUT3 (Prop_lut3_I0_O)        0.152    59.987 r  u_divider/i__carry_i_28__0/O
                         net (fo=1, routed)           0.000    59.987    u_divider/i__carry_i_28__0_n_0
    SLICE_X21Y58         CARRY4 (Prop_carry4_S[1]_CO[3])
                                                      0.324    60.311 r  u_divider/i__carry_i_14__0/CO[3]
                         net (fo=1, routed)           0.000    60.311    u_divider/i__carry_i_14__0_n_0
    SLICE_X21Y59         CARRY4 (Prop_carry4_CI_CO[1])
                                                      0.094    60.405 r  u_divider/i__carry_i_11__0/CO[1]
                         net (fo=39, routed)          1.221    61.627    dut/core1/mem_wb/u_divider/out_res_reg[21]_i_35__0[0]
    SLICE_X20Y53         LUT2 (Prop_lut2_I1_O)        0.152    61.779 r  dut/core1/mem_wb/u_divider/out_res[21]_i_44__0/O
                         net (fo=1, routed)           0.000    61.779    dut_n_2255
    SLICE_X20Y53         CARRY4 (Prop_carry4_S[1]_CO[3])
                                                      0.310    62.089 r  u_divider/out_res_reg[21]_i_35__0/CO[3]
                         net (fo=1, routed)           0.000    62.089    u_divider/out_res_reg[21]_i_35__0_n_0
    SLICE_X20Y54         CARRY4 (Prop_carry4_CI_CO[3])
                                                      0.060    62.149 r  u_divider/out_res_reg[21]_i_29__0/CO[3]
                         net (fo=1, routed)           0.000    62.149    u_divider/out_res_reg[21]_i_29__0_n_0
    SLICE_X20Y55         CARRY4 (Prop_carry4_CI_CO[3])
                                                      0.060    62.209 r  u_divider/out_res_reg[21]_i_23__0/CO[3]
                         net (fo=1, routed)           0.000    62.209    u_divider/out_res_reg[21]_i_23__0_n_0
    SLICE_X20Y56         CARRY4 (Prop_carry4_CI_CO[3])
                                                      0.060    62.269 r  u_divider/out_res_reg[21]_i_17__0/CO[3]
                         net (fo=1, routed)           0.000    62.269    u_divider/out_res_reg[21]_i_17__0_n_0
    SLICE_X20Y57         CARRY4 (Prop_carry4_CI_CO[3])
                                                      0.060    62.329 r  u_divider/out_res_reg[21]_i_11__0/CO[3]
                         net (fo=1, routed)           0.000    62.329    u_divider/out_res_reg[21]_i_11__0_n_0
    SLICE_X20Y58         CARRY4 (Prop_carry4_CI_CO[3])
                                                      0.060    62.389 r  u_divider/out_res_reg[21]_i_7__0/CO[3]
                         net (fo=1, routed)           0.000    62.389    u_divider/out_res_reg[21]_i_7__0_n_0
    SLICE_X20Y59         CARRY4 (Prop_carry4_CI_CO[1])
                                                      0.093    62.482 r  u_divider/out_res_reg[21]_i_5__0/CO[1]
                         net (fo=32, routed)          1.546    64.028    dut/core1/execute_unit/u_fpu/u_divider/out_res_reg[21]_0[0]
    SLICE_X27Y55         LUT5 (Prop_lut5_I0_O)        0.153    64.181 r  dut/core1/execute_unit/u_fpu/u_divider/i__carry_i_18__10/O
                         net (fo=3, routed)           0.684    64.865    dut/core1/execute_unit/u_fpu/u_divider/i__carry_i_18__10_n_0
    SLICE_X27Y54         LUT6 (Prop_lut6_I0_O)        0.053    64.918 r  dut/core1/execute_unit/u_fpu/u_divider/i__carry_i_13__25/O
                         net (fo=33, routed)          0.699    65.617    dut/core1/execute_unit/u_fpu/u_divider/i__carry_i_13__25_n_0
    SLICE_X31Y53         LUT4 (Prop_lut4_I3_O)        0.053    65.670 r  dut/core1/execute_unit/u_fpu/u_divider/i__carry_i_8__49/O
                         net (fo=1, routed)           0.000    65.670    dut/core1/execute_unit/u_fpu/u_divider/i__carry_i_8__49_n_0
    SLICE_X31Y53         CARRY4 (Prop_carry4_S[0]_CO[3])
                                                      0.313    65.983 r  dut/core1/execute_unit/u_fpu/u_divider/exp_norm0_inferred__0/i__carry/CO[3]
                         net (fo=1, routed)           0.000    65.983    dut/core1/execute_unit/u_fpu/u_divider/exp_norm0_inferred__0/i__carry_n_0
    SLICE_X31Y54         CARRY4 (Prop_carry4_CI_O[0])
                                                      0.139    66.122 f  dut/core1/execute_unit/u_fpu/u_divider/exp_norm0_inferred__0/i__carry__0/O[0]
                         net (fo=3, routed)           0.565    66.687    dut/core1/execute_unit/u_fpu/u_divider/exp_norm[4]
    SLICE_X29Y54         LUT6 (Prop_lut6_I4_O)        0.155    66.842 f  dut/core1/execute_unit/u_fpu/u_divider/i__carry_i_12__31/O
                         net (fo=1, routed)           0.414    67.256    dut/core1/execute_unit/u_fpu/u_divider/i__carry_i_12__31_n_0
    SLICE_X29Y55         LUT6 (Prop_lut6_I1_O)        0.053    67.309 r  dut/core1/execute_unit/u_fpu/u_divider/i__carry_i_11__31/O
                         net (fo=4, routed)           0.479    67.788    dut/core1/execute_unit/u_fpu/u_divider/i__carry_i_11__31_n_0
    SLICE_X28Y57         LUT6 (Prop_lut6_I5_O)        0.053    67.841 r  dut/core1/execute_unit/u_fpu/u_divider/i__carry_i_5__48/O
                         net (fo=32, routed)          0.667    68.508    dut/core1/execute_unit/u_fpu/u_divider/i__carry_i_5__48_n_0
    SLICE_X28Y54         LUT2 (Prop_lut2_I1_O)        0.053    68.561 r  dut/core1/execute_unit/u_fpu/u_divider/i__carry_i_4__29/O
                         net (fo=1, routed)           0.000    68.561    dut/core1/execute_unit/u_fpu/u_divider/i__carry_i_4__29_n_0
    SLICE_X28Y54         CARRY4 (Prop_carry4_S[0]_CO[3])
                                                      0.313    68.874 r  dut/core1/execute_unit/u_fpu/u_divider/exp_norm0_inferred__1/i__carry/CO[3]
                         net (fo=1, routed)           0.000    68.874    dut/core1/execute_unit/u_fpu/u_divider/exp_norm0_inferred__1/i__carry_n_0
    SLICE_X28Y55         CARRY4 (Prop_carry4_CI_O[1])
                                                      0.213    69.087 f  dut/core1/execute_unit/u_fpu/u_divider/exp_norm0_inferred__1/i__carry__0/O[1]
                         net (fo=3, routed)           0.603    69.689    dut/core1/execute_unit/u_fpu/u_divider/exp_norm0_inferred__1/i__carry__0_n_6
    SLICE_X29Y55         LUT6 (Prop_lut6_I0_O)        0.152    69.841 f  dut/core1/execute_unit/u_fpu/u_divider/i__carry_i_8__43/O
                         net (fo=1, routed)           0.804    70.646    dut/core1/execute_unit/u_fpu/u_divider/i__carry_i_8__43_n_0
    SLICE_X28Y57         LUT6 (Prop_lut6_I1_O)        0.053    70.699 r  dut/core1/execute_unit/u_fpu/u_divider/i__carry_i_7__43/O
                         net (fo=2, routed)           0.325    71.023    dut/core1/execute_unit/u_fpu/u_divider/i__carry_i_7__43_n_0
    SLICE_X28Y57         LUT6 (Prop_lut6_I5_O)        0.053    71.076 r  dut/core1/execute_unit/u_fpu/u_divider/i__carry_i_5__47/O
                         net (fo=30, routed)          0.303    71.379    dut/core1/execute_unit/u_fpu/u_divider/i__carry_i_5__47_n_0
    SLICE_X29Y56         LUT2 (Prop_lut2_I1_O)        0.053    71.432 r  dut/core1/execute_unit/u_fpu/u_divider/i__carry_i_4__30/O
                         net (fo=1, routed)           0.000    71.432    dut/core1/execute_unit/u_fpu/u_divider/i__carry_i_4__30_n_0
    SLICE_X29Y56         CARRY4 (Prop_carry4_S[0]_CO[3])
                                                      0.313    71.745 r  dut/core1/execute_unit/u_fpu/u_divider/exp_norm0_inferred__2/i__carry/CO[3]
                         net (fo=1, routed)           0.000    71.745    dut/core1/execute_unit/u_fpu/u_divider/exp_norm0_inferred__2/i__carry_n_0
    SLICE_X29Y57         CARRY4 (Prop_carry4_CI_O[0])
                                                      0.139    71.884 f  dut/core1/execute_unit/u_fpu/u_divider/exp_norm0_inferred__2/i__carry__0/O[0]
                         net (fo=3, routed)           0.577    72.461    dut/core1/execute_unit/u_fpu/u_divider/exp_norm0_inferred__2/i__carry__0_n_7
    SLICE_X25Y57         LUT6 (Prop_lut6_I4_O)        0.155    72.616 f  dut/core1/execute_unit/u_fpu/u_divider/i__carry_i_12__32/O
                         net (fo=1, routed)           0.407    73.023    dut/core1/execute_unit/u_fpu/u_divider/i__carry_i_12__32_n_0
    SLICE_X25Y58         LUT6 (Prop_lut6_I1_O)        0.053    73.076 r  dut/core1/execute_unit/u_fpu/u_divider/i__carry_i_9__28/O
                         net (fo=3, routed)           0.659    73.735    dut/core1/execute_unit/u_fpu/u_divider/i__carry_i_9__28_n_0
    SLICE_X27Y57         LUT6 (Prop_lut6_I5_O)        0.053    73.788 r  dut/core1/execute_unit/u_fpu/u_divider/i__carry_i_5__46/O
                         net (fo=28, routed)          0.424    74.212    dut/core1/execute_unit/u_fpu/u_divider/i__carry_i_5__46_n_0
    SLICE_X24Y57         LUT2 (Prop_lut2_I1_O)        0.053    74.265 r  dut/core1/execute_unit/u_fpu/u_divider/i__carry_i_4__31/O
                         net (fo=1, routed)           0.000    74.265    dut/core1/execute_unit/u_fpu/u_divider/i__carry_i_4__31_n_0
    SLICE_X24Y57         CARRY4 (Prop_carry4_S[0]_CO[3])
                                                      0.313    74.578 r  dut/core1/execute_unit/u_fpu/u_divider/exp_norm0_inferred__3/i__carry/CO[3]
                         net (fo=1, routed)           0.000    74.578    dut/core1/execute_unit/u_fpu/u_divider/exp_norm0_inferred__3/i__carry_n_0
    SLICE_X24Y58         CARRY4 (Prop_carry4_CI_O[3])
                                                      0.179    74.757 f  dut/core1/execute_unit/u_fpu/u_divider/exp_norm0_inferred__3/i__carry__0/O[3]
                         net (fo=3, routed)           0.681    75.438    dut/core1/execute_unit/u_fpu/u_divider/exp_norm0_inferred__3/i__carry__0_n_4
    SLICE_X25Y59         LUT6 (Prop_lut6_I2_O)        0.142    75.580 f  dut/core1/execute_unit/u_fpu/u_divider/i__carry_i_11__32/O
                         net (fo=1, routed)           0.457    76.037    dut/core1/execute_unit/u_fpu/u_divider/i__carry_i_11__32_n_0
    SLICE_X25Y59         LUT6 (Prop_lut6_I1_O)        0.053    76.090 r  dut/core1/execute_unit/u_fpu/u_divider/i__carry_i_9__29/O
                         net (fo=1, routed)           0.128    76.218    dut/core1/execute_unit/u_fpu/u_divider/i__carry_i_9__29_n_0
    SLICE_X25Y59         LUT6 (Prop_lut6_I5_O)        0.053    76.271 r  dut/core1/execute_unit/u_fpu/u_divider/i__carry_i_5__45/O
                         net (fo=29, routed)          0.724    76.996    dut/core1/execute_unit/u_fpu/u_divider/i__carry_i_5__45_n_0
    SLICE_X23Y59         LUT2 (Prop_lut2_I1_O)        0.053    77.049 r  dut/core1/execute_unit/u_fpu/u_divider/i__carry_i_4__32/O
                         net (fo=1, routed)           0.000    77.049    dut/core1/execute_unit/u_fpu/u_divider/i__carry_i_4__32_n_0
    SLICE_X23Y59         CARRY4 (Prop_carry4_S[0]_CO[3])
                                                      0.313    77.362 r  dut/core1/execute_unit/u_fpu/u_divider/exp_norm0_inferred__4/i__carry/CO[3]
                         net (fo=1, routed)           0.000    77.362    dut/core1/execute_unit/u_fpu/u_divider/exp_norm0_inferred__4/i__carry_n_0
    SLICE_X23Y60         CARRY4 (Prop_carry4_CI_O[3])
                                                      0.179    77.541 f  dut/core1/execute_unit/u_fpu/u_divider/exp_norm0_inferred__4/i__carry__0/O[3]
                         net (fo=3, routed)           0.959    78.499    dut/core1/execute_unit/u_fpu/u_divider/exp_norm0_inferred__4/i__carry__0_n_4
    SLICE_X9Y61          LUT6 (Prop_lut6_I2_O)        0.142    78.641 f  dut/core1/execute_unit/u_fpu/u_divider/i__carry_i_10__36/O
                         net (fo=1, routed)           0.294    78.935    dut/core1/execute_unit/u_fpu/u_divider/i__carry_i_10__36_n_0
    SLICE_X9Y62          LUT6 (Prop_lut6_I1_O)        0.053    78.988 r  dut/core1/execute_unit/u_fpu/u_divider/i__carry_i_8__44/O
                         net (fo=4, routed)           0.417    79.405    dut/core1/execute_unit/u_fpu/u_divider/i__carry_i_8__44_n_0
    SLICE_X9Y63          LUT4 (Prop_lut4_I3_O)        0.053    79.458 r  dut/core1/execute_unit/u_fpu/u_divider/i__carry_i_5__44/O
                         net (fo=26, routed)          0.454    79.912    dut/core1/execute_unit/u_fpu/u_divider/i__carry_i_5__44_n_0
    SLICE_X7Y61          LUT2 (Prop_lut2_I1_O)        0.053    79.965 r  dut/core1/execute_unit/u_fpu/u_divider/i__carry_i_4__33/O
                         net (fo=1, routed)           0.000    79.965    dut/core1/execute_unit/u_fpu/u_divider/i__carry_i_4__33_n_0
    SLICE_X7Y61          CARRY4 (Prop_carry4_S[0]_CO[3])
                                                      0.313    80.278 r  dut/core1/execute_unit/u_fpu/u_divider/exp_norm0_inferred__5/i__carry/CO[3]
                         net (fo=1, routed)           0.000    80.278    dut/core1/execute_unit/u_fpu/u_divider/exp_norm0_inferred__5/i__carry_n_0
    SLICE_X7Y62          CARRY4 (Prop_carry4_CI_CO[3])
                                                      0.058    80.336 r  dut/core1/execute_unit/u_fpu/u_divider/exp_norm0_inferred__5/i__carry__0/CO[3]
                         net (fo=1, routed)           0.000    80.336    dut/core1/execute_unit/u_fpu/u_divider/exp_norm0_inferred__5/i__carry__0_n_0
    SLICE_X7Y63          CARRY4 (Prop_carry4_CI_O[1])
                                                      0.213    80.549 f  dut/core1/execute_unit/u_fpu/u_divider/exp_norm0_inferred__5/i__carry__1/O[1]
                         net (fo=3, routed)           0.768    81.318    dut/core1/execute_unit/u_fpu/u_divider/exp_norm0_inferred__5/i__carry__1_n_6
    SLICE_X5Y62          LUT6 (Prop_lut6_I3_O)        0.152    81.470 r  dut/core1/execute_unit/u_fpu/u_divider/i__carry_i_7__44/O
                         net (fo=1, routed)           0.607    82.076    dut/core1/execute_unit/u_fpu/u_divider/i__carry_i_7__44_n_0
    SLICE_X9Y63          LUT6 (Prop_lut6_I5_O)        0.053    82.129 r  dut/core1/execute_unit/u_fpu/u_divider/i__carry_i_5__43/O
                         net (fo=27, routed)          0.480    82.610    dut/core1/execute_unit/u_fpu/u_divider/i__carry_i_5__43_n_0
    SLICE_X6Y63          LUT2 (Prop_lut2_I1_O)        0.053    82.663 r  dut/core1/execute_unit/u_fpu/u_divider/i__carry_i_4__34/O
                         net (fo=1, routed)           0.000    82.663    dut/core1/execute_unit/u_fpu/u_divider/i__carry_i_4__34_n_0
    SLICE_X6Y63          CARRY4 (Prop_carry4_S[0]_CO[3])
                                                      0.297    82.960 r  dut/core1/execute_unit/u_fpu/u_divider/exp_norm0_inferred__6/i__carry/CO[3]
                         net (fo=1, routed)           0.000    82.960    dut/core1/execute_unit/u_fpu/u_divider/exp_norm0_inferred__6/i__carry_n_0
    SLICE_X6Y64          CARRY4 (Prop_carry4_CI_O[0])
                                                      0.135    83.095 f  dut/core1/execute_unit/u_fpu/u_divider/exp_norm0_inferred__6/i__carry__0/O[0]
                         net (fo=3, routed)           0.609    83.704    dut/core1/execute_unit/u_fpu/u_divider/exp_norm0_inferred__6/i__carry__0_n_7
    SLICE_X7Y64          LUT6 (Prop_lut6_I4_O)        0.153    83.857 f  dut/core1/execute_unit/u_fpu/u_divider/i__carry_i_13__26/O
                         net (fo=1, routed)           0.298    84.155    dut/core1/execute_unit/u_fpu/u_divider/i__carry_i_13__26_n_0
    SLICE_X7Y65          LUT6 (Prop_lut6_I1_O)        0.053    84.208 r  dut/core1/execute_unit/u_fpu/u_divider/i__carry_i_9__31/O
                         net (fo=4, routed)           0.451    84.659    dut/core1/execute_unit/u_fpu/u_divider/i__carry_i_9__31_n_0
    SLICE_X9Y65          LUT6 (Prop_lut6_I5_O)        0.053    84.712 r  dut/core1/execute_unit/u_fpu/u_divider/i__carry_i_5__42/O
                         net (fo=27, routed)          0.697    85.409    dut/core1/execute_unit/u_fpu/u_divider/i__carry_i_5__42_n_0
    SLICE_X5Y63          LUT2 (Prop_lut2_I1_O)        0.053    85.462 r  dut/core1/execute_unit/u_fpu/u_divider/i__carry_i_4__35/O
                         net (fo=1, routed)           0.000    85.462    dut/core1/execute_unit/u_fpu/u_divider/i__carry_i_4__35_n_0
    SLICE_X5Y63          CARRY4 (Prop_carry4_S[0]_CO[3])
                                                      0.313    85.775 r  dut/core1/execute_unit/u_fpu/u_divider/exp_norm0_inferred__7/i__carry/CO[3]
                         net (fo=1, routed)           0.000    85.775    dut/core1/execute_unit/u_fpu/u_divider/exp_norm0_inferred__7/i__carry_n_0
    SLICE_X5Y64          CARRY4 (Prop_carry4_CI_O[0])
                                                      0.139    85.914 f  dut/core1/execute_unit/u_fpu/u_divider/exp_norm0_inferred__7/i__carry__0/O[0]
                         net (fo=3, routed)           0.587    86.500    dut/core1/execute_unit/u_fpu/u_divider/exp_norm0_inferred__7/i__carry__0_n_7
    SLICE_X3Y64          LUT6 (Prop_lut6_I4_O)        0.155    86.655 f  dut/core1/execute_unit/u_fpu/u_divider/i__carry_i_10__37/O
                         net (fo=1, routed)           0.566    87.222    dut/core1/execute_unit/u_fpu/u_divider/i__carry_i_10__37_n_0
    SLICE_X7Y65          LUT6 (Prop_lut6_I1_O)        0.053    87.275 r  dut/core1/execute_unit/u_fpu/u_divider/i__carry_i_8__45/O
                         net (fo=2, routed)           0.303    87.577    dut/core1/execute_unit/u_fpu/u_divider/i__carry_i_8__45_n_0
    SLICE_X7Y66          LUT4 (Prop_lut4_I3_O)        0.053    87.630 r  dut/core1/execute_unit/u_fpu/u_divider/i__carry_i_5__41/O
                         net (fo=29, routed)          0.803    88.434    dut/core1/execute_unit/u_fpu/u_divider/i__carry_i_5__41_n_0
    SLICE_X4Y63          LUT2 (Prop_lut2_I1_O)        0.053    88.487 r  dut/core1/execute_unit/u_fpu/u_divider/i__carry_i_4__36/O
                         net (fo=1, routed)           0.000    88.487    dut/core1/execute_unit/u_fpu/u_divider/i__carry_i_4__36_n_0
    SLICE_X4Y63          CARRY4 (Prop_carry4_S[0]_CO[3])
                                                      0.297    88.784 r  dut/core1/execute_unit/u_fpu/u_divider/exp_norm0_inferred__8/i__carry/CO[3]
                         net (fo=1, routed)           0.000    88.784    dut/core1/execute_unit/u_fpu/u_divider/exp_norm0_inferred__8/i__carry_n_0
    SLICE_X4Y64          CARRY4 (Prop_carry4_CI_O[2])
                                                      0.137    88.921 f  dut/core1/execute_unit/u_fpu/u_divider/exp_norm0_inferred__8/i__carry__0/O[2]
                         net (fo=3, routed)           0.735    89.655    dut/core1/execute_unit/u_fpu/u_divider/exp_norm0_inferred__8/i__carry__0_n_5
    SLICE_X5Y62          LUT6 (Prop_lut6_I1_O)        0.152    89.807 f  dut/core1/execute_unit/u_fpu/u_divider/i__carry_i_9__32/O
                         net (fo=1, routed)           0.457    90.264    dut/core1/execute_unit/u_fpu/u_divider/i__carry_i_9__32_n_0
    SLICE_X5Y62          LUT6 (Prop_lut6_I1_O)        0.053    90.317 r  dut/core1/execute_unit/u_fpu/u_divider/i__carry_i_7__45/O
                         net (fo=3, routed)           0.658    90.975    dut/core1/execute_unit/u_fpu/u_divider/i__carry_i_7__45_n_0
    SLICE_X7Y66          LUT6 (Prop_lut6_I5_O)        0.053    91.028 r  dut/core1/execute_unit/u_fpu/u_divider/i__carry_i_5__40/O
                         net (fo=26, routed)          0.619    91.648    dut/core1/execute_unit/u_fpu/u_divider/i__carry_i_5__40_n_0
    SLICE_X2Y63          LUT2 (Prop_lut2_I1_O)        0.053    91.701 r  dut/core1/execute_unit/u_fpu/u_divider/i__carry_i_4__37/O
                         net (fo=1, routed)           0.000    91.701    dut/core1/execute_unit/u_fpu/u_divider/i__carry_i_4__37_n_0
    SLICE_X2Y63          CARRY4 (Prop_carry4_S[0]_CO[3])
                                                      0.297    91.998 r  dut/core1/execute_unit/u_fpu/u_divider/exp_norm0_inferred__9/i__carry/CO[3]
                         net (fo=1, routed)           0.000    91.998    dut/core1/execute_unit/u_fpu/u_divider/exp_norm0_inferred__9/i__carry_n_0
    SLICE_X2Y64          CARRY4 (Prop_carry4_CI_O[3])
                                                      0.181    92.179 f  dut/core1/execute_unit/u_fpu/u_divider/exp_norm0_inferred__9/i__carry__0/O[3]
                         net (fo=3, routed)           1.025    93.204    dut/core1/execute_unit/u_fpu/u_divider/exp_norm0_inferred__9/i__carry__0_n_4
    SLICE_X3Y64          LUT6 (Prop_lut6_I4_O)        0.142    93.346 r  dut/core1/execute_unit/u_fpu/u_divider/i__carry_i_9__33/O
                         net (fo=1, routed)           0.727    94.073    dut/core1/execute_unit/u_fpu/u_divider/i__carry_i_9__33_n_0
    SLICE_X9Y66          LUT6 (Prop_lut6_I5_O)        0.053    94.126 r  dut/core1/execute_unit/u_fpu/u_divider/i__carry_i_5__39/O
                         net (fo=30, routed)          1.062    95.188    dut/core1/execute_unit/u_fpu/u_divider/i__carry_i_5__39_n_0
    SLICE_X1Y62          LUT2 (Prop_lut2_I1_O)        0.053    95.241 r  dut/core1/execute_unit/u_fpu/u_divider/i__carry_i_4__38/O
                         net (fo=1, routed)           0.000    95.241    dut/core1/execute_unit/u_fpu/u_divider/i__carry_i_4__38_n_0
    SLICE_X1Y62          CARRY4 (Prop_carry4_S[0]_CO[3])
                                                      0.313    95.554 r  dut/core1/execute_unit/u_fpu/u_divider/exp_norm0_inferred__10/i__carry/CO[3]
                         net (fo=1, routed)           0.000    95.554    dut/core1/execute_unit/u_fpu/u_divider/exp_norm0_inferred__10/i__carry_n_0
    SLICE_X1Y63          CARRY4 (Prop_carry4_CI_O[1])
                                                      0.213    95.767 f  dut/core1/execute_unit/u_fpu/u_divider/exp_norm0_inferred__10/i__carry__0/O[1]
                         net (fo=3, routed)           0.836    96.602    dut/core1/execute_unit/u_fpu/u_divider/exp_norm0_inferred__10/i__carry__0_n_6
    SLICE_X0Y60          LUT6 (Prop_lut6_I0_O)        0.152    96.754 f  dut/core1/execute_unit/u_fpu/u_divider/i__carry_i_10__38/O
                         net (fo=1, routed)           0.593    97.348    dut/core1/execute_unit/u_fpu/u_divider/i__carry_i_10__38_n_0
    SLICE_X1Y61          LUT6 (Prop_lut6_I1_O)        0.053    97.401 r  dut/core1/execute_unit/u_fpu/u_divider/i__carry_i_8__46/O
                         net (fo=4, routed)           0.973    98.374    dut/core1/execute_unit/u_fpu/u_divider/i__carry_i_8__46_n_0
    SLICE_X9Y65          LUT4 (Prop_lut4_I3_O)        0.053    98.427 r  dut/core1/execute_unit/u_fpu/u_divider/i__carry_i_5__38/O
                         net (fo=27, routed)          1.042    99.468    dut/core1/execute_unit/u_fpu/u_divider/i__carry_i_5__38_n_0
    SLICE_X1Y57          LUT2 (Prop_lut2_I1_O)        0.053    99.521 r  dut/core1/execute_unit/u_fpu/u_divider/i__carry_i_4__39/O
                         net (fo=1, routed)           0.000    99.521    dut/core1/execute_unit/u_fpu/u_divider/i__carry_i_4__39_n_0
    SLICE_X1Y57          CARRY4 (Prop_carry4_S[0]_CO[3])
                                                      0.313    99.834 r  dut/core1/execute_unit/u_fpu/u_divider/exp_norm0_inferred__11/i__carry/CO[3]
                         net (fo=1, routed)           0.000    99.834    dut/core1/execute_unit/u_fpu/u_divider/exp_norm0_inferred__11/i__carry_n_0
    SLICE_X1Y58          CARRY4 (Prop_carry4_CI_O[2])
                                                      0.136    99.970 f  dut/core1/execute_unit/u_fpu/u_divider/exp_norm0_inferred__11/i__carry__0/O[2]
                         net (fo=3, routed)           0.656   100.627    dut/core1/execute_unit/u_fpu/u_divider/exp_norm0_inferred__11/i__carry__0_n_5
    SLICE_X0Y59          LUT6 (Prop_lut6_I2_O)        0.152   100.779 f  dut/core1/execute_unit/u_fpu/u_divider/i__carry_i_9__34/O
                         net (fo=1, routed)           0.459   101.238    dut/core1/execute_unit/u_fpu/u_divider/i__carry_i_9__34_n_0
    SLICE_X0Y59          LUT6 (Prop_lut6_I1_O)        0.053   101.291 r  dut/core1/execute_unit/u_fpu/u_divider/i__carry_i_7__46/O
                         net (fo=1, routed)           0.617   101.908    dut/core1/execute_unit/u_fpu/u_divider/i__carry_i_7__46_n_0
    SLICE_X7Y64          LUT6 (Prop_lut6_I5_O)        0.053   101.961 r  dut/core1/execute_unit/u_fpu/u_divider/i__carry_i_5__37/O
                         net (fo=28, routed)          1.410   103.370    dut/core1/execute_unit/u_fpu/u_divider/i__carry_i_5__37_n_0
    SLICE_X2Y57          LUT2 (Prop_lut2_I1_O)        0.053   103.423 r  dut/core1/execute_unit/u_fpu/u_divider/i__carry_i_4__40/O
                         net (fo=1, routed)           0.000   103.423    dut/core1/execute_unit/u_fpu/u_divider/i__carry_i_4__40_n_0
    SLICE_X2Y57          CARRY4 (Prop_carry4_S[0]_CO[3])
                                                      0.297   103.720 r  dut/core1/execute_unit/u_fpu/u_divider/exp_norm0_inferred__12/i__carry/CO[3]
                         net (fo=1, routed)           0.000   103.720    dut/core1/execute_unit/u_fpu/u_divider/exp_norm0_inferred__12/i__carry_n_0
    SLICE_X2Y58          CARRY4 (Prop_carry4_CI_CO[3])
                                                      0.060   103.780 r  dut/core1/execute_unit/u_fpu/u_divider/exp_norm0_inferred__12/i__carry__0/CO[3]
                         net (fo=1, routed)           0.000   103.780    dut/core1/execute_unit/u_fpu/u_divider/exp_norm0_inferred__12/i__carry__0_n_0
    SLICE_X2Y59          CARRY4 (Prop_carry4_CI_O[0])
                                                      0.135   103.915 f  dut/core1/execute_unit/u_fpu/u_divider/exp_norm0_inferred__12/i__carry__1/O[0]
                         net (fo=3, routed)           0.676   104.592    dut/core1/execute_unit/u_fpu/u_divider/exp_norm0_inferred__12/i__carry__1_n_7
    SLICE_X3Y56          LUT6 (Prop_lut6_I1_O)        0.153   104.745 f  dut/core1/execute_unit/u_fpu/u_divider/i__carry_i_11__34/O
                         net (fo=1, routed)           0.462   105.206    dut/core1/execute_unit/u_fpu/u_divider/i__carry_i_11__34_n_0
    SLICE_X3Y56          LUT6 (Prop_lut6_I1_O)        0.053   105.259 r  dut/core1/execute_unit/u_fpu/u_divider/i__carry_i_9__35/O
                         net (fo=4, routed)           0.896   106.155    dut/core1/execute_unit/u_fpu/u_divider/i__carry_i_9__35_n_0
    SLICE_X9Y62          LUT6 (Prop_lut6_I5_O)        0.053   106.208 r  dut/core1/execute_unit/u_fpu/u_divider/i__carry_i_5__36/O
                         net (fo=27, routed)          0.984   107.192    dut/core1/execute_unit/u_fpu/u_divider/i__carry_i_5__36_n_0
    SLICE_X3Y57          LUT2 (Prop_lut2_I1_O)        0.053   107.245 r  dut/core1/execute_unit/u_fpu/u_divider/i__carry_i_4__41/O
                         net (fo=1, routed)           0.000   107.245    dut/core1/execute_unit/u_fpu/u_divider/i__carry_i_4__41_n_0
    SLICE_X3Y57          CARRY4 (Prop_carry4_S[0]_CO[3])
                                                      0.313   107.558 r  dut/core1/execute_unit/u_fpu/u_divider/exp_norm0_inferred__13/i__carry/CO[3]
                         net (fo=1, routed)           0.000   107.558    dut/core1/execute_unit/u_fpu/u_divider/exp_norm0_inferred__13/i__carry_n_0
    SLICE_X3Y58          CARRY4 (Prop_carry4_CI_O[2])
                                                      0.136   107.694 f  dut/core1/execute_unit/u_fpu/u_divider/exp_norm0_inferred__13/i__carry__0/O[2]
                         net (fo=3, routed)           0.708   108.402    dut/core1/execute_unit/u_fpu/u_divider/exp_norm0_inferred__13/i__carry__0_n_5
    SLICE_X2Y56          LUT6 (Prop_lut6_I1_O)        0.152   108.554 f  dut/core1/execute_unit/u_fpu/u_divider/i__carry_i_10__39/O
                         net (fo=1, routed)           0.689   109.243    dut/core1/execute_unit/u_fpu/u_divider/i__carry_i_10__39_n_0
    SLICE_X0Y59          LUT6 (Prop_lut6_I1_O)        0.053   109.296 r  dut/core1/execute_unit/u_fpu/u_divider/i__carry_i_8__47/O
                         net (fo=2, routed)           0.591   109.888    dut/core1/execute_unit/u_fpu/u_divider/i__carry_i_8__47_n_0
    SLICE_X9Y61          LUT4 (Prop_lut4_I3_O)        0.053   109.941 r  dut/core1/execute_unit/u_fpu/u_divider/i__carry_i_5__35/O
                         net (fo=29, routed)          0.901   110.842    dut/core1/execute_unit/u_fpu/u_divider/i__carry_i_5__35_n_0
    SLICE_X0Y56          LUT2 (Prop_lut2_I1_O)        0.053   110.895 r  dut/core1/execute_unit/u_fpu/u_divider/i__carry_i_4__42/O
                         net (fo=1, routed)           0.000   110.895    dut/core1/execute_unit/u_fpu/u_divider/i__carry_i_4__42_n_0
    SLICE_X0Y56          CARRY4 (Prop_carry4_S[0]_CO[3])
                                                      0.297   111.192 r  dut/core1/execute_unit/u_fpu/u_divider/exp_norm0_inferred__14/i__carry/CO[3]
                         net (fo=1, routed)           0.000   111.192    dut/core1/execute_unit/u_fpu/u_divider/exp_norm0_inferred__14/i__carry_n_0
    SLICE_X0Y57          CARRY4 (Prop_carry4_CI_O[3])
                                                      0.181   111.373 f  dut/core1/execute_unit/u_fpu/u_divider/exp_norm0_inferred__14/i__carry__0/O[3]
                         net (fo=3, routed)           1.130   112.504    dut/core1/execute_unit/u_fpu/u_divider/exp_norm0_inferred__14/i__carry__0_n_4
    SLICE_X2Y56          LUT6 (Prop_lut6_I2_O)        0.142   112.646 f  dut/core1/execute_unit/u_fpu/u_divider/i__carry_i_9__36/O
                         net (fo=1, routed)           0.545   113.191    dut/core1/execute_unit/u_fpu/u_divider/i__carry_i_9__36_n_0
    SLICE_X0Y59          LUT6 (Prop_lut6_I1_O)        0.053   113.244 r  dut/core1/execute_unit/u_fpu/u_divider/i__carry_i_7__47/O
                         net (fo=3, routed)           0.535   113.779    dut/core1/execute_unit/u_fpu/u_divider/i__carry_i_7__47_n_0
    SLICE_X9Y61          LUT6 (Prop_lut6_I5_O)        0.053   113.832 r  dut/core1/execute_unit/u_fpu/u_divider/i__carry_i_5__34/O
                         net (fo=26, routed)          1.274   115.105    dut/core1/execute_unit/u_fpu/u_divider/i__carry_i_5__34_n_0
    SLICE_X1Y54          LUT2 (Prop_lut2_I1_O)        0.053   115.158 r  dut/core1/execute_unit/u_fpu/u_divider/i__carry_i_4__43/O
                         net (fo=1, routed)           0.000   115.158    dut/core1/execute_unit/u_fpu/u_divider/i__carry_i_4__43_n_0
    SLICE_X1Y54          CARRY4 (Prop_carry4_S[0]_O[2])
                                                      0.323   115.481 f  dut/core1/execute_unit/u_fpu/u_divider/exp_norm0_inferred__15/i__carry/O[2]
                         net (fo=3, routed)           1.032   116.513    dut/core1/execute_unit/u_fpu/u_divider/exp_norm0_inferred__15/i__carry_n_5
    SLICE_X2Y56          LUT6 (Prop_lut6_I4_O)        0.152   116.665 f  dut/core1/execute_unit/u_fpu/u_divider/i__carry_i_11__35/O
                         net (fo=1, routed)           0.327   116.993    dut/core1/execute_unit/u_fpu/u_divider/i__carry_i_11__35_n_0
    SLICE_X2Y56          LUT6 (Prop_lut6_I1_O)        0.053   117.046 r  dut/core1/execute_unit/u_fpu/u_divider/i__carry_i_9__37/O
                         net (fo=4, routed)           0.904   117.950    dut/core1/execute_unit/u_fpu/u_divider/i__carry_i_9__37_n_0
    SLICE_X10Y57         LUT6 (Prop_lut6_I5_O)        0.053   118.003 r  dut/core1/execute_unit/u_fpu/u_divider/i__carry_i_5__33/O
                         net (fo=28, routed)          1.159   119.162    dut/core1/execute_unit/u_fpu/u_divider/i__carry_i_5__33_n_0
    SLICE_X0Y53          LUT2 (Prop_lut2_I1_O)        0.053   119.215 r  dut/core1/execute_unit/u_fpu/u_divider/i__carry_i_4__44/O
                         net (fo=1, routed)           0.000   119.215    dut/core1/execute_unit/u_fpu/u_divider/i__carry_i_4__44_n_0
    SLICE_X0Y53          CARRY4 (Prop_carry4_S[0]_CO[3])
                                                      0.297   119.512 r  dut/core1/execute_unit/u_fpu/u_divider/exp_norm0_inferred__16/i__carry/CO[3]
                         net (fo=1, routed)           0.000   119.512    dut/core1/execute_unit/u_fpu/u_divider/exp_norm0_inferred__16/i__carry_n_0
    SLICE_X0Y54          CARRY4 (Prop_carry4_CI_O[2])
                                                      0.137   119.649 f  dut/core1/execute_unit/u_fpu/u_divider/exp_norm0_inferred__16/i__carry__0/O[2]
                         net (fo=3, routed)           0.700   120.349    dut/core1/execute_unit/u_fpu/u_divider/exp_norm0_inferred__16/i__carry__0_n_5
    SLICE_X2Y52          LUT6 (Prop_lut6_I1_O)        0.152   120.501 f  dut/core1/execute_unit/u_fpu/u_divider/i__carry_i_10__40/O
                         net (fo=1, routed)           0.672   121.173    dut/core1/execute_unit/u_fpu/u_divider/i__carry_i_10__40_n_0
    SLICE_X3Y56          LUT6 (Prop_lut6_I1_O)        0.053   121.226 r  dut/core1/execute_unit/u_fpu/u_divider/i__carry_i_8__48/O
                         net (fo=4, routed)           0.935   122.161    dut/core1/execute_unit/u_fpu/u_divider/i__carry_i_8__48_n_0
    SLICE_X10Y57         LUT4 (Prop_lut4_I3_O)        0.053   122.214 r  dut/core1/execute_unit/u_fpu/u_divider/i__carry_i_5__32/O
                         net (fo=28, routed)          1.307   123.521    dut/core1/execute_unit/u_fpu/u_divider/i__carry_i_5__32_n_0
    SLICE_X2Y53          LUT2 (Prop_lut2_I1_O)        0.053   123.574 r  dut/core1/execute_unit/u_fpu/u_divider/i__carry_i_4__45/O
                         net (fo=1, routed)           0.000   123.574    dut/core1/execute_unit/u_fpu/u_divider/i__carry_i_4__45_n_0
    SLICE_X2Y53          CARRY4 (Prop_carry4_S[0]_CO[3])
                                                      0.297   123.871 r  dut/core1/execute_unit/u_fpu/u_divider/exp_norm0_inferred__17/i__carry/CO[3]
                         net (fo=1, routed)           0.000   123.871    dut/core1/execute_unit/u_fpu/u_divider/exp_norm0_inferred__17/i__carry_n_0
    SLICE_X2Y54          CARRY4 (Prop_carry4_CI_O[3])
                                                      0.181   124.052 f  dut/core1/execute_unit/u_fpu/u_divider/exp_norm0_inferred__17/i__carry__0/O[3]
                         net (fo=3, routed)           0.679   124.731    dut/core1/execute_unit/u_fpu/u_divider/exp_norm0_inferred__17/i__carry__0_n_4
    SLICE_X2Y52          LUT6 (Prop_lut6_I2_O)        0.142   124.873 f  dut/core1/execute_unit/u_fpu/u_divider/i__carry_i_9__38/O
                         net (fo=1, routed)           0.859   125.732    dut/core1/execute_unit/u_fpu/u_divider/i__carry_i_9__38_n_0
    SLICE_X3Y56          LUT6 (Prop_lut6_I1_O)        0.053   125.785 r  dut/core1/execute_unit/u_fpu/u_divider/i__carry_i_7__48/O
                         net (fo=3, routed)           0.602   126.387    dut/core1/execute_unit/u_fpu/u_divider/i__carry_i_7__48_n_0
    SLICE_X7Y60          LUT6 (Prop_lut6_I5_O)        0.053   126.440 r  dut/core1/execute_unit/u_fpu/u_divider/i__carry_i_5__31/O
                         net (fo=26, routed)          1.241   127.682    dut/core1/execute_unit/u_fpu/u_divider/i__carry_i_5__31_n_0
    SLICE_X3Y53          LUT2 (Prop_lut2_I1_O)        0.053   127.735 r  dut/core1/execute_unit/u_fpu/u_divider/i__carry_i_4__46/O
                         net (fo=1, routed)           0.000   127.735    dut/core1/execute_unit/u_fpu/u_divider/i__carry_i_4__46_n_0
    SLICE_X3Y53          CARRY4 (Prop_carry4_S[0]_O[3])
                                                      0.357   128.092 f  dut/core1/execute_unit/u_fpu/u_divider/exp_norm0_inferred__18/i__carry/O[3]
                         net (fo=3, routed)           1.037   129.128    dut/core1/execute_unit/u_fpu/u_divider/exp_norm0_inferred__18/i__carry_n_4
    SLICE_X13Y53         LUT6 (Prop_lut6_I3_O)        0.142   129.270 f  dut/core1/execute_unit/u_fpu/u_divider/i__carry_i_11__36/O
                         net (fo=1, routed)           0.306   129.577    dut/core1/execute_unit/u_fpu/u_divider/i__carry_i_11__36_n_0
    SLICE_X13Y53         LUT6 (Prop_lut6_I1_O)        0.053   129.630 r  dut/core1/execute_unit/u_fpu/u_divider/i__carry_i_9__39/O
                         net (fo=5, routed)           0.670   130.299    dut/core1/execute_unit/u_fpu/u_divider/i__carry_i_9__39_n_0
    SLICE_X13Y57         LUT6 (Prop_lut6_I5_O)        0.053   130.352 r  dut/core1/execute_unit/u_fpu/u_divider/i__carry_i_5__30/O
                         net (fo=26, routed)          0.908   131.261    dut/core1/execute_unit/u_fpu/u_divider/i__carry_i_5__30_n_0
    SLICE_X15Y49         LUT2 (Prop_lut2_I1_O)        0.053   131.314 r  dut/core1/execute_unit/u_fpu/u_divider/i__carry_i_4__47/O
                         net (fo=1, routed)           0.000   131.314    dut/core1/execute_unit/u_fpu/u_divider/i__carry_i_4__47_n_0
    SLICE_X15Y49         CARRY4 (Prop_carry4_S[0]_CO[3])
                                                      0.313   131.627 r  dut/core1/execute_unit/u_fpu/u_divider/exp_norm0_inferred__19/i__carry/CO[3]
                         net (fo=1, routed)           0.001   131.627    dut/core1/execute_unit/u_fpu/u_divider/exp_norm0_inferred__19/i__carry_n_0
    SLICE_X15Y50         CARRY4 (Prop_carry4_CI_O[2])
                                                      0.136   131.763 f  dut/core1/execute_unit/u_fpu/u_divider/exp_norm0_inferred__19/i__carry__0/O[2]
                         net (fo=3, routed)           0.961   132.725    dut/core1/execute_unit/u_fpu/u_divider/exp_norm0_inferred__19/i__carry__0_n_5
    SLICE_X25Y50         LUT6 (Prop_lut6_I1_O)        0.152   132.877 f  dut/core1/execute_unit/u_fpu/u_divider/i__carry_i_9__40/O
                         net (fo=1, routed)           0.600   133.477    dut/core1/execute_unit/u_fpu/u_divider/i__carry_i_9__40_n_0
    SLICE_X25Y49         LUT6 (Prop_lut6_I1_O)        0.053   133.530 r  dut/core1/execute_unit/u_fpu/u_divider/i__carry_i_6__49/O
                         net (fo=6, routed)           0.764   134.294    dut/core1/execute_unit/u_fpu/u_divider/i__carry_i_6__49_n_0
    SLICE_X24Y55         LUT4 (Prop_lut4_I0_O)        0.053   134.347 r  dut/core1/execute_unit/u_fpu/u_divider/i__carry_i_5__29/O
                         net (fo=24, routed)          1.405   135.751    dut/core1/execute_unit/u_fpu/u_divider/i__carry_i_5__29_n_0
    SLICE_X24Y49         LUT2 (Prop_lut2_I1_O)        0.053   135.804 r  dut/core1/execute_unit/u_fpu/u_divider/i__carry_i_4__48/O
                         net (fo=1, routed)           0.000   135.804    dut/core1/execute_unit/u_fpu/u_divider/i__carry_i_4__48_n_0
    SLICE_X24Y49         CARRY4 (Prop_carry4_S[0]_CO[3])
                                                      0.313   136.117 r  dut/core1/execute_unit/u_fpu/u_divider/exp_norm0_inferred__20/i__carry/CO[3]
                         net (fo=1, routed)           0.001   136.118    dut/core1/execute_unit/u_fpu/u_divider/exp_norm0_inferred__20/i__carry_n_0
    SLICE_X24Y50         CARRY4 (Prop_carry4_CI_CO[3])
                                                      0.058   136.176 r  dut/core1/execute_unit/u_fpu/u_divider/exp_norm0_inferred__20/i__carry__0/CO[3]
                         net (fo=1, routed)           0.000   136.176    dut/core1/execute_unit/u_fpu/u_divider/exp_norm0_inferred__20/i__carry__0_n_0
    SLICE_X24Y51         CARRY4 (Prop_carry4_CI_O[0])
                                                      0.139   136.315 r  dut/core1/execute_unit/u_fpu/u_divider/exp_norm0_inferred__20/i__carry__1/O[0]
                         net (fo=3, routed)           0.557   136.872    dut/core1/execute_unit/u_fpu/u_divider/exp_norm0_inferred__20/i__carry__1_n_7
    SLICE_X25Y50         LUT6 (Prop_lut6_I1_O)        0.155   137.027 r  dut/core1/execute_unit/u_fpu/u_divider/i__carry_i_9__41/O
                         net (fo=1, routed)           0.131   137.158    dut/core1/execute_unit/u_fpu/u_divider/i__carry_i_9__41_n_0
    SLICE_X25Y50         LUT6 (Prop_lut6_I1_O)        0.053   137.211 f  dut/core1/execute_unit/u_fpu/u_divider/i__carry_i_7__49/O
                         net (fo=12, routed)          0.702   137.913    dut/core1/execute_unit/u_fpu/u_divider/i__carry_i_7__49_n_0
    SLICE_X25Y55         LUT2 (Prop_lut2_I1_O)        0.053   137.966 r  dut/core1/execute_unit/u_fpu/u_divider/i__carry_i_5__28/O
                         net (fo=24, routed)          1.229   139.196    dut/core1/execute_unit/u_fpu/u_divider/i__carry_i_5__28_n_0
    SLICE_X27Y49         LUT2 (Prop_lut2_I1_O)        0.053   139.249 r  dut/core1/execute_unit/u_fpu/u_divider/i__carry_i_4__49/O
                         net (fo=1, routed)           0.000   139.249    dut/core1/execute_unit/u_fpu/u_divider/i__carry_i_4__49_n_0
    SLICE_X27Y49         CARRY4 (Prop_carry4_S[0]_O[3])
                                                      0.357   139.606 f  dut/core1/execute_unit/u_fpu/u_divider/exp_norm0_inferred__21/i__carry/O[3]
                         net (fo=5, routed)           1.187   140.793    dut/core1/execute_unit/u_fpu/u_divider/exp_norm0_inferred__21/i__carry_n_4
    SLICE_X40Y50         LUT6 (Prop_lut6_I4_O)        0.142   140.935 r  dut/core1/execute_unit/u_fpu/u_divider/out_res[30]_i_10__0/O
                         net (fo=8, routed)           0.921   141.856    dut/core1/execute_unit/u_fpu/u_divider/out_res[30]_i_10__0_n_0
    SLICE_X41Y50         LUT6 (Prop_lut6_I3_O)        0.053   141.909 r  dut/core1/execute_unit/u_fpu/u_divider/out_res[30]_i_21__0/O
                         net (fo=9, routed)           1.017   142.925    dut/core1/execute_unit/u_fpu/u_divider/out_res[30]_i_21__0_n_0
    SLICE_X25Y54         LUT6 (Prop_lut6_I5_O)        0.053   142.978 r  dut/core1/execute_unit/u_fpu/u_divider/out_res[30]_i_9__0/O
                         net (fo=33, routed)          1.702   144.680    dut/core1/execute_unit/u_fpu/u_divider/out_res[30]_i_9__0_n_0
    SLICE_X41Y47         LUT5 (Prop_lut5_I2_O)        0.067   144.747 r  dut/core1/execute_unit/u_fpu/u_divider/out_res[29]_i_4__0/O
                         net (fo=2, routed)           0.649   145.397    dut/core1/execute_unit/u_fpu/u_divider/out_res[29]_i_4__0_n_0
    SLICE_X40Y46         LUT6 (Prop_lut6_I2_O)        0.170   145.567 r  dut/core1/execute_unit/u_fpu/u_divider/out_res[22]_i_3__0/O
                         net (fo=23, routed)          1.304   146.870    dut/core1/execute_unit/u_fpu/u_divider/out_res[22]_i_3__0_n_0
    SLICE_X28Y47         LUT6 (Prop_lut6_I3_O)        0.053   146.923 r  dut/core1/execute_unit/u_fpu/u_divider/out_res[16]_i_1__1/O
                         net (fo=1, routed)           0.000   146.923    dut/core1/execute_unit/u_fpu/u_divider/out_res[16]_i_1__1_n_0
    SLICE_X28Y47         FDCE                                         r  dut/core1/execute_unit/u_fpu/u_divider/out_res_reg[16]/D
  -------------------------------------------------------------------    -------------------

Slack:                    inf
  Source:                 dut/core1/mem_wb/RD_F_W_reg[3]/C
                            (rising edge-triggered cell FDRE)
  Destination:            dut/core1/execute_unit/u_fpu/u_divider/out_res_reg[3]/D
  Path Group:             (none)
  Path Type:              Max at Slow Process Corner
  Data Path Delay:        146.908ns  (logic 36.885ns (25.107%)  route 110.023ns (74.892%))
  Logic Levels:           316  (CARRY4=196 FDRE=1 LUT1=1 LUT2=24 LUT3=22 LUT4=7 LUT5=4 LUT6=61)

    Location             Delay type                Incr(ns)  Path(ns)    Netlist Resource(s)
  -------------------------------------------------------------------    -------------------
    SLICE_X68Y33         FDRE                         0.000     0.000 r  dut/core1/mem_wb/RD_F_W_reg[3]/C
    SLICE_X68Y33         FDRE (Prop_fdre_C_Q)         0.269     0.269 r  dut/core1/mem_wb/RD_F_W_reg[3]/Q
                         net (fo=73, routed)          0.946     1.215    dut/core1/id_ex/RD_F_W[3]
    SLICE_X68Y39         LUT6 (Prop_lut6_I3_O)        0.053     1.268 r  dut/core1/id_ex/B_r[31]_i_7__0/O
                         net (fo=1, routed)           0.306     1.574    dut/core1/id_ex/B_r[31]_i_7__0_n_0
    SLICE_X68Y39         LUT5 (Prop_lut5_I0_O)        0.053     1.627 r  dut/core1/id_ex/B_r[31]_i_5__0/O
                         net (fo=2, routed)           0.951     2.578    dut/core1/mem_wb/ForwardBE1__0
    SLICE_X67Y37         LUT3 (Prop_lut3_I2_O)        0.053     2.631 r  dut/core1/mem_wb/B_r[31]_i_2__0/O
                         net (fo=34, routed)          2.427     5.058    dut/core1/mem_wb/ForwardBE_F[0]
    SLICE_X80Y10         LUT5 (Prop_lut5_I1_O)        0.053     5.111 f  dut/core1/mem_wb/forward_fb_mux/B_r[2]_i_1__0/O
                         net (fo=112, routed)         7.652    12.763    dut/core1/mem_wb/ALU_ResultM_reg[2]
    SLICE_X0Y23          LUT1 (Prop_lut1_I0_O)        0.053    12.816 r  dut/core1/mem_wb/u_divider/out_res[30]_i_685__0/O
                         net (fo=1, routed)           0.000    12.816    dut_n_1069
    SLICE_X0Y23          CARRY4 (Prop_carry4_S[2]_CO[3])
                                                      0.219    13.035 r  u_divider/out_res_reg[30]_i_633__0/CO[3]
                         net (fo=1, routed)           0.000    13.035    u_divider/out_res_reg[30]_i_633__0_n_0
    SLICE_X0Y24          CARRY4 (Prop_carry4_CI_CO[3])
                                                      0.060    13.095 r  u_divider/out_res_reg[30]_i_628__0/CO[3]
                         net (fo=1, routed)           0.008    13.103    u_divider/out_res_reg[30]_i_628__0_n_0
    SLICE_X0Y25          CARRY4 (Prop_carry4_CI_CO[3])
                                                      0.060    13.163 r  u_divider/out_res_reg[30]_i_623__0/CO[3]
                         net (fo=1, routed)           0.000    13.163    u_divider/out_res_reg[30]_i_623__0_n_0
    SLICE_X0Y26          CARRY4 (Prop_carry4_CI_CO[3])
                                                      0.060    13.223 r  u_divider/out_res_reg[30]_i_618__0/CO[3]
                         net (fo=1, routed)           0.000    13.223    u_divider/out_res_reg[30]_i_618__0_n_0
    SLICE_X0Y27          CARRY4 (Prop_carry4_CI_CO[3])
                                                      0.060    13.283 r  u_divider/out_res_reg[30]_i_613__0/CO[3]
                         net (fo=1, routed)           0.000    13.283    u_divider/out_res_reg[30]_i_613__0_n_0
    SLICE_X0Y28          CARRY4 (Prop_carry4_CI_CO[3])
                                                      0.060    13.343 r  u_divider/out_res_reg[30]_i_610__0/CO[3]
                         net (fo=1, routed)           0.000    13.343    u_divider/out_res_reg[30]_i_610__0_n_0
    SLICE_X0Y29          CARRY4 (Prop_carry4_CI_CO[0])
                                                      0.173    13.516 r  u_divider/out_res_reg[30]_i_609__0/CO[0]
                         net (fo=27, routed)          1.168    14.684    dut/core1/mem_wb/u_divider/out_res_reg[30]_i_601__0[0]
    SLICE_X1Y23          LUT3 (Prop_lut3_I0_O)        0.153    14.837 r  dut/core1/mem_wb/u_divider/out_res[30]_i_640__0/O
                         net (fo=1, routed)           0.000    14.837    dut_n_2166
    SLICE_X1Y23          CARRY4 (Prop_carry4_S[1]_CO[3])
                                                      0.324    15.161 r  u_divider/out_res_reg[30]_i_601__0/CO[3]
                         net (fo=1, routed)           0.000    15.161    u_divider/out_res_reg[30]_i_601__0_n_0
    SLICE_X1Y24          CARRY4 (Prop_carry4_CI_CO[3])
                                                      0.058    15.219 r  u_divider/out_res_reg[30]_i_596__0/CO[3]
                         net (fo=1, routed)           0.008    15.227    u_divider/out_res_reg[30]_i_596__0_n_0
    SLICE_X1Y25          CARRY4 (Prop_carry4_CI_CO[3])
                                                      0.058    15.285 r  u_divider/out_res_reg[30]_i_591__0/CO[3]
                         net (fo=1, routed)           0.000    15.285    u_divider/out_res_reg[30]_i_591__0_n_0
    SLICE_X1Y26          CARRY4 (Prop_carry4_CI_CO[3])
                                                      0.058    15.343 r  u_divider/out_res_reg[30]_i_586__0/CO[3]
                         net (fo=1, routed)           0.000    15.343    u_divider/out_res_reg[30]_i_586__0_n_0
    SLICE_X1Y27          CARRY4 (Prop_carry4_CI_CO[3])
                                                      0.058    15.401 r  u_divider/out_res_reg[30]_i_581__0/CO[3]
                         net (fo=1, routed)           0.000    15.401    u_divider/out_res_reg[30]_i_581__0_n_0
    SLICE_X1Y28          CARRY4 (Prop_carry4_CI_CO[3])
                                                      0.058    15.459 r  u_divider/out_res_reg[30]_i_578__0/CO[3]
                         net (fo=1, routed)           0.000    15.459    u_divider/out_res_reg[30]_i_578__0_n_0
    SLICE_X1Y29          CARRY4 (Prop_carry4_CI_CO[1])
                                                      0.094    15.553 r  u_divider/out_res_reg[30]_i_577__0/CO[1]
                         net (fo=27, routed)          0.974    16.527    u_divider/out_res_reg[30]_i_577__0_n_2
    SLICE_X2Y23          CARRY4 (Prop_carry4_CYINIT_CO[3])
                                                      0.458    16.985 r  u_divider/out_res_reg[30]_i_569__0/CO[3]
                         net (fo=1, routed)           0.000    16.985    u_divider/out_res_reg[30]_i_569__0_n_0
    SLICE_X2Y24          CARRY4 (Prop_carry4_CI_CO[3])
                                                      0.060    17.045 r  u_divider/out_res_reg[30]_i_564__0/CO[3]
                         net (fo=1, routed)           0.008    17.053    u_divider/out_res_reg[30]_i_564__0_n_0
    SLICE_X2Y25          CARRY4 (Prop_carry4_CI_CO[3])
                                                      0.060    17.113 r  u_divider/out_res_reg[30]_i_559__0/CO[3]
                         net (fo=1, routed)           0.000    17.113    u_divider/out_res_reg[30]_i_559__0_n_0
    SLICE_X2Y26          CARRY4 (Prop_carry4_CI_CO[3])
                                                      0.060    17.173 r  u_divider/out_res_reg[30]_i_554__0/CO[3]
                         net (fo=1, routed)           0.000    17.173    u_divider/out_res_reg[30]_i_554__0_n_0
    SLICE_X2Y27          CARRY4 (Prop_carry4_CI_CO[3])
                                                      0.060    17.233 r  u_divider/out_res_reg[30]_i_549__0/CO[3]
                         net (fo=1, routed)           0.000    17.233    u_divider/out_res_reg[30]_i_549__0_n_0
    SLICE_X2Y28          CARRY4 (Prop_carry4_CI_CO[3])
                                                      0.060    17.293 r  u_divider/out_res_reg[30]_i_546__0/CO[3]
                         net (fo=1, routed)           0.000    17.293    u_divider/out_res_reg[30]_i_546__0_n_0
    SLICE_X2Y29          CARRY4 (Prop_carry4_CI_CO[1])
                                                      0.093    17.386 r  u_divider/out_res_reg[30]_i_545__0/CO[1]
                         net (fo=27, routed)          1.097    18.483    u_divider/out_res_reg[30]_i_545__0_n_2
    SLICE_X2Y35          LUT3 (Prop_lut3_I0_O)        0.153    18.636 r  u_divider/out_res[30]_i_551__0/O
                         net (fo=1, routed)           0.000    18.636    u_divider/out_res[30]_i_551__0_n_0
    SLICE_X2Y35          CARRY4 (Prop_carry4_S[2]_CO[3])
                                                      0.219    18.855 r  u_divider/out_res_reg[30]_i_514__0/CO[3]
                         net (fo=1, routed)           0.000    18.855    u_divider/out_res_reg[30]_i_514__0_n_0
    SLICE_X2Y36          CARRY4 (Prop_carry4_CI_CO[1])
                                                      0.093    18.948 r  u_divider/out_res_reg[30]_i_513__0/CO[1]
                         net (fo=27, routed)          1.437    20.385    u_divider/out_res_reg[30]_i_513__0_n_2
    SLICE_X0Y30          LUT3 (Prop_lut3_I0_O)        0.153    20.538 r  u_divider/out_res[30]_i_542__0/O
                         net (fo=1, routed)           0.000    20.538    u_divider/out_res[30]_i_542__0_n_0
    SLICE_X0Y30          CARRY4 (Prop_carry4_S[3]_CO[3])
                                                      0.216    20.754 r  u_divider/out_res_reg[30]_i_505__0/CO[3]
                         net (fo=1, routed)           0.000    20.754    u_divider/out_res_reg[30]_i_505__0_n_0
    SLICE_X0Y31          CARRY4 (Prop_carry4_CI_CO[3])
                                                      0.060    20.814 r  u_divider/out_res_reg[30]_i_500__0/CO[3]
                         net (fo=1, routed)           0.000    20.814    u_divider/out_res_reg[30]_i_500__0_n_0
    SLICE_X0Y32          CARRY4 (Prop_carry4_CI_CO[3])
                                                      0.060    20.874 r  u_divider/out_res_reg[30]_i_495__0/CO[3]
                         net (fo=1, routed)           0.000    20.874    u_divider/out_res_reg[30]_i_495__0_n_0
    SLICE_X0Y33          CARRY4 (Prop_carry4_CI_CO[3])
                                                      0.060    20.934 r  u_divider/out_res_reg[30]_i_490__0/CO[3]
                         net (fo=1, routed)           0.000    20.934    u_divider/out_res_reg[30]_i_490__0_n_0
    SLICE_X0Y34          CARRY4 (Prop_carry4_CI_CO[3])
                                                      0.060    20.994 r  u_divider/out_res_reg[30]_i_485__0/CO[3]
                         net (fo=1, routed)           0.000    20.994    u_divider/out_res_reg[30]_i_485__0_n_0
    SLICE_X0Y35          CARRY4 (Prop_carry4_CI_CO[3])
                                                      0.060    21.054 r  u_divider/out_res_reg[30]_i_482__0/CO[3]
                         net (fo=1, routed)           0.000    21.054    u_divider/out_res_reg[30]_i_482__0_n_0
    SLICE_X0Y36          CARRY4 (Prop_carry4_CI_CO[1])
                                                      0.093    21.147 r  u_divider/out_res_reg[30]_i_481__0/CO[1]
                         net (fo=27, routed)          1.087    22.234    u_divider/out_res_reg[30]_i_481__0_n_2
    SLICE_X1Y31          LUT3 (Prop_lut3_I0_O)        0.153    22.387 r  u_divider/out_res[30]_i_508__0/O
                         net (fo=1, routed)           0.000    22.387    u_divider/out_res[30]_i_508__0_n_0
    SLICE_X1Y31          CARRY4 (Prop_carry4_S[1]_CO[3])
                                                      0.324    22.711 r  u_divider/out_res_reg[30]_i_468__0/CO[3]
                         net (fo=1, routed)           0.000    22.711    u_divider/out_res_reg[30]_i_468__0_n_0
    SLICE_X1Y32          CARRY4 (Prop_carry4_CI_CO[3])
                                                      0.058    22.769 r  u_divider/out_res_reg[30]_i_463__0/CO[3]
                         net (fo=1, routed)           0.000    22.769    u_divider/out_res_reg[30]_i_463__0_n_0
    SLICE_X1Y33          CARRY4 (Prop_carry4_CI_CO[3])
                                                      0.058    22.827 r  u_divider/out_res_reg[30]_i_458__0/CO[3]
                         net (fo=1, routed)           0.000    22.827    u_divider/out_res_reg[30]_i_458__0_n_0
    SLICE_X1Y34          CARRY4 (Prop_carry4_CI_CO[3])
                                                      0.058    22.885 r  u_divider/out_res_reg[30]_i_453__0/CO[3]
                         net (fo=1, routed)           0.000    22.885    u_divider/out_res_reg[30]_i_453__0_n_0
    SLICE_X1Y35          CARRY4 (Prop_carry4_CI_CO[3])
                                                      0.058    22.943 r  u_divider/out_res_reg[30]_i_450__0/CO[3]
                         net (fo=1, routed)           0.000    22.943    u_divider/out_res_reg[30]_i_450__0_n_0
    SLICE_X1Y36          CARRY4 (Prop_carry4_CI_CO[1])
                                                      0.094    23.037 r  u_divider/out_res_reg[30]_i_449__0/CO[1]
                         net (fo=27, routed)          1.202    24.239    dut/core1/mem_wb/u_divider/out_res_reg[30]_i_441__0[0]
    SLICE_X3Y30          LUT3 (Prop_lut3_I0_O)        0.152    24.391 r  dut/core1/mem_wb/u_divider/out_res[30]_i_480__0/O
                         net (fo=1, routed)           0.000    24.391    dut_n_2171
    SLICE_X3Y30          CARRY4 (Prop_carry4_S[1]_CO[3])
                                                      0.324    24.715 r  u_divider/out_res_reg[30]_i_441__0/CO[3]
                         net (fo=1, routed)           0.000    24.715    u_divider/out_res_reg[30]_i_441__0_n_0
    SLICE_X3Y31          CARRY4 (Prop_carry4_CI_CO[3])
                                                      0.058    24.773 r  u_divider/out_res_reg[30]_i_436__0/CO[3]
                         net (fo=1, routed)           0.000    24.773    u_divider/out_res_reg[30]_i_436__0_n_0
    SLICE_X3Y32          CARRY4 (Prop_carry4_CI_CO[3])
                                                      0.058    24.831 r  u_divider/out_res_reg[30]_i_431__0/CO[3]
                         net (fo=1, routed)           0.000    24.831    u_divider/out_res_reg[30]_i_431__0_n_0
    SLICE_X3Y33          CARRY4 (Prop_carry4_CI_CO[3])
                                                      0.058    24.889 r  u_divider/out_res_reg[30]_i_426__0/CO[3]
                         net (fo=1, routed)           0.000    24.889    u_divider/out_res_reg[30]_i_426__0_n_0
    SLICE_X3Y34          CARRY4 (Prop_carry4_CI_CO[3])
                                                      0.058    24.947 r  u_divider/out_res_reg[30]_i_421__0/CO[3]
                         net (fo=1, routed)           0.000    24.947    u_divider/out_res_reg[30]_i_421__0_n_0
    SLICE_X3Y35          CARRY4 (Prop_carry4_CI_CO[3])
                                                      0.058    25.005 r  u_divider/out_res_reg[30]_i_418__0/CO[3]
                         net (fo=1, routed)           0.000    25.005    u_divider/out_res_reg[30]_i_418__0_n_0
    SLICE_X3Y36          CARRY4 (Prop_carry4_CI_CO[1])
                                                      0.094    25.099 r  u_divider/out_res_reg[30]_i_417__0/CO[1]
                         net (fo=27, routed)          0.815    25.914    dut/core1/mem_wb/u_divider/out_res_reg[30]_i_409__0[0]
    SLICE_X2Y37          LUT3 (Prop_lut3_I0_O)        0.152    26.066 r  dut/core1/mem_wb/u_divider/out_res[30]_i_448__0/O
                         net (fo=1, routed)           0.000    26.066    dut_n_2172
    SLICE_X2Y37          CARRY4 (Prop_carry4_S[1]_CO[3])
                                                      0.310    26.376 r  u_divider/out_res_reg[30]_i_409__0/CO[3]
                         net (fo=1, routed)           0.000    26.376    u_divider/out_res_reg[30]_i_409__0_n_0
    SLICE_X2Y38          CARRY4 (Prop_carry4_CI_CO[3])
                                                      0.060    26.436 r  u_divider/out_res_reg[30]_i_404__0/CO[3]
                         net (fo=1, routed)           0.000    26.436    u_divider/out_res_reg[30]_i_404__0_n_0
    SLICE_X2Y39          CARRY4 (Prop_carry4_CI_CO[3])
                                                      0.060    26.496 r  u_divider/out_res_reg[30]_i_399__0/CO[3]
                         net (fo=1, routed)           0.000    26.496    u_divider/out_res_reg[30]_i_399__0_n_0
    SLICE_X2Y40          CARRY4 (Prop_carry4_CI_CO[3])
                                                      0.060    26.556 r  u_divider/out_res_reg[30]_i_394__0/CO[3]
                         net (fo=1, routed)           0.000    26.556    u_divider/out_res_reg[30]_i_394__0_n_0
    SLICE_X2Y41          CARRY4 (Prop_carry4_CI_CO[3])
                                                      0.060    26.616 r  u_divider/out_res_reg[30]_i_389__0/CO[3]
                         net (fo=1, routed)           0.000    26.616    u_divider/out_res_reg[30]_i_389__0_n_0
    SLICE_X2Y42          CARRY4 (Prop_carry4_CI_CO[3])
                                                      0.060    26.676 r  u_divider/out_res_reg[30]_i_386__0/CO[3]
                         net (fo=1, routed)           0.000    26.676    u_divider/out_res_reg[30]_i_386__0_n_0
    SLICE_X2Y43          CARRY4 (Prop_carry4_CI_CO[1])
                                                      0.093    26.769 r  u_divider/out_res_reg[30]_i_385__0/CO[1]
                         net (fo=27, routed)          1.232    28.001    u_divider/out_res_reg[30]_i_385__0_n_2
    SLICE_X3Y37          LUT3 (Prop_lut3_I0_O)        0.153    28.154 r  u_divider/out_res[30]_i_414__0/O
                         net (fo=1, routed)           0.000    28.154    u_divider/out_res[30]_i_414__0_n_0
    SLICE_X3Y37          CARRY4 (Prop_carry4_S[3]_CO[3])
                                                      0.233    28.387 r  u_divider/out_res_reg[30]_i_377__0/CO[3]
                         net (fo=1, routed)           0.000    28.387    u_divider/out_res_reg[30]_i_377__0_n_0
    SLICE_X3Y38          CARRY4 (Prop_carry4_CI_CO[3])
                                                      0.058    28.445 r  u_divider/out_res_reg[30]_i_372__0/CO[3]
                         net (fo=1, routed)           0.000    28.445    u_divider/out_res_reg[30]_i_372__0_n_0
    SLICE_X3Y39          CARRY4 (Prop_carry4_CI_CO[3])
                                                      0.058    28.503 r  u_divider/out_res_reg[30]_i_367__0/CO[3]
                         net (fo=1, routed)           0.000    28.503    u_divider/out_res_reg[30]_i_367__0_n_0
    SLICE_X3Y40          CARRY4 (Prop_carry4_CI_CO[3])
                                                      0.058    28.561 r  u_divider/out_res_reg[30]_i_362__0/CO[3]
                         net (fo=1, routed)           0.000    28.561    u_divider/out_res_reg[30]_i_362__0_n_0
    SLICE_X3Y41          CARRY4 (Prop_carry4_CI_CO[3])
                                                      0.058    28.619 r  u_divider/out_res_reg[30]_i_357__0/CO[3]
                         net (fo=1, routed)           0.000    28.619    u_divider/out_res_reg[30]_i_357__0_n_0
    SLICE_X3Y42          CARRY4 (Prop_carry4_CI_CO[3])
                                                      0.058    28.677 r  u_divider/out_res_reg[30]_i_354__0/CO[3]
                         net (fo=1, routed)           0.000    28.677    u_divider/out_res_reg[30]_i_354__0_n_0
    SLICE_X3Y43          CARRY4 (Prop_carry4_CI_CO[1])
                                                      0.094    28.771 r  u_divider/out_res_reg[30]_i_353__0/CO[1]
                         net (fo=27, routed)          1.389    30.160    dut/core1/mem_wb/u_divider/out_res_reg[30]_i_344__0[0]
    SLICE_X4Y33          LUT3 (Prop_lut3_I0_O)        0.152    30.312 r  dut/core1/mem_wb/u_divider/out_res[30]_i_384__0/O
                         net (fo=1, routed)           0.000    30.312    dut_n_2174
    SLICE_X4Y33          CARRY4 (Prop_carry4_S[1]_CO[3])
                                                      0.310    30.622 r  u_divider/out_res_reg[30]_i_344__0/CO[3]
                         net (fo=1, routed)           0.000    30.622    u_divider/out_res_reg[30]_i_344__0_n_0
    SLICE_X4Y34          CARRY4 (Prop_carry4_CI_CO[3])
                                                      0.060    30.682 r  u_divider/out_res_reg[30]_i_339__0/CO[3]
                         net (fo=1, routed)           0.000    30.682    u_divider/out_res_reg[30]_i_339__0_n_0
    SLICE_X4Y35          CARRY4 (Prop_carry4_CI_CO[3])
                                                      0.060    30.742 r  u_divider/out_res_reg[30]_i_334__0/CO[3]
                         net (fo=1, routed)           0.000    30.742    u_divider/out_res_reg[30]_i_334__0_n_0
    SLICE_X4Y36          CARRY4 (Prop_carry4_CI_CO[3])
                                                      0.060    30.802 r  u_divider/out_res_reg[30]_i_329__0/CO[3]
                         net (fo=1, routed)           0.000    30.802    u_divider/out_res_reg[30]_i_329__0_n_0
    SLICE_X4Y37          CARRY4 (Prop_carry4_CI_CO[3])
                                                      0.060    30.862 r  u_divider/out_res_reg[30]_i_324__0/CO[3]
                         net (fo=1, routed)           0.000    30.862    u_divider/out_res_reg[30]_i_324__0_n_0
    SLICE_X4Y38          CARRY4 (Prop_carry4_CI_CO[3])
                                                      0.060    30.922 r  u_divider/out_res_reg[30]_i_321__0/CO[3]
                         net (fo=1, routed)           0.000    30.922    u_divider/out_res_reg[30]_i_321__0_n_0
    SLICE_X4Y39          CARRY4 (Prop_carry4_CI_CO[1])
                                                      0.093    31.015 r  u_divider/out_res_reg[30]_i_320__0/CO[1]
                         net (fo=27, routed)          1.261    32.276    dut/core1/mem_wb/u_divider/out_res_reg[30]_i_311__0[0]
    SLICE_X7Y32          LUT3 (Prop_lut3_I0_O)        0.153    32.429 r  dut/core1/mem_wb/u_divider/out_res[30]_i_351__0/O
                         net (fo=1, routed)           0.000    32.429    dut_n_2175
    SLICE_X7Y32          CARRY4 (Prop_carry4_S[1]_CO[3])
                                                      0.324    32.753 r  u_divider/out_res_reg[30]_i_311__0/CO[3]
                         net (fo=1, routed)           0.000    32.753    u_divider/out_res_reg[30]_i_311__0_n_0
    SLICE_X7Y33          CARRY4 (Prop_carry4_CI_CO[3])
                                                      0.058    32.811 r  u_divider/out_res_reg[30]_i_306__0/CO[3]
                         net (fo=1, routed)           0.000    32.811    u_divider/out_res_reg[30]_i_306__0_n_0
    SLICE_X7Y34          CARRY4 (Prop_carry4_CI_CO[3])
                                                      0.058    32.869 r  u_divider/out_res_reg[30]_i_301__0/CO[3]
                         net (fo=1, routed)           0.000    32.869    u_divider/out_res_reg[30]_i_301__0_n_0
    SLICE_X7Y35          CARRY4 (Prop_carry4_CI_CO[3])
                                                      0.058    32.927 r  u_divider/out_res_reg[30]_i_296__0/CO[3]
                         net (fo=1, routed)           0.000    32.927    u_divider/out_res_reg[30]_i_296__0_n_0
    SLICE_X7Y36          CARRY4 (Prop_carry4_CI_CO[3])
                                                      0.058    32.985 r  u_divider/out_res_reg[30]_i_291__0/CO[3]
                         net (fo=1, routed)           0.000    32.985    u_divider/out_res_reg[30]_i_291__0_n_0
    SLICE_X7Y37          CARRY4 (Prop_carry4_CI_CO[3])
                                                      0.058    33.043 r  u_divider/out_res_reg[30]_i_288__0/CO[3]
                         net (fo=1, routed)           0.000    33.043    u_divider/out_res_reg[30]_i_288__0_n_0
    SLICE_X7Y38          CARRY4 (Prop_carry4_CI_CO[1])
                                                      0.094    33.137 r  u_divider/out_res_reg[30]_i_287__0/CO[1]
                         net (fo=27, routed)          1.425    34.562    dut/core1/mem_wb/u_divider/out_res_reg[30]_i_278__0[0]
    SLICE_X11Y32         LUT3 (Prop_lut3_I0_O)        0.152    34.714 r  dut/core1/mem_wb/u_divider/out_res[30]_i_318__0/O
                         net (fo=1, routed)           0.000    34.714    dut_n_2176
    SLICE_X11Y32         CARRY4 (Prop_carry4_S[1]_CO[3])
                                                      0.324    35.038 r  u_divider/out_res_reg[30]_i_278__0/CO[3]
                         net (fo=1, routed)           0.000    35.038    u_divider/out_res_reg[30]_i_278__0_n_0
    SLICE_X11Y33         CARRY4 (Prop_carry4_CI_CO[3])
                                                      0.058    35.096 r  u_divider/out_res_reg[30]_i_273__0/CO[3]
                         net (fo=1, routed)           0.000    35.096    u_divider/out_res_reg[30]_i_273__0_n_0
    SLICE_X11Y34         CARRY4 (Prop_carry4_CI_CO[3])
                                                      0.058    35.154 r  u_divider/out_res_reg[30]_i_268__0/CO[3]
                         net (fo=1, routed)           0.000    35.154    u_divider/out_res_reg[30]_i_268__0_n_0
    SLICE_X11Y35         CARRY4 (Prop_carry4_CI_CO[3])
                                                      0.058    35.212 r  u_divider/out_res_reg[30]_i_263__0/CO[3]
                         net (fo=1, routed)           0.000    35.212    u_divider/out_res_reg[30]_i_263__0_n_0
    SLICE_X11Y36         CARRY4 (Prop_carry4_CI_CO[3])
                                                      0.058    35.270 r  u_divider/out_res_reg[30]_i_258__0/CO[3]
                         net (fo=1, routed)           0.000    35.270    u_divider/out_res_reg[30]_i_258__0_n_0
    SLICE_X11Y37         CARRY4 (Prop_carry4_CI_CO[3])
                                                      0.058    35.328 r  u_divider/out_res_reg[30]_i_255__0/CO[3]
                         net (fo=1, routed)           0.000    35.328    u_divider/out_res_reg[30]_i_255__0_n_0
    SLICE_X11Y38         CARRY4 (Prop_carry4_CI_CO[1])
                                                      0.094    35.422 r  u_divider/out_res_reg[30]_i_254__0/CO[1]
                         net (fo=27, routed)          1.201    36.623    u_divider/out_res_reg[30]_i_254__0_n_2
    SLICE_X15Y32         LUT3 (Prop_lut3_I0_O)        0.152    36.775 r  u_divider/out_res[30]_i_284__0/O
                         net (fo=1, routed)           0.000    36.775    u_divider/out_res[30]_i_284__0_n_0
    SLICE_X15Y32         CARRY4 (Prop_carry4_S[2]_CO[3])
                                                      0.235    37.010 r  u_divider/out_res_reg[30]_i_245__0/CO[3]
                         net (fo=1, routed)           0.000    37.010    u_divider/out_res_reg[30]_i_245__0_n_0
    SLICE_X15Y33         CARRY4 (Prop_carry4_CI_CO[3])
                                                      0.058    37.068 r  u_divider/out_res_reg[30]_i_240__0/CO[3]
                         net (fo=1, routed)           0.000    37.068    u_divider/out_res_reg[30]_i_240__0_n_0
    SLICE_X15Y34         CARRY4 (Prop_carry4_CI_CO[3])
                                                      0.058    37.126 r  u_divider/out_res_reg[30]_i_235__0/CO[3]
                         net (fo=1, routed)           0.000    37.126    u_divider/out_res_reg[30]_i_235__0_n_0
    SLICE_X15Y35         CARRY4 (Prop_carry4_CI_CO[3])
                                                      0.058    37.184 r  u_divider/out_res_reg[30]_i_230__0/CO[3]
                         net (fo=1, routed)           0.000    37.184    u_divider/out_res_reg[30]_i_230__0_n_0
    SLICE_X15Y36         CARRY4 (Prop_carry4_CI_CO[3])
                                                      0.058    37.242 r  u_divider/out_res_reg[30]_i_225__0/CO[3]
                         net (fo=1, routed)           0.000    37.242    u_divider/out_res_reg[30]_i_225__0_n_0
    SLICE_X15Y37         CARRY4 (Prop_carry4_CI_CO[3])
                                                      0.058    37.300 r  u_divider/out_res_reg[30]_i_222__0/CO[3]
                         net (fo=1, routed)           0.000    37.300    u_divider/out_res_reg[30]_i_222__0_n_0
    SLICE_X15Y38         CARRY4 (Prop_carry4_CI_CO[1])
                                                      0.094    37.394 r  u_divider/out_res_reg[30]_i_221__0/CO[1]
                         net (fo=27, routed)          1.155    38.548    u_divider/out_res_reg[30]_i_221__0_n_2
    SLICE_X15Y42         LUT3 (Prop_lut3_I0_O)        0.152    38.700 r  u_divider/out_res[30]_i_237__0/O
                         net (fo=1, routed)           0.000    38.700    u_divider/out_res[30]_i_237__0_n_0
    SLICE_X15Y42         CARRY4 (Prop_carry4_S[2]_CO[3])
                                                      0.235    38.935 r  u_divider/out_res_reg[30]_i_197__0/CO[3]
                         net (fo=1, routed)           0.000    38.935    u_divider/out_res_reg[30]_i_197__0_n_0
    SLICE_X15Y43         CARRY4 (Prop_carry4_CI_CO[3])
                                                      0.058    38.993 r  u_divider/out_res_reg[30]_i_192__0/CO[3]
                         net (fo=1, routed)           0.000    38.993    u_divider/out_res_reg[30]_i_192__0_n_0
    SLICE_X15Y44         CARRY4 (Prop_carry4_CI_CO[3])
                                                      0.058    39.051 r  u_divider/out_res_reg[30]_i_189__0/CO[3]
                         net (fo=1, routed)           0.000    39.051    u_divider/out_res_reg[30]_i_189__0_n_0
    SLICE_X15Y45         CARRY4 (Prop_carry4_CI_CO[1])
                                                      0.094    39.145 r  u_divider/out_res_reg[30]_i_188__0/CO[1]
                         net (fo=27, routed)          1.816    40.961    u_divider/out_res_reg[30]_i_188__0_n_2
    SLICE_X11Y39         LUT3 (Prop_lut3_I0_O)        0.152    41.113 r  u_divider/out_res[30]_i_218__0/O
                         net (fo=1, routed)           0.000    41.113    u_divider/out_res[30]_i_218__0_n_0
    SLICE_X11Y39         CARRY4 (Prop_carry4_S[2]_CO[3])
                                                      0.235    41.348 r  u_divider/out_res_reg[30]_i_179__0/CO[3]
                         net (fo=1, routed)           0.000    41.348    u_divider/out_res_reg[30]_i_179__0_n_0
    SLICE_X11Y40         CARRY4 (Prop_carry4_CI_CO[3])
                                                      0.058    41.406 r  u_divider/out_res_reg[30]_i_174__0/CO[3]
                         net (fo=1, routed)           0.000    41.406    u_divider/out_res_reg[30]_i_174__0_n_0
    SLICE_X11Y41         CARRY4 (Prop_carry4_CI_CO[3])
                                                      0.058    41.464 r  u_divider/out_res_reg[30]_i_169__0/CO[3]
                         net (fo=1, routed)           0.000    41.464    u_divider/out_res_reg[30]_i_169__0_n_0
    SLICE_X11Y42         CARRY4 (Prop_carry4_CI_CO[3])
                                                      0.058    41.522 r  u_divider/out_res_reg[30]_i_164__0/CO[3]
                         net (fo=1, routed)           0.000    41.522    u_divider/out_res_reg[30]_i_164__0_n_0
    SLICE_X11Y43         CARRY4 (Prop_carry4_CI_CO[3])
                                                      0.058    41.580 r  u_divider/out_res_reg[30]_i_159__0/CO[3]
                         net (fo=1, routed)           0.000    41.580    u_divider/out_res_reg[30]_i_159__0_n_0
    SLICE_X11Y44         CARRY4 (Prop_carry4_CI_CO[3])
                                                      0.058    41.638 r  u_divider/out_res_reg[30]_i_156__0/CO[3]
                         net (fo=1, routed)           0.000    41.638    u_divider/out_res_reg[30]_i_156__0_n_0
    SLICE_X11Y45         CARRY4 (Prop_carry4_CI_CO[1])
                                                      0.094    41.732 r  u_divider/out_res_reg[30]_i_155__0/CO[1]
                         net (fo=27, routed)          1.479    43.211    u_divider/out_res_reg[30]_i_155__0_n_2
    SLICE_X9Y39          LUT3 (Prop_lut3_I0_O)        0.152    43.363 r  u_divider/out_res[30]_i_185__0/O
                         net (fo=1, routed)           0.000    43.363    u_divider/out_res[30]_i_185__0_n_0
    SLICE_X9Y39          CARRY4 (Prop_carry4_S[2]_CO[3])
                                                      0.235    43.598 r  u_divider/out_res_reg[30]_i_146__0/CO[3]
                         net (fo=1, routed)           0.000    43.598    u_divider/out_res_reg[30]_i_146__0_n_0
    SLICE_X9Y40          CARRY4 (Prop_carry4_CI_CO[3])
                                                      0.058    43.656 r  u_divider/out_res_reg[30]_i_141__0/CO[3]
                         net (fo=1, routed)           0.000    43.656    u_divider/out_res_reg[30]_i_141__0_n_0
    SLICE_X9Y41          CARRY4 (Prop_carry4_CI_CO[3])
                                                      0.058    43.714 r  u_divider/out_res_reg[30]_i_136__0/CO[3]
                         net (fo=1, routed)           0.000    43.714    u_divider/out_res_reg[30]_i_136__0_n_0
    SLICE_X9Y42          CARRY4 (Prop_carry4_CI_CO[3])
                                                      0.058    43.772 r  u_divider/out_res_reg[30]_i_131__0/CO[3]
                         net (fo=1, routed)           0.000    43.772    u_divider/out_res_reg[30]_i_131__0_n_0
    SLICE_X9Y43          CARRY4 (Prop_carry4_CI_CO[3])
                                                      0.058    43.830 r  u_divider/out_res_reg[30]_i_126__0/CO[3]
                         net (fo=1, routed)           0.000    43.830    u_divider/out_res_reg[30]_i_126__0_n_0
    SLICE_X9Y44          CARRY4 (Prop_carry4_CI_CO[3])
                                                      0.058    43.888 r  u_divider/out_res_reg[30]_i_123__0/CO[3]
                         net (fo=1, routed)           0.000    43.888    u_divider/out_res_reg[30]_i_123__0_n_0
    SLICE_X9Y45          CARRY4 (Prop_carry4_CI_CO[1])
                                                      0.094    43.982 r  u_divider/out_res_reg[30]_i_122__0/CO[1]
                         net (fo=27, routed)          1.441    45.424    u_divider/out_res_reg[30]_i_122__0_n_2
    SLICE_X13Y52         LUT2 (Prop_lut2_I0_O)        0.152    45.576 r  u_divider/out_res[30]_i_124__0/O
                         net (fo=1, routed)           0.000    45.576    u_divider/out_res[30]_i_124__0_n_0
    SLICE_X13Y52         CARRY4 (Prop_carry4_S[1]_CO[1])
                                                      0.302    45.878 r  u_divider/out_res_reg[30]_i_92__0/CO[1]
                         net (fo=27, routed)          1.310    47.187    dut/core1/mem_wb/u_divider/i__carry_i_124__0[0]
    SLICE_X13Y39         LUT3 (Prop_lut3_I0_O)        0.152    47.339 r  dut/core1/mem_wb/u_divider/i__carry_i_149__0/O
                         net (fo=1, routed)           0.000    47.339    dut_n_2182
    SLICE_X13Y39         CARRY4 (Prop_carry4_S[1]_CO[3])
                                                      0.324    47.663 r  u_divider/i__carry_i_124__0/CO[3]
                         net (fo=1, routed)           0.000    47.663    u_divider/i__carry_i_124__0_n_0
    SLICE_X13Y40         CARRY4 (Prop_carry4_CI_CO[3])
                                                      0.058    47.721 r  u_divider/out_res_reg[30]_i_86__0/CO[3]
                         net (fo=1, routed)           0.000    47.721    u_divider/out_res_reg[30]_i_86__0_n_0
    SLICE_X13Y41         CARRY4 (Prop_carry4_CI_CO[3])
                                                      0.058    47.779 r  u_divider/out_res_reg[30]_i_81__0/CO[3]
                         net (fo=1, routed)           0.000    47.779    u_divider/out_res_reg[30]_i_81__0_n_0
    SLICE_X13Y42         CARRY4 (Prop_carry4_CI_CO[3])
                                                      0.058    47.837 r  u_divider/out_res_reg[30]_i_76__0/CO[3]
                         net (fo=1, routed)           0.000    47.837    u_divider/out_res_reg[30]_i_76__0_n_0
    SLICE_X13Y43         CARRY4 (Prop_carry4_CI_CO[3])
                                                      0.058    47.895 r  u_divider/out_res_reg[30]_i_71__0/CO[3]
                         net (fo=1, routed)           0.000    47.895    u_divider/out_res_reg[30]_i_71__0_n_0
    SLICE_X13Y44         CARRY4 (Prop_carry4_CI_CO[3])
                                                      0.058    47.953 r  u_divider/out_res_reg[30]_i_68__0/CO[3]
                         net (fo=1, routed)           0.000    47.953    u_divider/out_res_reg[30]_i_68__0_n_0
    SLICE_X13Y45         CARRY4 (Prop_carry4_CI_CO[1])
                                                      0.094    48.047 r  u_divider/out_res_reg[30]_i_67__0/CO[1]
                         net (fo=27, routed)          1.406    49.453    u_divider/out_res_reg[30]_i_67__0_n_2
    SLICE_X19Y39         LUT3 (Prop_lut3_I0_O)        0.152    49.605 r  u_divider/i__carry_i_145__0/O
                         net (fo=1, routed)           0.000    49.605    u_divider/i__carry_i_145__0_n_0
    SLICE_X19Y39         CARRY4 (Prop_carry4_S[2]_CO[3])
                                                      0.235    49.840 r  u_divider/i__carry_i_119__0/CO[3]
                         net (fo=1, routed)           0.000    49.840    u_divider/i__carry_i_119__0_n_0
    SLICE_X19Y40         CARRY4 (Prop_carry4_CI_CO[3])
                                                      0.058    49.898 r  u_divider/i__carry_i_93__0/CO[3]
                         net (fo=1, routed)           0.000    49.898    u_divider/i__carry_i_93__0_n_0
    SLICE_X19Y41         CARRY4 (Prop_carry4_CI_CO[3])
                                                      0.058    49.956 r  u_divider/out_res_reg[30]_i_61__0/CO[3]
                         net (fo=1, routed)           0.000    49.956    u_divider/out_res_reg[30]_i_61__0_n_0
    SLICE_X19Y42         CARRY4 (Prop_carry4_CI_CO[3])
                                                      0.058    50.014 r  u_divider/out_res_reg[30]_i_56__0/CO[3]
                         net (fo=1, routed)           0.000    50.014    u_divider/out_res_reg[30]_i_56__0_n_0
    SLICE_X19Y43         CARRY4 (Prop_carry4_CI_CO[3])
                                                      0.058    50.072 r  u_divider/out_res_reg[30]_i_51__0/CO[3]
                         net (fo=1, routed)           0.000    50.072    u_divider/out_res_reg[30]_i_51__0_n_0
    SLICE_X19Y44         CARRY4 (Prop_carry4_CI_CO[3])
                                                      0.058    50.130 r  u_divider/out_res_reg[30]_i_48__0/CO[3]
                         net (fo=1, routed)           0.000    50.130    u_divider/out_res_reg[30]_i_48__0_n_0
    SLICE_X19Y45         CARRY4 (Prop_carry4_CI_CO[1])
                                                      0.094    50.224 r  u_divider/out_res_reg[30]_i_47__0/CO[1]
                         net (fo=27, routed)          1.431    51.655    u_divider/out_res_reg[30]_i_47__0_n_2
    SLICE_X17Y39         LUT3 (Prop_lut3_I0_O)        0.152    51.807 r  u_divider/i__carry_i_141__0/O
                         net (fo=1, routed)           0.000    51.807    u_divider/i__carry_i_141__0_n_0
    SLICE_X17Y39         CARRY4 (Prop_carry4_S[3]_CO[3])
                                                      0.233    52.040 r  u_divider/i__carry_i_114__0/CO[3]
                         net (fo=1, routed)           0.000    52.040    u_divider/i__carry_i_114__0_n_0
    SLICE_X17Y40         CARRY4 (Prop_carry4_CI_CO[3])
                                                      0.058    52.098 r  u_divider/i__carry_i_88__0/CO[3]
                         net (fo=1, routed)           0.000    52.098    u_divider/i__carry_i_88__0_n_0
    SLICE_X17Y41         CARRY4 (Prop_carry4_CI_CO[3])
                                                      0.058    52.156 r  u_divider/i__carry_i_67__0/CO[3]
                         net (fo=1, routed)           0.000    52.156    u_divider/i__carry_i_67__0_n_0
    SLICE_X17Y42         CARRY4 (Prop_carry4_CI_CO[3])
                                                      0.058    52.214 r  u_divider/out_res_reg[30]_i_41__0/CO[3]
                         net (fo=1, routed)           0.000    52.214    u_divider/out_res_reg[30]_i_41__0_n_0
    SLICE_X17Y43         CARRY4 (Prop_carry4_CI_CO[3])
                                                      0.058    52.272 r  u_divider/out_res_reg[30]_i_36__0/CO[3]
                         net (fo=1, routed)           0.000    52.272    u_divider/out_res_reg[30]_i_36__0_n_0
    SLICE_X17Y44         CARRY4 (Prop_carry4_CI_CO[3])
                                                      0.058    52.330 r  u_divider/out_res_reg[30]_i_33__0/CO[3]
                         net (fo=1, routed)           0.000    52.330    u_divider/out_res_reg[30]_i_33__0_n_0
    SLICE_X17Y45         CARRY4 (Prop_carry4_CI_CO[1])
                                                      0.094    52.424 r  u_divider/out_res_reg[30]_i_32__0/CO[1]
                         net (fo=27, routed)          1.557    53.981    u_divider/out_res_reg[30]_i_32__0_n_2
    SLICE_X17Y49         LUT3 (Prop_lut3_I0_O)        0.152    54.133 r  u_divider/i__carry_i_71__0/O
                         net (fo=1, routed)           0.000    54.133    u_divider/i__carry_i_71__0_n_0
    SLICE_X17Y49         CARRY4 (Prop_carry4_S[0]_CO[3])
                                                      0.313    54.446 r  u_divider/i__carry_i_46__0/CO[3]
                         net (fo=1, routed)           0.001    54.447    u_divider/i__carry_i_46__0_n_0
    SLICE_X17Y50         CARRY4 (Prop_carry4_CI_CO[3])
                                                      0.058    54.505 r  u_divider/out_res_reg[30]_i_26__0/CO[3]
                         net (fo=1, routed)           0.000    54.505    u_divider/out_res_reg[30]_i_26__0_n_0
    SLICE_X17Y51         CARRY4 (Prop_carry4_CI_CO[3])
                                                      0.058    54.563 r  u_divider/out_res_reg[30]_i_23__0/CO[3]
                         net (fo=1, routed)           0.000    54.563    u_divider/out_res_reg[30]_i_23__0_n_0
    SLICE_X17Y52         CARRY4 (Prop_carry4_CI_CO[1])
                                                      0.094    54.657 r  u_divider/out_res_reg[30]_i_22__0/CO[1]
                         net (fo=27, routed)          1.116    55.773    dut/core1/mem_wb/u_divider/i__carry_i_104__0[0]
    SLICE_X19Y46         LUT3 (Prop_lut3_I0_O)        0.152    55.925 r  dut/core1/mem_wb/u_divider/i__carry_i_137__0/O
                         net (fo=1, routed)           0.000    55.925    dut_n_2186
    SLICE_X19Y46         CARRY4 (Prop_carry4_S[1]_CO[3])
                                                      0.324    56.249 r  u_divider/i__carry_i_104__0/CO[3]
                         net (fo=1, routed)           0.000    56.249    u_divider/i__carry_i_104__0_n_0
    SLICE_X19Y47         CARRY4 (Prop_carry4_CI_CO[3])
                                                      0.058    56.307 r  u_divider/i__carry_i_78__0/CO[3]
                         net (fo=1, routed)           0.000    56.307    u_divider/i__carry_i_78__0_n_0
    SLICE_X19Y48         CARRY4 (Prop_carry4_CI_CO[3])
                                                      0.058    56.365 r  u_divider/i__carry_i_57__0/CO[3]
                         net (fo=1, routed)           0.000    56.365    u_divider/i__carry_i_57__0_n_0
    SLICE_X19Y49         CARRY4 (Prop_carry4_CI_CO[3])
                                                      0.058    56.423 r  u_divider/i__carry_i_41__0/CO[3]
                         net (fo=1, routed)           0.001    56.424    u_divider/i__carry_i_41__0_n_0
    SLICE_X19Y50         CARRY4 (Prop_carry4_CI_CO[3])
                                                      0.058    56.482 r  u_divider/i__carry_i_30__0/CO[3]
                         net (fo=1, routed)           0.000    56.482    u_divider/i__carry_i_30__0_n_0
    SLICE_X19Y51         CARRY4 (Prop_carry4_CI_CO[3])
                                                      0.058    56.540 r  u_divider/out_res_reg[30]_i_15__0/CO[3]
                         net (fo=1, routed)           0.000    56.540    u_divider/out_res_reg[30]_i_15__0_n_0
    SLICE_X19Y52         CARRY4 (Prop_carry4_CI_CO[1])
                                                      0.094    56.634 r  u_divider/out_res_reg[30]_i_14__0/CO[1]
                         net (fo=27, routed)          1.191    57.825    dut/core1/mem_wb/u_divider/i__carry_i_99__0[0]
    SLICE_X21Y46         LUT3 (Prop_lut3_I0_O)        0.152    57.977 r  dut/core1/mem_wb/u_divider/i__carry_i_134__0/O
                         net (fo=1, routed)           0.000    57.977    dut_n_2187
    SLICE_X21Y46         CARRY4 (Prop_carry4_S[1]_CO[3])
                                                      0.324    58.301 r  u_divider/i__carry_i_99__0/CO[3]
                         net (fo=1, routed)           0.000    58.301    u_divider/i__carry_i_99__0_n_0
    SLICE_X21Y47         CARRY4 (Prop_carry4_CI_CO[3])
                                                      0.058    58.359 r  u_divider/i__carry_i_73__0/CO[3]
                         net (fo=1, routed)           0.000    58.359    u_divider/i__carry_i_73__0_n_0
    SLICE_X21Y48         CARRY4 (Prop_carry4_CI_CO[3])
                                                      0.058    58.417 r  u_divider/i__carry_i_52__0/CO[3]
                         net (fo=1, routed)           0.000    58.417    u_divider/i__carry_i_52__0_n_0
    SLICE_X21Y49         CARRY4 (Prop_carry4_CI_CO[3])
                                                      0.058    58.475 r  u_divider/i__carry_i_36__0/CO[3]
                         net (fo=1, routed)           0.001    58.476    u_divider/i__carry_i_36__0_n_0
    SLICE_X21Y50         CARRY4 (Prop_carry4_CI_CO[3])
                                                      0.058    58.534 r  u_divider/i__carry_i_25__0/CO[3]
                         net (fo=1, routed)           0.000    58.534    u_divider/i__carry_i_25__0_n_0
    SLICE_X21Y51         CARRY4 (Prop_carry4_CI_CO[3])
                                                      0.058    58.592 r  u_divider/i__carry_i_15__0/CO[3]
                         net (fo=1, routed)           0.000    58.592    u_divider/i__carry_i_15__0_n_0
    SLICE_X21Y52         CARRY4 (Prop_carry4_CI_CO[1])
                                                      0.094    58.686 r  u_divider/out_res_reg[30]_i_8__0/CO[1]
                         net (fo=70, routed)          1.150    59.835    u_divider/out_res_reg[30]_i_8__0_n_2
    SLICE_X21Y58         LUT3 (Prop_lut3_I0_O)        0.152    59.987 r  u_divider/i__carry_i_28__0/O
                         net (fo=1, routed)           0.000    59.987    u_divider/i__carry_i_28__0_n_0
    SLICE_X21Y58         CARRY4 (Prop_carry4_S[1]_CO[3])
                                                      0.324    60.311 r  u_divider/i__carry_i_14__0/CO[3]
                         net (fo=1, routed)           0.000    60.311    u_divider/i__carry_i_14__0_n_0
    SLICE_X21Y59         CARRY4 (Prop_carry4_CI_CO[1])
                                                      0.094    60.405 r  u_divider/i__carry_i_11__0/CO[1]
                         net (fo=39, routed)          1.221    61.627    dut/core1/mem_wb/u_divider/out_res_reg[21]_i_35__0[0]
    SLICE_X20Y53         LUT2 (Prop_lut2_I1_O)        0.152    61.779 r  dut/core1/mem_wb/u_divider/out_res[21]_i_44__0/O
                         net (fo=1, routed)           0.000    61.779    dut_n_2255
    SLICE_X20Y53         CARRY4 (Prop_carry4_S[1]_CO[3])
                                                      0.310    62.089 r  u_divider/out_res_reg[21]_i_35__0/CO[3]
                         net (fo=1, routed)           0.000    62.089    u_divider/out_res_reg[21]_i_35__0_n_0
    SLICE_X20Y54         CARRY4 (Prop_carry4_CI_CO[3])
                                                      0.060    62.149 r  u_divider/out_res_reg[21]_i_29__0/CO[3]
                         net (fo=1, routed)           0.000    62.149    u_divider/out_res_reg[21]_i_29__0_n_0
    SLICE_X20Y55         CARRY4 (Prop_carry4_CI_CO[3])
                                                      0.060    62.209 r  u_divider/out_res_reg[21]_i_23__0/CO[3]
                         net (fo=1, routed)           0.000    62.209    u_divider/out_res_reg[21]_i_23__0_n_0
    SLICE_X20Y56         CARRY4 (Prop_carry4_CI_CO[3])
                                                      0.060    62.269 r  u_divider/out_res_reg[21]_i_17__0/CO[3]
                         net (fo=1, routed)           0.000    62.269    u_divider/out_res_reg[21]_i_17__0_n_0
    SLICE_X20Y57         CARRY4 (Prop_carry4_CI_CO[3])
                                                      0.060    62.329 r  u_divider/out_res_reg[21]_i_11__0/CO[3]
                         net (fo=1, routed)           0.000    62.329    u_divider/out_res_reg[21]_i_11__0_n_0
    SLICE_X20Y58         CARRY4 (Prop_carry4_CI_CO[3])
                                                      0.060    62.389 r  u_divider/out_res_reg[21]_i_7__0/CO[3]
                         net (fo=1, routed)           0.000    62.389    u_divider/out_res_reg[21]_i_7__0_n_0
    SLICE_X20Y59         CARRY4 (Prop_carry4_CI_CO[1])
                                                      0.093    62.482 r  u_divider/out_res_reg[21]_i_5__0/CO[1]
                         net (fo=32, routed)          1.546    64.028    dut/core1/execute_unit/u_fpu/u_divider/out_res_reg[21]_0[0]
    SLICE_X27Y55         LUT5 (Prop_lut5_I0_O)        0.153    64.181 r  dut/core1/execute_unit/u_fpu/u_divider/i__carry_i_18__10/O
                         net (fo=3, routed)           0.684    64.865    dut/core1/execute_unit/u_fpu/u_divider/i__carry_i_18__10_n_0
    SLICE_X27Y54         LUT6 (Prop_lut6_I0_O)        0.053    64.918 r  dut/core1/execute_unit/u_fpu/u_divider/i__carry_i_13__25/O
                         net (fo=33, routed)          0.699    65.617    dut/core1/execute_unit/u_fpu/u_divider/i__carry_i_13__25_n_0
    SLICE_X31Y53         LUT4 (Prop_lut4_I3_O)        0.053    65.670 r  dut/core1/execute_unit/u_fpu/u_divider/i__carry_i_8__49/O
                         net (fo=1, routed)           0.000    65.670    dut/core1/execute_unit/u_fpu/u_divider/i__carry_i_8__49_n_0
    SLICE_X31Y53         CARRY4 (Prop_carry4_S[0]_CO[3])
                                                      0.313    65.983 r  dut/core1/execute_unit/u_fpu/u_divider/exp_norm0_inferred__0/i__carry/CO[3]
                         net (fo=1, routed)           0.000    65.983    dut/core1/execute_unit/u_fpu/u_divider/exp_norm0_inferred__0/i__carry_n_0
    SLICE_X31Y54         CARRY4 (Prop_carry4_CI_O[0])
                                                      0.139    66.122 f  dut/core1/execute_unit/u_fpu/u_divider/exp_norm0_inferred__0/i__carry__0/O[0]
                         net (fo=3, routed)           0.565    66.687    dut/core1/execute_unit/u_fpu/u_divider/exp_norm[4]
    SLICE_X29Y54         LUT6 (Prop_lut6_I4_O)        0.155    66.842 f  dut/core1/execute_unit/u_fpu/u_divider/i__carry_i_12__31/O
                         net (fo=1, routed)           0.414    67.256    dut/core1/execute_unit/u_fpu/u_divider/i__carry_i_12__31_n_0
    SLICE_X29Y55         LUT6 (Prop_lut6_I1_O)        0.053    67.309 r  dut/core1/execute_unit/u_fpu/u_divider/i__carry_i_11__31/O
                         net (fo=4, routed)           0.479    67.788    dut/core1/execute_unit/u_fpu/u_divider/i__carry_i_11__31_n_0
    SLICE_X28Y57         LUT6 (Prop_lut6_I5_O)        0.053    67.841 r  dut/core1/execute_unit/u_fpu/u_divider/i__carry_i_5__48/O
                         net (fo=32, routed)          0.667    68.508    dut/core1/execute_unit/u_fpu/u_divider/i__carry_i_5__48_n_0
    SLICE_X28Y54         LUT2 (Prop_lut2_I1_O)        0.053    68.561 r  dut/core1/execute_unit/u_fpu/u_divider/i__carry_i_4__29/O
                         net (fo=1, routed)           0.000    68.561    dut/core1/execute_unit/u_fpu/u_divider/i__carry_i_4__29_n_0
    SLICE_X28Y54         CARRY4 (Prop_carry4_S[0]_CO[3])
                                                      0.313    68.874 r  dut/core1/execute_unit/u_fpu/u_divider/exp_norm0_inferred__1/i__carry/CO[3]
                         net (fo=1, routed)           0.000    68.874    dut/core1/execute_unit/u_fpu/u_divider/exp_norm0_inferred__1/i__carry_n_0
    SLICE_X28Y55         CARRY4 (Prop_carry4_CI_O[1])
                                                      0.213    69.087 f  dut/core1/execute_unit/u_fpu/u_divider/exp_norm0_inferred__1/i__carry__0/O[1]
                         net (fo=3, routed)           0.603    69.689    dut/core1/execute_unit/u_fpu/u_divider/exp_norm0_inferred__1/i__carry__0_n_6
    SLICE_X29Y55         LUT6 (Prop_lut6_I0_O)        0.152    69.841 f  dut/core1/execute_unit/u_fpu/u_divider/i__carry_i_8__43/O
                         net (fo=1, routed)           0.804    70.646    dut/core1/execute_unit/u_fpu/u_divider/i__carry_i_8__43_n_0
    SLICE_X28Y57         LUT6 (Prop_lut6_I1_O)        0.053    70.699 r  dut/core1/execute_unit/u_fpu/u_divider/i__carry_i_7__43/O
                         net (fo=2, routed)           0.325    71.023    dut/core1/execute_unit/u_fpu/u_divider/i__carry_i_7__43_n_0
    SLICE_X28Y57         LUT6 (Prop_lut6_I5_O)        0.053    71.076 r  dut/core1/execute_unit/u_fpu/u_divider/i__carry_i_5__47/O
                         net (fo=30, routed)          0.303    71.379    dut/core1/execute_unit/u_fpu/u_divider/i__carry_i_5__47_n_0
    SLICE_X29Y56         LUT2 (Prop_lut2_I1_O)        0.053    71.432 r  dut/core1/execute_unit/u_fpu/u_divider/i__carry_i_4__30/O
                         net (fo=1, routed)           0.000    71.432    dut/core1/execute_unit/u_fpu/u_divider/i__carry_i_4__30_n_0
    SLICE_X29Y56         CARRY4 (Prop_carry4_S[0]_CO[3])
                                                      0.313    71.745 r  dut/core1/execute_unit/u_fpu/u_divider/exp_norm0_inferred__2/i__carry/CO[3]
                         net (fo=1, routed)           0.000    71.745    dut/core1/execute_unit/u_fpu/u_divider/exp_norm0_inferred__2/i__carry_n_0
    SLICE_X29Y57         CARRY4 (Prop_carry4_CI_O[0])
                                                      0.139    71.884 f  dut/core1/execute_unit/u_fpu/u_divider/exp_norm0_inferred__2/i__carry__0/O[0]
                         net (fo=3, routed)           0.577    72.461    dut/core1/execute_unit/u_fpu/u_divider/exp_norm0_inferred__2/i__carry__0_n_7
    SLICE_X25Y57         LUT6 (Prop_lut6_I4_O)        0.155    72.616 f  dut/core1/execute_unit/u_fpu/u_divider/i__carry_i_12__32/O
                         net (fo=1, routed)           0.407    73.023    dut/core1/execute_unit/u_fpu/u_divider/i__carry_i_12__32_n_0
    SLICE_X25Y58         LUT6 (Prop_lut6_I1_O)        0.053    73.076 r  dut/core1/execute_unit/u_fpu/u_divider/i__carry_i_9__28/O
                         net (fo=3, routed)           0.659    73.735    dut/core1/execute_unit/u_fpu/u_divider/i__carry_i_9__28_n_0
    SLICE_X27Y57         LUT6 (Prop_lut6_I5_O)        0.053    73.788 r  dut/core1/execute_unit/u_fpu/u_divider/i__carry_i_5__46/O
                         net (fo=28, routed)          0.424    74.212    dut/core1/execute_unit/u_fpu/u_divider/i__carry_i_5__46_n_0
    SLICE_X24Y57         LUT2 (Prop_lut2_I1_O)        0.053    74.265 r  dut/core1/execute_unit/u_fpu/u_divider/i__carry_i_4__31/O
                         net (fo=1, routed)           0.000    74.265    dut/core1/execute_unit/u_fpu/u_divider/i__carry_i_4__31_n_0
    SLICE_X24Y57         CARRY4 (Prop_carry4_S[0]_CO[3])
                                                      0.313    74.578 r  dut/core1/execute_unit/u_fpu/u_divider/exp_norm0_inferred__3/i__carry/CO[3]
                         net (fo=1, routed)           0.000    74.578    dut/core1/execute_unit/u_fpu/u_divider/exp_norm0_inferred__3/i__carry_n_0
    SLICE_X24Y58         CARRY4 (Prop_carry4_CI_O[3])
                                                      0.179    74.757 f  dut/core1/execute_unit/u_fpu/u_divider/exp_norm0_inferred__3/i__carry__0/O[3]
                         net (fo=3, routed)           0.681    75.438    dut/core1/execute_unit/u_fpu/u_divider/exp_norm0_inferred__3/i__carry__0_n_4
    SLICE_X25Y59         LUT6 (Prop_lut6_I2_O)        0.142    75.580 f  dut/core1/execute_unit/u_fpu/u_divider/i__carry_i_11__32/O
                         net (fo=1, routed)           0.457    76.037    dut/core1/execute_unit/u_fpu/u_divider/i__carry_i_11__32_n_0
    SLICE_X25Y59         LUT6 (Prop_lut6_I1_O)        0.053    76.090 r  dut/core1/execute_unit/u_fpu/u_divider/i__carry_i_9__29/O
                         net (fo=1, routed)           0.128    76.218    dut/core1/execute_unit/u_fpu/u_divider/i__carry_i_9__29_n_0
    SLICE_X25Y59         LUT6 (Prop_lut6_I5_O)        0.053    76.271 r  dut/core1/execute_unit/u_fpu/u_divider/i__carry_i_5__45/O
                         net (fo=29, routed)          0.724    76.996    dut/core1/execute_unit/u_fpu/u_divider/i__carry_i_5__45_n_0
    SLICE_X23Y59         LUT2 (Prop_lut2_I1_O)        0.053    77.049 r  dut/core1/execute_unit/u_fpu/u_divider/i__carry_i_4__32/O
                         net (fo=1, routed)           0.000    77.049    dut/core1/execute_unit/u_fpu/u_divider/i__carry_i_4__32_n_0
    SLICE_X23Y59         CARRY4 (Prop_carry4_S[0]_CO[3])
                                                      0.313    77.362 r  dut/core1/execute_unit/u_fpu/u_divider/exp_norm0_inferred__4/i__carry/CO[3]
                         net (fo=1, routed)           0.000    77.362    dut/core1/execute_unit/u_fpu/u_divider/exp_norm0_inferred__4/i__carry_n_0
    SLICE_X23Y60         CARRY4 (Prop_carry4_CI_O[3])
                                                      0.179    77.541 f  dut/core1/execute_unit/u_fpu/u_divider/exp_norm0_inferred__4/i__carry__0/O[3]
                         net (fo=3, routed)           0.959    78.499    dut/core1/execute_unit/u_fpu/u_divider/exp_norm0_inferred__4/i__carry__0_n_4
    SLICE_X9Y61          LUT6 (Prop_lut6_I2_O)        0.142    78.641 f  dut/core1/execute_unit/u_fpu/u_divider/i__carry_i_10__36/O
                         net (fo=1, routed)           0.294    78.935    dut/core1/execute_unit/u_fpu/u_divider/i__carry_i_10__36_n_0
    SLICE_X9Y62          LUT6 (Prop_lut6_I1_O)        0.053    78.988 r  dut/core1/execute_unit/u_fpu/u_divider/i__carry_i_8__44/O
                         net (fo=4, routed)           0.417    79.405    dut/core1/execute_unit/u_fpu/u_divider/i__carry_i_8__44_n_0
    SLICE_X9Y63          LUT4 (Prop_lut4_I3_O)        0.053    79.458 r  dut/core1/execute_unit/u_fpu/u_divider/i__carry_i_5__44/O
                         net (fo=26, routed)          0.454    79.912    dut/core1/execute_unit/u_fpu/u_divider/i__carry_i_5__44_n_0
    SLICE_X7Y61          LUT2 (Prop_lut2_I1_O)        0.053    79.965 r  dut/core1/execute_unit/u_fpu/u_divider/i__carry_i_4__33/O
                         net (fo=1, routed)           0.000    79.965    dut/core1/execute_unit/u_fpu/u_divider/i__carry_i_4__33_n_0
    SLICE_X7Y61          CARRY4 (Prop_carry4_S[0]_CO[3])
                                                      0.313    80.278 r  dut/core1/execute_unit/u_fpu/u_divider/exp_norm0_inferred__5/i__carry/CO[3]
                         net (fo=1, routed)           0.000    80.278    dut/core1/execute_unit/u_fpu/u_divider/exp_norm0_inferred__5/i__carry_n_0
    SLICE_X7Y62          CARRY4 (Prop_carry4_CI_CO[3])
                                                      0.058    80.336 r  dut/core1/execute_unit/u_fpu/u_divider/exp_norm0_inferred__5/i__carry__0/CO[3]
                         net (fo=1, routed)           0.000    80.336    dut/core1/execute_unit/u_fpu/u_divider/exp_norm0_inferred__5/i__carry__0_n_0
    SLICE_X7Y63          CARRY4 (Prop_carry4_CI_O[1])
                                                      0.213    80.549 f  dut/core1/execute_unit/u_fpu/u_divider/exp_norm0_inferred__5/i__carry__1/O[1]
                         net (fo=3, routed)           0.768    81.318    dut/core1/execute_unit/u_fpu/u_divider/exp_norm0_inferred__5/i__carry__1_n_6
    SLICE_X5Y62          LUT6 (Prop_lut6_I3_O)        0.152    81.470 r  dut/core1/execute_unit/u_fpu/u_divider/i__carry_i_7__44/O
                         net (fo=1, routed)           0.607    82.076    dut/core1/execute_unit/u_fpu/u_divider/i__carry_i_7__44_n_0
    SLICE_X9Y63          LUT6 (Prop_lut6_I5_O)        0.053    82.129 r  dut/core1/execute_unit/u_fpu/u_divider/i__carry_i_5__43/O
                         net (fo=27, routed)          0.480    82.610    dut/core1/execute_unit/u_fpu/u_divider/i__carry_i_5__43_n_0
    SLICE_X6Y63          LUT2 (Prop_lut2_I1_O)        0.053    82.663 r  dut/core1/execute_unit/u_fpu/u_divider/i__carry_i_4__34/O
                         net (fo=1, routed)           0.000    82.663    dut/core1/execute_unit/u_fpu/u_divider/i__carry_i_4__34_n_0
    SLICE_X6Y63          CARRY4 (Prop_carry4_S[0]_CO[3])
                                                      0.297    82.960 r  dut/core1/execute_unit/u_fpu/u_divider/exp_norm0_inferred__6/i__carry/CO[3]
                         net (fo=1, routed)           0.000    82.960    dut/core1/execute_unit/u_fpu/u_divider/exp_norm0_inferred__6/i__carry_n_0
    SLICE_X6Y64          CARRY4 (Prop_carry4_CI_O[0])
                                                      0.135    83.095 f  dut/core1/execute_unit/u_fpu/u_divider/exp_norm0_inferred__6/i__carry__0/O[0]
                         net (fo=3, routed)           0.609    83.704    dut/core1/execute_unit/u_fpu/u_divider/exp_norm0_inferred__6/i__carry__0_n_7
    SLICE_X7Y64          LUT6 (Prop_lut6_I4_O)        0.153    83.857 f  dut/core1/execute_unit/u_fpu/u_divider/i__carry_i_13__26/O
                         net (fo=1, routed)           0.298    84.155    dut/core1/execute_unit/u_fpu/u_divider/i__carry_i_13__26_n_0
    SLICE_X7Y65          LUT6 (Prop_lut6_I1_O)        0.053    84.208 r  dut/core1/execute_unit/u_fpu/u_divider/i__carry_i_9__31/O
                         net (fo=4, routed)           0.451    84.659    dut/core1/execute_unit/u_fpu/u_divider/i__carry_i_9__31_n_0
    SLICE_X9Y65          LUT6 (Prop_lut6_I5_O)        0.053    84.712 r  dut/core1/execute_unit/u_fpu/u_divider/i__carry_i_5__42/O
                         net (fo=27, routed)          0.697    85.409    dut/core1/execute_unit/u_fpu/u_divider/i__carry_i_5__42_n_0
    SLICE_X5Y63          LUT2 (Prop_lut2_I1_O)        0.053    85.462 r  dut/core1/execute_unit/u_fpu/u_divider/i__carry_i_4__35/O
                         net (fo=1, routed)           0.000    85.462    dut/core1/execute_unit/u_fpu/u_divider/i__carry_i_4__35_n_0
    SLICE_X5Y63          CARRY4 (Prop_carry4_S[0]_CO[3])
                                                      0.313    85.775 r  dut/core1/execute_unit/u_fpu/u_divider/exp_norm0_inferred__7/i__carry/CO[3]
                         net (fo=1, routed)           0.000    85.775    dut/core1/execute_unit/u_fpu/u_divider/exp_norm0_inferred__7/i__carry_n_0
    SLICE_X5Y64          CARRY4 (Prop_carry4_CI_O[0])
                                                      0.139    85.914 f  dut/core1/execute_unit/u_fpu/u_divider/exp_norm0_inferred__7/i__carry__0/O[0]
                         net (fo=3, routed)           0.587    86.500    dut/core1/execute_unit/u_fpu/u_divider/exp_norm0_inferred__7/i__carry__0_n_7
    SLICE_X3Y64          LUT6 (Prop_lut6_I4_O)        0.155    86.655 f  dut/core1/execute_unit/u_fpu/u_divider/i__carry_i_10__37/O
                         net (fo=1, routed)           0.566    87.222    dut/core1/execute_unit/u_fpu/u_divider/i__carry_i_10__37_n_0
    SLICE_X7Y65          LUT6 (Prop_lut6_I1_O)        0.053    87.275 r  dut/core1/execute_unit/u_fpu/u_divider/i__carry_i_8__45/O
                         net (fo=2, routed)           0.303    87.577    dut/core1/execute_unit/u_fpu/u_divider/i__carry_i_8__45_n_0
    SLICE_X7Y66          LUT4 (Prop_lut4_I3_O)        0.053    87.630 r  dut/core1/execute_unit/u_fpu/u_divider/i__carry_i_5__41/O
                         net (fo=29, routed)          0.803    88.434    dut/core1/execute_unit/u_fpu/u_divider/i__carry_i_5__41_n_0
    SLICE_X4Y63          LUT2 (Prop_lut2_I1_O)        0.053    88.487 r  dut/core1/execute_unit/u_fpu/u_divider/i__carry_i_4__36/O
                         net (fo=1, routed)           0.000    88.487    dut/core1/execute_unit/u_fpu/u_divider/i__carry_i_4__36_n_0
    SLICE_X4Y63          CARRY4 (Prop_carry4_S[0]_CO[3])
                                                      0.297    88.784 r  dut/core1/execute_unit/u_fpu/u_divider/exp_norm0_inferred__8/i__carry/CO[3]
                         net (fo=1, routed)           0.000    88.784    dut/core1/execute_unit/u_fpu/u_divider/exp_norm0_inferred__8/i__carry_n_0
    SLICE_X4Y64          CARRY4 (Prop_carry4_CI_O[2])
                                                      0.137    88.921 f  dut/core1/execute_unit/u_fpu/u_divider/exp_norm0_inferred__8/i__carry__0/O[2]
                         net (fo=3, routed)           0.735    89.655    dut/core1/execute_unit/u_fpu/u_divider/exp_norm0_inferred__8/i__carry__0_n_5
    SLICE_X5Y62          LUT6 (Prop_lut6_I1_O)        0.152    89.807 f  dut/core1/execute_unit/u_fpu/u_divider/i__carry_i_9__32/O
                         net (fo=1, routed)           0.457    90.264    dut/core1/execute_unit/u_fpu/u_divider/i__carry_i_9__32_n_0
    SLICE_X5Y62          LUT6 (Prop_lut6_I1_O)        0.053    90.317 r  dut/core1/execute_unit/u_fpu/u_divider/i__carry_i_7__45/O
                         net (fo=3, routed)           0.658    90.975    dut/core1/execute_unit/u_fpu/u_divider/i__carry_i_7__45_n_0
    SLICE_X7Y66          LUT6 (Prop_lut6_I5_O)        0.053    91.028 r  dut/core1/execute_unit/u_fpu/u_divider/i__carry_i_5__40/O
                         net (fo=26, routed)          0.619    91.648    dut/core1/execute_unit/u_fpu/u_divider/i__carry_i_5__40_n_0
    SLICE_X2Y63          LUT2 (Prop_lut2_I1_O)        0.053    91.701 r  dut/core1/execute_unit/u_fpu/u_divider/i__carry_i_4__37/O
                         net (fo=1, routed)           0.000    91.701    dut/core1/execute_unit/u_fpu/u_divider/i__carry_i_4__37_n_0
    SLICE_X2Y63          CARRY4 (Prop_carry4_S[0]_CO[3])
                                                      0.297    91.998 r  dut/core1/execute_unit/u_fpu/u_divider/exp_norm0_inferred__9/i__carry/CO[3]
                         net (fo=1, routed)           0.000    91.998    dut/core1/execute_unit/u_fpu/u_divider/exp_norm0_inferred__9/i__carry_n_0
    SLICE_X2Y64          CARRY4 (Prop_carry4_CI_O[3])
                                                      0.181    92.179 f  dut/core1/execute_unit/u_fpu/u_divider/exp_norm0_inferred__9/i__carry__0/O[3]
                         net (fo=3, routed)           1.025    93.204    dut/core1/execute_unit/u_fpu/u_divider/exp_norm0_inferred__9/i__carry__0_n_4
    SLICE_X3Y64          LUT6 (Prop_lut6_I4_O)        0.142    93.346 r  dut/core1/execute_unit/u_fpu/u_divider/i__carry_i_9__33/O
                         net (fo=1, routed)           0.727    94.073    dut/core1/execute_unit/u_fpu/u_divider/i__carry_i_9__33_n_0
    SLICE_X9Y66          LUT6 (Prop_lut6_I5_O)        0.053    94.126 r  dut/core1/execute_unit/u_fpu/u_divider/i__carry_i_5__39/O
                         net (fo=30, routed)          1.062    95.188    dut/core1/execute_unit/u_fpu/u_divider/i__carry_i_5__39_n_0
    SLICE_X1Y62          LUT2 (Prop_lut2_I1_O)        0.053    95.241 r  dut/core1/execute_unit/u_fpu/u_divider/i__carry_i_4__38/O
                         net (fo=1, routed)           0.000    95.241    dut/core1/execute_unit/u_fpu/u_divider/i__carry_i_4__38_n_0
    SLICE_X1Y62          CARRY4 (Prop_carry4_S[0]_CO[3])
                                                      0.313    95.554 r  dut/core1/execute_unit/u_fpu/u_divider/exp_norm0_inferred__10/i__carry/CO[3]
                         net (fo=1, routed)           0.000    95.554    dut/core1/execute_unit/u_fpu/u_divider/exp_norm0_inferred__10/i__carry_n_0
    SLICE_X1Y63          CARRY4 (Prop_carry4_CI_O[1])
                                                      0.213    95.767 f  dut/core1/execute_unit/u_fpu/u_divider/exp_norm0_inferred__10/i__carry__0/O[1]
                         net (fo=3, routed)           0.836    96.602    dut/core1/execute_unit/u_fpu/u_divider/exp_norm0_inferred__10/i__carry__0_n_6
    SLICE_X0Y60          LUT6 (Prop_lut6_I0_O)        0.152    96.754 f  dut/core1/execute_unit/u_fpu/u_divider/i__carry_i_10__38/O
                         net (fo=1, routed)           0.593    97.348    dut/core1/execute_unit/u_fpu/u_divider/i__carry_i_10__38_n_0
    SLICE_X1Y61          LUT6 (Prop_lut6_I1_O)        0.053    97.401 r  dut/core1/execute_unit/u_fpu/u_divider/i__carry_i_8__46/O
                         net (fo=4, routed)           0.973    98.374    dut/core1/execute_unit/u_fpu/u_divider/i__carry_i_8__46_n_0
    SLICE_X9Y65          LUT4 (Prop_lut4_I3_O)        0.053    98.427 r  dut/core1/execute_unit/u_fpu/u_divider/i__carry_i_5__38/O
                         net (fo=27, routed)          1.042    99.468    dut/core1/execute_unit/u_fpu/u_divider/i__carry_i_5__38_n_0
    SLICE_X1Y57          LUT2 (Prop_lut2_I1_O)        0.053    99.521 r  dut/core1/execute_unit/u_fpu/u_divider/i__carry_i_4__39/O
                         net (fo=1, routed)           0.000    99.521    dut/core1/execute_unit/u_fpu/u_divider/i__carry_i_4__39_n_0
    SLICE_X1Y57          CARRY4 (Prop_carry4_S[0]_CO[3])
                                                      0.313    99.834 r  dut/core1/execute_unit/u_fpu/u_divider/exp_norm0_inferred__11/i__carry/CO[3]
                         net (fo=1, routed)           0.000    99.834    dut/core1/execute_unit/u_fpu/u_divider/exp_norm0_inferred__11/i__carry_n_0
    SLICE_X1Y58          CARRY4 (Prop_carry4_CI_O[2])
                                                      0.136    99.970 f  dut/core1/execute_unit/u_fpu/u_divider/exp_norm0_inferred__11/i__carry__0/O[2]
                         net (fo=3, routed)           0.656   100.627    dut/core1/execute_unit/u_fpu/u_divider/exp_norm0_inferred__11/i__carry__0_n_5
    SLICE_X0Y59          LUT6 (Prop_lut6_I2_O)        0.152   100.779 f  dut/core1/execute_unit/u_fpu/u_divider/i__carry_i_9__34/O
                         net (fo=1, routed)           0.459   101.238    dut/core1/execute_unit/u_fpu/u_divider/i__carry_i_9__34_n_0
    SLICE_X0Y59          LUT6 (Prop_lut6_I1_O)        0.053   101.291 r  dut/core1/execute_unit/u_fpu/u_divider/i__carry_i_7__46/O
                         net (fo=1, routed)           0.617   101.908    dut/core1/execute_unit/u_fpu/u_divider/i__carry_i_7__46_n_0
    SLICE_X7Y64          LUT6 (Prop_lut6_I5_O)        0.053   101.961 r  dut/core1/execute_unit/u_fpu/u_divider/i__carry_i_5__37/O
                         net (fo=28, routed)          1.410   103.370    dut/core1/execute_unit/u_fpu/u_divider/i__carry_i_5__37_n_0
    SLICE_X2Y57          LUT2 (Prop_lut2_I1_O)        0.053   103.423 r  dut/core1/execute_unit/u_fpu/u_divider/i__carry_i_4__40/O
                         net (fo=1, routed)           0.000   103.423    dut/core1/execute_unit/u_fpu/u_divider/i__carry_i_4__40_n_0
    SLICE_X2Y57          CARRY4 (Prop_carry4_S[0]_CO[3])
                                                      0.297   103.720 r  dut/core1/execute_unit/u_fpu/u_divider/exp_norm0_inferred__12/i__carry/CO[3]
                         net (fo=1, routed)           0.000   103.720    dut/core1/execute_unit/u_fpu/u_divider/exp_norm0_inferred__12/i__carry_n_0
    SLICE_X2Y58          CARRY4 (Prop_carry4_CI_CO[3])
                                                      0.060   103.780 r  dut/core1/execute_unit/u_fpu/u_divider/exp_norm0_inferred__12/i__carry__0/CO[3]
                         net (fo=1, routed)           0.000   103.780    dut/core1/execute_unit/u_fpu/u_divider/exp_norm0_inferred__12/i__carry__0_n_0
    SLICE_X2Y59          CARRY4 (Prop_carry4_CI_O[0])
                                                      0.135   103.915 f  dut/core1/execute_unit/u_fpu/u_divider/exp_norm0_inferred__12/i__carry__1/O[0]
                         net (fo=3, routed)           0.676   104.592    dut/core1/execute_unit/u_fpu/u_divider/exp_norm0_inferred__12/i__carry__1_n_7
    SLICE_X3Y56          LUT6 (Prop_lut6_I1_O)        0.153   104.745 f  dut/core1/execute_unit/u_fpu/u_divider/i__carry_i_11__34/O
                         net (fo=1, routed)           0.462   105.206    dut/core1/execute_unit/u_fpu/u_divider/i__carry_i_11__34_n_0
    SLICE_X3Y56          LUT6 (Prop_lut6_I1_O)        0.053   105.259 r  dut/core1/execute_unit/u_fpu/u_divider/i__carry_i_9__35/O
                         net (fo=4, routed)           0.896   106.155    dut/core1/execute_unit/u_fpu/u_divider/i__carry_i_9__35_n_0
    SLICE_X9Y62          LUT6 (Prop_lut6_I5_O)        0.053   106.208 r  dut/core1/execute_unit/u_fpu/u_divider/i__carry_i_5__36/O
                         net (fo=27, routed)          0.984   107.192    dut/core1/execute_unit/u_fpu/u_divider/i__carry_i_5__36_n_0
    SLICE_X3Y57          LUT2 (Prop_lut2_I1_O)        0.053   107.245 r  dut/core1/execute_unit/u_fpu/u_divider/i__carry_i_4__41/O
                         net (fo=1, routed)           0.000   107.245    dut/core1/execute_unit/u_fpu/u_divider/i__carry_i_4__41_n_0
    SLICE_X3Y57          CARRY4 (Prop_carry4_S[0]_CO[3])
                                                      0.313   107.558 r  dut/core1/execute_unit/u_fpu/u_divider/exp_norm0_inferred__13/i__carry/CO[3]
                         net (fo=1, routed)           0.000   107.558    dut/core1/execute_unit/u_fpu/u_divider/exp_norm0_inferred__13/i__carry_n_0
    SLICE_X3Y58          CARRY4 (Prop_carry4_CI_O[2])
                                                      0.136   107.694 f  dut/core1/execute_unit/u_fpu/u_divider/exp_norm0_inferred__13/i__carry__0/O[2]
                         net (fo=3, routed)           0.708   108.402    dut/core1/execute_unit/u_fpu/u_divider/exp_norm0_inferred__13/i__carry__0_n_5
    SLICE_X2Y56          LUT6 (Prop_lut6_I1_O)        0.152   108.554 f  dut/core1/execute_unit/u_fpu/u_divider/i__carry_i_10__39/O
                         net (fo=1, routed)           0.689   109.243    dut/core1/execute_unit/u_fpu/u_divider/i__carry_i_10__39_n_0
    SLICE_X0Y59          LUT6 (Prop_lut6_I1_O)        0.053   109.296 r  dut/core1/execute_unit/u_fpu/u_divider/i__carry_i_8__47/O
                         net (fo=2, routed)           0.591   109.888    dut/core1/execute_unit/u_fpu/u_divider/i__carry_i_8__47_n_0
    SLICE_X9Y61          LUT4 (Prop_lut4_I3_O)        0.053   109.941 r  dut/core1/execute_unit/u_fpu/u_divider/i__carry_i_5__35/O
                         net (fo=29, routed)          0.901   110.842    dut/core1/execute_unit/u_fpu/u_divider/i__carry_i_5__35_n_0
    SLICE_X0Y56          LUT2 (Prop_lut2_I1_O)        0.053   110.895 r  dut/core1/execute_unit/u_fpu/u_divider/i__carry_i_4__42/O
                         net (fo=1, routed)           0.000   110.895    dut/core1/execute_unit/u_fpu/u_divider/i__carry_i_4__42_n_0
    SLICE_X0Y56          CARRY4 (Prop_carry4_S[0]_CO[3])
                                                      0.297   111.192 r  dut/core1/execute_unit/u_fpu/u_divider/exp_norm0_inferred__14/i__carry/CO[3]
                         net (fo=1, routed)           0.000   111.192    dut/core1/execute_unit/u_fpu/u_divider/exp_norm0_inferred__14/i__carry_n_0
    SLICE_X0Y57          CARRY4 (Prop_carry4_CI_O[3])
                                                      0.181   111.373 f  dut/core1/execute_unit/u_fpu/u_divider/exp_norm0_inferred__14/i__carry__0/O[3]
                         net (fo=3, routed)           1.130   112.504    dut/core1/execute_unit/u_fpu/u_divider/exp_norm0_inferred__14/i__carry__0_n_4
    SLICE_X2Y56          LUT6 (Prop_lut6_I2_O)        0.142   112.646 f  dut/core1/execute_unit/u_fpu/u_divider/i__carry_i_9__36/O
                         net (fo=1, routed)           0.545   113.191    dut/core1/execute_unit/u_fpu/u_divider/i__carry_i_9__36_n_0
    SLICE_X0Y59          LUT6 (Prop_lut6_I1_O)        0.053   113.244 r  dut/core1/execute_unit/u_fpu/u_divider/i__carry_i_7__47/O
                         net (fo=3, routed)           0.535   113.779    dut/core1/execute_unit/u_fpu/u_divider/i__carry_i_7__47_n_0
    SLICE_X9Y61          LUT6 (Prop_lut6_I5_O)        0.053   113.832 r  dut/core1/execute_unit/u_fpu/u_divider/i__carry_i_5__34/O
                         net (fo=26, routed)          1.274   115.105    dut/core1/execute_unit/u_fpu/u_divider/i__carry_i_5__34_n_0
    SLICE_X1Y54          LUT2 (Prop_lut2_I1_O)        0.053   115.158 r  dut/core1/execute_unit/u_fpu/u_divider/i__carry_i_4__43/O
                         net (fo=1, routed)           0.000   115.158    dut/core1/execute_unit/u_fpu/u_divider/i__carry_i_4__43_n_0
    SLICE_X1Y54          CARRY4 (Prop_carry4_S[0]_O[2])
                                                      0.323   115.481 f  dut/core1/execute_unit/u_fpu/u_divider/exp_norm0_inferred__15/i__carry/O[2]
                         net (fo=3, routed)           1.032   116.513    dut/core1/execute_unit/u_fpu/u_divider/exp_norm0_inferred__15/i__carry_n_5
    SLICE_X2Y56          LUT6 (Prop_lut6_I4_O)        0.152   116.665 f  dut/core1/execute_unit/u_fpu/u_divider/i__carry_i_11__35/O
                         net (fo=1, routed)           0.327   116.993    dut/core1/execute_unit/u_fpu/u_divider/i__carry_i_11__35_n_0
    SLICE_X2Y56          LUT6 (Prop_lut6_I1_O)        0.053   117.046 r  dut/core1/execute_unit/u_fpu/u_divider/i__carry_i_9__37/O
                         net (fo=4, routed)           0.904   117.950    dut/core1/execute_unit/u_fpu/u_divider/i__carry_i_9__37_n_0
    SLICE_X10Y57         LUT6 (Prop_lut6_I5_O)        0.053   118.003 r  dut/core1/execute_unit/u_fpu/u_divider/i__carry_i_5__33/O
                         net (fo=28, routed)          1.159   119.162    dut/core1/execute_unit/u_fpu/u_divider/i__carry_i_5__33_n_0
    SLICE_X0Y53          LUT2 (Prop_lut2_I1_O)        0.053   119.215 r  dut/core1/execute_unit/u_fpu/u_divider/i__carry_i_4__44/O
                         net (fo=1, routed)           0.000   119.215    dut/core1/execute_unit/u_fpu/u_divider/i__carry_i_4__44_n_0
    SLICE_X0Y53          CARRY4 (Prop_carry4_S[0]_CO[3])
                                                      0.297   119.512 r  dut/core1/execute_unit/u_fpu/u_divider/exp_norm0_inferred__16/i__carry/CO[3]
                         net (fo=1, routed)           0.000   119.512    dut/core1/execute_unit/u_fpu/u_divider/exp_norm0_inferred__16/i__carry_n_0
    SLICE_X0Y54          CARRY4 (Prop_carry4_CI_O[2])
                                                      0.137   119.649 f  dut/core1/execute_unit/u_fpu/u_divider/exp_norm0_inferred__16/i__carry__0/O[2]
                         net (fo=3, routed)           0.700   120.349    dut/core1/execute_unit/u_fpu/u_divider/exp_norm0_inferred__16/i__carry__0_n_5
    SLICE_X2Y52          LUT6 (Prop_lut6_I1_O)        0.152   120.501 f  dut/core1/execute_unit/u_fpu/u_divider/i__carry_i_10__40/O
                         net (fo=1, routed)           0.672   121.173    dut/core1/execute_unit/u_fpu/u_divider/i__carry_i_10__40_n_0
    SLICE_X3Y56          LUT6 (Prop_lut6_I1_O)        0.053   121.226 r  dut/core1/execute_unit/u_fpu/u_divider/i__carry_i_8__48/O
                         net (fo=4, routed)           0.935   122.161    dut/core1/execute_unit/u_fpu/u_divider/i__carry_i_8__48_n_0
    SLICE_X10Y57         LUT4 (Prop_lut4_I3_O)        0.053   122.214 r  dut/core1/execute_unit/u_fpu/u_divider/i__carry_i_5__32/O
                         net (fo=28, routed)          1.307   123.521    dut/core1/execute_unit/u_fpu/u_divider/i__carry_i_5__32_n_0
    SLICE_X2Y53          LUT2 (Prop_lut2_I1_O)        0.053   123.574 r  dut/core1/execute_unit/u_fpu/u_divider/i__carry_i_4__45/O
                         net (fo=1, routed)           0.000   123.574    dut/core1/execute_unit/u_fpu/u_divider/i__carry_i_4__45_n_0
    SLICE_X2Y53          CARRY4 (Prop_carry4_S[0]_CO[3])
                                                      0.297   123.871 r  dut/core1/execute_unit/u_fpu/u_divider/exp_norm0_inferred__17/i__carry/CO[3]
                         net (fo=1, routed)           0.000   123.871    dut/core1/execute_unit/u_fpu/u_divider/exp_norm0_inferred__17/i__carry_n_0
    SLICE_X2Y54          CARRY4 (Prop_carry4_CI_O[3])
                                                      0.181   124.052 f  dut/core1/execute_unit/u_fpu/u_divider/exp_norm0_inferred__17/i__carry__0/O[3]
                         net (fo=3, routed)           0.679   124.731    dut/core1/execute_unit/u_fpu/u_divider/exp_norm0_inferred__17/i__carry__0_n_4
    SLICE_X2Y52          LUT6 (Prop_lut6_I2_O)        0.142   124.873 f  dut/core1/execute_unit/u_fpu/u_divider/i__carry_i_9__38/O
                         net (fo=1, routed)           0.859   125.732    dut/core1/execute_unit/u_fpu/u_divider/i__carry_i_9__38_n_0
    SLICE_X3Y56          LUT6 (Prop_lut6_I1_O)        0.053   125.785 r  dut/core1/execute_unit/u_fpu/u_divider/i__carry_i_7__48/O
                         net (fo=3, routed)           0.602   126.387    dut/core1/execute_unit/u_fpu/u_divider/i__carry_i_7__48_n_0
    SLICE_X7Y60          LUT6 (Prop_lut6_I5_O)        0.053   126.440 r  dut/core1/execute_unit/u_fpu/u_divider/i__carry_i_5__31/O
                         net (fo=26, routed)          1.241   127.682    dut/core1/execute_unit/u_fpu/u_divider/i__carry_i_5__31_n_0
    SLICE_X3Y53          LUT2 (Prop_lut2_I1_O)        0.053   127.735 r  dut/core1/execute_unit/u_fpu/u_divider/i__carry_i_4__46/O
                         net (fo=1, routed)           0.000   127.735    dut/core1/execute_unit/u_fpu/u_divider/i__carry_i_4__46_n_0
    SLICE_X3Y53          CARRY4 (Prop_carry4_S[0]_O[3])
                                                      0.357   128.092 f  dut/core1/execute_unit/u_fpu/u_divider/exp_norm0_inferred__18/i__carry/O[3]
                         net (fo=3, routed)           1.037   129.128    dut/core1/execute_unit/u_fpu/u_divider/exp_norm0_inferred__18/i__carry_n_4
    SLICE_X13Y53         LUT6 (Prop_lut6_I3_O)        0.142   129.270 f  dut/core1/execute_unit/u_fpu/u_divider/i__carry_i_11__36/O
                         net (fo=1, routed)           0.306   129.577    dut/core1/execute_unit/u_fpu/u_divider/i__carry_i_11__36_n_0
    SLICE_X13Y53         LUT6 (Prop_lut6_I1_O)        0.053   129.630 r  dut/core1/execute_unit/u_fpu/u_divider/i__carry_i_9__39/O
                         net (fo=5, routed)           0.670   130.299    dut/core1/execute_unit/u_fpu/u_divider/i__carry_i_9__39_n_0
    SLICE_X13Y57         LUT6 (Prop_lut6_I5_O)        0.053   130.352 r  dut/core1/execute_unit/u_fpu/u_divider/i__carry_i_5__30/O
                         net (fo=26, routed)          0.908   131.261    dut/core1/execute_unit/u_fpu/u_divider/i__carry_i_5__30_n_0
    SLICE_X15Y49         LUT2 (Prop_lut2_I1_O)        0.053   131.314 r  dut/core1/execute_unit/u_fpu/u_divider/i__carry_i_4__47/O
                         net (fo=1, routed)           0.000   131.314    dut/core1/execute_unit/u_fpu/u_divider/i__carry_i_4__47_n_0
    SLICE_X15Y49         CARRY4 (Prop_carry4_S[0]_CO[3])
                                                      0.313   131.627 r  dut/core1/execute_unit/u_fpu/u_divider/exp_norm0_inferred__19/i__carry/CO[3]
                         net (fo=1, routed)           0.001   131.627    dut/core1/execute_unit/u_fpu/u_divider/exp_norm0_inferred__19/i__carry_n_0
    SLICE_X15Y50         CARRY4 (Prop_carry4_CI_O[2])
                                                      0.136   131.763 f  dut/core1/execute_unit/u_fpu/u_divider/exp_norm0_inferred__19/i__carry__0/O[2]
                         net (fo=3, routed)           0.961   132.725    dut/core1/execute_unit/u_fpu/u_divider/exp_norm0_inferred__19/i__carry__0_n_5
    SLICE_X25Y50         LUT6 (Prop_lut6_I1_O)        0.152   132.877 f  dut/core1/execute_unit/u_fpu/u_divider/i__carry_i_9__40/O
                         net (fo=1, routed)           0.600   133.477    dut/core1/execute_unit/u_fpu/u_divider/i__carry_i_9__40_n_0
    SLICE_X25Y49         LUT6 (Prop_lut6_I1_O)        0.053   133.530 r  dut/core1/execute_unit/u_fpu/u_divider/i__carry_i_6__49/O
                         net (fo=6, routed)           0.764   134.294    dut/core1/execute_unit/u_fpu/u_divider/i__carry_i_6__49_n_0
    SLICE_X24Y55         LUT4 (Prop_lut4_I0_O)        0.053   134.347 r  dut/core1/execute_unit/u_fpu/u_divider/i__carry_i_5__29/O
                         net (fo=24, routed)          1.405   135.751    dut/core1/execute_unit/u_fpu/u_divider/i__carry_i_5__29_n_0
    SLICE_X24Y49         LUT2 (Prop_lut2_I1_O)        0.053   135.804 r  dut/core1/execute_unit/u_fpu/u_divider/i__carry_i_4__48/O
                         net (fo=1, routed)           0.000   135.804    dut/core1/execute_unit/u_fpu/u_divider/i__carry_i_4__48_n_0
    SLICE_X24Y49         CARRY4 (Prop_carry4_S[0]_CO[3])
                                                      0.313   136.117 r  dut/core1/execute_unit/u_fpu/u_divider/exp_norm0_inferred__20/i__carry/CO[3]
                         net (fo=1, routed)           0.001   136.118    dut/core1/execute_unit/u_fpu/u_divider/exp_norm0_inferred__20/i__carry_n_0
    SLICE_X24Y50         CARRY4 (Prop_carry4_CI_CO[3])
                                                      0.058   136.176 r  dut/core1/execute_unit/u_fpu/u_divider/exp_norm0_inferred__20/i__carry__0/CO[3]
                         net (fo=1, routed)           0.000   136.176    dut/core1/execute_unit/u_fpu/u_divider/exp_norm0_inferred__20/i__carry__0_n_0
    SLICE_X24Y51         CARRY4 (Prop_carry4_CI_O[0])
                                                      0.139   136.315 r  dut/core1/execute_unit/u_fpu/u_divider/exp_norm0_inferred__20/i__carry__1/O[0]
                         net (fo=3, routed)           0.557   136.872    dut/core1/execute_unit/u_fpu/u_divider/exp_norm0_inferred__20/i__carry__1_n_7
    SLICE_X25Y50         LUT6 (Prop_lut6_I1_O)        0.155   137.027 r  dut/core1/execute_unit/u_fpu/u_divider/i__carry_i_9__41/O
                         net (fo=1, routed)           0.131   137.158    dut/core1/execute_unit/u_fpu/u_divider/i__carry_i_9__41_n_0
    SLICE_X25Y50         LUT6 (Prop_lut6_I1_O)        0.053   137.211 f  dut/core1/execute_unit/u_fpu/u_divider/i__carry_i_7__49/O
                         net (fo=12, routed)          0.702   137.913    dut/core1/execute_unit/u_fpu/u_divider/i__carry_i_7__49_n_0
    SLICE_X25Y55         LUT2 (Prop_lut2_I1_O)        0.053   137.966 r  dut/core1/execute_unit/u_fpu/u_divider/i__carry_i_5__28/O
                         net (fo=24, routed)          1.229   139.196    dut/core1/execute_unit/u_fpu/u_divider/i__carry_i_5__28_n_0
    SLICE_X27Y49         LUT2 (Prop_lut2_I1_O)        0.053   139.249 r  dut/core1/execute_unit/u_fpu/u_divider/i__carry_i_4__49/O
                         net (fo=1, routed)           0.000   139.249    dut/core1/execute_unit/u_fpu/u_divider/i__carry_i_4__49_n_0
    SLICE_X27Y49         CARRY4 (Prop_carry4_S[0]_O[3])
                                                      0.357   139.606 f  dut/core1/execute_unit/u_fpu/u_divider/exp_norm0_inferred__21/i__carry/O[3]
                         net (fo=5, routed)           1.187   140.793    dut/core1/execute_unit/u_fpu/u_divider/exp_norm0_inferred__21/i__carry_n_4
    SLICE_X40Y50         LUT6 (Prop_lut6_I4_O)        0.142   140.935 r  dut/core1/execute_unit/u_fpu/u_divider/out_res[30]_i_10__0/O
                         net (fo=8, routed)           0.921   141.856    dut/core1/execute_unit/u_fpu/u_divider/out_res[30]_i_10__0_n_0
    SLICE_X41Y50         LUT6 (Prop_lut6_I3_O)        0.053   141.909 r  dut/core1/execute_unit/u_fpu/u_divider/out_res[30]_i_21__0/O
                         net (fo=9, routed)           1.017   142.925    dut/core1/execute_unit/u_fpu/u_divider/out_res[30]_i_21__0_n_0
    SLICE_X25Y54         LUT6 (Prop_lut6_I5_O)        0.053   142.978 r  dut/core1/execute_unit/u_fpu/u_divider/out_res[30]_i_9__0/O
                         net (fo=33, routed)          1.702   144.680    dut/core1/execute_unit/u_fpu/u_divider/out_res[30]_i_9__0_n_0
    SLICE_X41Y47         LUT5 (Prop_lut5_I2_O)        0.067   144.747 r  dut/core1/execute_unit/u_fpu/u_divider/out_res[29]_i_4__0/O
                         net (fo=2, routed)           0.649   145.397    dut/core1/execute_unit/u_fpu/u_divider/out_res[29]_i_4__0_n_0
    SLICE_X40Y46         LUT6 (Prop_lut6_I2_O)        0.170   145.567 r  dut/core1/execute_unit/u_fpu/u_divider/out_res[22]_i_3__0/O
                         net (fo=23, routed)          1.288   146.855    dut/core1/execute_unit/u_fpu/u_divider/out_res[22]_i_3__0_n_0
    SLICE_X29Y48         LUT6 (Prop_lut6_I3_O)        0.053   146.908 r  dut/core1/execute_unit/u_fpu/u_divider/out_res[3]_i_1__1/O
                         net (fo=1, routed)           0.000   146.908    dut/core1/execute_unit/u_fpu/u_divider/out_res[3]_i_1__1_n_0
    SLICE_X29Y48         FDCE                                         r  dut/core1/execute_unit/u_fpu/u_divider/out_res_reg[3]/D
  -------------------------------------------------------------------    -------------------

Slack:                    inf
  Source:                 dut/core1/mem_wb/RD_F_W_reg[3]/C
                            (rising edge-triggered cell FDRE)
  Destination:            dut/core1/execute_unit/u_fpu/u_divider/out_res_reg[17]/D
  Path Group:             (none)
  Path Type:              Max at Slow Process Corner
  Data Path Delay:        146.903ns  (logic 36.885ns (25.108%)  route 110.018ns (74.891%))
  Logic Levels:           316  (CARRY4=196 FDRE=1 LUT1=1 LUT2=24 LUT3=22 LUT4=7 LUT5=4 LUT6=61)

    Location             Delay type                Incr(ns)  Path(ns)    Netlist Resource(s)
  -------------------------------------------------------------------    -------------------
    SLICE_X68Y33         FDRE                         0.000     0.000 r  dut/core1/mem_wb/RD_F_W_reg[3]/C
    SLICE_X68Y33         FDRE (Prop_fdre_C_Q)         0.269     0.269 r  dut/core1/mem_wb/RD_F_W_reg[3]/Q
                         net (fo=73, routed)          0.946     1.215    dut/core1/id_ex/RD_F_W[3]
    SLICE_X68Y39         LUT6 (Prop_lut6_I3_O)        0.053     1.268 r  dut/core1/id_ex/B_r[31]_i_7__0/O
                         net (fo=1, routed)           0.306     1.574    dut/core1/id_ex/B_r[31]_i_7__0_n_0
    SLICE_X68Y39         LUT5 (Prop_lut5_I0_O)        0.053     1.627 r  dut/core1/id_ex/B_r[31]_i_5__0/O
                         net (fo=2, routed)           0.951     2.578    dut/core1/mem_wb/ForwardBE1__0
    SLICE_X67Y37         LUT3 (Prop_lut3_I2_O)        0.053     2.631 r  dut/core1/mem_wb/B_r[31]_i_2__0/O
                         net (fo=34, routed)          2.427     5.058    dut/core1/mem_wb/ForwardBE_F[0]
    SLICE_X80Y10         LUT5 (Prop_lut5_I1_O)        0.053     5.111 f  dut/core1/mem_wb/forward_fb_mux/B_r[2]_i_1__0/O
                         net (fo=112, routed)         7.652    12.763    dut/core1/mem_wb/ALU_ResultM_reg[2]
    SLICE_X0Y23          LUT1 (Prop_lut1_I0_O)        0.053    12.816 r  dut/core1/mem_wb/u_divider/out_res[30]_i_685__0/O
                         net (fo=1, routed)           0.000    12.816    dut_n_1069
    SLICE_X0Y23          CARRY4 (Prop_carry4_S[2]_CO[3])
                                                      0.219    13.035 r  u_divider/out_res_reg[30]_i_633__0/CO[3]
                         net (fo=1, routed)           0.000    13.035    u_divider/out_res_reg[30]_i_633__0_n_0
    SLICE_X0Y24          CARRY4 (Prop_carry4_CI_CO[3])
                                                      0.060    13.095 r  u_divider/out_res_reg[30]_i_628__0/CO[3]
                         net (fo=1, routed)           0.008    13.103    u_divider/out_res_reg[30]_i_628__0_n_0
    SLICE_X0Y25          CARRY4 (Prop_carry4_CI_CO[3])
                                                      0.060    13.163 r  u_divider/out_res_reg[30]_i_623__0/CO[3]
                         net (fo=1, routed)           0.000    13.163    u_divider/out_res_reg[30]_i_623__0_n_0
    SLICE_X0Y26          CARRY4 (Prop_carry4_CI_CO[3])
                                                      0.060    13.223 r  u_divider/out_res_reg[30]_i_618__0/CO[3]
                         net (fo=1, routed)           0.000    13.223    u_divider/out_res_reg[30]_i_618__0_n_0
    SLICE_X0Y27          CARRY4 (Prop_carry4_CI_CO[3])
                                                      0.060    13.283 r  u_divider/out_res_reg[30]_i_613__0/CO[3]
                         net (fo=1, routed)           0.000    13.283    u_divider/out_res_reg[30]_i_613__0_n_0
    SLICE_X0Y28          CARRY4 (Prop_carry4_CI_CO[3])
                                                      0.060    13.343 r  u_divider/out_res_reg[30]_i_610__0/CO[3]
                         net (fo=1, routed)           0.000    13.343    u_divider/out_res_reg[30]_i_610__0_n_0
    SLICE_X0Y29          CARRY4 (Prop_carry4_CI_CO[0])
                                                      0.173    13.516 r  u_divider/out_res_reg[30]_i_609__0/CO[0]
                         net (fo=27, routed)          1.168    14.684    dut/core1/mem_wb/u_divider/out_res_reg[30]_i_601__0[0]
    SLICE_X1Y23          LUT3 (Prop_lut3_I0_O)        0.153    14.837 r  dut/core1/mem_wb/u_divider/out_res[30]_i_640__0/O
                         net (fo=1, routed)           0.000    14.837    dut_n_2166
    SLICE_X1Y23          CARRY4 (Prop_carry4_S[1]_CO[3])
                                                      0.324    15.161 r  u_divider/out_res_reg[30]_i_601__0/CO[3]
                         net (fo=1, routed)           0.000    15.161    u_divider/out_res_reg[30]_i_601__0_n_0
    SLICE_X1Y24          CARRY4 (Prop_carry4_CI_CO[3])
                                                      0.058    15.219 r  u_divider/out_res_reg[30]_i_596__0/CO[3]
                         net (fo=1, routed)           0.008    15.227    u_divider/out_res_reg[30]_i_596__0_n_0
    SLICE_X1Y25          CARRY4 (Prop_carry4_CI_CO[3])
                                                      0.058    15.285 r  u_divider/out_res_reg[30]_i_591__0/CO[3]
                         net (fo=1, routed)           0.000    15.285    u_divider/out_res_reg[30]_i_591__0_n_0
    SLICE_X1Y26          CARRY4 (Prop_carry4_CI_CO[3])
                                                      0.058    15.343 r  u_divider/out_res_reg[30]_i_586__0/CO[3]
                         net (fo=1, routed)           0.000    15.343    u_divider/out_res_reg[30]_i_586__0_n_0
    SLICE_X1Y27          CARRY4 (Prop_carry4_CI_CO[3])
                                                      0.058    15.401 r  u_divider/out_res_reg[30]_i_581__0/CO[3]
                         net (fo=1, routed)           0.000    15.401    u_divider/out_res_reg[30]_i_581__0_n_0
    SLICE_X1Y28          CARRY4 (Prop_carry4_CI_CO[3])
                                                      0.058    15.459 r  u_divider/out_res_reg[30]_i_578__0/CO[3]
                         net (fo=1, routed)           0.000    15.459    u_divider/out_res_reg[30]_i_578__0_n_0
    SLICE_X1Y29          CARRY4 (Prop_carry4_CI_CO[1])
                                                      0.094    15.553 r  u_divider/out_res_reg[30]_i_577__0/CO[1]
                         net (fo=27, routed)          0.974    16.527    u_divider/out_res_reg[30]_i_577__0_n_2
    SLICE_X2Y23          CARRY4 (Prop_carry4_CYINIT_CO[3])
                                                      0.458    16.985 r  u_divider/out_res_reg[30]_i_569__0/CO[3]
                         net (fo=1, routed)           0.000    16.985    u_divider/out_res_reg[30]_i_569__0_n_0
    SLICE_X2Y24          CARRY4 (Prop_carry4_CI_CO[3])
                                                      0.060    17.045 r  u_divider/out_res_reg[30]_i_564__0/CO[3]
                         net (fo=1, routed)           0.008    17.053    u_divider/out_res_reg[30]_i_564__0_n_0
    SLICE_X2Y25          CARRY4 (Prop_carry4_CI_CO[3])
                                                      0.060    17.113 r  u_divider/out_res_reg[30]_i_559__0/CO[3]
                         net (fo=1, routed)           0.000    17.113    u_divider/out_res_reg[30]_i_559__0_n_0
    SLICE_X2Y26          CARRY4 (Prop_carry4_CI_CO[3])
                                                      0.060    17.173 r  u_divider/out_res_reg[30]_i_554__0/CO[3]
                         net (fo=1, routed)           0.000    17.173    u_divider/out_res_reg[30]_i_554__0_n_0
    SLICE_X2Y27          CARRY4 (Prop_carry4_CI_CO[3])
                                                      0.060    17.233 r  u_divider/out_res_reg[30]_i_549__0/CO[3]
                         net (fo=1, routed)           0.000    17.233    u_divider/out_res_reg[30]_i_549__0_n_0
    SLICE_X2Y28          CARRY4 (Prop_carry4_CI_CO[3])
                                                      0.060    17.293 r  u_divider/out_res_reg[30]_i_546__0/CO[3]
                         net (fo=1, routed)           0.000    17.293    u_divider/out_res_reg[30]_i_546__0_n_0
    SLICE_X2Y29          CARRY4 (Prop_carry4_CI_CO[1])
                                                      0.093    17.386 r  u_divider/out_res_reg[30]_i_545__0/CO[1]
                         net (fo=27, routed)          1.097    18.483    u_divider/out_res_reg[30]_i_545__0_n_2
    SLICE_X2Y35          LUT3 (Prop_lut3_I0_O)        0.153    18.636 r  u_divider/out_res[30]_i_551__0/O
                         net (fo=1, routed)           0.000    18.636    u_divider/out_res[30]_i_551__0_n_0
    SLICE_X2Y35          CARRY4 (Prop_carry4_S[2]_CO[3])
                                                      0.219    18.855 r  u_divider/out_res_reg[30]_i_514__0/CO[3]
                         net (fo=1, routed)           0.000    18.855    u_divider/out_res_reg[30]_i_514__0_n_0
    SLICE_X2Y36          CARRY4 (Prop_carry4_CI_CO[1])
                                                      0.093    18.948 r  u_divider/out_res_reg[30]_i_513__0/CO[1]
                         net (fo=27, routed)          1.437    20.385    u_divider/out_res_reg[30]_i_513__0_n_2
    SLICE_X0Y30          LUT3 (Prop_lut3_I0_O)        0.153    20.538 r  u_divider/out_res[30]_i_542__0/O
                         net (fo=1, routed)           0.000    20.538    u_divider/out_res[30]_i_542__0_n_0
    SLICE_X0Y30          CARRY4 (Prop_carry4_S[3]_CO[3])
                                                      0.216    20.754 r  u_divider/out_res_reg[30]_i_505__0/CO[3]
                         net (fo=1, routed)           0.000    20.754    u_divider/out_res_reg[30]_i_505__0_n_0
    SLICE_X0Y31          CARRY4 (Prop_carry4_CI_CO[3])
                                                      0.060    20.814 r  u_divider/out_res_reg[30]_i_500__0/CO[3]
                         net (fo=1, routed)           0.000    20.814    u_divider/out_res_reg[30]_i_500__0_n_0
    SLICE_X0Y32          CARRY4 (Prop_carry4_CI_CO[3])
                                                      0.060    20.874 r  u_divider/out_res_reg[30]_i_495__0/CO[3]
                         net (fo=1, routed)           0.000    20.874    u_divider/out_res_reg[30]_i_495__0_n_0
    SLICE_X0Y33          CARRY4 (Prop_carry4_CI_CO[3])
                                                      0.060    20.934 r  u_divider/out_res_reg[30]_i_490__0/CO[3]
                         net (fo=1, routed)           0.000    20.934    u_divider/out_res_reg[30]_i_490__0_n_0
    SLICE_X0Y34          CARRY4 (Prop_carry4_CI_CO[3])
                                                      0.060    20.994 r  u_divider/out_res_reg[30]_i_485__0/CO[3]
                         net (fo=1, routed)           0.000    20.994    u_divider/out_res_reg[30]_i_485__0_n_0
    SLICE_X0Y35          CARRY4 (Prop_carry4_CI_CO[3])
                                                      0.060    21.054 r  u_divider/out_res_reg[30]_i_482__0/CO[3]
                         net (fo=1, routed)           0.000    21.054    u_divider/out_res_reg[30]_i_482__0_n_0
    SLICE_X0Y36          CARRY4 (Prop_carry4_CI_CO[1])
                                                      0.093    21.147 r  u_divider/out_res_reg[30]_i_481__0/CO[1]
                         net (fo=27, routed)          1.087    22.234    u_divider/out_res_reg[30]_i_481__0_n_2
    SLICE_X1Y31          LUT3 (Prop_lut3_I0_O)        0.153    22.387 r  u_divider/out_res[30]_i_508__0/O
                         net (fo=1, routed)           0.000    22.387    u_divider/out_res[30]_i_508__0_n_0
    SLICE_X1Y31          CARRY4 (Prop_carry4_S[1]_CO[3])
                                                      0.324    22.711 r  u_divider/out_res_reg[30]_i_468__0/CO[3]
                         net (fo=1, routed)           0.000    22.711    u_divider/out_res_reg[30]_i_468__0_n_0
    SLICE_X1Y32          CARRY4 (Prop_carry4_CI_CO[3])
                                                      0.058    22.769 r  u_divider/out_res_reg[30]_i_463__0/CO[3]
                         net (fo=1, routed)           0.000    22.769    u_divider/out_res_reg[30]_i_463__0_n_0
    SLICE_X1Y33          CARRY4 (Prop_carry4_CI_CO[3])
                                                      0.058    22.827 r  u_divider/out_res_reg[30]_i_458__0/CO[3]
                         net (fo=1, routed)           0.000    22.827    u_divider/out_res_reg[30]_i_458__0_n_0
    SLICE_X1Y34          CARRY4 (Prop_carry4_CI_CO[3])
                                                      0.058    22.885 r  u_divider/out_res_reg[30]_i_453__0/CO[3]
                         net (fo=1, routed)           0.000    22.885    u_divider/out_res_reg[30]_i_453__0_n_0
    SLICE_X1Y35          CARRY4 (Prop_carry4_CI_CO[3])
                                                      0.058    22.943 r  u_divider/out_res_reg[30]_i_450__0/CO[3]
                         net (fo=1, routed)           0.000    22.943    u_divider/out_res_reg[30]_i_450__0_n_0
    SLICE_X1Y36          CARRY4 (Prop_carry4_CI_CO[1])
                                                      0.094    23.037 r  u_divider/out_res_reg[30]_i_449__0/CO[1]
                         net (fo=27, routed)          1.202    24.239    dut/core1/mem_wb/u_divider/out_res_reg[30]_i_441__0[0]
    SLICE_X3Y30          LUT3 (Prop_lut3_I0_O)        0.152    24.391 r  dut/core1/mem_wb/u_divider/out_res[30]_i_480__0/O
                         net (fo=1, routed)           0.000    24.391    dut_n_2171
    SLICE_X3Y30          CARRY4 (Prop_carry4_S[1]_CO[3])
                                                      0.324    24.715 r  u_divider/out_res_reg[30]_i_441__0/CO[3]
                         net (fo=1, routed)           0.000    24.715    u_divider/out_res_reg[30]_i_441__0_n_0
    SLICE_X3Y31          CARRY4 (Prop_carry4_CI_CO[3])
                                                      0.058    24.773 r  u_divider/out_res_reg[30]_i_436__0/CO[3]
                         net (fo=1, routed)           0.000    24.773    u_divider/out_res_reg[30]_i_436__0_n_0
    SLICE_X3Y32          CARRY4 (Prop_carry4_CI_CO[3])
                                                      0.058    24.831 r  u_divider/out_res_reg[30]_i_431__0/CO[3]
                         net (fo=1, routed)           0.000    24.831    u_divider/out_res_reg[30]_i_431__0_n_0
    SLICE_X3Y33          CARRY4 (Prop_carry4_CI_CO[3])
                                                      0.058    24.889 r  u_divider/out_res_reg[30]_i_426__0/CO[3]
                         net (fo=1, routed)           0.000    24.889    u_divider/out_res_reg[30]_i_426__0_n_0
    SLICE_X3Y34          CARRY4 (Prop_carry4_CI_CO[3])
                                                      0.058    24.947 r  u_divider/out_res_reg[30]_i_421__0/CO[3]
                         net (fo=1, routed)           0.000    24.947    u_divider/out_res_reg[30]_i_421__0_n_0
    SLICE_X3Y35          CARRY4 (Prop_carry4_CI_CO[3])
                                                      0.058    25.005 r  u_divider/out_res_reg[30]_i_418__0/CO[3]
                         net (fo=1, routed)           0.000    25.005    u_divider/out_res_reg[30]_i_418__0_n_0
    SLICE_X3Y36          CARRY4 (Prop_carry4_CI_CO[1])
                                                      0.094    25.099 r  u_divider/out_res_reg[30]_i_417__0/CO[1]
                         net (fo=27, routed)          0.815    25.914    dut/core1/mem_wb/u_divider/out_res_reg[30]_i_409__0[0]
    SLICE_X2Y37          LUT3 (Prop_lut3_I0_O)        0.152    26.066 r  dut/core1/mem_wb/u_divider/out_res[30]_i_448__0/O
                         net (fo=1, routed)           0.000    26.066    dut_n_2172
    SLICE_X2Y37          CARRY4 (Prop_carry4_S[1]_CO[3])
                                                      0.310    26.376 r  u_divider/out_res_reg[30]_i_409__0/CO[3]
                         net (fo=1, routed)           0.000    26.376    u_divider/out_res_reg[30]_i_409__0_n_0
    SLICE_X2Y38          CARRY4 (Prop_carry4_CI_CO[3])
                                                      0.060    26.436 r  u_divider/out_res_reg[30]_i_404__0/CO[3]
                         net (fo=1, routed)           0.000    26.436    u_divider/out_res_reg[30]_i_404__0_n_0
    SLICE_X2Y39          CARRY4 (Prop_carry4_CI_CO[3])
                                                      0.060    26.496 r  u_divider/out_res_reg[30]_i_399__0/CO[3]
                         net (fo=1, routed)           0.000    26.496    u_divider/out_res_reg[30]_i_399__0_n_0
    SLICE_X2Y40          CARRY4 (Prop_carry4_CI_CO[3])
                                                      0.060    26.556 r  u_divider/out_res_reg[30]_i_394__0/CO[3]
                         net (fo=1, routed)           0.000    26.556    u_divider/out_res_reg[30]_i_394__0_n_0
    SLICE_X2Y41          CARRY4 (Prop_carry4_CI_CO[3])
                                                      0.060    26.616 r  u_divider/out_res_reg[30]_i_389__0/CO[3]
                         net (fo=1, routed)           0.000    26.616    u_divider/out_res_reg[30]_i_389__0_n_0
    SLICE_X2Y42          CARRY4 (Prop_carry4_CI_CO[3])
                                                      0.060    26.676 r  u_divider/out_res_reg[30]_i_386__0/CO[3]
                         net (fo=1, routed)           0.000    26.676    u_divider/out_res_reg[30]_i_386__0_n_0
    SLICE_X2Y43          CARRY4 (Prop_carry4_CI_CO[1])
                                                      0.093    26.769 r  u_divider/out_res_reg[30]_i_385__0/CO[1]
                         net (fo=27, routed)          1.232    28.001    u_divider/out_res_reg[30]_i_385__0_n_2
    SLICE_X3Y37          LUT3 (Prop_lut3_I0_O)        0.153    28.154 r  u_divider/out_res[30]_i_414__0/O
                         net (fo=1, routed)           0.000    28.154    u_divider/out_res[30]_i_414__0_n_0
    SLICE_X3Y37          CARRY4 (Prop_carry4_S[3]_CO[3])
                                                      0.233    28.387 r  u_divider/out_res_reg[30]_i_377__0/CO[3]
                         net (fo=1, routed)           0.000    28.387    u_divider/out_res_reg[30]_i_377__0_n_0
    SLICE_X3Y38          CARRY4 (Prop_carry4_CI_CO[3])
                                                      0.058    28.445 r  u_divider/out_res_reg[30]_i_372__0/CO[3]
                         net (fo=1, routed)           0.000    28.445    u_divider/out_res_reg[30]_i_372__0_n_0
    SLICE_X3Y39          CARRY4 (Prop_carry4_CI_CO[3])
                                                      0.058    28.503 r  u_divider/out_res_reg[30]_i_367__0/CO[3]
                         net (fo=1, routed)           0.000    28.503    u_divider/out_res_reg[30]_i_367__0_n_0
    SLICE_X3Y40          CARRY4 (Prop_carry4_CI_CO[3])
                                                      0.058    28.561 r  u_divider/out_res_reg[30]_i_362__0/CO[3]
                         net (fo=1, routed)           0.000    28.561    u_divider/out_res_reg[30]_i_362__0_n_0
    SLICE_X3Y41          CARRY4 (Prop_carry4_CI_CO[3])
                                                      0.058    28.619 r  u_divider/out_res_reg[30]_i_357__0/CO[3]
                         net (fo=1, routed)           0.000    28.619    u_divider/out_res_reg[30]_i_357__0_n_0
    SLICE_X3Y42          CARRY4 (Prop_carry4_CI_CO[3])
                                                      0.058    28.677 r  u_divider/out_res_reg[30]_i_354__0/CO[3]
                         net (fo=1, routed)           0.000    28.677    u_divider/out_res_reg[30]_i_354__0_n_0
    SLICE_X3Y43          CARRY4 (Prop_carry4_CI_CO[1])
                                                      0.094    28.771 r  u_divider/out_res_reg[30]_i_353__0/CO[1]
                         net (fo=27, routed)          1.389    30.160    dut/core1/mem_wb/u_divider/out_res_reg[30]_i_344__0[0]
    SLICE_X4Y33          LUT3 (Prop_lut3_I0_O)        0.152    30.312 r  dut/core1/mem_wb/u_divider/out_res[30]_i_384__0/O
                         net (fo=1, routed)           0.000    30.312    dut_n_2174
    SLICE_X4Y33          CARRY4 (Prop_carry4_S[1]_CO[3])
                                                      0.310    30.622 r  u_divider/out_res_reg[30]_i_344__0/CO[3]
                         net (fo=1, routed)           0.000    30.622    u_divider/out_res_reg[30]_i_344__0_n_0
    SLICE_X4Y34          CARRY4 (Prop_carry4_CI_CO[3])
                                                      0.060    30.682 r  u_divider/out_res_reg[30]_i_339__0/CO[3]
                         net (fo=1, routed)           0.000    30.682    u_divider/out_res_reg[30]_i_339__0_n_0
    SLICE_X4Y35          CARRY4 (Prop_carry4_CI_CO[3])
                                                      0.060    30.742 r  u_divider/out_res_reg[30]_i_334__0/CO[3]
                         net (fo=1, routed)           0.000    30.742    u_divider/out_res_reg[30]_i_334__0_n_0
    SLICE_X4Y36          CARRY4 (Prop_carry4_CI_CO[3])
                                                      0.060    30.802 r  u_divider/out_res_reg[30]_i_329__0/CO[3]
                         net (fo=1, routed)           0.000    30.802    u_divider/out_res_reg[30]_i_329__0_n_0
    SLICE_X4Y37          CARRY4 (Prop_carry4_CI_CO[3])
                                                      0.060    30.862 r  u_divider/out_res_reg[30]_i_324__0/CO[3]
                         net (fo=1, routed)           0.000    30.862    u_divider/out_res_reg[30]_i_324__0_n_0
    SLICE_X4Y38          CARRY4 (Prop_carry4_CI_CO[3])
                                                      0.060    30.922 r  u_divider/out_res_reg[30]_i_321__0/CO[3]
                         net (fo=1, routed)           0.000    30.922    u_divider/out_res_reg[30]_i_321__0_n_0
    SLICE_X4Y39          CARRY4 (Prop_carry4_CI_CO[1])
                                                      0.093    31.015 r  u_divider/out_res_reg[30]_i_320__0/CO[1]
                         net (fo=27, routed)          1.261    32.276    dut/core1/mem_wb/u_divider/out_res_reg[30]_i_311__0[0]
    SLICE_X7Y32          LUT3 (Prop_lut3_I0_O)        0.153    32.429 r  dut/core1/mem_wb/u_divider/out_res[30]_i_351__0/O
                         net (fo=1, routed)           0.000    32.429    dut_n_2175
    SLICE_X7Y32          CARRY4 (Prop_carry4_S[1]_CO[3])
                                                      0.324    32.753 r  u_divider/out_res_reg[30]_i_311__0/CO[3]
                         net (fo=1, routed)           0.000    32.753    u_divider/out_res_reg[30]_i_311__0_n_0
    SLICE_X7Y33          CARRY4 (Prop_carry4_CI_CO[3])
                                                      0.058    32.811 r  u_divider/out_res_reg[30]_i_306__0/CO[3]
                         net (fo=1, routed)           0.000    32.811    u_divider/out_res_reg[30]_i_306__0_n_0
    SLICE_X7Y34          CARRY4 (Prop_carry4_CI_CO[3])
                                                      0.058    32.869 r  u_divider/out_res_reg[30]_i_301__0/CO[3]
                         net (fo=1, routed)           0.000    32.869    u_divider/out_res_reg[30]_i_301__0_n_0
    SLICE_X7Y35          CARRY4 (Prop_carry4_CI_CO[3])
                                                      0.058    32.927 r  u_divider/out_res_reg[30]_i_296__0/CO[3]
                         net (fo=1, routed)           0.000    32.927    u_divider/out_res_reg[30]_i_296__0_n_0
    SLICE_X7Y36          CARRY4 (Prop_carry4_CI_CO[3])
                                                      0.058    32.985 r  u_divider/out_res_reg[30]_i_291__0/CO[3]
                         net (fo=1, routed)           0.000    32.985    u_divider/out_res_reg[30]_i_291__0_n_0
    SLICE_X7Y37          CARRY4 (Prop_carry4_CI_CO[3])
                                                      0.058    33.043 r  u_divider/out_res_reg[30]_i_288__0/CO[3]
                         net (fo=1, routed)           0.000    33.043    u_divider/out_res_reg[30]_i_288__0_n_0
    SLICE_X7Y38          CARRY4 (Prop_carry4_CI_CO[1])
                                                      0.094    33.137 r  u_divider/out_res_reg[30]_i_287__0/CO[1]
                         net (fo=27, routed)          1.425    34.562    dut/core1/mem_wb/u_divider/out_res_reg[30]_i_278__0[0]
    SLICE_X11Y32         LUT3 (Prop_lut3_I0_O)        0.152    34.714 r  dut/core1/mem_wb/u_divider/out_res[30]_i_318__0/O
                         net (fo=1, routed)           0.000    34.714    dut_n_2176
    SLICE_X11Y32         CARRY4 (Prop_carry4_S[1]_CO[3])
                                                      0.324    35.038 r  u_divider/out_res_reg[30]_i_278__0/CO[3]
                         net (fo=1, routed)           0.000    35.038    u_divider/out_res_reg[30]_i_278__0_n_0
    SLICE_X11Y33         CARRY4 (Prop_carry4_CI_CO[3])
                                                      0.058    35.096 r  u_divider/out_res_reg[30]_i_273__0/CO[3]
                         net (fo=1, routed)           0.000    35.096    u_divider/out_res_reg[30]_i_273__0_n_0
    SLICE_X11Y34         CARRY4 (Prop_carry4_CI_CO[3])
                                                      0.058    35.154 r  u_divider/out_res_reg[30]_i_268__0/CO[3]
                         net (fo=1, routed)           0.000    35.154    u_divider/out_res_reg[30]_i_268__0_n_0
    SLICE_X11Y35         CARRY4 (Prop_carry4_CI_CO[3])
                                                      0.058    35.212 r  u_divider/out_res_reg[30]_i_263__0/CO[3]
                         net (fo=1, routed)           0.000    35.212    u_divider/out_res_reg[30]_i_263__0_n_0
    SLICE_X11Y36         CARRY4 (Prop_carry4_CI_CO[3])
                                                      0.058    35.270 r  u_divider/out_res_reg[30]_i_258__0/CO[3]
                         net (fo=1, routed)           0.000    35.270    u_divider/out_res_reg[30]_i_258__0_n_0
    SLICE_X11Y37         CARRY4 (Prop_carry4_CI_CO[3])
                                                      0.058    35.328 r  u_divider/out_res_reg[30]_i_255__0/CO[3]
                         net (fo=1, routed)           0.000    35.328    u_divider/out_res_reg[30]_i_255__0_n_0
    SLICE_X11Y38         CARRY4 (Prop_carry4_CI_CO[1])
                                                      0.094    35.422 r  u_divider/out_res_reg[30]_i_254__0/CO[1]
                         net (fo=27, routed)          1.201    36.623    u_divider/out_res_reg[30]_i_254__0_n_2
    SLICE_X15Y32         LUT3 (Prop_lut3_I0_O)        0.152    36.775 r  u_divider/out_res[30]_i_284__0/O
                         net (fo=1, routed)           0.000    36.775    u_divider/out_res[30]_i_284__0_n_0
    SLICE_X15Y32         CARRY4 (Prop_carry4_S[2]_CO[3])
                                                      0.235    37.010 r  u_divider/out_res_reg[30]_i_245__0/CO[3]
                         net (fo=1, routed)           0.000    37.010    u_divider/out_res_reg[30]_i_245__0_n_0
    SLICE_X15Y33         CARRY4 (Prop_carry4_CI_CO[3])
                                                      0.058    37.068 r  u_divider/out_res_reg[30]_i_240__0/CO[3]
                         net (fo=1, routed)           0.000    37.068    u_divider/out_res_reg[30]_i_240__0_n_0
    SLICE_X15Y34         CARRY4 (Prop_carry4_CI_CO[3])
                                                      0.058    37.126 r  u_divider/out_res_reg[30]_i_235__0/CO[3]
                         net (fo=1, routed)           0.000    37.126    u_divider/out_res_reg[30]_i_235__0_n_0
    SLICE_X15Y35         CARRY4 (Prop_carry4_CI_CO[3])
                                                      0.058    37.184 r  u_divider/out_res_reg[30]_i_230__0/CO[3]
                         net (fo=1, routed)           0.000    37.184    u_divider/out_res_reg[30]_i_230__0_n_0
    SLICE_X15Y36         CARRY4 (Prop_carry4_CI_CO[3])
                                                      0.058    37.242 r  u_divider/out_res_reg[30]_i_225__0/CO[3]
                         net (fo=1, routed)           0.000    37.242    u_divider/out_res_reg[30]_i_225__0_n_0
    SLICE_X15Y37         CARRY4 (Prop_carry4_CI_CO[3])
                                                      0.058    37.300 r  u_divider/out_res_reg[30]_i_222__0/CO[3]
                         net (fo=1, routed)           0.000    37.300    u_divider/out_res_reg[30]_i_222__0_n_0
    SLICE_X15Y38         CARRY4 (Prop_carry4_CI_CO[1])
                                                      0.094    37.394 r  u_divider/out_res_reg[30]_i_221__0/CO[1]
                         net (fo=27, routed)          1.155    38.548    u_divider/out_res_reg[30]_i_221__0_n_2
    SLICE_X15Y42         LUT3 (Prop_lut3_I0_O)        0.152    38.700 r  u_divider/out_res[30]_i_237__0/O
                         net (fo=1, routed)           0.000    38.700    u_divider/out_res[30]_i_237__0_n_0
    SLICE_X15Y42         CARRY4 (Prop_carry4_S[2]_CO[3])
                                                      0.235    38.935 r  u_divider/out_res_reg[30]_i_197__0/CO[3]
                         net (fo=1, routed)           0.000    38.935    u_divider/out_res_reg[30]_i_197__0_n_0
    SLICE_X15Y43         CARRY4 (Prop_carry4_CI_CO[3])
                                                      0.058    38.993 r  u_divider/out_res_reg[30]_i_192__0/CO[3]
                         net (fo=1, routed)           0.000    38.993    u_divider/out_res_reg[30]_i_192__0_n_0
    SLICE_X15Y44         CARRY4 (Prop_carry4_CI_CO[3])
                                                      0.058    39.051 r  u_divider/out_res_reg[30]_i_189__0/CO[3]
                         net (fo=1, routed)           0.000    39.051    u_divider/out_res_reg[30]_i_189__0_n_0
    SLICE_X15Y45         CARRY4 (Prop_carry4_CI_CO[1])
                                                      0.094    39.145 r  u_divider/out_res_reg[30]_i_188__0/CO[1]
                         net (fo=27, routed)          1.816    40.961    u_divider/out_res_reg[30]_i_188__0_n_2
    SLICE_X11Y39         LUT3 (Prop_lut3_I0_O)        0.152    41.113 r  u_divider/out_res[30]_i_218__0/O
                         net (fo=1, routed)           0.000    41.113    u_divider/out_res[30]_i_218__0_n_0
    SLICE_X11Y39         CARRY4 (Prop_carry4_S[2]_CO[3])
                                                      0.235    41.348 r  u_divider/out_res_reg[30]_i_179__0/CO[3]
                         net (fo=1, routed)           0.000    41.348    u_divider/out_res_reg[30]_i_179__0_n_0
    SLICE_X11Y40         CARRY4 (Prop_carry4_CI_CO[3])
                                                      0.058    41.406 r  u_divider/out_res_reg[30]_i_174__0/CO[3]
                         net (fo=1, routed)           0.000    41.406    u_divider/out_res_reg[30]_i_174__0_n_0
    SLICE_X11Y41         CARRY4 (Prop_carry4_CI_CO[3])
                                                      0.058    41.464 r  u_divider/out_res_reg[30]_i_169__0/CO[3]
                         net (fo=1, routed)           0.000    41.464    u_divider/out_res_reg[30]_i_169__0_n_0
    SLICE_X11Y42         CARRY4 (Prop_carry4_CI_CO[3])
                                                      0.058    41.522 r  u_divider/out_res_reg[30]_i_164__0/CO[3]
                         net (fo=1, routed)           0.000    41.522    u_divider/out_res_reg[30]_i_164__0_n_0
    SLICE_X11Y43         CARRY4 (Prop_carry4_CI_CO[3])
                                                      0.058    41.580 r  u_divider/out_res_reg[30]_i_159__0/CO[3]
                         net (fo=1, routed)           0.000    41.580    u_divider/out_res_reg[30]_i_159__0_n_0
    SLICE_X11Y44         CARRY4 (Prop_carry4_CI_CO[3])
                                                      0.058    41.638 r  u_divider/out_res_reg[30]_i_156__0/CO[3]
                         net (fo=1, routed)           0.000    41.638    u_divider/out_res_reg[30]_i_156__0_n_0
    SLICE_X11Y45         CARRY4 (Prop_carry4_CI_CO[1])
                                                      0.094    41.732 r  u_divider/out_res_reg[30]_i_155__0/CO[1]
                         net (fo=27, routed)          1.479    43.211    u_divider/out_res_reg[30]_i_155__0_n_2
    SLICE_X9Y39          LUT3 (Prop_lut3_I0_O)        0.152    43.363 r  u_divider/out_res[30]_i_185__0/O
                         net (fo=1, routed)           0.000    43.363    u_divider/out_res[30]_i_185__0_n_0
    SLICE_X9Y39          CARRY4 (Prop_carry4_S[2]_CO[3])
                                                      0.235    43.598 r  u_divider/out_res_reg[30]_i_146__0/CO[3]
                         net (fo=1, routed)           0.000    43.598    u_divider/out_res_reg[30]_i_146__0_n_0
    SLICE_X9Y40          CARRY4 (Prop_carry4_CI_CO[3])
                                                      0.058    43.656 r  u_divider/out_res_reg[30]_i_141__0/CO[3]
                         net (fo=1, routed)           0.000    43.656    u_divider/out_res_reg[30]_i_141__0_n_0
    SLICE_X9Y41          CARRY4 (Prop_carry4_CI_CO[3])
                                                      0.058    43.714 r  u_divider/out_res_reg[30]_i_136__0/CO[3]
                         net (fo=1, routed)           0.000    43.714    u_divider/out_res_reg[30]_i_136__0_n_0
    SLICE_X9Y42          CARRY4 (Prop_carry4_CI_CO[3])
                                                      0.058    43.772 r  u_divider/out_res_reg[30]_i_131__0/CO[3]
                         net (fo=1, routed)           0.000    43.772    u_divider/out_res_reg[30]_i_131__0_n_0
    SLICE_X9Y43          CARRY4 (Prop_carry4_CI_CO[3])
                                                      0.058    43.830 r  u_divider/out_res_reg[30]_i_126__0/CO[3]
                         net (fo=1, routed)           0.000    43.830    u_divider/out_res_reg[30]_i_126__0_n_0
    SLICE_X9Y44          CARRY4 (Prop_carry4_CI_CO[3])
                                                      0.058    43.888 r  u_divider/out_res_reg[30]_i_123__0/CO[3]
                         net (fo=1, routed)           0.000    43.888    u_divider/out_res_reg[30]_i_123__0_n_0
    SLICE_X9Y45          CARRY4 (Prop_carry4_CI_CO[1])
                                                      0.094    43.982 r  u_divider/out_res_reg[30]_i_122__0/CO[1]
                         net (fo=27, routed)          1.441    45.424    u_divider/out_res_reg[30]_i_122__0_n_2
    SLICE_X13Y52         LUT2 (Prop_lut2_I0_O)        0.152    45.576 r  u_divider/out_res[30]_i_124__0/O
                         net (fo=1, routed)           0.000    45.576    u_divider/out_res[30]_i_124__0_n_0
    SLICE_X13Y52         CARRY4 (Prop_carry4_S[1]_CO[1])
                                                      0.302    45.878 r  u_divider/out_res_reg[30]_i_92__0/CO[1]
                         net (fo=27, routed)          1.310    47.187    dut/core1/mem_wb/u_divider/i__carry_i_124__0[0]
    SLICE_X13Y39         LUT3 (Prop_lut3_I0_O)        0.152    47.339 r  dut/core1/mem_wb/u_divider/i__carry_i_149__0/O
                         net (fo=1, routed)           0.000    47.339    dut_n_2182
    SLICE_X13Y39         CARRY4 (Prop_carry4_S[1]_CO[3])
                                                      0.324    47.663 r  u_divider/i__carry_i_124__0/CO[3]
                         net (fo=1, routed)           0.000    47.663    u_divider/i__carry_i_124__0_n_0
    SLICE_X13Y40         CARRY4 (Prop_carry4_CI_CO[3])
                                                      0.058    47.721 r  u_divider/out_res_reg[30]_i_86__0/CO[3]
                         net (fo=1, routed)           0.000    47.721    u_divider/out_res_reg[30]_i_86__0_n_0
    SLICE_X13Y41         CARRY4 (Prop_carry4_CI_CO[3])
                                                      0.058    47.779 r  u_divider/out_res_reg[30]_i_81__0/CO[3]
                         net (fo=1, routed)           0.000    47.779    u_divider/out_res_reg[30]_i_81__0_n_0
    SLICE_X13Y42         CARRY4 (Prop_carry4_CI_CO[3])
                                                      0.058    47.837 r  u_divider/out_res_reg[30]_i_76__0/CO[3]
                         net (fo=1, routed)           0.000    47.837    u_divider/out_res_reg[30]_i_76__0_n_0
    SLICE_X13Y43         CARRY4 (Prop_carry4_CI_CO[3])
                                                      0.058    47.895 r  u_divider/out_res_reg[30]_i_71__0/CO[3]
                         net (fo=1, routed)           0.000    47.895    u_divider/out_res_reg[30]_i_71__0_n_0
    SLICE_X13Y44         CARRY4 (Prop_carry4_CI_CO[3])
                                                      0.058    47.953 r  u_divider/out_res_reg[30]_i_68__0/CO[3]
                         net (fo=1, routed)           0.000    47.953    u_divider/out_res_reg[30]_i_68__0_n_0
    SLICE_X13Y45         CARRY4 (Prop_carry4_CI_CO[1])
                                                      0.094    48.047 r  u_divider/out_res_reg[30]_i_67__0/CO[1]
                         net (fo=27, routed)          1.406    49.453    u_divider/out_res_reg[30]_i_67__0_n_2
    SLICE_X19Y39         LUT3 (Prop_lut3_I0_O)        0.152    49.605 r  u_divider/i__carry_i_145__0/O
                         net (fo=1, routed)           0.000    49.605    u_divider/i__carry_i_145__0_n_0
    SLICE_X19Y39         CARRY4 (Prop_carry4_S[2]_CO[3])
                                                      0.235    49.840 r  u_divider/i__carry_i_119__0/CO[3]
                         net (fo=1, routed)           0.000    49.840    u_divider/i__carry_i_119__0_n_0
    SLICE_X19Y40         CARRY4 (Prop_carry4_CI_CO[3])
                                                      0.058    49.898 r  u_divider/i__carry_i_93__0/CO[3]
                         net (fo=1, routed)           0.000    49.898    u_divider/i__carry_i_93__0_n_0
    SLICE_X19Y41         CARRY4 (Prop_carry4_CI_CO[3])
                                                      0.058    49.956 r  u_divider/out_res_reg[30]_i_61__0/CO[3]
                         net (fo=1, routed)           0.000    49.956    u_divider/out_res_reg[30]_i_61__0_n_0
    SLICE_X19Y42         CARRY4 (Prop_carry4_CI_CO[3])
                                                      0.058    50.014 r  u_divider/out_res_reg[30]_i_56__0/CO[3]
                         net (fo=1, routed)           0.000    50.014    u_divider/out_res_reg[30]_i_56__0_n_0
    SLICE_X19Y43         CARRY4 (Prop_carry4_CI_CO[3])
                                                      0.058    50.072 r  u_divider/out_res_reg[30]_i_51__0/CO[3]
                         net (fo=1, routed)           0.000    50.072    u_divider/out_res_reg[30]_i_51__0_n_0
    SLICE_X19Y44         CARRY4 (Prop_carry4_CI_CO[3])
                                                      0.058    50.130 r  u_divider/out_res_reg[30]_i_48__0/CO[3]
                         net (fo=1, routed)           0.000    50.130    u_divider/out_res_reg[30]_i_48__0_n_0
    SLICE_X19Y45         CARRY4 (Prop_carry4_CI_CO[1])
                                                      0.094    50.224 r  u_divider/out_res_reg[30]_i_47__0/CO[1]
                         net (fo=27, routed)          1.431    51.655    u_divider/out_res_reg[30]_i_47__0_n_2
    SLICE_X17Y39         LUT3 (Prop_lut3_I0_O)        0.152    51.807 r  u_divider/i__carry_i_141__0/O
                         net (fo=1, routed)           0.000    51.807    u_divider/i__carry_i_141__0_n_0
    SLICE_X17Y39         CARRY4 (Prop_carry4_S[3]_CO[3])
                                                      0.233    52.040 r  u_divider/i__carry_i_114__0/CO[3]
                         net (fo=1, routed)           0.000    52.040    u_divider/i__carry_i_114__0_n_0
    SLICE_X17Y40         CARRY4 (Prop_carry4_CI_CO[3])
                                                      0.058    52.098 r  u_divider/i__carry_i_88__0/CO[3]
                         net (fo=1, routed)           0.000    52.098    u_divider/i__carry_i_88__0_n_0
    SLICE_X17Y41         CARRY4 (Prop_carry4_CI_CO[3])
                                                      0.058    52.156 r  u_divider/i__carry_i_67__0/CO[3]
                         net (fo=1, routed)           0.000    52.156    u_divider/i__carry_i_67__0_n_0
    SLICE_X17Y42         CARRY4 (Prop_carry4_CI_CO[3])
                                                      0.058    52.214 r  u_divider/out_res_reg[30]_i_41__0/CO[3]
                         net (fo=1, routed)           0.000    52.214    u_divider/out_res_reg[30]_i_41__0_n_0
    SLICE_X17Y43         CARRY4 (Prop_carry4_CI_CO[3])
                                                      0.058    52.272 r  u_divider/out_res_reg[30]_i_36__0/CO[3]
                         net (fo=1, routed)           0.000    52.272    u_divider/out_res_reg[30]_i_36__0_n_0
    SLICE_X17Y44         CARRY4 (Prop_carry4_CI_CO[3])
                                                      0.058    52.330 r  u_divider/out_res_reg[30]_i_33__0/CO[3]
                         net (fo=1, routed)           0.000    52.330    u_divider/out_res_reg[30]_i_33__0_n_0
    SLICE_X17Y45         CARRY4 (Prop_carry4_CI_CO[1])
                                                      0.094    52.424 r  u_divider/out_res_reg[30]_i_32__0/CO[1]
                         net (fo=27, routed)          1.557    53.981    u_divider/out_res_reg[30]_i_32__0_n_2
    SLICE_X17Y49         LUT3 (Prop_lut3_I0_O)        0.152    54.133 r  u_divider/i__carry_i_71__0/O
                         net (fo=1, routed)           0.000    54.133    u_divider/i__carry_i_71__0_n_0
    SLICE_X17Y49         CARRY4 (Prop_carry4_S[0]_CO[3])
                                                      0.313    54.446 r  u_divider/i__carry_i_46__0/CO[3]
                         net (fo=1, routed)           0.001    54.447    u_divider/i__carry_i_46__0_n_0
    SLICE_X17Y50         CARRY4 (Prop_carry4_CI_CO[3])
                                                      0.058    54.505 r  u_divider/out_res_reg[30]_i_26__0/CO[3]
                         net (fo=1, routed)           0.000    54.505    u_divider/out_res_reg[30]_i_26__0_n_0
    SLICE_X17Y51         CARRY4 (Prop_carry4_CI_CO[3])
                                                      0.058    54.563 r  u_divider/out_res_reg[30]_i_23__0/CO[3]
                         net (fo=1, routed)           0.000    54.563    u_divider/out_res_reg[30]_i_23__0_n_0
    SLICE_X17Y52         CARRY4 (Prop_carry4_CI_CO[1])
                                                      0.094    54.657 r  u_divider/out_res_reg[30]_i_22__0/CO[1]
                         net (fo=27, routed)          1.116    55.773    dut/core1/mem_wb/u_divider/i__carry_i_104__0[0]
    SLICE_X19Y46         LUT3 (Prop_lut3_I0_O)        0.152    55.925 r  dut/core1/mem_wb/u_divider/i__carry_i_137__0/O
                         net (fo=1, routed)           0.000    55.925    dut_n_2186
    SLICE_X19Y46         CARRY4 (Prop_carry4_S[1]_CO[3])
                                                      0.324    56.249 r  u_divider/i__carry_i_104__0/CO[3]
                         net (fo=1, routed)           0.000    56.249    u_divider/i__carry_i_104__0_n_0
    SLICE_X19Y47         CARRY4 (Prop_carry4_CI_CO[3])
                                                      0.058    56.307 r  u_divider/i__carry_i_78__0/CO[3]
                         net (fo=1, routed)           0.000    56.307    u_divider/i__carry_i_78__0_n_0
    SLICE_X19Y48         CARRY4 (Prop_carry4_CI_CO[3])
                                                      0.058    56.365 r  u_divider/i__carry_i_57__0/CO[3]
                         net (fo=1, routed)           0.000    56.365    u_divider/i__carry_i_57__0_n_0
    SLICE_X19Y49         CARRY4 (Prop_carry4_CI_CO[3])
                                                      0.058    56.423 r  u_divider/i__carry_i_41__0/CO[3]
                         net (fo=1, routed)           0.001    56.424    u_divider/i__carry_i_41__0_n_0
    SLICE_X19Y50         CARRY4 (Prop_carry4_CI_CO[3])
                                                      0.058    56.482 r  u_divider/i__carry_i_30__0/CO[3]
                         net (fo=1, routed)           0.000    56.482    u_divider/i__carry_i_30__0_n_0
    SLICE_X19Y51         CARRY4 (Prop_carry4_CI_CO[3])
                                                      0.058    56.540 r  u_divider/out_res_reg[30]_i_15__0/CO[3]
                         net (fo=1, routed)           0.000    56.540    u_divider/out_res_reg[30]_i_15__0_n_0
    SLICE_X19Y52         CARRY4 (Prop_carry4_CI_CO[1])
                                                      0.094    56.634 r  u_divider/out_res_reg[30]_i_14__0/CO[1]
                         net (fo=27, routed)          1.191    57.825    dut/core1/mem_wb/u_divider/i__carry_i_99__0[0]
    SLICE_X21Y46         LUT3 (Prop_lut3_I0_O)        0.152    57.977 r  dut/core1/mem_wb/u_divider/i__carry_i_134__0/O
                         net (fo=1, routed)           0.000    57.977    dut_n_2187
    SLICE_X21Y46         CARRY4 (Prop_carry4_S[1]_CO[3])
                                                      0.324    58.301 r  u_divider/i__carry_i_99__0/CO[3]
                         net (fo=1, routed)           0.000    58.301    u_divider/i__carry_i_99__0_n_0
    SLICE_X21Y47         CARRY4 (Prop_carry4_CI_CO[3])
                                                      0.058    58.359 r  u_divider/i__carry_i_73__0/CO[3]
                         net (fo=1, routed)           0.000    58.359    u_divider/i__carry_i_73__0_n_0
    SLICE_X21Y48         CARRY4 (Prop_carry4_CI_CO[3])
                                                      0.058    58.417 r  u_divider/i__carry_i_52__0/CO[3]
                         net (fo=1, routed)           0.000    58.417    u_divider/i__carry_i_52__0_n_0
    SLICE_X21Y49         CARRY4 (Prop_carry4_CI_CO[3])
                                                      0.058    58.475 r  u_divider/i__carry_i_36__0/CO[3]
                         net (fo=1, routed)           0.001    58.476    u_divider/i__carry_i_36__0_n_0
    SLICE_X21Y50         CARRY4 (Prop_carry4_CI_CO[3])
                                                      0.058    58.534 r  u_divider/i__carry_i_25__0/CO[3]
                         net (fo=1, routed)           0.000    58.534    u_divider/i__carry_i_25__0_n_0
    SLICE_X21Y51         CARRY4 (Prop_carry4_CI_CO[3])
                                                      0.058    58.592 r  u_divider/i__carry_i_15__0/CO[3]
                         net (fo=1, routed)           0.000    58.592    u_divider/i__carry_i_15__0_n_0
    SLICE_X21Y52         CARRY4 (Prop_carry4_CI_CO[1])
                                                      0.094    58.686 r  u_divider/out_res_reg[30]_i_8__0/CO[1]
                         net (fo=70, routed)          1.150    59.835    u_divider/out_res_reg[30]_i_8__0_n_2
    SLICE_X21Y58         LUT3 (Prop_lut3_I0_O)        0.152    59.987 r  u_divider/i__carry_i_28__0/O
                         net (fo=1, routed)           0.000    59.987    u_divider/i__carry_i_28__0_n_0
    SLICE_X21Y58         CARRY4 (Prop_carry4_S[1]_CO[3])
                                                      0.324    60.311 r  u_divider/i__carry_i_14__0/CO[3]
                         net (fo=1, routed)           0.000    60.311    u_divider/i__carry_i_14__0_n_0
    SLICE_X21Y59         CARRY4 (Prop_carry4_CI_CO[1])
                                                      0.094    60.405 r  u_divider/i__carry_i_11__0/CO[1]
                         net (fo=39, routed)          1.221    61.627    dut/core1/mem_wb/u_divider/out_res_reg[21]_i_35__0[0]
    SLICE_X20Y53         LUT2 (Prop_lut2_I1_O)        0.152    61.779 r  dut/core1/mem_wb/u_divider/out_res[21]_i_44__0/O
                         net (fo=1, routed)           0.000    61.779    dut_n_2255
    SLICE_X20Y53         CARRY4 (Prop_carry4_S[1]_CO[3])
                                                      0.310    62.089 r  u_divider/out_res_reg[21]_i_35__0/CO[3]
                         net (fo=1, routed)           0.000    62.089    u_divider/out_res_reg[21]_i_35__0_n_0
    SLICE_X20Y54         CARRY4 (Prop_carry4_CI_CO[3])
                                                      0.060    62.149 r  u_divider/out_res_reg[21]_i_29__0/CO[3]
                         net (fo=1, routed)           0.000    62.149    u_divider/out_res_reg[21]_i_29__0_n_0
    SLICE_X20Y55         CARRY4 (Prop_carry4_CI_CO[3])
                                                      0.060    62.209 r  u_divider/out_res_reg[21]_i_23__0/CO[3]
                         net (fo=1, routed)           0.000    62.209    u_divider/out_res_reg[21]_i_23__0_n_0
    SLICE_X20Y56         CARRY4 (Prop_carry4_CI_CO[3])
                                                      0.060    62.269 r  u_divider/out_res_reg[21]_i_17__0/CO[3]
                         net (fo=1, routed)           0.000    62.269    u_divider/out_res_reg[21]_i_17__0_n_0
    SLICE_X20Y57         CARRY4 (Prop_carry4_CI_CO[3])
                                                      0.060    62.329 r  u_divider/out_res_reg[21]_i_11__0/CO[3]
                         net (fo=1, routed)           0.000    62.329    u_divider/out_res_reg[21]_i_11__0_n_0
    SLICE_X20Y58         CARRY4 (Prop_carry4_CI_CO[3])
                                                      0.060    62.389 r  u_divider/out_res_reg[21]_i_7__0/CO[3]
                         net (fo=1, routed)           0.000    62.389    u_divider/out_res_reg[21]_i_7__0_n_0
    SLICE_X20Y59         CARRY4 (Prop_carry4_CI_CO[1])
                                                      0.093    62.482 r  u_divider/out_res_reg[21]_i_5__0/CO[1]
                         net (fo=32, routed)          1.546    64.028    dut/core1/execute_unit/u_fpu/u_divider/out_res_reg[21]_0[0]
    SLICE_X27Y55         LUT5 (Prop_lut5_I0_O)        0.153    64.181 r  dut/core1/execute_unit/u_fpu/u_divider/i__carry_i_18__10/O
                         net (fo=3, routed)           0.684    64.865    dut/core1/execute_unit/u_fpu/u_divider/i__carry_i_18__10_n_0
    SLICE_X27Y54         LUT6 (Prop_lut6_I0_O)        0.053    64.918 r  dut/core1/execute_unit/u_fpu/u_divider/i__carry_i_13__25/O
                         net (fo=33, routed)          0.699    65.617    dut/core1/execute_unit/u_fpu/u_divider/i__carry_i_13__25_n_0
    SLICE_X31Y53         LUT4 (Prop_lut4_I3_O)        0.053    65.670 r  dut/core1/execute_unit/u_fpu/u_divider/i__carry_i_8__49/O
                         net (fo=1, routed)           0.000    65.670    dut/core1/execute_unit/u_fpu/u_divider/i__carry_i_8__49_n_0
    SLICE_X31Y53         CARRY4 (Prop_carry4_S[0]_CO[3])
                                                      0.313    65.983 r  dut/core1/execute_unit/u_fpu/u_divider/exp_norm0_inferred__0/i__carry/CO[3]
                         net (fo=1, routed)           0.000    65.983    dut/core1/execute_unit/u_fpu/u_divider/exp_norm0_inferred__0/i__carry_n_0
    SLICE_X31Y54         CARRY4 (Prop_carry4_CI_O[0])
                                                      0.139    66.122 f  dut/core1/execute_unit/u_fpu/u_divider/exp_norm0_inferred__0/i__carry__0/O[0]
                         net (fo=3, routed)           0.565    66.687    dut/core1/execute_unit/u_fpu/u_divider/exp_norm[4]
    SLICE_X29Y54         LUT6 (Prop_lut6_I4_O)        0.155    66.842 f  dut/core1/execute_unit/u_fpu/u_divider/i__carry_i_12__31/O
                         net (fo=1, routed)           0.414    67.256    dut/core1/execute_unit/u_fpu/u_divider/i__carry_i_12__31_n_0
    SLICE_X29Y55         LUT6 (Prop_lut6_I1_O)        0.053    67.309 r  dut/core1/execute_unit/u_fpu/u_divider/i__carry_i_11__31/O
                         net (fo=4, routed)           0.479    67.788    dut/core1/execute_unit/u_fpu/u_divider/i__carry_i_11__31_n_0
    SLICE_X28Y57         LUT6 (Prop_lut6_I5_O)        0.053    67.841 r  dut/core1/execute_unit/u_fpu/u_divider/i__carry_i_5__48/O
                         net (fo=32, routed)          0.667    68.508    dut/core1/execute_unit/u_fpu/u_divider/i__carry_i_5__48_n_0
    SLICE_X28Y54         LUT2 (Prop_lut2_I1_O)        0.053    68.561 r  dut/core1/execute_unit/u_fpu/u_divider/i__carry_i_4__29/O
                         net (fo=1, routed)           0.000    68.561    dut/core1/execute_unit/u_fpu/u_divider/i__carry_i_4__29_n_0
    SLICE_X28Y54         CARRY4 (Prop_carry4_S[0]_CO[3])
                                                      0.313    68.874 r  dut/core1/execute_unit/u_fpu/u_divider/exp_norm0_inferred__1/i__carry/CO[3]
                         net (fo=1, routed)           0.000    68.874    dut/core1/execute_unit/u_fpu/u_divider/exp_norm0_inferred__1/i__carry_n_0
    SLICE_X28Y55         CARRY4 (Prop_carry4_CI_O[1])
                                                      0.213    69.087 f  dut/core1/execute_unit/u_fpu/u_divider/exp_norm0_inferred__1/i__carry__0/O[1]
                         net (fo=3, routed)           0.603    69.689    dut/core1/execute_unit/u_fpu/u_divider/exp_norm0_inferred__1/i__carry__0_n_6
    SLICE_X29Y55         LUT6 (Prop_lut6_I0_O)        0.152    69.841 f  dut/core1/execute_unit/u_fpu/u_divider/i__carry_i_8__43/O
                         net (fo=1, routed)           0.804    70.646    dut/core1/execute_unit/u_fpu/u_divider/i__carry_i_8__43_n_0
    SLICE_X28Y57         LUT6 (Prop_lut6_I1_O)        0.053    70.699 r  dut/core1/execute_unit/u_fpu/u_divider/i__carry_i_7__43/O
                         net (fo=2, routed)           0.325    71.023    dut/core1/execute_unit/u_fpu/u_divider/i__carry_i_7__43_n_0
    SLICE_X28Y57         LUT6 (Prop_lut6_I5_O)        0.053    71.076 r  dut/core1/execute_unit/u_fpu/u_divider/i__carry_i_5__47/O
                         net (fo=30, routed)          0.303    71.379    dut/core1/execute_unit/u_fpu/u_divider/i__carry_i_5__47_n_0
    SLICE_X29Y56         LUT2 (Prop_lut2_I1_O)        0.053    71.432 r  dut/core1/execute_unit/u_fpu/u_divider/i__carry_i_4__30/O
                         net (fo=1, routed)           0.000    71.432    dut/core1/execute_unit/u_fpu/u_divider/i__carry_i_4__30_n_0
    SLICE_X29Y56         CARRY4 (Prop_carry4_S[0]_CO[3])
                                                      0.313    71.745 r  dut/core1/execute_unit/u_fpu/u_divider/exp_norm0_inferred__2/i__carry/CO[3]
                         net (fo=1, routed)           0.000    71.745    dut/core1/execute_unit/u_fpu/u_divider/exp_norm0_inferred__2/i__carry_n_0
    SLICE_X29Y57         CARRY4 (Prop_carry4_CI_O[0])
                                                      0.139    71.884 f  dut/core1/execute_unit/u_fpu/u_divider/exp_norm0_inferred__2/i__carry__0/O[0]
                         net (fo=3, routed)           0.577    72.461    dut/core1/execute_unit/u_fpu/u_divider/exp_norm0_inferred__2/i__carry__0_n_7
    SLICE_X25Y57         LUT6 (Prop_lut6_I4_O)        0.155    72.616 f  dut/core1/execute_unit/u_fpu/u_divider/i__carry_i_12__32/O
                         net (fo=1, routed)           0.407    73.023    dut/core1/execute_unit/u_fpu/u_divider/i__carry_i_12__32_n_0
    SLICE_X25Y58         LUT6 (Prop_lut6_I1_O)        0.053    73.076 r  dut/core1/execute_unit/u_fpu/u_divider/i__carry_i_9__28/O
                         net (fo=3, routed)           0.659    73.735    dut/core1/execute_unit/u_fpu/u_divider/i__carry_i_9__28_n_0
    SLICE_X27Y57         LUT6 (Prop_lut6_I5_O)        0.053    73.788 r  dut/core1/execute_unit/u_fpu/u_divider/i__carry_i_5__46/O
                         net (fo=28, routed)          0.424    74.212    dut/core1/execute_unit/u_fpu/u_divider/i__carry_i_5__46_n_0
    SLICE_X24Y57         LUT2 (Prop_lut2_I1_O)        0.053    74.265 r  dut/core1/execute_unit/u_fpu/u_divider/i__carry_i_4__31/O
                         net (fo=1, routed)           0.000    74.265    dut/core1/execute_unit/u_fpu/u_divider/i__carry_i_4__31_n_0
    SLICE_X24Y57         CARRY4 (Prop_carry4_S[0]_CO[3])
                                                      0.313    74.578 r  dut/core1/execute_unit/u_fpu/u_divider/exp_norm0_inferred__3/i__carry/CO[3]
                         net (fo=1, routed)           0.000    74.578    dut/core1/execute_unit/u_fpu/u_divider/exp_norm0_inferred__3/i__carry_n_0
    SLICE_X24Y58         CARRY4 (Prop_carry4_CI_O[3])
                                                      0.179    74.757 f  dut/core1/execute_unit/u_fpu/u_divider/exp_norm0_inferred__3/i__carry__0/O[3]
                         net (fo=3, routed)           0.681    75.438    dut/core1/execute_unit/u_fpu/u_divider/exp_norm0_inferred__3/i__carry__0_n_4
    SLICE_X25Y59         LUT6 (Prop_lut6_I2_O)        0.142    75.580 f  dut/core1/execute_unit/u_fpu/u_divider/i__carry_i_11__32/O
                         net (fo=1, routed)           0.457    76.037    dut/core1/execute_unit/u_fpu/u_divider/i__carry_i_11__32_n_0
    SLICE_X25Y59         LUT6 (Prop_lut6_I1_O)        0.053    76.090 r  dut/core1/execute_unit/u_fpu/u_divider/i__carry_i_9__29/O
                         net (fo=1, routed)           0.128    76.218    dut/core1/execute_unit/u_fpu/u_divider/i__carry_i_9__29_n_0
    SLICE_X25Y59         LUT6 (Prop_lut6_I5_O)        0.053    76.271 r  dut/core1/execute_unit/u_fpu/u_divider/i__carry_i_5__45/O
                         net (fo=29, routed)          0.724    76.996    dut/core1/execute_unit/u_fpu/u_divider/i__carry_i_5__45_n_0
    SLICE_X23Y59         LUT2 (Prop_lut2_I1_O)        0.053    77.049 r  dut/core1/execute_unit/u_fpu/u_divider/i__carry_i_4__32/O
                         net (fo=1, routed)           0.000    77.049    dut/core1/execute_unit/u_fpu/u_divider/i__carry_i_4__32_n_0
    SLICE_X23Y59         CARRY4 (Prop_carry4_S[0]_CO[3])
                                                      0.313    77.362 r  dut/core1/execute_unit/u_fpu/u_divider/exp_norm0_inferred__4/i__carry/CO[3]
                         net (fo=1, routed)           0.000    77.362    dut/core1/execute_unit/u_fpu/u_divider/exp_norm0_inferred__4/i__carry_n_0
    SLICE_X23Y60         CARRY4 (Prop_carry4_CI_O[3])
                                                      0.179    77.541 f  dut/core1/execute_unit/u_fpu/u_divider/exp_norm0_inferred__4/i__carry__0/O[3]
                         net (fo=3, routed)           0.959    78.499    dut/core1/execute_unit/u_fpu/u_divider/exp_norm0_inferred__4/i__carry__0_n_4
    SLICE_X9Y61          LUT6 (Prop_lut6_I2_O)        0.142    78.641 f  dut/core1/execute_unit/u_fpu/u_divider/i__carry_i_10__36/O
                         net (fo=1, routed)           0.294    78.935    dut/core1/execute_unit/u_fpu/u_divider/i__carry_i_10__36_n_0
    SLICE_X9Y62          LUT6 (Prop_lut6_I1_O)        0.053    78.988 r  dut/core1/execute_unit/u_fpu/u_divider/i__carry_i_8__44/O
                         net (fo=4, routed)           0.417    79.405    dut/core1/execute_unit/u_fpu/u_divider/i__carry_i_8__44_n_0
    SLICE_X9Y63          LUT4 (Prop_lut4_I3_O)        0.053    79.458 r  dut/core1/execute_unit/u_fpu/u_divider/i__carry_i_5__44/O
                         net (fo=26, routed)          0.454    79.912    dut/core1/execute_unit/u_fpu/u_divider/i__carry_i_5__44_n_0
    SLICE_X7Y61          LUT2 (Prop_lut2_I1_O)        0.053    79.965 r  dut/core1/execute_unit/u_fpu/u_divider/i__carry_i_4__33/O
                         net (fo=1, routed)           0.000    79.965    dut/core1/execute_unit/u_fpu/u_divider/i__carry_i_4__33_n_0
    SLICE_X7Y61          CARRY4 (Prop_carry4_S[0]_CO[3])
                                                      0.313    80.278 r  dut/core1/execute_unit/u_fpu/u_divider/exp_norm0_inferred__5/i__carry/CO[3]
                         net (fo=1, routed)           0.000    80.278    dut/core1/execute_unit/u_fpu/u_divider/exp_norm0_inferred__5/i__carry_n_0
    SLICE_X7Y62          CARRY4 (Prop_carry4_CI_CO[3])
                                                      0.058    80.336 r  dut/core1/execute_unit/u_fpu/u_divider/exp_norm0_inferred__5/i__carry__0/CO[3]
                         net (fo=1, routed)           0.000    80.336    dut/core1/execute_unit/u_fpu/u_divider/exp_norm0_inferred__5/i__carry__0_n_0
    SLICE_X7Y63          CARRY4 (Prop_carry4_CI_O[1])
                                                      0.213    80.549 f  dut/core1/execute_unit/u_fpu/u_divider/exp_norm0_inferred__5/i__carry__1/O[1]
                         net (fo=3, routed)           0.768    81.318    dut/core1/execute_unit/u_fpu/u_divider/exp_norm0_inferred__5/i__carry__1_n_6
    SLICE_X5Y62          LUT6 (Prop_lut6_I3_O)        0.152    81.470 r  dut/core1/execute_unit/u_fpu/u_divider/i__carry_i_7__44/O
                         net (fo=1, routed)           0.607    82.076    dut/core1/execute_unit/u_fpu/u_divider/i__carry_i_7__44_n_0
    SLICE_X9Y63          LUT6 (Prop_lut6_I5_O)        0.053    82.129 r  dut/core1/execute_unit/u_fpu/u_divider/i__carry_i_5__43/O
                         net (fo=27, routed)          0.480    82.610    dut/core1/execute_unit/u_fpu/u_divider/i__carry_i_5__43_n_0
    SLICE_X6Y63          LUT2 (Prop_lut2_I1_O)        0.053    82.663 r  dut/core1/execute_unit/u_fpu/u_divider/i__carry_i_4__34/O
                         net (fo=1, routed)           0.000    82.663    dut/core1/execute_unit/u_fpu/u_divider/i__carry_i_4__34_n_0
    SLICE_X6Y63          CARRY4 (Prop_carry4_S[0]_CO[3])
                                                      0.297    82.960 r  dut/core1/execute_unit/u_fpu/u_divider/exp_norm0_inferred__6/i__carry/CO[3]
                         net (fo=1, routed)           0.000    82.960    dut/core1/execute_unit/u_fpu/u_divider/exp_norm0_inferred__6/i__carry_n_0
    SLICE_X6Y64          CARRY4 (Prop_carry4_CI_O[0])
                                                      0.135    83.095 f  dut/core1/execute_unit/u_fpu/u_divider/exp_norm0_inferred__6/i__carry__0/O[0]
                         net (fo=3, routed)           0.609    83.704    dut/core1/execute_unit/u_fpu/u_divider/exp_norm0_inferred__6/i__carry__0_n_7
    SLICE_X7Y64          LUT6 (Prop_lut6_I4_O)        0.153    83.857 f  dut/core1/execute_unit/u_fpu/u_divider/i__carry_i_13__26/O
                         net (fo=1, routed)           0.298    84.155    dut/core1/execute_unit/u_fpu/u_divider/i__carry_i_13__26_n_0
    SLICE_X7Y65          LUT6 (Prop_lut6_I1_O)        0.053    84.208 r  dut/core1/execute_unit/u_fpu/u_divider/i__carry_i_9__31/O
                         net (fo=4, routed)           0.451    84.659    dut/core1/execute_unit/u_fpu/u_divider/i__carry_i_9__31_n_0
    SLICE_X9Y65          LUT6 (Prop_lut6_I5_O)        0.053    84.712 r  dut/core1/execute_unit/u_fpu/u_divider/i__carry_i_5__42/O
                         net (fo=27, routed)          0.697    85.409    dut/core1/execute_unit/u_fpu/u_divider/i__carry_i_5__42_n_0
    SLICE_X5Y63          LUT2 (Prop_lut2_I1_O)        0.053    85.462 r  dut/core1/execute_unit/u_fpu/u_divider/i__carry_i_4__35/O
                         net (fo=1, routed)           0.000    85.462    dut/core1/execute_unit/u_fpu/u_divider/i__carry_i_4__35_n_0
    SLICE_X5Y63          CARRY4 (Prop_carry4_S[0]_CO[3])
                                                      0.313    85.775 r  dut/core1/execute_unit/u_fpu/u_divider/exp_norm0_inferred__7/i__carry/CO[3]
                         net (fo=1, routed)           0.000    85.775    dut/core1/execute_unit/u_fpu/u_divider/exp_norm0_inferred__7/i__carry_n_0
    SLICE_X5Y64          CARRY4 (Prop_carry4_CI_O[0])
                                                      0.139    85.914 f  dut/core1/execute_unit/u_fpu/u_divider/exp_norm0_inferred__7/i__carry__0/O[0]
                         net (fo=3, routed)           0.587    86.500    dut/core1/execute_unit/u_fpu/u_divider/exp_norm0_inferred__7/i__carry__0_n_7
    SLICE_X3Y64          LUT6 (Prop_lut6_I4_O)        0.155    86.655 f  dut/core1/execute_unit/u_fpu/u_divider/i__carry_i_10__37/O
                         net (fo=1, routed)           0.566    87.222    dut/core1/execute_unit/u_fpu/u_divider/i__carry_i_10__37_n_0
    SLICE_X7Y65          LUT6 (Prop_lut6_I1_O)        0.053    87.275 r  dut/core1/execute_unit/u_fpu/u_divider/i__carry_i_8__45/O
                         net (fo=2, routed)           0.303    87.577    dut/core1/execute_unit/u_fpu/u_divider/i__carry_i_8__45_n_0
    SLICE_X7Y66          LUT4 (Prop_lut4_I3_O)        0.053    87.630 r  dut/core1/execute_unit/u_fpu/u_divider/i__carry_i_5__41/O
                         net (fo=29, routed)          0.803    88.434    dut/core1/execute_unit/u_fpu/u_divider/i__carry_i_5__41_n_0
    SLICE_X4Y63          LUT2 (Prop_lut2_I1_O)        0.053    88.487 r  dut/core1/execute_unit/u_fpu/u_divider/i__carry_i_4__36/O
                         net (fo=1, routed)           0.000    88.487    dut/core1/execute_unit/u_fpu/u_divider/i__carry_i_4__36_n_0
    SLICE_X4Y63          CARRY4 (Prop_carry4_S[0]_CO[3])
                                                      0.297    88.784 r  dut/core1/execute_unit/u_fpu/u_divider/exp_norm0_inferred__8/i__carry/CO[3]
                         net (fo=1, routed)           0.000    88.784    dut/core1/execute_unit/u_fpu/u_divider/exp_norm0_inferred__8/i__carry_n_0
    SLICE_X4Y64          CARRY4 (Prop_carry4_CI_O[2])
                                                      0.137    88.921 f  dut/core1/execute_unit/u_fpu/u_divider/exp_norm0_inferred__8/i__carry__0/O[2]
                         net (fo=3, routed)           0.735    89.655    dut/core1/execute_unit/u_fpu/u_divider/exp_norm0_inferred__8/i__carry__0_n_5
    SLICE_X5Y62          LUT6 (Prop_lut6_I1_O)        0.152    89.807 f  dut/core1/execute_unit/u_fpu/u_divider/i__carry_i_9__32/O
                         net (fo=1, routed)           0.457    90.264    dut/core1/execute_unit/u_fpu/u_divider/i__carry_i_9__32_n_0
    SLICE_X5Y62          LUT6 (Prop_lut6_I1_O)        0.053    90.317 r  dut/core1/execute_unit/u_fpu/u_divider/i__carry_i_7__45/O
                         net (fo=3, routed)           0.658    90.975    dut/core1/execute_unit/u_fpu/u_divider/i__carry_i_7__45_n_0
    SLICE_X7Y66          LUT6 (Prop_lut6_I5_O)        0.053    91.028 r  dut/core1/execute_unit/u_fpu/u_divider/i__carry_i_5__40/O
                         net (fo=26, routed)          0.619    91.648    dut/core1/execute_unit/u_fpu/u_divider/i__carry_i_5__40_n_0
    SLICE_X2Y63          LUT2 (Prop_lut2_I1_O)        0.053    91.701 r  dut/core1/execute_unit/u_fpu/u_divider/i__carry_i_4__37/O
                         net (fo=1, routed)           0.000    91.701    dut/core1/execute_unit/u_fpu/u_divider/i__carry_i_4__37_n_0
    SLICE_X2Y63          CARRY4 (Prop_carry4_S[0]_CO[3])
                                                      0.297    91.998 r  dut/core1/execute_unit/u_fpu/u_divider/exp_norm0_inferred__9/i__carry/CO[3]
                         net (fo=1, routed)           0.000    91.998    dut/core1/execute_unit/u_fpu/u_divider/exp_norm0_inferred__9/i__carry_n_0
    SLICE_X2Y64          CARRY4 (Prop_carry4_CI_O[3])
                                                      0.181    92.179 f  dut/core1/execute_unit/u_fpu/u_divider/exp_norm0_inferred__9/i__carry__0/O[3]
                         net (fo=3, routed)           1.025    93.204    dut/core1/execute_unit/u_fpu/u_divider/exp_norm0_inferred__9/i__carry__0_n_4
    SLICE_X3Y64          LUT6 (Prop_lut6_I4_O)        0.142    93.346 r  dut/core1/execute_unit/u_fpu/u_divider/i__carry_i_9__33/O
                         net (fo=1, routed)           0.727    94.073    dut/core1/execute_unit/u_fpu/u_divider/i__carry_i_9__33_n_0
    SLICE_X9Y66          LUT6 (Prop_lut6_I5_O)        0.053    94.126 r  dut/core1/execute_unit/u_fpu/u_divider/i__carry_i_5__39/O
                         net (fo=30, routed)          1.062    95.188    dut/core1/execute_unit/u_fpu/u_divider/i__carry_i_5__39_n_0
    SLICE_X1Y62          LUT2 (Prop_lut2_I1_O)        0.053    95.241 r  dut/core1/execute_unit/u_fpu/u_divider/i__carry_i_4__38/O
                         net (fo=1, routed)           0.000    95.241    dut/core1/execute_unit/u_fpu/u_divider/i__carry_i_4__38_n_0
    SLICE_X1Y62          CARRY4 (Prop_carry4_S[0]_CO[3])
                                                      0.313    95.554 r  dut/core1/execute_unit/u_fpu/u_divider/exp_norm0_inferred__10/i__carry/CO[3]
                         net (fo=1, routed)           0.000    95.554    dut/core1/execute_unit/u_fpu/u_divider/exp_norm0_inferred__10/i__carry_n_0
    SLICE_X1Y63          CARRY4 (Prop_carry4_CI_O[1])
                                                      0.213    95.767 f  dut/core1/execute_unit/u_fpu/u_divider/exp_norm0_inferred__10/i__carry__0/O[1]
                         net (fo=3, routed)           0.836    96.602    dut/core1/execute_unit/u_fpu/u_divider/exp_norm0_inferred__10/i__carry__0_n_6
    SLICE_X0Y60          LUT6 (Prop_lut6_I0_O)        0.152    96.754 f  dut/core1/execute_unit/u_fpu/u_divider/i__carry_i_10__38/O
                         net (fo=1, routed)           0.593    97.348    dut/core1/execute_unit/u_fpu/u_divider/i__carry_i_10__38_n_0
    SLICE_X1Y61          LUT6 (Prop_lut6_I1_O)        0.053    97.401 r  dut/core1/execute_unit/u_fpu/u_divider/i__carry_i_8__46/O
                         net (fo=4, routed)           0.973    98.374    dut/core1/execute_unit/u_fpu/u_divider/i__carry_i_8__46_n_0
    SLICE_X9Y65          LUT4 (Prop_lut4_I3_O)        0.053    98.427 r  dut/core1/execute_unit/u_fpu/u_divider/i__carry_i_5__38/O
                         net (fo=27, routed)          1.042    99.468    dut/core1/execute_unit/u_fpu/u_divider/i__carry_i_5__38_n_0
    SLICE_X1Y57          LUT2 (Prop_lut2_I1_O)        0.053    99.521 r  dut/core1/execute_unit/u_fpu/u_divider/i__carry_i_4__39/O
                         net (fo=1, routed)           0.000    99.521    dut/core1/execute_unit/u_fpu/u_divider/i__carry_i_4__39_n_0
    SLICE_X1Y57          CARRY4 (Prop_carry4_S[0]_CO[3])
                                                      0.313    99.834 r  dut/core1/execute_unit/u_fpu/u_divider/exp_norm0_inferred__11/i__carry/CO[3]
                         net (fo=1, routed)           0.000    99.834    dut/core1/execute_unit/u_fpu/u_divider/exp_norm0_inferred__11/i__carry_n_0
    SLICE_X1Y58          CARRY4 (Prop_carry4_CI_O[2])
                                                      0.136    99.970 f  dut/core1/execute_unit/u_fpu/u_divider/exp_norm0_inferred__11/i__carry__0/O[2]
                         net (fo=3, routed)           0.656   100.627    dut/core1/execute_unit/u_fpu/u_divider/exp_norm0_inferred__11/i__carry__0_n_5
    SLICE_X0Y59          LUT6 (Prop_lut6_I2_O)        0.152   100.779 f  dut/core1/execute_unit/u_fpu/u_divider/i__carry_i_9__34/O
                         net (fo=1, routed)           0.459   101.238    dut/core1/execute_unit/u_fpu/u_divider/i__carry_i_9__34_n_0
    SLICE_X0Y59          LUT6 (Prop_lut6_I1_O)        0.053   101.291 r  dut/core1/execute_unit/u_fpu/u_divider/i__carry_i_7__46/O
                         net (fo=1, routed)           0.617   101.908    dut/core1/execute_unit/u_fpu/u_divider/i__carry_i_7__46_n_0
    SLICE_X7Y64          LUT6 (Prop_lut6_I5_O)        0.053   101.961 r  dut/core1/execute_unit/u_fpu/u_divider/i__carry_i_5__37/O
                         net (fo=28, routed)          1.410   103.370    dut/core1/execute_unit/u_fpu/u_divider/i__carry_i_5__37_n_0
    SLICE_X2Y57          LUT2 (Prop_lut2_I1_O)        0.053   103.423 r  dut/core1/execute_unit/u_fpu/u_divider/i__carry_i_4__40/O
                         net (fo=1, routed)           0.000   103.423    dut/core1/execute_unit/u_fpu/u_divider/i__carry_i_4__40_n_0
    SLICE_X2Y57          CARRY4 (Prop_carry4_S[0]_CO[3])
                                                      0.297   103.720 r  dut/core1/execute_unit/u_fpu/u_divider/exp_norm0_inferred__12/i__carry/CO[3]
                         net (fo=1, routed)           0.000   103.720    dut/core1/execute_unit/u_fpu/u_divider/exp_norm0_inferred__12/i__carry_n_0
    SLICE_X2Y58          CARRY4 (Prop_carry4_CI_CO[3])
                                                      0.060   103.780 r  dut/core1/execute_unit/u_fpu/u_divider/exp_norm0_inferred__12/i__carry__0/CO[3]
                         net (fo=1, routed)           0.000   103.780    dut/core1/execute_unit/u_fpu/u_divider/exp_norm0_inferred__12/i__carry__0_n_0
    SLICE_X2Y59          CARRY4 (Prop_carry4_CI_O[0])
                                                      0.135   103.915 f  dut/core1/execute_unit/u_fpu/u_divider/exp_norm0_inferred__12/i__carry__1/O[0]
                         net (fo=3, routed)           0.676   104.592    dut/core1/execute_unit/u_fpu/u_divider/exp_norm0_inferred__12/i__carry__1_n_7
    SLICE_X3Y56          LUT6 (Prop_lut6_I1_O)        0.153   104.745 f  dut/core1/execute_unit/u_fpu/u_divider/i__carry_i_11__34/O
                         net (fo=1, routed)           0.462   105.206    dut/core1/execute_unit/u_fpu/u_divider/i__carry_i_11__34_n_0
    SLICE_X3Y56          LUT6 (Prop_lut6_I1_O)        0.053   105.259 r  dut/core1/execute_unit/u_fpu/u_divider/i__carry_i_9__35/O
                         net (fo=4, routed)           0.896   106.155    dut/core1/execute_unit/u_fpu/u_divider/i__carry_i_9__35_n_0
    SLICE_X9Y62          LUT6 (Prop_lut6_I5_O)        0.053   106.208 r  dut/core1/execute_unit/u_fpu/u_divider/i__carry_i_5__36/O
                         net (fo=27, routed)          0.984   107.192    dut/core1/execute_unit/u_fpu/u_divider/i__carry_i_5__36_n_0
    SLICE_X3Y57          LUT2 (Prop_lut2_I1_O)        0.053   107.245 r  dut/core1/execute_unit/u_fpu/u_divider/i__carry_i_4__41/O
                         net (fo=1, routed)           0.000   107.245    dut/core1/execute_unit/u_fpu/u_divider/i__carry_i_4__41_n_0
    SLICE_X3Y57          CARRY4 (Prop_carry4_S[0]_CO[3])
                                                      0.313   107.558 r  dut/core1/execute_unit/u_fpu/u_divider/exp_norm0_inferred__13/i__carry/CO[3]
                         net (fo=1, routed)           0.000   107.558    dut/core1/execute_unit/u_fpu/u_divider/exp_norm0_inferred__13/i__carry_n_0
    SLICE_X3Y58          CARRY4 (Prop_carry4_CI_O[2])
                                                      0.136   107.694 f  dut/core1/execute_unit/u_fpu/u_divider/exp_norm0_inferred__13/i__carry__0/O[2]
                         net (fo=3, routed)           0.708   108.402    dut/core1/execute_unit/u_fpu/u_divider/exp_norm0_inferred__13/i__carry__0_n_5
    SLICE_X2Y56          LUT6 (Prop_lut6_I1_O)        0.152   108.554 f  dut/core1/execute_unit/u_fpu/u_divider/i__carry_i_10__39/O
                         net (fo=1, routed)           0.689   109.243    dut/core1/execute_unit/u_fpu/u_divider/i__carry_i_10__39_n_0
    SLICE_X0Y59          LUT6 (Prop_lut6_I1_O)        0.053   109.296 r  dut/core1/execute_unit/u_fpu/u_divider/i__carry_i_8__47/O
                         net (fo=2, routed)           0.591   109.888    dut/core1/execute_unit/u_fpu/u_divider/i__carry_i_8__47_n_0
    SLICE_X9Y61          LUT4 (Prop_lut4_I3_O)        0.053   109.941 r  dut/core1/execute_unit/u_fpu/u_divider/i__carry_i_5__35/O
                         net (fo=29, routed)          0.901   110.842    dut/core1/execute_unit/u_fpu/u_divider/i__carry_i_5__35_n_0
    SLICE_X0Y56          LUT2 (Prop_lut2_I1_O)        0.053   110.895 r  dut/core1/execute_unit/u_fpu/u_divider/i__carry_i_4__42/O
                         net (fo=1, routed)           0.000   110.895    dut/core1/execute_unit/u_fpu/u_divider/i__carry_i_4__42_n_0
    SLICE_X0Y56          CARRY4 (Prop_carry4_S[0]_CO[3])
                                                      0.297   111.192 r  dut/core1/execute_unit/u_fpu/u_divider/exp_norm0_inferred__14/i__carry/CO[3]
                         net (fo=1, routed)           0.000   111.192    dut/core1/execute_unit/u_fpu/u_divider/exp_norm0_inferred__14/i__carry_n_0
    SLICE_X0Y57          CARRY4 (Prop_carry4_CI_O[3])
                                                      0.181   111.373 f  dut/core1/execute_unit/u_fpu/u_divider/exp_norm0_inferred__14/i__carry__0/O[3]
                         net (fo=3, routed)           1.130   112.504    dut/core1/execute_unit/u_fpu/u_divider/exp_norm0_inferred__14/i__carry__0_n_4
    SLICE_X2Y56          LUT6 (Prop_lut6_I2_O)        0.142   112.646 f  dut/core1/execute_unit/u_fpu/u_divider/i__carry_i_9__36/O
                         net (fo=1, routed)           0.545   113.191    dut/core1/execute_unit/u_fpu/u_divider/i__carry_i_9__36_n_0
    SLICE_X0Y59          LUT6 (Prop_lut6_I1_O)        0.053   113.244 r  dut/core1/execute_unit/u_fpu/u_divider/i__carry_i_7__47/O
                         net (fo=3, routed)           0.535   113.779    dut/core1/execute_unit/u_fpu/u_divider/i__carry_i_7__47_n_0
    SLICE_X9Y61          LUT6 (Prop_lut6_I5_O)        0.053   113.832 r  dut/core1/execute_unit/u_fpu/u_divider/i__carry_i_5__34/O
                         net (fo=26, routed)          1.274   115.105    dut/core1/execute_unit/u_fpu/u_divider/i__carry_i_5__34_n_0
    SLICE_X1Y54          LUT2 (Prop_lut2_I1_O)        0.053   115.158 r  dut/core1/execute_unit/u_fpu/u_divider/i__carry_i_4__43/O
                         net (fo=1, routed)           0.000   115.158    dut/core1/execute_unit/u_fpu/u_divider/i__carry_i_4__43_n_0
    SLICE_X1Y54          CARRY4 (Prop_carry4_S[0]_O[2])
                                                      0.323   115.481 f  dut/core1/execute_unit/u_fpu/u_divider/exp_norm0_inferred__15/i__carry/O[2]
                         net (fo=3, routed)           1.032   116.513    dut/core1/execute_unit/u_fpu/u_divider/exp_norm0_inferred__15/i__carry_n_5
    SLICE_X2Y56          LUT6 (Prop_lut6_I4_O)        0.152   116.665 f  dut/core1/execute_unit/u_fpu/u_divider/i__carry_i_11__35/O
                         net (fo=1, routed)           0.327   116.993    dut/core1/execute_unit/u_fpu/u_divider/i__carry_i_11__35_n_0
    SLICE_X2Y56          LUT6 (Prop_lut6_I1_O)        0.053   117.046 r  dut/core1/execute_unit/u_fpu/u_divider/i__carry_i_9__37/O
                         net (fo=4, routed)           0.904   117.950    dut/core1/execute_unit/u_fpu/u_divider/i__carry_i_9__37_n_0
    SLICE_X10Y57         LUT6 (Prop_lut6_I5_O)        0.053   118.003 r  dut/core1/execute_unit/u_fpu/u_divider/i__carry_i_5__33/O
                         net (fo=28, routed)          1.159   119.162    dut/core1/execute_unit/u_fpu/u_divider/i__carry_i_5__33_n_0
    SLICE_X0Y53          LUT2 (Prop_lut2_I1_O)        0.053   119.215 r  dut/core1/execute_unit/u_fpu/u_divider/i__carry_i_4__44/O
                         net (fo=1, routed)           0.000   119.215    dut/core1/execute_unit/u_fpu/u_divider/i__carry_i_4__44_n_0
    SLICE_X0Y53          CARRY4 (Prop_carry4_S[0]_CO[3])
                                                      0.297   119.512 r  dut/core1/execute_unit/u_fpu/u_divider/exp_norm0_inferred__16/i__carry/CO[3]
                         net (fo=1, routed)           0.000   119.512    dut/core1/execute_unit/u_fpu/u_divider/exp_norm0_inferred__16/i__carry_n_0
    SLICE_X0Y54          CARRY4 (Prop_carry4_CI_O[2])
                                                      0.137   119.649 f  dut/core1/execute_unit/u_fpu/u_divider/exp_norm0_inferred__16/i__carry__0/O[2]
                         net (fo=3, routed)           0.700   120.349    dut/core1/execute_unit/u_fpu/u_divider/exp_norm0_inferred__16/i__carry__0_n_5
    SLICE_X2Y52          LUT6 (Prop_lut6_I1_O)        0.152   120.501 f  dut/core1/execute_unit/u_fpu/u_divider/i__carry_i_10__40/O
                         net (fo=1, routed)           0.672   121.173    dut/core1/execute_unit/u_fpu/u_divider/i__carry_i_10__40_n_0
    SLICE_X3Y56          LUT6 (Prop_lut6_I1_O)        0.053   121.226 r  dut/core1/execute_unit/u_fpu/u_divider/i__carry_i_8__48/O
                         net (fo=4, routed)           0.935   122.161    dut/core1/execute_unit/u_fpu/u_divider/i__carry_i_8__48_n_0
    SLICE_X10Y57         LUT4 (Prop_lut4_I3_O)        0.053   122.214 r  dut/core1/execute_unit/u_fpu/u_divider/i__carry_i_5__32/O
                         net (fo=28, routed)          1.307   123.521    dut/core1/execute_unit/u_fpu/u_divider/i__carry_i_5__32_n_0
    SLICE_X2Y53          LUT2 (Prop_lut2_I1_O)        0.053   123.574 r  dut/core1/execute_unit/u_fpu/u_divider/i__carry_i_4__45/O
                         net (fo=1, routed)           0.000   123.574    dut/core1/execute_unit/u_fpu/u_divider/i__carry_i_4__45_n_0
    SLICE_X2Y53          CARRY4 (Prop_carry4_S[0]_CO[3])
                                                      0.297   123.871 r  dut/core1/execute_unit/u_fpu/u_divider/exp_norm0_inferred__17/i__carry/CO[3]
                         net (fo=1, routed)           0.000   123.871    dut/core1/execute_unit/u_fpu/u_divider/exp_norm0_inferred__17/i__carry_n_0
    SLICE_X2Y54          CARRY4 (Prop_carry4_CI_O[3])
                                                      0.181   124.052 f  dut/core1/execute_unit/u_fpu/u_divider/exp_norm0_inferred__17/i__carry__0/O[3]
                         net (fo=3, routed)           0.679   124.731    dut/core1/execute_unit/u_fpu/u_divider/exp_norm0_inferred__17/i__carry__0_n_4
    SLICE_X2Y52          LUT6 (Prop_lut6_I2_O)        0.142   124.873 f  dut/core1/execute_unit/u_fpu/u_divider/i__carry_i_9__38/O
                         net (fo=1, routed)           0.859   125.732    dut/core1/execute_unit/u_fpu/u_divider/i__carry_i_9__38_n_0
    SLICE_X3Y56          LUT6 (Prop_lut6_I1_O)        0.053   125.785 r  dut/core1/execute_unit/u_fpu/u_divider/i__carry_i_7__48/O
                         net (fo=3, routed)           0.602   126.387    dut/core1/execute_unit/u_fpu/u_divider/i__carry_i_7__48_n_0
    SLICE_X7Y60          LUT6 (Prop_lut6_I5_O)        0.053   126.440 r  dut/core1/execute_unit/u_fpu/u_divider/i__carry_i_5__31/O
                         net (fo=26, routed)          1.241   127.682    dut/core1/execute_unit/u_fpu/u_divider/i__carry_i_5__31_n_0
    SLICE_X3Y53          LUT2 (Prop_lut2_I1_O)        0.053   127.735 r  dut/core1/execute_unit/u_fpu/u_divider/i__carry_i_4__46/O
                         net (fo=1, routed)           0.000   127.735    dut/core1/execute_unit/u_fpu/u_divider/i__carry_i_4__46_n_0
    SLICE_X3Y53          CARRY4 (Prop_carry4_S[0]_O[3])
                                                      0.357   128.092 f  dut/core1/execute_unit/u_fpu/u_divider/exp_norm0_inferred__18/i__carry/O[3]
                         net (fo=3, routed)           1.037   129.128    dut/core1/execute_unit/u_fpu/u_divider/exp_norm0_inferred__18/i__carry_n_4
    SLICE_X13Y53         LUT6 (Prop_lut6_I3_O)        0.142   129.270 f  dut/core1/execute_unit/u_fpu/u_divider/i__carry_i_11__36/O
                         net (fo=1, routed)           0.306   129.577    dut/core1/execute_unit/u_fpu/u_divider/i__carry_i_11__36_n_0
    SLICE_X13Y53         LUT6 (Prop_lut6_I1_O)        0.053   129.630 r  dut/core1/execute_unit/u_fpu/u_divider/i__carry_i_9__39/O
                         net (fo=5, routed)           0.670   130.299    dut/core1/execute_unit/u_fpu/u_divider/i__carry_i_9__39_n_0
    SLICE_X13Y57         LUT6 (Prop_lut6_I5_O)        0.053   130.352 r  dut/core1/execute_unit/u_fpu/u_divider/i__carry_i_5__30/O
                         net (fo=26, routed)          0.908   131.261    dut/core1/execute_unit/u_fpu/u_divider/i__carry_i_5__30_n_0
    SLICE_X15Y49         LUT2 (Prop_lut2_I1_O)        0.053   131.314 r  dut/core1/execute_unit/u_fpu/u_divider/i__carry_i_4__47/O
                         net (fo=1, routed)           0.000   131.314    dut/core1/execute_unit/u_fpu/u_divider/i__carry_i_4__47_n_0
    SLICE_X15Y49         CARRY4 (Prop_carry4_S[0]_CO[3])
                                                      0.313   131.627 r  dut/core1/execute_unit/u_fpu/u_divider/exp_norm0_inferred__19/i__carry/CO[3]
                         net (fo=1, routed)           0.001   131.627    dut/core1/execute_unit/u_fpu/u_divider/exp_norm0_inferred__19/i__carry_n_0
    SLICE_X15Y50         CARRY4 (Prop_carry4_CI_O[2])
                                                      0.136   131.763 f  dut/core1/execute_unit/u_fpu/u_divider/exp_norm0_inferred__19/i__carry__0/O[2]
                         net (fo=3, routed)           0.961   132.725    dut/core1/execute_unit/u_fpu/u_divider/exp_norm0_inferred__19/i__carry__0_n_5
    SLICE_X25Y50         LUT6 (Prop_lut6_I1_O)        0.152   132.877 f  dut/core1/execute_unit/u_fpu/u_divider/i__carry_i_9__40/O
                         net (fo=1, routed)           0.600   133.477    dut/core1/execute_unit/u_fpu/u_divider/i__carry_i_9__40_n_0
    SLICE_X25Y49         LUT6 (Prop_lut6_I1_O)        0.053   133.530 r  dut/core1/execute_unit/u_fpu/u_divider/i__carry_i_6__49/O
                         net (fo=6, routed)           0.764   134.294    dut/core1/execute_unit/u_fpu/u_divider/i__carry_i_6__49_n_0
    SLICE_X24Y55         LUT4 (Prop_lut4_I0_O)        0.053   134.347 r  dut/core1/execute_unit/u_fpu/u_divider/i__carry_i_5__29/O
                         net (fo=24, routed)          1.405   135.751    dut/core1/execute_unit/u_fpu/u_divider/i__carry_i_5__29_n_0
    SLICE_X24Y49         LUT2 (Prop_lut2_I1_O)        0.053   135.804 r  dut/core1/execute_unit/u_fpu/u_divider/i__carry_i_4__48/O
                         net (fo=1, routed)           0.000   135.804    dut/core1/execute_unit/u_fpu/u_divider/i__carry_i_4__48_n_0
    SLICE_X24Y49         CARRY4 (Prop_carry4_S[0]_CO[3])
                                                      0.313   136.117 r  dut/core1/execute_unit/u_fpu/u_divider/exp_norm0_inferred__20/i__carry/CO[3]
                         net (fo=1, routed)           0.001   136.118    dut/core1/execute_unit/u_fpu/u_divider/exp_norm0_inferred__20/i__carry_n_0
    SLICE_X24Y50         CARRY4 (Prop_carry4_CI_CO[3])
                                                      0.058   136.176 r  dut/core1/execute_unit/u_fpu/u_divider/exp_norm0_inferred__20/i__carry__0/CO[3]
                         net (fo=1, routed)           0.000   136.176    dut/core1/execute_unit/u_fpu/u_divider/exp_norm0_inferred__20/i__carry__0_n_0
    SLICE_X24Y51         CARRY4 (Prop_carry4_CI_O[0])
                                                      0.139   136.315 r  dut/core1/execute_unit/u_fpu/u_divider/exp_norm0_inferred__20/i__carry__1/O[0]
                         net (fo=3, routed)           0.557   136.872    dut/core1/execute_unit/u_fpu/u_divider/exp_norm0_inferred__20/i__carry__1_n_7
    SLICE_X25Y50         LUT6 (Prop_lut6_I1_O)        0.155   137.027 r  dut/core1/execute_unit/u_fpu/u_divider/i__carry_i_9__41/O
                         net (fo=1, routed)           0.131   137.158    dut/core1/execute_unit/u_fpu/u_divider/i__carry_i_9__41_n_0
    SLICE_X25Y50         LUT6 (Prop_lut6_I1_O)        0.053   137.211 f  dut/core1/execute_unit/u_fpu/u_divider/i__carry_i_7__49/O
                         net (fo=12, routed)          0.702   137.913    dut/core1/execute_unit/u_fpu/u_divider/i__carry_i_7__49_n_0
    SLICE_X25Y55         LUT2 (Prop_lut2_I1_O)        0.053   137.966 r  dut/core1/execute_unit/u_fpu/u_divider/i__carry_i_5__28/O
                         net (fo=24, routed)          1.229   139.196    dut/core1/execute_unit/u_fpu/u_divider/i__carry_i_5__28_n_0
    SLICE_X27Y49         LUT2 (Prop_lut2_I1_O)        0.053   139.249 r  dut/core1/execute_unit/u_fpu/u_divider/i__carry_i_4__49/O
                         net (fo=1, routed)           0.000   139.249    dut/core1/execute_unit/u_fpu/u_divider/i__carry_i_4__49_n_0
    SLICE_X27Y49         CARRY4 (Prop_carry4_S[0]_O[3])
                                                      0.357   139.606 f  dut/core1/execute_unit/u_fpu/u_divider/exp_norm0_inferred__21/i__carry/O[3]
                         net (fo=5, routed)           1.187   140.793    dut/core1/execute_unit/u_fpu/u_divider/exp_norm0_inferred__21/i__carry_n_4
    SLICE_X40Y50         LUT6 (Prop_lut6_I4_O)        0.142   140.935 r  dut/core1/execute_unit/u_fpu/u_divider/out_res[30]_i_10__0/O
                         net (fo=8, routed)           0.921   141.856    dut/core1/execute_unit/u_fpu/u_divider/out_res[30]_i_10__0_n_0
    SLICE_X41Y50         LUT6 (Prop_lut6_I3_O)        0.053   141.909 r  dut/core1/execute_unit/u_fpu/u_divider/out_res[30]_i_21__0/O
                         net (fo=9, routed)           1.017   142.925    dut/core1/execute_unit/u_fpu/u_divider/out_res[30]_i_21__0_n_0
    SLICE_X25Y54         LUT6 (Prop_lut6_I5_O)        0.053   142.978 r  dut/core1/execute_unit/u_fpu/u_divider/out_res[30]_i_9__0/O
                         net (fo=33, routed)          1.702   144.680    dut/core1/execute_unit/u_fpu/u_divider/out_res[30]_i_9__0_n_0
    SLICE_X41Y47         LUT5 (Prop_lut5_I2_O)        0.067   144.747 r  dut/core1/execute_unit/u_fpu/u_divider/out_res[29]_i_4__0/O
                         net (fo=2, routed)           0.649   145.397    dut/core1/execute_unit/u_fpu/u_divider/out_res[29]_i_4__0_n_0
    SLICE_X40Y46         LUT6 (Prop_lut6_I2_O)        0.170   145.567 r  dut/core1/execute_unit/u_fpu/u_divider/out_res[22]_i_3__0/O
                         net (fo=23, routed)          1.283   146.850    dut/core1/execute_unit/u_fpu/u_divider/out_res[22]_i_3__0_n_0
    SLICE_X29Y48         LUT6 (Prop_lut6_I3_O)        0.053   146.903 r  dut/core1/execute_unit/u_fpu/u_divider/out_res[17]_i_1__1/O
                         net (fo=1, routed)           0.000   146.903    dut/core1/execute_unit/u_fpu/u_divider/out_res[17]_i_1__1_n_0
    SLICE_X29Y48         FDCE                                         r  dut/core1/execute_unit/u_fpu/u_divider/out_res_reg[17]/D
  -------------------------------------------------------------------    -------------------

Slack:                    inf
  Source:                 dut/core1/mem_wb/RD_F_W_reg[3]/C
                            (rising edge-triggered cell FDRE)
  Destination:            dut/core1/execute_unit/u_fpu/u_divider/out_res_reg[21]/D
  Path Group:             (none)
  Path Type:              Max at Slow Process Corner
  Data Path Delay:        146.806ns  (logic 36.885ns (25.125%)  route 109.921ns (74.875%))
  Logic Levels:           316  (CARRY4=196 FDRE=1 LUT1=1 LUT2=24 LUT3=22 LUT4=7 LUT5=4 LUT6=61)

    Location             Delay type                Incr(ns)  Path(ns)    Netlist Resource(s)
  -------------------------------------------------------------------    -------------------
    SLICE_X68Y33         FDRE                         0.000     0.000 r  dut/core1/mem_wb/RD_F_W_reg[3]/C
    SLICE_X68Y33         FDRE (Prop_fdre_C_Q)         0.269     0.269 r  dut/core1/mem_wb/RD_F_W_reg[3]/Q
                         net (fo=73, routed)          0.946     1.215    dut/core1/id_ex/RD_F_W[3]
    SLICE_X68Y39         LUT6 (Prop_lut6_I3_O)        0.053     1.268 r  dut/core1/id_ex/B_r[31]_i_7__0/O
                         net (fo=1, routed)           0.306     1.574    dut/core1/id_ex/B_r[31]_i_7__0_n_0
    SLICE_X68Y39         LUT5 (Prop_lut5_I0_O)        0.053     1.627 r  dut/core1/id_ex/B_r[31]_i_5__0/O
                         net (fo=2, routed)           0.951     2.578    dut/core1/mem_wb/ForwardBE1__0
    SLICE_X67Y37         LUT3 (Prop_lut3_I2_O)        0.053     2.631 r  dut/core1/mem_wb/B_r[31]_i_2__0/O
                         net (fo=34, routed)          2.427     5.058    dut/core1/mem_wb/ForwardBE_F[0]
    SLICE_X80Y10         LUT5 (Prop_lut5_I1_O)        0.053     5.111 f  dut/core1/mem_wb/forward_fb_mux/B_r[2]_i_1__0/O
                         net (fo=112, routed)         7.652    12.763    dut/core1/mem_wb/ALU_ResultM_reg[2]
    SLICE_X0Y23          LUT1 (Prop_lut1_I0_O)        0.053    12.816 r  dut/core1/mem_wb/u_divider/out_res[30]_i_685__0/O
                         net (fo=1, routed)           0.000    12.816    dut_n_1069
    SLICE_X0Y23          CARRY4 (Prop_carry4_S[2]_CO[3])
                                                      0.219    13.035 r  u_divider/out_res_reg[30]_i_633__0/CO[3]
                         net (fo=1, routed)           0.000    13.035    u_divider/out_res_reg[30]_i_633__0_n_0
    SLICE_X0Y24          CARRY4 (Prop_carry4_CI_CO[3])
                                                      0.060    13.095 r  u_divider/out_res_reg[30]_i_628__0/CO[3]
                         net (fo=1, routed)           0.008    13.103    u_divider/out_res_reg[30]_i_628__0_n_0
    SLICE_X0Y25          CARRY4 (Prop_carry4_CI_CO[3])
                                                      0.060    13.163 r  u_divider/out_res_reg[30]_i_623__0/CO[3]
                         net (fo=1, routed)           0.000    13.163    u_divider/out_res_reg[30]_i_623__0_n_0
    SLICE_X0Y26          CARRY4 (Prop_carry4_CI_CO[3])
                                                      0.060    13.223 r  u_divider/out_res_reg[30]_i_618__0/CO[3]
                         net (fo=1, routed)           0.000    13.223    u_divider/out_res_reg[30]_i_618__0_n_0
    SLICE_X0Y27          CARRY4 (Prop_carry4_CI_CO[3])
                                                      0.060    13.283 r  u_divider/out_res_reg[30]_i_613__0/CO[3]
                         net (fo=1, routed)           0.000    13.283    u_divider/out_res_reg[30]_i_613__0_n_0
    SLICE_X0Y28          CARRY4 (Prop_carry4_CI_CO[3])
                                                      0.060    13.343 r  u_divider/out_res_reg[30]_i_610__0/CO[3]
                         net (fo=1, routed)           0.000    13.343    u_divider/out_res_reg[30]_i_610__0_n_0
    SLICE_X0Y29          CARRY4 (Prop_carry4_CI_CO[0])
                                                      0.173    13.516 r  u_divider/out_res_reg[30]_i_609__0/CO[0]
                         net (fo=27, routed)          1.168    14.684    dut/core1/mem_wb/u_divider/out_res_reg[30]_i_601__0[0]
    SLICE_X1Y23          LUT3 (Prop_lut3_I0_O)        0.153    14.837 r  dut/core1/mem_wb/u_divider/out_res[30]_i_640__0/O
                         net (fo=1, routed)           0.000    14.837    dut_n_2166
    SLICE_X1Y23          CARRY4 (Prop_carry4_S[1]_CO[3])
                                                      0.324    15.161 r  u_divider/out_res_reg[30]_i_601__0/CO[3]
                         net (fo=1, routed)           0.000    15.161    u_divider/out_res_reg[30]_i_601__0_n_0
    SLICE_X1Y24          CARRY4 (Prop_carry4_CI_CO[3])
                                                      0.058    15.219 r  u_divider/out_res_reg[30]_i_596__0/CO[3]
                         net (fo=1, routed)           0.008    15.227    u_divider/out_res_reg[30]_i_596__0_n_0
    SLICE_X1Y25          CARRY4 (Prop_carry4_CI_CO[3])
                                                      0.058    15.285 r  u_divider/out_res_reg[30]_i_591__0/CO[3]
                         net (fo=1, routed)           0.000    15.285    u_divider/out_res_reg[30]_i_591__0_n_0
    SLICE_X1Y26          CARRY4 (Prop_carry4_CI_CO[3])
                                                      0.058    15.343 r  u_divider/out_res_reg[30]_i_586__0/CO[3]
                         net (fo=1, routed)           0.000    15.343    u_divider/out_res_reg[30]_i_586__0_n_0
    SLICE_X1Y27          CARRY4 (Prop_carry4_CI_CO[3])
                                                      0.058    15.401 r  u_divider/out_res_reg[30]_i_581__0/CO[3]
                         net (fo=1, routed)           0.000    15.401    u_divider/out_res_reg[30]_i_581__0_n_0
    SLICE_X1Y28          CARRY4 (Prop_carry4_CI_CO[3])
                                                      0.058    15.459 r  u_divider/out_res_reg[30]_i_578__0/CO[3]
                         net (fo=1, routed)           0.000    15.459    u_divider/out_res_reg[30]_i_578__0_n_0
    SLICE_X1Y29          CARRY4 (Prop_carry4_CI_CO[1])
                                                      0.094    15.553 r  u_divider/out_res_reg[30]_i_577__0/CO[1]
                         net (fo=27, routed)          0.974    16.527    u_divider/out_res_reg[30]_i_577__0_n_2
    SLICE_X2Y23          CARRY4 (Prop_carry4_CYINIT_CO[3])
                                                      0.458    16.985 r  u_divider/out_res_reg[30]_i_569__0/CO[3]
                         net (fo=1, routed)           0.000    16.985    u_divider/out_res_reg[30]_i_569__0_n_0
    SLICE_X2Y24          CARRY4 (Prop_carry4_CI_CO[3])
                                                      0.060    17.045 r  u_divider/out_res_reg[30]_i_564__0/CO[3]
                         net (fo=1, routed)           0.008    17.053    u_divider/out_res_reg[30]_i_564__0_n_0
    SLICE_X2Y25          CARRY4 (Prop_carry4_CI_CO[3])
                                                      0.060    17.113 r  u_divider/out_res_reg[30]_i_559__0/CO[3]
                         net (fo=1, routed)           0.000    17.113    u_divider/out_res_reg[30]_i_559__0_n_0
    SLICE_X2Y26          CARRY4 (Prop_carry4_CI_CO[3])
                                                      0.060    17.173 r  u_divider/out_res_reg[30]_i_554__0/CO[3]
                         net (fo=1, routed)           0.000    17.173    u_divider/out_res_reg[30]_i_554__0_n_0
    SLICE_X2Y27          CARRY4 (Prop_carry4_CI_CO[3])
                                                      0.060    17.233 r  u_divider/out_res_reg[30]_i_549__0/CO[3]
                         net (fo=1, routed)           0.000    17.233    u_divider/out_res_reg[30]_i_549__0_n_0
    SLICE_X2Y28          CARRY4 (Prop_carry4_CI_CO[3])
                                                      0.060    17.293 r  u_divider/out_res_reg[30]_i_546__0/CO[3]
                         net (fo=1, routed)           0.000    17.293    u_divider/out_res_reg[30]_i_546__0_n_0
    SLICE_X2Y29          CARRY4 (Prop_carry4_CI_CO[1])
                                                      0.093    17.386 r  u_divider/out_res_reg[30]_i_545__0/CO[1]
                         net (fo=27, routed)          1.097    18.483    u_divider/out_res_reg[30]_i_545__0_n_2
    SLICE_X2Y35          LUT3 (Prop_lut3_I0_O)        0.153    18.636 r  u_divider/out_res[30]_i_551__0/O
                         net (fo=1, routed)           0.000    18.636    u_divider/out_res[30]_i_551__0_n_0
    SLICE_X2Y35          CARRY4 (Prop_carry4_S[2]_CO[3])
                                                      0.219    18.855 r  u_divider/out_res_reg[30]_i_514__0/CO[3]
                         net (fo=1, routed)           0.000    18.855    u_divider/out_res_reg[30]_i_514__0_n_0
    SLICE_X2Y36          CARRY4 (Prop_carry4_CI_CO[1])
                                                      0.093    18.948 r  u_divider/out_res_reg[30]_i_513__0/CO[1]
                         net (fo=27, routed)          1.437    20.385    u_divider/out_res_reg[30]_i_513__0_n_2
    SLICE_X0Y30          LUT3 (Prop_lut3_I0_O)        0.153    20.538 r  u_divider/out_res[30]_i_542__0/O
                         net (fo=1, routed)           0.000    20.538    u_divider/out_res[30]_i_542__0_n_0
    SLICE_X0Y30          CARRY4 (Prop_carry4_S[3]_CO[3])
                                                      0.216    20.754 r  u_divider/out_res_reg[30]_i_505__0/CO[3]
                         net (fo=1, routed)           0.000    20.754    u_divider/out_res_reg[30]_i_505__0_n_0
    SLICE_X0Y31          CARRY4 (Prop_carry4_CI_CO[3])
                                                      0.060    20.814 r  u_divider/out_res_reg[30]_i_500__0/CO[3]
                         net (fo=1, routed)           0.000    20.814    u_divider/out_res_reg[30]_i_500__0_n_0
    SLICE_X0Y32          CARRY4 (Prop_carry4_CI_CO[3])
                                                      0.060    20.874 r  u_divider/out_res_reg[30]_i_495__0/CO[3]
                         net (fo=1, routed)           0.000    20.874    u_divider/out_res_reg[30]_i_495__0_n_0
    SLICE_X0Y33          CARRY4 (Prop_carry4_CI_CO[3])
                                                      0.060    20.934 r  u_divider/out_res_reg[30]_i_490__0/CO[3]
                         net (fo=1, routed)           0.000    20.934    u_divider/out_res_reg[30]_i_490__0_n_0
    SLICE_X0Y34          CARRY4 (Prop_carry4_CI_CO[3])
                                                      0.060    20.994 r  u_divider/out_res_reg[30]_i_485__0/CO[3]
                         net (fo=1, routed)           0.000    20.994    u_divider/out_res_reg[30]_i_485__0_n_0
    SLICE_X0Y35          CARRY4 (Prop_carry4_CI_CO[3])
                                                      0.060    21.054 r  u_divider/out_res_reg[30]_i_482__0/CO[3]
                         net (fo=1, routed)           0.000    21.054    u_divider/out_res_reg[30]_i_482__0_n_0
    SLICE_X0Y36          CARRY4 (Prop_carry4_CI_CO[1])
                                                      0.093    21.147 r  u_divider/out_res_reg[30]_i_481__0/CO[1]
                         net (fo=27, routed)          1.087    22.234    u_divider/out_res_reg[30]_i_481__0_n_2
    SLICE_X1Y31          LUT3 (Prop_lut3_I0_O)        0.153    22.387 r  u_divider/out_res[30]_i_508__0/O
                         net (fo=1, routed)           0.000    22.387    u_divider/out_res[30]_i_508__0_n_0
    SLICE_X1Y31          CARRY4 (Prop_carry4_S[1]_CO[3])
                                                      0.324    22.711 r  u_divider/out_res_reg[30]_i_468__0/CO[3]
                         net (fo=1, routed)           0.000    22.711    u_divider/out_res_reg[30]_i_468__0_n_0
    SLICE_X1Y32          CARRY4 (Prop_carry4_CI_CO[3])
                                                      0.058    22.769 r  u_divider/out_res_reg[30]_i_463__0/CO[3]
                         net (fo=1, routed)           0.000    22.769    u_divider/out_res_reg[30]_i_463__0_n_0
    SLICE_X1Y33          CARRY4 (Prop_carry4_CI_CO[3])
                                                      0.058    22.827 r  u_divider/out_res_reg[30]_i_458__0/CO[3]
                         net (fo=1, routed)           0.000    22.827    u_divider/out_res_reg[30]_i_458__0_n_0
    SLICE_X1Y34          CARRY4 (Prop_carry4_CI_CO[3])
                                                      0.058    22.885 r  u_divider/out_res_reg[30]_i_453__0/CO[3]
                         net (fo=1, routed)           0.000    22.885    u_divider/out_res_reg[30]_i_453__0_n_0
    SLICE_X1Y35          CARRY4 (Prop_carry4_CI_CO[3])
                                                      0.058    22.943 r  u_divider/out_res_reg[30]_i_450__0/CO[3]
                         net (fo=1, routed)           0.000    22.943    u_divider/out_res_reg[30]_i_450__0_n_0
    SLICE_X1Y36          CARRY4 (Prop_carry4_CI_CO[1])
                                                      0.094    23.037 r  u_divider/out_res_reg[30]_i_449__0/CO[1]
                         net (fo=27, routed)          1.202    24.239    dut/core1/mem_wb/u_divider/out_res_reg[30]_i_441__0[0]
    SLICE_X3Y30          LUT3 (Prop_lut3_I0_O)        0.152    24.391 r  dut/core1/mem_wb/u_divider/out_res[30]_i_480__0/O
                         net (fo=1, routed)           0.000    24.391    dut_n_2171
    SLICE_X3Y30          CARRY4 (Prop_carry4_S[1]_CO[3])
                                                      0.324    24.715 r  u_divider/out_res_reg[30]_i_441__0/CO[3]
                         net (fo=1, routed)           0.000    24.715    u_divider/out_res_reg[30]_i_441__0_n_0
    SLICE_X3Y31          CARRY4 (Prop_carry4_CI_CO[3])
                                                      0.058    24.773 r  u_divider/out_res_reg[30]_i_436__0/CO[3]
                         net (fo=1, routed)           0.000    24.773    u_divider/out_res_reg[30]_i_436__0_n_0
    SLICE_X3Y32          CARRY4 (Prop_carry4_CI_CO[3])
                                                      0.058    24.831 r  u_divider/out_res_reg[30]_i_431__0/CO[3]
                         net (fo=1, routed)           0.000    24.831    u_divider/out_res_reg[30]_i_431__0_n_0
    SLICE_X3Y33          CARRY4 (Prop_carry4_CI_CO[3])
                                                      0.058    24.889 r  u_divider/out_res_reg[30]_i_426__0/CO[3]
                         net (fo=1, routed)           0.000    24.889    u_divider/out_res_reg[30]_i_426__0_n_0
    SLICE_X3Y34          CARRY4 (Prop_carry4_CI_CO[3])
                                                      0.058    24.947 r  u_divider/out_res_reg[30]_i_421__0/CO[3]
                         net (fo=1, routed)           0.000    24.947    u_divider/out_res_reg[30]_i_421__0_n_0
    SLICE_X3Y35          CARRY4 (Prop_carry4_CI_CO[3])
                                                      0.058    25.005 r  u_divider/out_res_reg[30]_i_418__0/CO[3]
                         net (fo=1, routed)           0.000    25.005    u_divider/out_res_reg[30]_i_418__0_n_0
    SLICE_X3Y36          CARRY4 (Prop_carry4_CI_CO[1])
                                                      0.094    25.099 r  u_divider/out_res_reg[30]_i_417__0/CO[1]
                         net (fo=27, routed)          0.815    25.914    dut/core1/mem_wb/u_divider/out_res_reg[30]_i_409__0[0]
    SLICE_X2Y37          LUT3 (Prop_lut3_I0_O)        0.152    26.066 r  dut/core1/mem_wb/u_divider/out_res[30]_i_448__0/O
                         net (fo=1, routed)           0.000    26.066    dut_n_2172
    SLICE_X2Y37          CARRY4 (Prop_carry4_S[1]_CO[3])
                                                      0.310    26.376 r  u_divider/out_res_reg[30]_i_409__0/CO[3]
                         net (fo=1, routed)           0.000    26.376    u_divider/out_res_reg[30]_i_409__0_n_0
    SLICE_X2Y38          CARRY4 (Prop_carry4_CI_CO[3])
                                                      0.060    26.436 r  u_divider/out_res_reg[30]_i_404__0/CO[3]
                         net (fo=1, routed)           0.000    26.436    u_divider/out_res_reg[30]_i_404__0_n_0
    SLICE_X2Y39          CARRY4 (Prop_carry4_CI_CO[3])
                                                      0.060    26.496 r  u_divider/out_res_reg[30]_i_399__0/CO[3]
                         net (fo=1, routed)           0.000    26.496    u_divider/out_res_reg[30]_i_399__0_n_0
    SLICE_X2Y40          CARRY4 (Prop_carry4_CI_CO[3])
                                                      0.060    26.556 r  u_divider/out_res_reg[30]_i_394__0/CO[3]
                         net (fo=1, routed)           0.000    26.556    u_divider/out_res_reg[30]_i_394__0_n_0
    SLICE_X2Y41          CARRY4 (Prop_carry4_CI_CO[3])
                                                      0.060    26.616 r  u_divider/out_res_reg[30]_i_389__0/CO[3]
                         net (fo=1, routed)           0.000    26.616    u_divider/out_res_reg[30]_i_389__0_n_0
    SLICE_X2Y42          CARRY4 (Prop_carry4_CI_CO[3])
                                                      0.060    26.676 r  u_divider/out_res_reg[30]_i_386__0/CO[3]
                         net (fo=1, routed)           0.000    26.676    u_divider/out_res_reg[30]_i_386__0_n_0
    SLICE_X2Y43          CARRY4 (Prop_carry4_CI_CO[1])
                                                      0.093    26.769 r  u_divider/out_res_reg[30]_i_385__0/CO[1]
                         net (fo=27, routed)          1.232    28.001    u_divider/out_res_reg[30]_i_385__0_n_2
    SLICE_X3Y37          LUT3 (Prop_lut3_I0_O)        0.153    28.154 r  u_divider/out_res[30]_i_414__0/O
                         net (fo=1, routed)           0.000    28.154    u_divider/out_res[30]_i_414__0_n_0
    SLICE_X3Y37          CARRY4 (Prop_carry4_S[3]_CO[3])
                                                      0.233    28.387 r  u_divider/out_res_reg[30]_i_377__0/CO[3]
                         net (fo=1, routed)           0.000    28.387    u_divider/out_res_reg[30]_i_377__0_n_0
    SLICE_X3Y38          CARRY4 (Prop_carry4_CI_CO[3])
                                                      0.058    28.445 r  u_divider/out_res_reg[30]_i_372__0/CO[3]
                         net (fo=1, routed)           0.000    28.445    u_divider/out_res_reg[30]_i_372__0_n_0
    SLICE_X3Y39          CARRY4 (Prop_carry4_CI_CO[3])
                                                      0.058    28.503 r  u_divider/out_res_reg[30]_i_367__0/CO[3]
                         net (fo=1, routed)           0.000    28.503    u_divider/out_res_reg[30]_i_367__0_n_0
    SLICE_X3Y40          CARRY4 (Prop_carry4_CI_CO[3])
                                                      0.058    28.561 r  u_divider/out_res_reg[30]_i_362__0/CO[3]
                         net (fo=1, routed)           0.000    28.561    u_divider/out_res_reg[30]_i_362__0_n_0
    SLICE_X3Y41          CARRY4 (Prop_carry4_CI_CO[3])
                                                      0.058    28.619 r  u_divider/out_res_reg[30]_i_357__0/CO[3]
                         net (fo=1, routed)           0.000    28.619    u_divider/out_res_reg[30]_i_357__0_n_0
    SLICE_X3Y42          CARRY4 (Prop_carry4_CI_CO[3])
                                                      0.058    28.677 r  u_divider/out_res_reg[30]_i_354__0/CO[3]
                         net (fo=1, routed)           0.000    28.677    u_divider/out_res_reg[30]_i_354__0_n_0
    SLICE_X3Y43          CARRY4 (Prop_carry4_CI_CO[1])
                                                      0.094    28.771 r  u_divider/out_res_reg[30]_i_353__0/CO[1]
                         net (fo=27, routed)          1.389    30.160    dut/core1/mem_wb/u_divider/out_res_reg[30]_i_344__0[0]
    SLICE_X4Y33          LUT3 (Prop_lut3_I0_O)        0.152    30.312 r  dut/core1/mem_wb/u_divider/out_res[30]_i_384__0/O
                         net (fo=1, routed)           0.000    30.312    dut_n_2174
    SLICE_X4Y33          CARRY4 (Prop_carry4_S[1]_CO[3])
                                                      0.310    30.622 r  u_divider/out_res_reg[30]_i_344__0/CO[3]
                         net (fo=1, routed)           0.000    30.622    u_divider/out_res_reg[30]_i_344__0_n_0
    SLICE_X4Y34          CARRY4 (Prop_carry4_CI_CO[3])
                                                      0.060    30.682 r  u_divider/out_res_reg[30]_i_339__0/CO[3]
                         net (fo=1, routed)           0.000    30.682    u_divider/out_res_reg[30]_i_339__0_n_0
    SLICE_X4Y35          CARRY4 (Prop_carry4_CI_CO[3])
                                                      0.060    30.742 r  u_divider/out_res_reg[30]_i_334__0/CO[3]
                         net (fo=1, routed)           0.000    30.742    u_divider/out_res_reg[30]_i_334__0_n_0
    SLICE_X4Y36          CARRY4 (Prop_carry4_CI_CO[3])
                                                      0.060    30.802 r  u_divider/out_res_reg[30]_i_329__0/CO[3]
                         net (fo=1, routed)           0.000    30.802    u_divider/out_res_reg[30]_i_329__0_n_0
    SLICE_X4Y37          CARRY4 (Prop_carry4_CI_CO[3])
                                                      0.060    30.862 r  u_divider/out_res_reg[30]_i_324__0/CO[3]
                         net (fo=1, routed)           0.000    30.862    u_divider/out_res_reg[30]_i_324__0_n_0
    SLICE_X4Y38          CARRY4 (Prop_carry4_CI_CO[3])
                                                      0.060    30.922 r  u_divider/out_res_reg[30]_i_321__0/CO[3]
                         net (fo=1, routed)           0.000    30.922    u_divider/out_res_reg[30]_i_321__0_n_0
    SLICE_X4Y39          CARRY4 (Prop_carry4_CI_CO[1])
                                                      0.093    31.015 r  u_divider/out_res_reg[30]_i_320__0/CO[1]
                         net (fo=27, routed)          1.261    32.276    dut/core1/mem_wb/u_divider/out_res_reg[30]_i_311__0[0]
    SLICE_X7Y32          LUT3 (Prop_lut3_I0_O)        0.153    32.429 r  dut/core1/mem_wb/u_divider/out_res[30]_i_351__0/O
                         net (fo=1, routed)           0.000    32.429    dut_n_2175
    SLICE_X7Y32          CARRY4 (Prop_carry4_S[1]_CO[3])
                                                      0.324    32.753 r  u_divider/out_res_reg[30]_i_311__0/CO[3]
                         net (fo=1, routed)           0.000    32.753    u_divider/out_res_reg[30]_i_311__0_n_0
    SLICE_X7Y33          CARRY4 (Prop_carry4_CI_CO[3])
                                                      0.058    32.811 r  u_divider/out_res_reg[30]_i_306__0/CO[3]
                         net (fo=1, routed)           0.000    32.811    u_divider/out_res_reg[30]_i_306__0_n_0
    SLICE_X7Y34          CARRY4 (Prop_carry4_CI_CO[3])
                                                      0.058    32.869 r  u_divider/out_res_reg[30]_i_301__0/CO[3]
                         net (fo=1, routed)           0.000    32.869    u_divider/out_res_reg[30]_i_301__0_n_0
    SLICE_X7Y35          CARRY4 (Prop_carry4_CI_CO[3])
                                                      0.058    32.927 r  u_divider/out_res_reg[30]_i_296__0/CO[3]
                         net (fo=1, routed)           0.000    32.927    u_divider/out_res_reg[30]_i_296__0_n_0
    SLICE_X7Y36          CARRY4 (Prop_carry4_CI_CO[3])
                                                      0.058    32.985 r  u_divider/out_res_reg[30]_i_291__0/CO[3]
                         net (fo=1, routed)           0.000    32.985    u_divider/out_res_reg[30]_i_291__0_n_0
    SLICE_X7Y37          CARRY4 (Prop_carry4_CI_CO[3])
                                                      0.058    33.043 r  u_divider/out_res_reg[30]_i_288__0/CO[3]
                         net (fo=1, routed)           0.000    33.043    u_divider/out_res_reg[30]_i_288__0_n_0
    SLICE_X7Y38          CARRY4 (Prop_carry4_CI_CO[1])
                                                      0.094    33.137 r  u_divider/out_res_reg[30]_i_287__0/CO[1]
                         net (fo=27, routed)          1.425    34.562    dut/core1/mem_wb/u_divider/out_res_reg[30]_i_278__0[0]
    SLICE_X11Y32         LUT3 (Prop_lut3_I0_O)        0.152    34.714 r  dut/core1/mem_wb/u_divider/out_res[30]_i_318__0/O
                         net (fo=1, routed)           0.000    34.714    dut_n_2176
    SLICE_X11Y32         CARRY4 (Prop_carry4_S[1]_CO[3])
                                                      0.324    35.038 r  u_divider/out_res_reg[30]_i_278__0/CO[3]
                         net (fo=1, routed)           0.000    35.038    u_divider/out_res_reg[30]_i_278__0_n_0
    SLICE_X11Y33         CARRY4 (Prop_carry4_CI_CO[3])
                                                      0.058    35.096 r  u_divider/out_res_reg[30]_i_273__0/CO[3]
                         net (fo=1, routed)           0.000    35.096    u_divider/out_res_reg[30]_i_273__0_n_0
    SLICE_X11Y34         CARRY4 (Prop_carry4_CI_CO[3])
                                                      0.058    35.154 r  u_divider/out_res_reg[30]_i_268__0/CO[3]
                         net (fo=1, routed)           0.000    35.154    u_divider/out_res_reg[30]_i_268__0_n_0
    SLICE_X11Y35         CARRY4 (Prop_carry4_CI_CO[3])
                                                      0.058    35.212 r  u_divider/out_res_reg[30]_i_263__0/CO[3]
                         net (fo=1, routed)           0.000    35.212    u_divider/out_res_reg[30]_i_263__0_n_0
    SLICE_X11Y36         CARRY4 (Prop_carry4_CI_CO[3])
                                                      0.058    35.270 r  u_divider/out_res_reg[30]_i_258__0/CO[3]
                         net (fo=1, routed)           0.000    35.270    u_divider/out_res_reg[30]_i_258__0_n_0
    SLICE_X11Y37         CARRY4 (Prop_carry4_CI_CO[3])
                                                      0.058    35.328 r  u_divider/out_res_reg[30]_i_255__0/CO[3]
                         net (fo=1, routed)           0.000    35.328    u_divider/out_res_reg[30]_i_255__0_n_0
    SLICE_X11Y38         CARRY4 (Prop_carry4_CI_CO[1])
                                                      0.094    35.422 r  u_divider/out_res_reg[30]_i_254__0/CO[1]
                         net (fo=27, routed)          1.201    36.623    u_divider/out_res_reg[30]_i_254__0_n_2
    SLICE_X15Y32         LUT3 (Prop_lut3_I0_O)        0.152    36.775 r  u_divider/out_res[30]_i_284__0/O
                         net (fo=1, routed)           0.000    36.775    u_divider/out_res[30]_i_284__0_n_0
    SLICE_X15Y32         CARRY4 (Prop_carry4_S[2]_CO[3])
                                                      0.235    37.010 r  u_divider/out_res_reg[30]_i_245__0/CO[3]
                         net (fo=1, routed)           0.000    37.010    u_divider/out_res_reg[30]_i_245__0_n_0
    SLICE_X15Y33         CARRY4 (Prop_carry4_CI_CO[3])
                                                      0.058    37.068 r  u_divider/out_res_reg[30]_i_240__0/CO[3]
                         net (fo=1, routed)           0.000    37.068    u_divider/out_res_reg[30]_i_240__0_n_0
    SLICE_X15Y34         CARRY4 (Prop_carry4_CI_CO[3])
                                                      0.058    37.126 r  u_divider/out_res_reg[30]_i_235__0/CO[3]
                         net (fo=1, routed)           0.000    37.126    u_divider/out_res_reg[30]_i_235__0_n_0
    SLICE_X15Y35         CARRY4 (Prop_carry4_CI_CO[3])
                                                      0.058    37.184 r  u_divider/out_res_reg[30]_i_230__0/CO[3]
                         net (fo=1, routed)           0.000    37.184    u_divider/out_res_reg[30]_i_230__0_n_0
    SLICE_X15Y36         CARRY4 (Prop_carry4_CI_CO[3])
                                                      0.058    37.242 r  u_divider/out_res_reg[30]_i_225__0/CO[3]
                         net (fo=1, routed)           0.000    37.242    u_divider/out_res_reg[30]_i_225__0_n_0
    SLICE_X15Y37         CARRY4 (Prop_carry4_CI_CO[3])
                                                      0.058    37.300 r  u_divider/out_res_reg[30]_i_222__0/CO[3]
                         net (fo=1, routed)           0.000    37.300    u_divider/out_res_reg[30]_i_222__0_n_0
    SLICE_X15Y38         CARRY4 (Prop_carry4_CI_CO[1])
                                                      0.094    37.394 r  u_divider/out_res_reg[30]_i_221__0/CO[1]
                         net (fo=27, routed)          1.155    38.548    u_divider/out_res_reg[30]_i_221__0_n_2
    SLICE_X15Y42         LUT3 (Prop_lut3_I0_O)        0.152    38.700 r  u_divider/out_res[30]_i_237__0/O
                         net (fo=1, routed)           0.000    38.700    u_divider/out_res[30]_i_237__0_n_0
    SLICE_X15Y42         CARRY4 (Prop_carry4_S[2]_CO[3])
                                                      0.235    38.935 r  u_divider/out_res_reg[30]_i_197__0/CO[3]
                         net (fo=1, routed)           0.000    38.935    u_divider/out_res_reg[30]_i_197__0_n_0
    SLICE_X15Y43         CARRY4 (Prop_carry4_CI_CO[3])
                                                      0.058    38.993 r  u_divider/out_res_reg[30]_i_192__0/CO[3]
                         net (fo=1, routed)           0.000    38.993    u_divider/out_res_reg[30]_i_192__0_n_0
    SLICE_X15Y44         CARRY4 (Prop_carry4_CI_CO[3])
                                                      0.058    39.051 r  u_divider/out_res_reg[30]_i_189__0/CO[3]
                         net (fo=1, routed)           0.000    39.051    u_divider/out_res_reg[30]_i_189__0_n_0
    SLICE_X15Y45         CARRY4 (Prop_carry4_CI_CO[1])
                                                      0.094    39.145 r  u_divider/out_res_reg[30]_i_188__0/CO[1]
                         net (fo=27, routed)          1.816    40.961    u_divider/out_res_reg[30]_i_188__0_n_2
    SLICE_X11Y39         LUT3 (Prop_lut3_I0_O)        0.152    41.113 r  u_divider/out_res[30]_i_218__0/O
                         net (fo=1, routed)           0.000    41.113    u_divider/out_res[30]_i_218__0_n_0
    SLICE_X11Y39         CARRY4 (Prop_carry4_S[2]_CO[3])
                                                      0.235    41.348 r  u_divider/out_res_reg[30]_i_179__0/CO[3]
                         net (fo=1, routed)           0.000    41.348    u_divider/out_res_reg[30]_i_179__0_n_0
    SLICE_X11Y40         CARRY4 (Prop_carry4_CI_CO[3])
                                                      0.058    41.406 r  u_divider/out_res_reg[30]_i_174__0/CO[3]
                         net (fo=1, routed)           0.000    41.406    u_divider/out_res_reg[30]_i_174__0_n_0
    SLICE_X11Y41         CARRY4 (Prop_carry4_CI_CO[3])
                                                      0.058    41.464 r  u_divider/out_res_reg[30]_i_169__0/CO[3]
                         net (fo=1, routed)           0.000    41.464    u_divider/out_res_reg[30]_i_169__0_n_0
    SLICE_X11Y42         CARRY4 (Prop_carry4_CI_CO[3])
                                                      0.058    41.522 r  u_divider/out_res_reg[30]_i_164__0/CO[3]
                         net (fo=1, routed)           0.000    41.522    u_divider/out_res_reg[30]_i_164__0_n_0
    SLICE_X11Y43         CARRY4 (Prop_carry4_CI_CO[3])
                                                      0.058    41.580 r  u_divider/out_res_reg[30]_i_159__0/CO[3]
                         net (fo=1, routed)           0.000    41.580    u_divider/out_res_reg[30]_i_159__0_n_0
    SLICE_X11Y44         CARRY4 (Prop_carry4_CI_CO[3])
                                                      0.058    41.638 r  u_divider/out_res_reg[30]_i_156__0/CO[3]
                         net (fo=1, routed)           0.000    41.638    u_divider/out_res_reg[30]_i_156__0_n_0
    SLICE_X11Y45         CARRY4 (Prop_carry4_CI_CO[1])
                                                      0.094    41.732 r  u_divider/out_res_reg[30]_i_155__0/CO[1]
                         net (fo=27, routed)          1.479    43.211    u_divider/out_res_reg[30]_i_155__0_n_2
    SLICE_X9Y39          LUT3 (Prop_lut3_I0_O)        0.152    43.363 r  u_divider/out_res[30]_i_185__0/O
                         net (fo=1, routed)           0.000    43.363    u_divider/out_res[30]_i_185__0_n_0
    SLICE_X9Y39          CARRY4 (Prop_carry4_S[2]_CO[3])
                                                      0.235    43.598 r  u_divider/out_res_reg[30]_i_146__0/CO[3]
                         net (fo=1, routed)           0.000    43.598    u_divider/out_res_reg[30]_i_146__0_n_0
    SLICE_X9Y40          CARRY4 (Prop_carry4_CI_CO[3])
                                                      0.058    43.656 r  u_divider/out_res_reg[30]_i_141__0/CO[3]
                         net (fo=1, routed)           0.000    43.656    u_divider/out_res_reg[30]_i_141__0_n_0
    SLICE_X9Y41          CARRY4 (Prop_carry4_CI_CO[3])
                                                      0.058    43.714 r  u_divider/out_res_reg[30]_i_136__0/CO[3]
                         net (fo=1, routed)           0.000    43.714    u_divider/out_res_reg[30]_i_136__0_n_0
    SLICE_X9Y42          CARRY4 (Prop_carry4_CI_CO[3])
                                                      0.058    43.772 r  u_divider/out_res_reg[30]_i_131__0/CO[3]
                         net (fo=1, routed)           0.000    43.772    u_divider/out_res_reg[30]_i_131__0_n_0
    SLICE_X9Y43          CARRY4 (Prop_carry4_CI_CO[3])
                                                      0.058    43.830 r  u_divider/out_res_reg[30]_i_126__0/CO[3]
                         net (fo=1, routed)           0.000    43.830    u_divider/out_res_reg[30]_i_126__0_n_0
    SLICE_X9Y44          CARRY4 (Prop_carry4_CI_CO[3])
                                                      0.058    43.888 r  u_divider/out_res_reg[30]_i_123__0/CO[3]
                         net (fo=1, routed)           0.000    43.888    u_divider/out_res_reg[30]_i_123__0_n_0
    SLICE_X9Y45          CARRY4 (Prop_carry4_CI_CO[1])
                                                      0.094    43.982 r  u_divider/out_res_reg[30]_i_122__0/CO[1]
                         net (fo=27, routed)          1.441    45.424    u_divider/out_res_reg[30]_i_122__0_n_2
    SLICE_X13Y52         LUT2 (Prop_lut2_I0_O)        0.152    45.576 r  u_divider/out_res[30]_i_124__0/O
                         net (fo=1, routed)           0.000    45.576    u_divider/out_res[30]_i_124__0_n_0
    SLICE_X13Y52         CARRY4 (Prop_carry4_S[1]_CO[1])
                                                      0.302    45.878 r  u_divider/out_res_reg[30]_i_92__0/CO[1]
                         net (fo=27, routed)          1.310    47.187    dut/core1/mem_wb/u_divider/i__carry_i_124__0[0]
    SLICE_X13Y39         LUT3 (Prop_lut3_I0_O)        0.152    47.339 r  dut/core1/mem_wb/u_divider/i__carry_i_149__0/O
                         net (fo=1, routed)           0.000    47.339    dut_n_2182
    SLICE_X13Y39         CARRY4 (Prop_carry4_S[1]_CO[3])
                                                      0.324    47.663 r  u_divider/i__carry_i_124__0/CO[3]
                         net (fo=1, routed)           0.000    47.663    u_divider/i__carry_i_124__0_n_0
    SLICE_X13Y40         CARRY4 (Prop_carry4_CI_CO[3])
                                                      0.058    47.721 r  u_divider/out_res_reg[30]_i_86__0/CO[3]
                         net (fo=1, routed)           0.000    47.721    u_divider/out_res_reg[30]_i_86__0_n_0
    SLICE_X13Y41         CARRY4 (Prop_carry4_CI_CO[3])
                                                      0.058    47.779 r  u_divider/out_res_reg[30]_i_81__0/CO[3]
                         net (fo=1, routed)           0.000    47.779    u_divider/out_res_reg[30]_i_81__0_n_0
    SLICE_X13Y42         CARRY4 (Prop_carry4_CI_CO[3])
                                                      0.058    47.837 r  u_divider/out_res_reg[30]_i_76__0/CO[3]
                         net (fo=1, routed)           0.000    47.837    u_divider/out_res_reg[30]_i_76__0_n_0
    SLICE_X13Y43         CARRY4 (Prop_carry4_CI_CO[3])
                                                      0.058    47.895 r  u_divider/out_res_reg[30]_i_71__0/CO[3]
                         net (fo=1, routed)           0.000    47.895    u_divider/out_res_reg[30]_i_71__0_n_0
    SLICE_X13Y44         CARRY4 (Prop_carry4_CI_CO[3])
                                                      0.058    47.953 r  u_divider/out_res_reg[30]_i_68__0/CO[3]
                         net (fo=1, routed)           0.000    47.953    u_divider/out_res_reg[30]_i_68__0_n_0
    SLICE_X13Y45         CARRY4 (Prop_carry4_CI_CO[1])
                                                      0.094    48.047 r  u_divider/out_res_reg[30]_i_67__0/CO[1]
                         net (fo=27, routed)          1.406    49.453    u_divider/out_res_reg[30]_i_67__0_n_2
    SLICE_X19Y39         LUT3 (Prop_lut3_I0_O)        0.152    49.605 r  u_divider/i__carry_i_145__0/O
                         net (fo=1, routed)           0.000    49.605    u_divider/i__carry_i_145__0_n_0
    SLICE_X19Y39         CARRY4 (Prop_carry4_S[2]_CO[3])
                                                      0.235    49.840 r  u_divider/i__carry_i_119__0/CO[3]
                         net (fo=1, routed)           0.000    49.840    u_divider/i__carry_i_119__0_n_0
    SLICE_X19Y40         CARRY4 (Prop_carry4_CI_CO[3])
                                                      0.058    49.898 r  u_divider/i__carry_i_93__0/CO[3]
                         net (fo=1, routed)           0.000    49.898    u_divider/i__carry_i_93__0_n_0
    SLICE_X19Y41         CARRY4 (Prop_carry4_CI_CO[3])
                                                      0.058    49.956 r  u_divider/out_res_reg[30]_i_61__0/CO[3]
                         net (fo=1, routed)           0.000    49.956    u_divider/out_res_reg[30]_i_61__0_n_0
    SLICE_X19Y42         CARRY4 (Prop_carry4_CI_CO[3])
                                                      0.058    50.014 r  u_divider/out_res_reg[30]_i_56__0/CO[3]
                         net (fo=1, routed)           0.000    50.014    u_divider/out_res_reg[30]_i_56__0_n_0
    SLICE_X19Y43         CARRY4 (Prop_carry4_CI_CO[3])
                                                      0.058    50.072 r  u_divider/out_res_reg[30]_i_51__0/CO[3]
                         net (fo=1, routed)           0.000    50.072    u_divider/out_res_reg[30]_i_51__0_n_0
    SLICE_X19Y44         CARRY4 (Prop_carry4_CI_CO[3])
                                                      0.058    50.130 r  u_divider/out_res_reg[30]_i_48__0/CO[3]
                         net (fo=1, routed)           0.000    50.130    u_divider/out_res_reg[30]_i_48__0_n_0
    SLICE_X19Y45         CARRY4 (Prop_carry4_CI_CO[1])
                                                      0.094    50.224 r  u_divider/out_res_reg[30]_i_47__0/CO[1]
                         net (fo=27, routed)          1.431    51.655    u_divider/out_res_reg[30]_i_47__0_n_2
    SLICE_X17Y39         LUT3 (Prop_lut3_I0_O)        0.152    51.807 r  u_divider/i__carry_i_141__0/O
                         net (fo=1, routed)           0.000    51.807    u_divider/i__carry_i_141__0_n_0
    SLICE_X17Y39         CARRY4 (Prop_carry4_S[3]_CO[3])
                                                      0.233    52.040 r  u_divider/i__carry_i_114__0/CO[3]
                         net (fo=1, routed)           0.000    52.040    u_divider/i__carry_i_114__0_n_0
    SLICE_X17Y40         CARRY4 (Prop_carry4_CI_CO[3])
                                                      0.058    52.098 r  u_divider/i__carry_i_88__0/CO[3]
                         net (fo=1, routed)           0.000    52.098    u_divider/i__carry_i_88__0_n_0
    SLICE_X17Y41         CARRY4 (Prop_carry4_CI_CO[3])
                                                      0.058    52.156 r  u_divider/i__carry_i_67__0/CO[3]
                         net (fo=1, routed)           0.000    52.156    u_divider/i__carry_i_67__0_n_0
    SLICE_X17Y42         CARRY4 (Prop_carry4_CI_CO[3])
                                                      0.058    52.214 r  u_divider/out_res_reg[30]_i_41__0/CO[3]
                         net (fo=1, routed)           0.000    52.214    u_divider/out_res_reg[30]_i_41__0_n_0
    SLICE_X17Y43         CARRY4 (Prop_carry4_CI_CO[3])
                                                      0.058    52.272 r  u_divider/out_res_reg[30]_i_36__0/CO[3]
                         net (fo=1, routed)           0.000    52.272    u_divider/out_res_reg[30]_i_36__0_n_0
    SLICE_X17Y44         CARRY4 (Prop_carry4_CI_CO[3])
                                                      0.058    52.330 r  u_divider/out_res_reg[30]_i_33__0/CO[3]
                         net (fo=1, routed)           0.000    52.330    u_divider/out_res_reg[30]_i_33__0_n_0
    SLICE_X17Y45         CARRY4 (Prop_carry4_CI_CO[1])
                                                      0.094    52.424 r  u_divider/out_res_reg[30]_i_32__0/CO[1]
                         net (fo=27, routed)          1.557    53.981    u_divider/out_res_reg[30]_i_32__0_n_2
    SLICE_X17Y49         LUT3 (Prop_lut3_I0_O)        0.152    54.133 r  u_divider/i__carry_i_71__0/O
                         net (fo=1, routed)           0.000    54.133    u_divider/i__carry_i_71__0_n_0
    SLICE_X17Y49         CARRY4 (Prop_carry4_S[0]_CO[3])
                                                      0.313    54.446 r  u_divider/i__carry_i_46__0/CO[3]
                         net (fo=1, routed)           0.001    54.447    u_divider/i__carry_i_46__0_n_0
    SLICE_X17Y50         CARRY4 (Prop_carry4_CI_CO[3])
                                                      0.058    54.505 r  u_divider/out_res_reg[30]_i_26__0/CO[3]
                         net (fo=1, routed)           0.000    54.505    u_divider/out_res_reg[30]_i_26__0_n_0
    SLICE_X17Y51         CARRY4 (Prop_carry4_CI_CO[3])
                                                      0.058    54.563 r  u_divider/out_res_reg[30]_i_23__0/CO[3]
                         net (fo=1, routed)           0.000    54.563    u_divider/out_res_reg[30]_i_23__0_n_0
    SLICE_X17Y52         CARRY4 (Prop_carry4_CI_CO[1])
                                                      0.094    54.657 r  u_divider/out_res_reg[30]_i_22__0/CO[1]
                         net (fo=27, routed)          1.116    55.773    dut/core1/mem_wb/u_divider/i__carry_i_104__0[0]
    SLICE_X19Y46         LUT3 (Prop_lut3_I0_O)        0.152    55.925 r  dut/core1/mem_wb/u_divider/i__carry_i_137__0/O
                         net (fo=1, routed)           0.000    55.925    dut_n_2186
    SLICE_X19Y46         CARRY4 (Prop_carry4_S[1]_CO[3])
                                                      0.324    56.249 r  u_divider/i__carry_i_104__0/CO[3]
                         net (fo=1, routed)           0.000    56.249    u_divider/i__carry_i_104__0_n_0
    SLICE_X19Y47         CARRY4 (Prop_carry4_CI_CO[3])
                                                      0.058    56.307 r  u_divider/i__carry_i_78__0/CO[3]
                         net (fo=1, routed)           0.000    56.307    u_divider/i__carry_i_78__0_n_0
    SLICE_X19Y48         CARRY4 (Prop_carry4_CI_CO[3])
                                                      0.058    56.365 r  u_divider/i__carry_i_57__0/CO[3]
                         net (fo=1, routed)           0.000    56.365    u_divider/i__carry_i_57__0_n_0
    SLICE_X19Y49         CARRY4 (Prop_carry4_CI_CO[3])
                                                      0.058    56.423 r  u_divider/i__carry_i_41__0/CO[3]
                         net (fo=1, routed)           0.001    56.424    u_divider/i__carry_i_41__0_n_0
    SLICE_X19Y50         CARRY4 (Prop_carry4_CI_CO[3])
                                                      0.058    56.482 r  u_divider/i__carry_i_30__0/CO[3]
                         net (fo=1, routed)           0.000    56.482    u_divider/i__carry_i_30__0_n_0
    SLICE_X19Y51         CARRY4 (Prop_carry4_CI_CO[3])
                                                      0.058    56.540 r  u_divider/out_res_reg[30]_i_15__0/CO[3]
                         net (fo=1, routed)           0.000    56.540    u_divider/out_res_reg[30]_i_15__0_n_0
    SLICE_X19Y52         CARRY4 (Prop_carry4_CI_CO[1])
                                                      0.094    56.634 r  u_divider/out_res_reg[30]_i_14__0/CO[1]
                         net (fo=27, routed)          1.191    57.825    dut/core1/mem_wb/u_divider/i__carry_i_99__0[0]
    SLICE_X21Y46         LUT3 (Prop_lut3_I0_O)        0.152    57.977 r  dut/core1/mem_wb/u_divider/i__carry_i_134__0/O
                         net (fo=1, routed)           0.000    57.977    dut_n_2187
    SLICE_X21Y46         CARRY4 (Prop_carry4_S[1]_CO[3])
                                                      0.324    58.301 r  u_divider/i__carry_i_99__0/CO[3]
                         net (fo=1, routed)           0.000    58.301    u_divider/i__carry_i_99__0_n_0
    SLICE_X21Y47         CARRY4 (Prop_carry4_CI_CO[3])
                                                      0.058    58.359 r  u_divider/i__carry_i_73__0/CO[3]
                         net (fo=1, routed)           0.000    58.359    u_divider/i__carry_i_73__0_n_0
    SLICE_X21Y48         CARRY4 (Prop_carry4_CI_CO[3])
                                                      0.058    58.417 r  u_divider/i__carry_i_52__0/CO[3]
                         net (fo=1, routed)           0.000    58.417    u_divider/i__carry_i_52__0_n_0
    SLICE_X21Y49         CARRY4 (Prop_carry4_CI_CO[3])
                                                      0.058    58.475 r  u_divider/i__carry_i_36__0/CO[3]
                         net (fo=1, routed)           0.001    58.476    u_divider/i__carry_i_36__0_n_0
    SLICE_X21Y50         CARRY4 (Prop_carry4_CI_CO[3])
                                                      0.058    58.534 r  u_divider/i__carry_i_25__0/CO[3]
                         net (fo=1, routed)           0.000    58.534    u_divider/i__carry_i_25__0_n_0
    SLICE_X21Y51         CARRY4 (Prop_carry4_CI_CO[3])
                                                      0.058    58.592 r  u_divider/i__carry_i_15__0/CO[3]
                         net (fo=1, routed)           0.000    58.592    u_divider/i__carry_i_15__0_n_0
    SLICE_X21Y52         CARRY4 (Prop_carry4_CI_CO[1])
                                                      0.094    58.686 r  u_divider/out_res_reg[30]_i_8__0/CO[1]
                         net (fo=70, routed)          1.150    59.835    u_divider/out_res_reg[30]_i_8__0_n_2
    SLICE_X21Y58         LUT3 (Prop_lut3_I0_O)        0.152    59.987 r  u_divider/i__carry_i_28__0/O
                         net (fo=1, routed)           0.000    59.987    u_divider/i__carry_i_28__0_n_0
    SLICE_X21Y58         CARRY4 (Prop_carry4_S[1]_CO[3])
                                                      0.324    60.311 r  u_divider/i__carry_i_14__0/CO[3]
                         net (fo=1, routed)           0.000    60.311    u_divider/i__carry_i_14__0_n_0
    SLICE_X21Y59         CARRY4 (Prop_carry4_CI_CO[1])
                                                      0.094    60.405 r  u_divider/i__carry_i_11__0/CO[1]
                         net (fo=39, routed)          1.221    61.627    dut/core1/mem_wb/u_divider/out_res_reg[21]_i_35__0[0]
    SLICE_X20Y53         LUT2 (Prop_lut2_I1_O)        0.152    61.779 r  dut/core1/mem_wb/u_divider/out_res[21]_i_44__0/O
                         net (fo=1, routed)           0.000    61.779    dut_n_2255
    SLICE_X20Y53         CARRY4 (Prop_carry4_S[1]_CO[3])
                                                      0.310    62.089 r  u_divider/out_res_reg[21]_i_35__0/CO[3]
                         net (fo=1, routed)           0.000    62.089    u_divider/out_res_reg[21]_i_35__0_n_0
    SLICE_X20Y54         CARRY4 (Prop_carry4_CI_CO[3])
                                                      0.060    62.149 r  u_divider/out_res_reg[21]_i_29__0/CO[3]
                         net (fo=1, routed)           0.000    62.149    u_divider/out_res_reg[21]_i_29__0_n_0
    SLICE_X20Y55         CARRY4 (Prop_carry4_CI_CO[3])
                                                      0.060    62.209 r  u_divider/out_res_reg[21]_i_23__0/CO[3]
                         net (fo=1, routed)           0.000    62.209    u_divider/out_res_reg[21]_i_23__0_n_0
    SLICE_X20Y56         CARRY4 (Prop_carry4_CI_CO[3])
                                                      0.060    62.269 r  u_divider/out_res_reg[21]_i_17__0/CO[3]
                         net (fo=1, routed)           0.000    62.269    u_divider/out_res_reg[21]_i_17__0_n_0
    SLICE_X20Y57         CARRY4 (Prop_carry4_CI_CO[3])
                                                      0.060    62.329 r  u_divider/out_res_reg[21]_i_11__0/CO[3]
                         net (fo=1, routed)           0.000    62.329    u_divider/out_res_reg[21]_i_11__0_n_0
    SLICE_X20Y58         CARRY4 (Prop_carry4_CI_CO[3])
                                                      0.060    62.389 r  u_divider/out_res_reg[21]_i_7__0/CO[3]
                         net (fo=1, routed)           0.000    62.389    u_divider/out_res_reg[21]_i_7__0_n_0
    SLICE_X20Y59         CARRY4 (Prop_carry4_CI_CO[1])
                                                      0.093    62.482 r  u_divider/out_res_reg[21]_i_5__0/CO[1]
                         net (fo=32, routed)          1.546    64.028    dut/core1/execute_unit/u_fpu/u_divider/out_res_reg[21]_0[0]
    SLICE_X27Y55         LUT5 (Prop_lut5_I0_O)        0.153    64.181 r  dut/core1/execute_unit/u_fpu/u_divider/i__carry_i_18__10/O
                         net (fo=3, routed)           0.684    64.865    dut/core1/execute_unit/u_fpu/u_divider/i__carry_i_18__10_n_0
    SLICE_X27Y54         LUT6 (Prop_lut6_I0_O)        0.053    64.918 r  dut/core1/execute_unit/u_fpu/u_divider/i__carry_i_13__25/O
                         net (fo=33, routed)          0.699    65.617    dut/core1/execute_unit/u_fpu/u_divider/i__carry_i_13__25_n_0
    SLICE_X31Y53         LUT4 (Prop_lut4_I3_O)        0.053    65.670 r  dut/core1/execute_unit/u_fpu/u_divider/i__carry_i_8__49/O
                         net (fo=1, routed)           0.000    65.670    dut/core1/execute_unit/u_fpu/u_divider/i__carry_i_8__49_n_0
    SLICE_X31Y53         CARRY4 (Prop_carry4_S[0]_CO[3])
                                                      0.313    65.983 r  dut/core1/execute_unit/u_fpu/u_divider/exp_norm0_inferred__0/i__carry/CO[3]
                         net (fo=1, routed)           0.000    65.983    dut/core1/execute_unit/u_fpu/u_divider/exp_norm0_inferred__0/i__carry_n_0
    SLICE_X31Y54         CARRY4 (Prop_carry4_CI_O[0])
                                                      0.139    66.122 f  dut/core1/execute_unit/u_fpu/u_divider/exp_norm0_inferred__0/i__carry__0/O[0]
                         net (fo=3, routed)           0.565    66.687    dut/core1/execute_unit/u_fpu/u_divider/exp_norm[4]
    SLICE_X29Y54         LUT6 (Prop_lut6_I4_O)        0.155    66.842 f  dut/core1/execute_unit/u_fpu/u_divider/i__carry_i_12__31/O
                         net (fo=1, routed)           0.414    67.256    dut/core1/execute_unit/u_fpu/u_divider/i__carry_i_12__31_n_0
    SLICE_X29Y55         LUT6 (Prop_lut6_I1_O)        0.053    67.309 r  dut/core1/execute_unit/u_fpu/u_divider/i__carry_i_11__31/O
                         net (fo=4, routed)           0.479    67.788    dut/core1/execute_unit/u_fpu/u_divider/i__carry_i_11__31_n_0
    SLICE_X28Y57         LUT6 (Prop_lut6_I5_O)        0.053    67.841 r  dut/core1/execute_unit/u_fpu/u_divider/i__carry_i_5__48/O
                         net (fo=32, routed)          0.667    68.508    dut/core1/execute_unit/u_fpu/u_divider/i__carry_i_5__48_n_0
    SLICE_X28Y54         LUT2 (Prop_lut2_I1_O)        0.053    68.561 r  dut/core1/execute_unit/u_fpu/u_divider/i__carry_i_4__29/O
                         net (fo=1, routed)           0.000    68.561    dut/core1/execute_unit/u_fpu/u_divider/i__carry_i_4__29_n_0
    SLICE_X28Y54         CARRY4 (Prop_carry4_S[0]_CO[3])
                                                      0.313    68.874 r  dut/core1/execute_unit/u_fpu/u_divider/exp_norm0_inferred__1/i__carry/CO[3]
                         net (fo=1, routed)           0.000    68.874    dut/core1/execute_unit/u_fpu/u_divider/exp_norm0_inferred__1/i__carry_n_0
    SLICE_X28Y55         CARRY4 (Prop_carry4_CI_O[1])
                                                      0.213    69.087 f  dut/core1/execute_unit/u_fpu/u_divider/exp_norm0_inferred__1/i__carry__0/O[1]
                         net (fo=3, routed)           0.603    69.689    dut/core1/execute_unit/u_fpu/u_divider/exp_norm0_inferred__1/i__carry__0_n_6
    SLICE_X29Y55         LUT6 (Prop_lut6_I0_O)        0.152    69.841 f  dut/core1/execute_unit/u_fpu/u_divider/i__carry_i_8__43/O
                         net (fo=1, routed)           0.804    70.646    dut/core1/execute_unit/u_fpu/u_divider/i__carry_i_8__43_n_0
    SLICE_X28Y57         LUT6 (Prop_lut6_I1_O)        0.053    70.699 r  dut/core1/execute_unit/u_fpu/u_divider/i__carry_i_7__43/O
                         net (fo=2, routed)           0.325    71.023    dut/core1/execute_unit/u_fpu/u_divider/i__carry_i_7__43_n_0
    SLICE_X28Y57         LUT6 (Prop_lut6_I5_O)        0.053    71.076 r  dut/core1/execute_unit/u_fpu/u_divider/i__carry_i_5__47/O
                         net (fo=30, routed)          0.303    71.379    dut/core1/execute_unit/u_fpu/u_divider/i__carry_i_5__47_n_0
    SLICE_X29Y56         LUT2 (Prop_lut2_I1_O)        0.053    71.432 r  dut/core1/execute_unit/u_fpu/u_divider/i__carry_i_4__30/O
                         net (fo=1, routed)           0.000    71.432    dut/core1/execute_unit/u_fpu/u_divider/i__carry_i_4__30_n_0
    SLICE_X29Y56         CARRY4 (Prop_carry4_S[0]_CO[3])
                                                      0.313    71.745 r  dut/core1/execute_unit/u_fpu/u_divider/exp_norm0_inferred__2/i__carry/CO[3]
                         net (fo=1, routed)           0.000    71.745    dut/core1/execute_unit/u_fpu/u_divider/exp_norm0_inferred__2/i__carry_n_0
    SLICE_X29Y57         CARRY4 (Prop_carry4_CI_O[0])
                                                      0.139    71.884 f  dut/core1/execute_unit/u_fpu/u_divider/exp_norm0_inferred__2/i__carry__0/O[0]
                         net (fo=3, routed)           0.577    72.461    dut/core1/execute_unit/u_fpu/u_divider/exp_norm0_inferred__2/i__carry__0_n_7
    SLICE_X25Y57         LUT6 (Prop_lut6_I4_O)        0.155    72.616 f  dut/core1/execute_unit/u_fpu/u_divider/i__carry_i_12__32/O
                         net (fo=1, routed)           0.407    73.023    dut/core1/execute_unit/u_fpu/u_divider/i__carry_i_12__32_n_0
    SLICE_X25Y58         LUT6 (Prop_lut6_I1_O)        0.053    73.076 r  dut/core1/execute_unit/u_fpu/u_divider/i__carry_i_9__28/O
                         net (fo=3, routed)           0.659    73.735    dut/core1/execute_unit/u_fpu/u_divider/i__carry_i_9__28_n_0
    SLICE_X27Y57         LUT6 (Prop_lut6_I5_O)        0.053    73.788 r  dut/core1/execute_unit/u_fpu/u_divider/i__carry_i_5__46/O
                         net (fo=28, routed)          0.424    74.212    dut/core1/execute_unit/u_fpu/u_divider/i__carry_i_5__46_n_0
    SLICE_X24Y57         LUT2 (Prop_lut2_I1_O)        0.053    74.265 r  dut/core1/execute_unit/u_fpu/u_divider/i__carry_i_4__31/O
                         net (fo=1, routed)           0.000    74.265    dut/core1/execute_unit/u_fpu/u_divider/i__carry_i_4__31_n_0
    SLICE_X24Y57         CARRY4 (Prop_carry4_S[0]_CO[3])
                                                      0.313    74.578 r  dut/core1/execute_unit/u_fpu/u_divider/exp_norm0_inferred__3/i__carry/CO[3]
                         net (fo=1, routed)           0.000    74.578    dut/core1/execute_unit/u_fpu/u_divider/exp_norm0_inferred__3/i__carry_n_0
    SLICE_X24Y58         CARRY4 (Prop_carry4_CI_O[3])
                                                      0.179    74.757 f  dut/core1/execute_unit/u_fpu/u_divider/exp_norm0_inferred__3/i__carry__0/O[3]
                         net (fo=3, routed)           0.681    75.438    dut/core1/execute_unit/u_fpu/u_divider/exp_norm0_inferred__3/i__carry__0_n_4
    SLICE_X25Y59         LUT6 (Prop_lut6_I2_O)        0.142    75.580 f  dut/core1/execute_unit/u_fpu/u_divider/i__carry_i_11__32/O
                         net (fo=1, routed)           0.457    76.037    dut/core1/execute_unit/u_fpu/u_divider/i__carry_i_11__32_n_0
    SLICE_X25Y59         LUT6 (Prop_lut6_I1_O)        0.053    76.090 r  dut/core1/execute_unit/u_fpu/u_divider/i__carry_i_9__29/O
                         net (fo=1, routed)           0.128    76.218    dut/core1/execute_unit/u_fpu/u_divider/i__carry_i_9__29_n_0
    SLICE_X25Y59         LUT6 (Prop_lut6_I5_O)        0.053    76.271 r  dut/core1/execute_unit/u_fpu/u_divider/i__carry_i_5__45/O
                         net (fo=29, routed)          0.724    76.996    dut/core1/execute_unit/u_fpu/u_divider/i__carry_i_5__45_n_0
    SLICE_X23Y59         LUT2 (Prop_lut2_I1_O)        0.053    77.049 r  dut/core1/execute_unit/u_fpu/u_divider/i__carry_i_4__32/O
                         net (fo=1, routed)           0.000    77.049    dut/core1/execute_unit/u_fpu/u_divider/i__carry_i_4__32_n_0
    SLICE_X23Y59         CARRY4 (Prop_carry4_S[0]_CO[3])
                                                      0.313    77.362 r  dut/core1/execute_unit/u_fpu/u_divider/exp_norm0_inferred__4/i__carry/CO[3]
                         net (fo=1, routed)           0.000    77.362    dut/core1/execute_unit/u_fpu/u_divider/exp_norm0_inferred__4/i__carry_n_0
    SLICE_X23Y60         CARRY4 (Prop_carry4_CI_O[3])
                                                      0.179    77.541 f  dut/core1/execute_unit/u_fpu/u_divider/exp_norm0_inferred__4/i__carry__0/O[3]
                         net (fo=3, routed)           0.959    78.499    dut/core1/execute_unit/u_fpu/u_divider/exp_norm0_inferred__4/i__carry__0_n_4
    SLICE_X9Y61          LUT6 (Prop_lut6_I2_O)        0.142    78.641 f  dut/core1/execute_unit/u_fpu/u_divider/i__carry_i_10__36/O
                         net (fo=1, routed)           0.294    78.935    dut/core1/execute_unit/u_fpu/u_divider/i__carry_i_10__36_n_0
    SLICE_X9Y62          LUT6 (Prop_lut6_I1_O)        0.053    78.988 r  dut/core1/execute_unit/u_fpu/u_divider/i__carry_i_8__44/O
                         net (fo=4, routed)           0.417    79.405    dut/core1/execute_unit/u_fpu/u_divider/i__carry_i_8__44_n_0
    SLICE_X9Y63          LUT4 (Prop_lut4_I3_O)        0.053    79.458 r  dut/core1/execute_unit/u_fpu/u_divider/i__carry_i_5__44/O
                         net (fo=26, routed)          0.454    79.912    dut/core1/execute_unit/u_fpu/u_divider/i__carry_i_5__44_n_0
    SLICE_X7Y61          LUT2 (Prop_lut2_I1_O)        0.053    79.965 r  dut/core1/execute_unit/u_fpu/u_divider/i__carry_i_4__33/O
                         net (fo=1, routed)           0.000    79.965    dut/core1/execute_unit/u_fpu/u_divider/i__carry_i_4__33_n_0
    SLICE_X7Y61          CARRY4 (Prop_carry4_S[0]_CO[3])
                                                      0.313    80.278 r  dut/core1/execute_unit/u_fpu/u_divider/exp_norm0_inferred__5/i__carry/CO[3]
                         net (fo=1, routed)           0.000    80.278    dut/core1/execute_unit/u_fpu/u_divider/exp_norm0_inferred__5/i__carry_n_0
    SLICE_X7Y62          CARRY4 (Prop_carry4_CI_CO[3])
                                                      0.058    80.336 r  dut/core1/execute_unit/u_fpu/u_divider/exp_norm0_inferred__5/i__carry__0/CO[3]
                         net (fo=1, routed)           0.000    80.336    dut/core1/execute_unit/u_fpu/u_divider/exp_norm0_inferred__5/i__carry__0_n_0
    SLICE_X7Y63          CARRY4 (Prop_carry4_CI_O[1])
                                                      0.213    80.549 f  dut/core1/execute_unit/u_fpu/u_divider/exp_norm0_inferred__5/i__carry__1/O[1]
                         net (fo=3, routed)           0.768    81.318    dut/core1/execute_unit/u_fpu/u_divider/exp_norm0_inferred__5/i__carry__1_n_6
    SLICE_X5Y62          LUT6 (Prop_lut6_I3_O)        0.152    81.470 r  dut/core1/execute_unit/u_fpu/u_divider/i__carry_i_7__44/O
                         net (fo=1, routed)           0.607    82.076    dut/core1/execute_unit/u_fpu/u_divider/i__carry_i_7__44_n_0
    SLICE_X9Y63          LUT6 (Prop_lut6_I5_O)        0.053    82.129 r  dut/core1/execute_unit/u_fpu/u_divider/i__carry_i_5__43/O
                         net (fo=27, routed)          0.480    82.610    dut/core1/execute_unit/u_fpu/u_divider/i__carry_i_5__43_n_0
    SLICE_X6Y63          LUT2 (Prop_lut2_I1_O)        0.053    82.663 r  dut/core1/execute_unit/u_fpu/u_divider/i__carry_i_4__34/O
                         net (fo=1, routed)           0.000    82.663    dut/core1/execute_unit/u_fpu/u_divider/i__carry_i_4__34_n_0
    SLICE_X6Y63          CARRY4 (Prop_carry4_S[0]_CO[3])
                                                      0.297    82.960 r  dut/core1/execute_unit/u_fpu/u_divider/exp_norm0_inferred__6/i__carry/CO[3]
                         net (fo=1, routed)           0.000    82.960    dut/core1/execute_unit/u_fpu/u_divider/exp_norm0_inferred__6/i__carry_n_0
    SLICE_X6Y64          CARRY4 (Prop_carry4_CI_O[0])
                                                      0.135    83.095 f  dut/core1/execute_unit/u_fpu/u_divider/exp_norm0_inferred__6/i__carry__0/O[0]
                         net (fo=3, routed)           0.609    83.704    dut/core1/execute_unit/u_fpu/u_divider/exp_norm0_inferred__6/i__carry__0_n_7
    SLICE_X7Y64          LUT6 (Prop_lut6_I4_O)        0.153    83.857 f  dut/core1/execute_unit/u_fpu/u_divider/i__carry_i_13__26/O
                         net (fo=1, routed)           0.298    84.155    dut/core1/execute_unit/u_fpu/u_divider/i__carry_i_13__26_n_0
    SLICE_X7Y65          LUT6 (Prop_lut6_I1_O)        0.053    84.208 r  dut/core1/execute_unit/u_fpu/u_divider/i__carry_i_9__31/O
                         net (fo=4, routed)           0.451    84.659    dut/core1/execute_unit/u_fpu/u_divider/i__carry_i_9__31_n_0
    SLICE_X9Y65          LUT6 (Prop_lut6_I5_O)        0.053    84.712 r  dut/core1/execute_unit/u_fpu/u_divider/i__carry_i_5__42/O
                         net (fo=27, routed)          0.697    85.409    dut/core1/execute_unit/u_fpu/u_divider/i__carry_i_5__42_n_0
    SLICE_X5Y63          LUT2 (Prop_lut2_I1_O)        0.053    85.462 r  dut/core1/execute_unit/u_fpu/u_divider/i__carry_i_4__35/O
                         net (fo=1, routed)           0.000    85.462    dut/core1/execute_unit/u_fpu/u_divider/i__carry_i_4__35_n_0
    SLICE_X5Y63          CARRY4 (Prop_carry4_S[0]_CO[3])
                                                      0.313    85.775 r  dut/core1/execute_unit/u_fpu/u_divider/exp_norm0_inferred__7/i__carry/CO[3]
                         net (fo=1, routed)           0.000    85.775    dut/core1/execute_unit/u_fpu/u_divider/exp_norm0_inferred__7/i__carry_n_0
    SLICE_X5Y64          CARRY4 (Prop_carry4_CI_O[0])
                                                      0.139    85.914 f  dut/core1/execute_unit/u_fpu/u_divider/exp_norm0_inferred__7/i__carry__0/O[0]
                         net (fo=3, routed)           0.587    86.500    dut/core1/execute_unit/u_fpu/u_divider/exp_norm0_inferred__7/i__carry__0_n_7
    SLICE_X3Y64          LUT6 (Prop_lut6_I4_O)        0.155    86.655 f  dut/core1/execute_unit/u_fpu/u_divider/i__carry_i_10__37/O
                         net (fo=1, routed)           0.566    87.222    dut/core1/execute_unit/u_fpu/u_divider/i__carry_i_10__37_n_0
    SLICE_X7Y65          LUT6 (Prop_lut6_I1_O)        0.053    87.275 r  dut/core1/execute_unit/u_fpu/u_divider/i__carry_i_8__45/O
                         net (fo=2, routed)           0.303    87.577    dut/core1/execute_unit/u_fpu/u_divider/i__carry_i_8__45_n_0
    SLICE_X7Y66          LUT4 (Prop_lut4_I3_O)        0.053    87.630 r  dut/core1/execute_unit/u_fpu/u_divider/i__carry_i_5__41/O
                         net (fo=29, routed)          0.803    88.434    dut/core1/execute_unit/u_fpu/u_divider/i__carry_i_5__41_n_0
    SLICE_X4Y63          LUT2 (Prop_lut2_I1_O)        0.053    88.487 r  dut/core1/execute_unit/u_fpu/u_divider/i__carry_i_4__36/O
                         net (fo=1, routed)           0.000    88.487    dut/core1/execute_unit/u_fpu/u_divider/i__carry_i_4__36_n_0
    SLICE_X4Y63          CARRY4 (Prop_carry4_S[0]_CO[3])
                                                      0.297    88.784 r  dut/core1/execute_unit/u_fpu/u_divider/exp_norm0_inferred__8/i__carry/CO[3]
                         net (fo=1, routed)           0.000    88.784    dut/core1/execute_unit/u_fpu/u_divider/exp_norm0_inferred__8/i__carry_n_0
    SLICE_X4Y64          CARRY4 (Prop_carry4_CI_O[2])
                                                      0.137    88.921 f  dut/core1/execute_unit/u_fpu/u_divider/exp_norm0_inferred__8/i__carry__0/O[2]
                         net (fo=3, routed)           0.735    89.655    dut/core1/execute_unit/u_fpu/u_divider/exp_norm0_inferred__8/i__carry__0_n_5
    SLICE_X5Y62          LUT6 (Prop_lut6_I1_O)        0.152    89.807 f  dut/core1/execute_unit/u_fpu/u_divider/i__carry_i_9__32/O
                         net (fo=1, routed)           0.457    90.264    dut/core1/execute_unit/u_fpu/u_divider/i__carry_i_9__32_n_0
    SLICE_X5Y62          LUT6 (Prop_lut6_I1_O)        0.053    90.317 r  dut/core1/execute_unit/u_fpu/u_divider/i__carry_i_7__45/O
                         net (fo=3, routed)           0.658    90.975    dut/core1/execute_unit/u_fpu/u_divider/i__carry_i_7__45_n_0
    SLICE_X7Y66          LUT6 (Prop_lut6_I5_O)        0.053    91.028 r  dut/core1/execute_unit/u_fpu/u_divider/i__carry_i_5__40/O
                         net (fo=26, routed)          0.619    91.648    dut/core1/execute_unit/u_fpu/u_divider/i__carry_i_5__40_n_0
    SLICE_X2Y63          LUT2 (Prop_lut2_I1_O)        0.053    91.701 r  dut/core1/execute_unit/u_fpu/u_divider/i__carry_i_4__37/O
                         net (fo=1, routed)           0.000    91.701    dut/core1/execute_unit/u_fpu/u_divider/i__carry_i_4__37_n_0
    SLICE_X2Y63          CARRY4 (Prop_carry4_S[0]_CO[3])
                                                      0.297    91.998 r  dut/core1/execute_unit/u_fpu/u_divider/exp_norm0_inferred__9/i__carry/CO[3]
                         net (fo=1, routed)           0.000    91.998    dut/core1/execute_unit/u_fpu/u_divider/exp_norm0_inferred__9/i__carry_n_0
    SLICE_X2Y64          CARRY4 (Prop_carry4_CI_O[3])
                                                      0.181    92.179 f  dut/core1/execute_unit/u_fpu/u_divider/exp_norm0_inferred__9/i__carry__0/O[3]
                         net (fo=3, routed)           1.025    93.204    dut/core1/execute_unit/u_fpu/u_divider/exp_norm0_inferred__9/i__carry__0_n_4
    SLICE_X3Y64          LUT6 (Prop_lut6_I4_O)        0.142    93.346 r  dut/core1/execute_unit/u_fpu/u_divider/i__carry_i_9__33/O
                         net (fo=1, routed)           0.727    94.073    dut/core1/execute_unit/u_fpu/u_divider/i__carry_i_9__33_n_0
    SLICE_X9Y66          LUT6 (Prop_lut6_I5_O)        0.053    94.126 r  dut/core1/execute_unit/u_fpu/u_divider/i__carry_i_5__39/O
                         net (fo=30, routed)          1.062    95.188    dut/core1/execute_unit/u_fpu/u_divider/i__carry_i_5__39_n_0
    SLICE_X1Y62          LUT2 (Prop_lut2_I1_O)        0.053    95.241 r  dut/core1/execute_unit/u_fpu/u_divider/i__carry_i_4__38/O
                         net (fo=1, routed)           0.000    95.241    dut/core1/execute_unit/u_fpu/u_divider/i__carry_i_4__38_n_0
    SLICE_X1Y62          CARRY4 (Prop_carry4_S[0]_CO[3])
                                                      0.313    95.554 r  dut/core1/execute_unit/u_fpu/u_divider/exp_norm0_inferred__10/i__carry/CO[3]
                         net (fo=1, routed)           0.000    95.554    dut/core1/execute_unit/u_fpu/u_divider/exp_norm0_inferred__10/i__carry_n_0
    SLICE_X1Y63          CARRY4 (Prop_carry4_CI_O[1])
                                                      0.213    95.767 f  dut/core1/execute_unit/u_fpu/u_divider/exp_norm0_inferred__10/i__carry__0/O[1]
                         net (fo=3, routed)           0.836    96.602    dut/core1/execute_unit/u_fpu/u_divider/exp_norm0_inferred__10/i__carry__0_n_6
    SLICE_X0Y60          LUT6 (Prop_lut6_I0_O)        0.152    96.754 f  dut/core1/execute_unit/u_fpu/u_divider/i__carry_i_10__38/O
                         net (fo=1, routed)           0.593    97.348    dut/core1/execute_unit/u_fpu/u_divider/i__carry_i_10__38_n_0
    SLICE_X1Y61          LUT6 (Prop_lut6_I1_O)        0.053    97.401 r  dut/core1/execute_unit/u_fpu/u_divider/i__carry_i_8__46/O
                         net (fo=4, routed)           0.973    98.374    dut/core1/execute_unit/u_fpu/u_divider/i__carry_i_8__46_n_0
    SLICE_X9Y65          LUT4 (Prop_lut4_I3_O)        0.053    98.427 r  dut/core1/execute_unit/u_fpu/u_divider/i__carry_i_5__38/O
                         net (fo=27, routed)          1.042    99.468    dut/core1/execute_unit/u_fpu/u_divider/i__carry_i_5__38_n_0
    SLICE_X1Y57          LUT2 (Prop_lut2_I1_O)        0.053    99.521 r  dut/core1/execute_unit/u_fpu/u_divider/i__carry_i_4__39/O
                         net (fo=1, routed)           0.000    99.521    dut/core1/execute_unit/u_fpu/u_divider/i__carry_i_4__39_n_0
    SLICE_X1Y57          CARRY4 (Prop_carry4_S[0]_CO[3])
                                                      0.313    99.834 r  dut/core1/execute_unit/u_fpu/u_divider/exp_norm0_inferred__11/i__carry/CO[3]
                         net (fo=1, routed)           0.000    99.834    dut/core1/execute_unit/u_fpu/u_divider/exp_norm0_inferred__11/i__carry_n_0
    SLICE_X1Y58          CARRY4 (Prop_carry4_CI_O[2])
                                                      0.136    99.970 f  dut/core1/execute_unit/u_fpu/u_divider/exp_norm0_inferred__11/i__carry__0/O[2]
                         net (fo=3, routed)           0.656   100.627    dut/core1/execute_unit/u_fpu/u_divider/exp_norm0_inferred__11/i__carry__0_n_5
    SLICE_X0Y59          LUT6 (Prop_lut6_I2_O)        0.152   100.779 f  dut/core1/execute_unit/u_fpu/u_divider/i__carry_i_9__34/O
                         net (fo=1, routed)           0.459   101.238    dut/core1/execute_unit/u_fpu/u_divider/i__carry_i_9__34_n_0
    SLICE_X0Y59          LUT6 (Prop_lut6_I1_O)        0.053   101.291 r  dut/core1/execute_unit/u_fpu/u_divider/i__carry_i_7__46/O
                         net (fo=1, routed)           0.617   101.908    dut/core1/execute_unit/u_fpu/u_divider/i__carry_i_7__46_n_0
    SLICE_X7Y64          LUT6 (Prop_lut6_I5_O)        0.053   101.961 r  dut/core1/execute_unit/u_fpu/u_divider/i__carry_i_5__37/O
                         net (fo=28, routed)          1.410   103.370    dut/core1/execute_unit/u_fpu/u_divider/i__carry_i_5__37_n_0
    SLICE_X2Y57          LUT2 (Prop_lut2_I1_O)        0.053   103.423 r  dut/core1/execute_unit/u_fpu/u_divider/i__carry_i_4__40/O
                         net (fo=1, routed)           0.000   103.423    dut/core1/execute_unit/u_fpu/u_divider/i__carry_i_4__40_n_0
    SLICE_X2Y57          CARRY4 (Prop_carry4_S[0]_CO[3])
                                                      0.297   103.720 r  dut/core1/execute_unit/u_fpu/u_divider/exp_norm0_inferred__12/i__carry/CO[3]
                         net (fo=1, routed)           0.000   103.720    dut/core1/execute_unit/u_fpu/u_divider/exp_norm0_inferred__12/i__carry_n_0
    SLICE_X2Y58          CARRY4 (Prop_carry4_CI_CO[3])
                                                      0.060   103.780 r  dut/core1/execute_unit/u_fpu/u_divider/exp_norm0_inferred__12/i__carry__0/CO[3]
                         net (fo=1, routed)           0.000   103.780    dut/core1/execute_unit/u_fpu/u_divider/exp_norm0_inferred__12/i__carry__0_n_0
    SLICE_X2Y59          CARRY4 (Prop_carry4_CI_O[0])
                                                      0.135   103.915 f  dut/core1/execute_unit/u_fpu/u_divider/exp_norm0_inferred__12/i__carry__1/O[0]
                         net (fo=3, routed)           0.676   104.592    dut/core1/execute_unit/u_fpu/u_divider/exp_norm0_inferred__12/i__carry__1_n_7
    SLICE_X3Y56          LUT6 (Prop_lut6_I1_O)        0.153   104.745 f  dut/core1/execute_unit/u_fpu/u_divider/i__carry_i_11__34/O
                         net (fo=1, routed)           0.462   105.206    dut/core1/execute_unit/u_fpu/u_divider/i__carry_i_11__34_n_0
    SLICE_X3Y56          LUT6 (Prop_lut6_I1_O)        0.053   105.259 r  dut/core1/execute_unit/u_fpu/u_divider/i__carry_i_9__35/O
                         net (fo=4, routed)           0.896   106.155    dut/core1/execute_unit/u_fpu/u_divider/i__carry_i_9__35_n_0
    SLICE_X9Y62          LUT6 (Prop_lut6_I5_O)        0.053   106.208 r  dut/core1/execute_unit/u_fpu/u_divider/i__carry_i_5__36/O
                         net (fo=27, routed)          0.984   107.192    dut/core1/execute_unit/u_fpu/u_divider/i__carry_i_5__36_n_0
    SLICE_X3Y57          LUT2 (Prop_lut2_I1_O)        0.053   107.245 r  dut/core1/execute_unit/u_fpu/u_divider/i__carry_i_4__41/O
                         net (fo=1, routed)           0.000   107.245    dut/core1/execute_unit/u_fpu/u_divider/i__carry_i_4__41_n_0
    SLICE_X3Y57          CARRY4 (Prop_carry4_S[0]_CO[3])
                                                      0.313   107.558 r  dut/core1/execute_unit/u_fpu/u_divider/exp_norm0_inferred__13/i__carry/CO[3]
                         net (fo=1, routed)           0.000   107.558    dut/core1/execute_unit/u_fpu/u_divider/exp_norm0_inferred__13/i__carry_n_0
    SLICE_X3Y58          CARRY4 (Prop_carry4_CI_O[2])
                                                      0.136   107.694 f  dut/core1/execute_unit/u_fpu/u_divider/exp_norm0_inferred__13/i__carry__0/O[2]
                         net (fo=3, routed)           0.708   108.402    dut/core1/execute_unit/u_fpu/u_divider/exp_norm0_inferred__13/i__carry__0_n_5
    SLICE_X2Y56          LUT6 (Prop_lut6_I1_O)        0.152   108.554 f  dut/core1/execute_unit/u_fpu/u_divider/i__carry_i_10__39/O
                         net (fo=1, routed)           0.689   109.243    dut/core1/execute_unit/u_fpu/u_divider/i__carry_i_10__39_n_0
    SLICE_X0Y59          LUT6 (Prop_lut6_I1_O)        0.053   109.296 r  dut/core1/execute_unit/u_fpu/u_divider/i__carry_i_8__47/O
                         net (fo=2, routed)           0.591   109.888    dut/core1/execute_unit/u_fpu/u_divider/i__carry_i_8__47_n_0
    SLICE_X9Y61          LUT4 (Prop_lut4_I3_O)        0.053   109.941 r  dut/core1/execute_unit/u_fpu/u_divider/i__carry_i_5__35/O
                         net (fo=29, routed)          0.901   110.842    dut/core1/execute_unit/u_fpu/u_divider/i__carry_i_5__35_n_0
    SLICE_X0Y56          LUT2 (Prop_lut2_I1_O)        0.053   110.895 r  dut/core1/execute_unit/u_fpu/u_divider/i__carry_i_4__42/O
                         net (fo=1, routed)           0.000   110.895    dut/core1/execute_unit/u_fpu/u_divider/i__carry_i_4__42_n_0
    SLICE_X0Y56          CARRY4 (Prop_carry4_S[0]_CO[3])
                                                      0.297   111.192 r  dut/core1/execute_unit/u_fpu/u_divider/exp_norm0_inferred__14/i__carry/CO[3]
                         net (fo=1, routed)           0.000   111.192    dut/core1/execute_unit/u_fpu/u_divider/exp_norm0_inferred__14/i__carry_n_0
    SLICE_X0Y57          CARRY4 (Prop_carry4_CI_O[3])
                                                      0.181   111.373 f  dut/core1/execute_unit/u_fpu/u_divider/exp_norm0_inferred__14/i__carry__0/O[3]
                         net (fo=3, routed)           1.130   112.504    dut/core1/execute_unit/u_fpu/u_divider/exp_norm0_inferred__14/i__carry__0_n_4
    SLICE_X2Y56          LUT6 (Prop_lut6_I2_O)        0.142   112.646 f  dut/core1/execute_unit/u_fpu/u_divider/i__carry_i_9__36/O
                         net (fo=1, routed)           0.545   113.191    dut/core1/execute_unit/u_fpu/u_divider/i__carry_i_9__36_n_0
    SLICE_X0Y59          LUT6 (Prop_lut6_I1_O)        0.053   113.244 r  dut/core1/execute_unit/u_fpu/u_divider/i__carry_i_7__47/O
                         net (fo=3, routed)           0.535   113.779    dut/core1/execute_unit/u_fpu/u_divider/i__carry_i_7__47_n_0
    SLICE_X9Y61          LUT6 (Prop_lut6_I5_O)        0.053   113.832 r  dut/core1/execute_unit/u_fpu/u_divider/i__carry_i_5__34/O
                         net (fo=26, routed)          1.274   115.105    dut/core1/execute_unit/u_fpu/u_divider/i__carry_i_5__34_n_0
    SLICE_X1Y54          LUT2 (Prop_lut2_I1_O)        0.053   115.158 r  dut/core1/execute_unit/u_fpu/u_divider/i__carry_i_4__43/O
                         net (fo=1, routed)           0.000   115.158    dut/core1/execute_unit/u_fpu/u_divider/i__carry_i_4__43_n_0
    SLICE_X1Y54          CARRY4 (Prop_carry4_S[0]_O[2])
                                                      0.323   115.481 f  dut/core1/execute_unit/u_fpu/u_divider/exp_norm0_inferred__15/i__carry/O[2]
                         net (fo=3, routed)           1.032   116.513    dut/core1/execute_unit/u_fpu/u_divider/exp_norm0_inferred__15/i__carry_n_5
    SLICE_X2Y56          LUT6 (Prop_lut6_I4_O)        0.152   116.665 f  dut/core1/execute_unit/u_fpu/u_divider/i__carry_i_11__35/O
                         net (fo=1, routed)           0.327   116.993    dut/core1/execute_unit/u_fpu/u_divider/i__carry_i_11__35_n_0
    SLICE_X2Y56          LUT6 (Prop_lut6_I1_O)        0.053   117.046 r  dut/core1/execute_unit/u_fpu/u_divider/i__carry_i_9__37/O
                         net (fo=4, routed)           0.904   117.950    dut/core1/execute_unit/u_fpu/u_divider/i__carry_i_9__37_n_0
    SLICE_X10Y57         LUT6 (Prop_lut6_I5_O)        0.053   118.003 r  dut/core1/execute_unit/u_fpu/u_divider/i__carry_i_5__33/O
                         net (fo=28, routed)          1.159   119.162    dut/core1/execute_unit/u_fpu/u_divider/i__carry_i_5__33_n_0
    SLICE_X0Y53          LUT2 (Prop_lut2_I1_O)        0.053   119.215 r  dut/core1/execute_unit/u_fpu/u_divider/i__carry_i_4__44/O
                         net (fo=1, routed)           0.000   119.215    dut/core1/execute_unit/u_fpu/u_divider/i__carry_i_4__44_n_0
    SLICE_X0Y53          CARRY4 (Prop_carry4_S[0]_CO[3])
                                                      0.297   119.512 r  dut/core1/execute_unit/u_fpu/u_divider/exp_norm0_inferred__16/i__carry/CO[3]
                         net (fo=1, routed)           0.000   119.512    dut/core1/execute_unit/u_fpu/u_divider/exp_norm0_inferred__16/i__carry_n_0
    SLICE_X0Y54          CARRY4 (Prop_carry4_CI_O[2])
                                                      0.137   119.649 f  dut/core1/execute_unit/u_fpu/u_divider/exp_norm0_inferred__16/i__carry__0/O[2]
                         net (fo=3, routed)           0.700   120.349    dut/core1/execute_unit/u_fpu/u_divider/exp_norm0_inferred__16/i__carry__0_n_5
    SLICE_X2Y52          LUT6 (Prop_lut6_I1_O)        0.152   120.501 f  dut/core1/execute_unit/u_fpu/u_divider/i__carry_i_10__40/O
                         net (fo=1, routed)           0.672   121.173    dut/core1/execute_unit/u_fpu/u_divider/i__carry_i_10__40_n_0
    SLICE_X3Y56          LUT6 (Prop_lut6_I1_O)        0.053   121.226 r  dut/core1/execute_unit/u_fpu/u_divider/i__carry_i_8__48/O
                         net (fo=4, routed)           0.935   122.161    dut/core1/execute_unit/u_fpu/u_divider/i__carry_i_8__48_n_0
    SLICE_X10Y57         LUT4 (Prop_lut4_I3_O)        0.053   122.214 r  dut/core1/execute_unit/u_fpu/u_divider/i__carry_i_5__32/O
                         net (fo=28, routed)          1.307   123.521    dut/core1/execute_unit/u_fpu/u_divider/i__carry_i_5__32_n_0
    SLICE_X2Y53          LUT2 (Prop_lut2_I1_O)        0.053   123.574 r  dut/core1/execute_unit/u_fpu/u_divider/i__carry_i_4__45/O
                         net (fo=1, routed)           0.000   123.574    dut/core1/execute_unit/u_fpu/u_divider/i__carry_i_4__45_n_0
    SLICE_X2Y53          CARRY4 (Prop_carry4_S[0]_CO[3])
                                                      0.297   123.871 r  dut/core1/execute_unit/u_fpu/u_divider/exp_norm0_inferred__17/i__carry/CO[3]
                         net (fo=1, routed)           0.000   123.871    dut/core1/execute_unit/u_fpu/u_divider/exp_norm0_inferred__17/i__carry_n_0
    SLICE_X2Y54          CARRY4 (Prop_carry4_CI_O[3])
                                                      0.181   124.052 f  dut/core1/execute_unit/u_fpu/u_divider/exp_norm0_inferred__17/i__carry__0/O[3]
                         net (fo=3, routed)           0.679   124.731    dut/core1/execute_unit/u_fpu/u_divider/exp_norm0_inferred__17/i__carry__0_n_4
    SLICE_X2Y52          LUT6 (Prop_lut6_I2_O)        0.142   124.873 f  dut/core1/execute_unit/u_fpu/u_divider/i__carry_i_9__38/O
                         net (fo=1, routed)           0.859   125.732    dut/core1/execute_unit/u_fpu/u_divider/i__carry_i_9__38_n_0
    SLICE_X3Y56          LUT6 (Prop_lut6_I1_O)        0.053   125.785 r  dut/core1/execute_unit/u_fpu/u_divider/i__carry_i_7__48/O
                         net (fo=3, routed)           0.602   126.387    dut/core1/execute_unit/u_fpu/u_divider/i__carry_i_7__48_n_0
    SLICE_X7Y60          LUT6 (Prop_lut6_I5_O)        0.053   126.440 r  dut/core1/execute_unit/u_fpu/u_divider/i__carry_i_5__31/O
                         net (fo=26, routed)          1.241   127.682    dut/core1/execute_unit/u_fpu/u_divider/i__carry_i_5__31_n_0
    SLICE_X3Y53          LUT2 (Prop_lut2_I1_O)        0.053   127.735 r  dut/core1/execute_unit/u_fpu/u_divider/i__carry_i_4__46/O
                         net (fo=1, routed)           0.000   127.735    dut/core1/execute_unit/u_fpu/u_divider/i__carry_i_4__46_n_0
    SLICE_X3Y53          CARRY4 (Prop_carry4_S[0]_O[3])
                                                      0.357   128.092 f  dut/core1/execute_unit/u_fpu/u_divider/exp_norm0_inferred__18/i__carry/O[3]
                         net (fo=3, routed)           1.037   129.128    dut/core1/execute_unit/u_fpu/u_divider/exp_norm0_inferred__18/i__carry_n_4
    SLICE_X13Y53         LUT6 (Prop_lut6_I3_O)        0.142   129.270 f  dut/core1/execute_unit/u_fpu/u_divider/i__carry_i_11__36/O
                         net (fo=1, routed)           0.306   129.577    dut/core1/execute_unit/u_fpu/u_divider/i__carry_i_11__36_n_0
    SLICE_X13Y53         LUT6 (Prop_lut6_I1_O)        0.053   129.630 r  dut/core1/execute_unit/u_fpu/u_divider/i__carry_i_9__39/O
                         net (fo=5, routed)           0.670   130.299    dut/core1/execute_unit/u_fpu/u_divider/i__carry_i_9__39_n_0
    SLICE_X13Y57         LUT6 (Prop_lut6_I5_O)        0.053   130.352 r  dut/core1/execute_unit/u_fpu/u_divider/i__carry_i_5__30/O
                         net (fo=26, routed)          0.908   131.261    dut/core1/execute_unit/u_fpu/u_divider/i__carry_i_5__30_n_0
    SLICE_X15Y49         LUT2 (Prop_lut2_I1_O)        0.053   131.314 r  dut/core1/execute_unit/u_fpu/u_divider/i__carry_i_4__47/O
                         net (fo=1, routed)           0.000   131.314    dut/core1/execute_unit/u_fpu/u_divider/i__carry_i_4__47_n_0
    SLICE_X15Y49         CARRY4 (Prop_carry4_S[0]_CO[3])
                                                      0.313   131.627 r  dut/core1/execute_unit/u_fpu/u_divider/exp_norm0_inferred__19/i__carry/CO[3]
                         net (fo=1, routed)           0.001   131.627    dut/core1/execute_unit/u_fpu/u_divider/exp_norm0_inferred__19/i__carry_n_0
    SLICE_X15Y50         CARRY4 (Prop_carry4_CI_O[2])
                                                      0.136   131.763 f  dut/core1/execute_unit/u_fpu/u_divider/exp_norm0_inferred__19/i__carry__0/O[2]
                         net (fo=3, routed)           0.961   132.725    dut/core1/execute_unit/u_fpu/u_divider/exp_norm0_inferred__19/i__carry__0_n_5
    SLICE_X25Y50         LUT6 (Prop_lut6_I1_O)        0.152   132.877 f  dut/core1/execute_unit/u_fpu/u_divider/i__carry_i_9__40/O
                         net (fo=1, routed)           0.600   133.477    dut/core1/execute_unit/u_fpu/u_divider/i__carry_i_9__40_n_0
    SLICE_X25Y49         LUT6 (Prop_lut6_I1_O)        0.053   133.530 r  dut/core1/execute_unit/u_fpu/u_divider/i__carry_i_6__49/O
                         net (fo=6, routed)           0.764   134.294    dut/core1/execute_unit/u_fpu/u_divider/i__carry_i_6__49_n_0
    SLICE_X24Y55         LUT4 (Prop_lut4_I0_O)        0.053   134.347 r  dut/core1/execute_unit/u_fpu/u_divider/i__carry_i_5__29/O
                         net (fo=24, routed)          1.405   135.751    dut/core1/execute_unit/u_fpu/u_divider/i__carry_i_5__29_n_0
    SLICE_X24Y49         LUT2 (Prop_lut2_I1_O)        0.053   135.804 r  dut/core1/execute_unit/u_fpu/u_divider/i__carry_i_4__48/O
                         net (fo=1, routed)           0.000   135.804    dut/core1/execute_unit/u_fpu/u_divider/i__carry_i_4__48_n_0
    SLICE_X24Y49         CARRY4 (Prop_carry4_S[0]_CO[3])
                                                      0.313   136.117 r  dut/core1/execute_unit/u_fpu/u_divider/exp_norm0_inferred__20/i__carry/CO[3]
                         net (fo=1, routed)           0.001   136.118    dut/core1/execute_unit/u_fpu/u_divider/exp_norm0_inferred__20/i__carry_n_0
    SLICE_X24Y50         CARRY4 (Prop_carry4_CI_CO[3])
                                                      0.058   136.176 r  dut/core1/execute_unit/u_fpu/u_divider/exp_norm0_inferred__20/i__carry__0/CO[3]
                         net (fo=1, routed)           0.000   136.176    dut/core1/execute_unit/u_fpu/u_divider/exp_norm0_inferred__20/i__carry__0_n_0
    SLICE_X24Y51         CARRY4 (Prop_carry4_CI_O[0])
                                                      0.139   136.315 r  dut/core1/execute_unit/u_fpu/u_divider/exp_norm0_inferred__20/i__carry__1/O[0]
                         net (fo=3, routed)           0.557   136.872    dut/core1/execute_unit/u_fpu/u_divider/exp_norm0_inferred__20/i__carry__1_n_7
    SLICE_X25Y50         LUT6 (Prop_lut6_I1_O)        0.155   137.027 r  dut/core1/execute_unit/u_fpu/u_divider/i__carry_i_9__41/O
                         net (fo=1, routed)           0.131   137.158    dut/core1/execute_unit/u_fpu/u_divider/i__carry_i_9__41_n_0
    SLICE_X25Y50         LUT6 (Prop_lut6_I1_O)        0.053   137.211 f  dut/core1/execute_unit/u_fpu/u_divider/i__carry_i_7__49/O
                         net (fo=12, routed)          0.702   137.913    dut/core1/execute_unit/u_fpu/u_divider/i__carry_i_7__49_n_0
    SLICE_X25Y55         LUT2 (Prop_lut2_I1_O)        0.053   137.966 r  dut/core1/execute_unit/u_fpu/u_divider/i__carry_i_5__28/O
                         net (fo=24, routed)          1.229   139.196    dut/core1/execute_unit/u_fpu/u_divider/i__carry_i_5__28_n_0
    SLICE_X27Y49         LUT2 (Prop_lut2_I1_O)        0.053   139.249 r  dut/core1/execute_unit/u_fpu/u_divider/i__carry_i_4__49/O
                         net (fo=1, routed)           0.000   139.249    dut/core1/execute_unit/u_fpu/u_divider/i__carry_i_4__49_n_0
    SLICE_X27Y49         CARRY4 (Prop_carry4_S[0]_O[3])
                                                      0.357   139.606 f  dut/core1/execute_unit/u_fpu/u_divider/exp_norm0_inferred__21/i__carry/O[3]
                         net (fo=5, routed)           1.187   140.793    dut/core1/execute_unit/u_fpu/u_divider/exp_norm0_inferred__21/i__carry_n_4
    SLICE_X40Y50         LUT6 (Prop_lut6_I4_O)        0.142   140.935 r  dut/core1/execute_unit/u_fpu/u_divider/out_res[30]_i_10__0/O
                         net (fo=8, routed)           0.921   141.856    dut/core1/execute_unit/u_fpu/u_divider/out_res[30]_i_10__0_n_0
    SLICE_X41Y50         LUT6 (Prop_lut6_I3_O)        0.053   141.909 r  dut/core1/execute_unit/u_fpu/u_divider/out_res[30]_i_21__0/O
                         net (fo=9, routed)           1.017   142.925    dut/core1/execute_unit/u_fpu/u_divider/out_res[30]_i_21__0_n_0
    SLICE_X25Y54         LUT6 (Prop_lut6_I5_O)        0.053   142.978 r  dut/core1/execute_unit/u_fpu/u_divider/out_res[30]_i_9__0/O
                         net (fo=33, routed)          1.702   144.680    dut/core1/execute_unit/u_fpu/u_divider/out_res[30]_i_9__0_n_0
    SLICE_X41Y47         LUT5 (Prop_lut5_I2_O)        0.067   144.747 r  dut/core1/execute_unit/u_fpu/u_divider/out_res[29]_i_4__0/O
                         net (fo=2, routed)           0.649   145.397    dut/core1/execute_unit/u_fpu/u_divider/out_res[29]_i_4__0_n_0
    SLICE_X40Y46         LUT6 (Prop_lut6_I2_O)        0.170   145.567 r  dut/core1/execute_unit/u_fpu/u_divider/out_res[22]_i_3__0/O
                         net (fo=23, routed)          1.187   146.753    dut/core1/execute_unit/u_fpu/u_divider/out_res[22]_i_3__0_n_0
    SLICE_X29Y43         LUT6 (Prop_lut6_I3_O)        0.053   146.806 r  dut/core1/execute_unit/u_fpu/u_divider/out_res[21]_i_1__1/O
                         net (fo=1, routed)           0.000   146.806    dut/core1/execute_unit/u_fpu/u_divider/out_res[21]_i_1__1_n_0
    SLICE_X29Y43         FDCE                                         r  dut/core1/execute_unit/u_fpu/u_divider/out_res_reg[21]/D
  -------------------------------------------------------------------    -------------------

Slack:                    inf
  Source:                 dut/core1/mem_wb/RD_F_W_reg[3]/C
                            (rising edge-triggered cell FDRE)
  Destination:            dut/core1/execute_unit/u_fpu/u_divider/out_res_reg[18]/D
  Path Group:             (none)
  Path Type:              Max at Slow Process Corner
  Data Path Delay:        146.790ns  (logic 36.885ns (25.128%)  route 109.905ns (74.872%))
  Logic Levels:           316  (CARRY4=196 FDRE=1 LUT1=1 LUT2=24 LUT3=22 LUT4=7 LUT5=4 LUT6=61)

    Location             Delay type                Incr(ns)  Path(ns)    Netlist Resource(s)
  -------------------------------------------------------------------    -------------------
    SLICE_X68Y33         FDRE                         0.000     0.000 r  dut/core1/mem_wb/RD_F_W_reg[3]/C
    SLICE_X68Y33         FDRE (Prop_fdre_C_Q)         0.269     0.269 r  dut/core1/mem_wb/RD_F_W_reg[3]/Q
                         net (fo=73, routed)          0.946     1.215    dut/core1/id_ex/RD_F_W[3]
    SLICE_X68Y39         LUT6 (Prop_lut6_I3_O)        0.053     1.268 r  dut/core1/id_ex/B_r[31]_i_7__0/O
                         net (fo=1, routed)           0.306     1.574    dut/core1/id_ex/B_r[31]_i_7__0_n_0
    SLICE_X68Y39         LUT5 (Prop_lut5_I0_O)        0.053     1.627 r  dut/core1/id_ex/B_r[31]_i_5__0/O
                         net (fo=2, routed)           0.951     2.578    dut/core1/mem_wb/ForwardBE1__0
    SLICE_X67Y37         LUT3 (Prop_lut3_I2_O)        0.053     2.631 r  dut/core1/mem_wb/B_r[31]_i_2__0/O
                         net (fo=34, routed)          2.427     5.058    dut/core1/mem_wb/ForwardBE_F[0]
    SLICE_X80Y10         LUT5 (Prop_lut5_I1_O)        0.053     5.111 f  dut/core1/mem_wb/forward_fb_mux/B_r[2]_i_1__0/O
                         net (fo=112, routed)         7.652    12.763    dut/core1/mem_wb/ALU_ResultM_reg[2]
    SLICE_X0Y23          LUT1 (Prop_lut1_I0_O)        0.053    12.816 r  dut/core1/mem_wb/u_divider/out_res[30]_i_685__0/O
                         net (fo=1, routed)           0.000    12.816    dut_n_1069
    SLICE_X0Y23          CARRY4 (Prop_carry4_S[2]_CO[3])
                                                      0.219    13.035 r  u_divider/out_res_reg[30]_i_633__0/CO[3]
                         net (fo=1, routed)           0.000    13.035    u_divider/out_res_reg[30]_i_633__0_n_0
    SLICE_X0Y24          CARRY4 (Prop_carry4_CI_CO[3])
                                                      0.060    13.095 r  u_divider/out_res_reg[30]_i_628__0/CO[3]
                         net (fo=1, routed)           0.008    13.103    u_divider/out_res_reg[30]_i_628__0_n_0
    SLICE_X0Y25          CARRY4 (Prop_carry4_CI_CO[3])
                                                      0.060    13.163 r  u_divider/out_res_reg[30]_i_623__0/CO[3]
                         net (fo=1, routed)           0.000    13.163    u_divider/out_res_reg[30]_i_623__0_n_0
    SLICE_X0Y26          CARRY4 (Prop_carry4_CI_CO[3])
                                                      0.060    13.223 r  u_divider/out_res_reg[30]_i_618__0/CO[3]
                         net (fo=1, routed)           0.000    13.223    u_divider/out_res_reg[30]_i_618__0_n_0
    SLICE_X0Y27          CARRY4 (Prop_carry4_CI_CO[3])
                                                      0.060    13.283 r  u_divider/out_res_reg[30]_i_613__0/CO[3]
                         net (fo=1, routed)           0.000    13.283    u_divider/out_res_reg[30]_i_613__0_n_0
    SLICE_X0Y28          CARRY4 (Prop_carry4_CI_CO[3])
                                                      0.060    13.343 r  u_divider/out_res_reg[30]_i_610__0/CO[3]
                         net (fo=1, routed)           0.000    13.343    u_divider/out_res_reg[30]_i_610__0_n_0
    SLICE_X0Y29          CARRY4 (Prop_carry4_CI_CO[0])
                                                      0.173    13.516 r  u_divider/out_res_reg[30]_i_609__0/CO[0]
                         net (fo=27, routed)          1.168    14.684    dut/core1/mem_wb/u_divider/out_res_reg[30]_i_601__0[0]
    SLICE_X1Y23          LUT3 (Prop_lut3_I0_O)        0.153    14.837 r  dut/core1/mem_wb/u_divider/out_res[30]_i_640__0/O
                         net (fo=1, routed)           0.000    14.837    dut_n_2166
    SLICE_X1Y23          CARRY4 (Prop_carry4_S[1]_CO[3])
                                                      0.324    15.161 r  u_divider/out_res_reg[30]_i_601__0/CO[3]
                         net (fo=1, routed)           0.000    15.161    u_divider/out_res_reg[30]_i_601__0_n_0
    SLICE_X1Y24          CARRY4 (Prop_carry4_CI_CO[3])
                                                      0.058    15.219 r  u_divider/out_res_reg[30]_i_596__0/CO[3]
                         net (fo=1, routed)           0.008    15.227    u_divider/out_res_reg[30]_i_596__0_n_0
    SLICE_X1Y25          CARRY4 (Prop_carry4_CI_CO[3])
                                                      0.058    15.285 r  u_divider/out_res_reg[30]_i_591__0/CO[3]
                         net (fo=1, routed)           0.000    15.285    u_divider/out_res_reg[30]_i_591__0_n_0
    SLICE_X1Y26          CARRY4 (Prop_carry4_CI_CO[3])
                                                      0.058    15.343 r  u_divider/out_res_reg[30]_i_586__0/CO[3]
                         net (fo=1, routed)           0.000    15.343    u_divider/out_res_reg[30]_i_586__0_n_0
    SLICE_X1Y27          CARRY4 (Prop_carry4_CI_CO[3])
                                                      0.058    15.401 r  u_divider/out_res_reg[30]_i_581__0/CO[3]
                         net (fo=1, routed)           0.000    15.401    u_divider/out_res_reg[30]_i_581__0_n_0
    SLICE_X1Y28          CARRY4 (Prop_carry4_CI_CO[3])
                                                      0.058    15.459 r  u_divider/out_res_reg[30]_i_578__0/CO[3]
                         net (fo=1, routed)           0.000    15.459    u_divider/out_res_reg[30]_i_578__0_n_0
    SLICE_X1Y29          CARRY4 (Prop_carry4_CI_CO[1])
                                                      0.094    15.553 r  u_divider/out_res_reg[30]_i_577__0/CO[1]
                         net (fo=27, routed)          0.974    16.527    u_divider/out_res_reg[30]_i_577__0_n_2
    SLICE_X2Y23          CARRY4 (Prop_carry4_CYINIT_CO[3])
                                                      0.458    16.985 r  u_divider/out_res_reg[30]_i_569__0/CO[3]
                         net (fo=1, routed)           0.000    16.985    u_divider/out_res_reg[30]_i_569__0_n_0
    SLICE_X2Y24          CARRY4 (Prop_carry4_CI_CO[3])
                                                      0.060    17.045 r  u_divider/out_res_reg[30]_i_564__0/CO[3]
                         net (fo=1, routed)           0.008    17.053    u_divider/out_res_reg[30]_i_564__0_n_0
    SLICE_X2Y25          CARRY4 (Prop_carry4_CI_CO[3])
                                                      0.060    17.113 r  u_divider/out_res_reg[30]_i_559__0/CO[3]
                         net (fo=1, routed)           0.000    17.113    u_divider/out_res_reg[30]_i_559__0_n_0
    SLICE_X2Y26          CARRY4 (Prop_carry4_CI_CO[3])
                                                      0.060    17.173 r  u_divider/out_res_reg[30]_i_554__0/CO[3]
                         net (fo=1, routed)           0.000    17.173    u_divider/out_res_reg[30]_i_554__0_n_0
    SLICE_X2Y27          CARRY4 (Prop_carry4_CI_CO[3])
                                                      0.060    17.233 r  u_divider/out_res_reg[30]_i_549__0/CO[3]
                         net (fo=1, routed)           0.000    17.233    u_divider/out_res_reg[30]_i_549__0_n_0
    SLICE_X2Y28          CARRY4 (Prop_carry4_CI_CO[3])
                                                      0.060    17.293 r  u_divider/out_res_reg[30]_i_546__0/CO[3]
                         net (fo=1, routed)           0.000    17.293    u_divider/out_res_reg[30]_i_546__0_n_0
    SLICE_X2Y29          CARRY4 (Prop_carry4_CI_CO[1])
                                                      0.093    17.386 r  u_divider/out_res_reg[30]_i_545__0/CO[1]
                         net (fo=27, routed)          1.097    18.483    u_divider/out_res_reg[30]_i_545__0_n_2
    SLICE_X2Y35          LUT3 (Prop_lut3_I0_O)        0.153    18.636 r  u_divider/out_res[30]_i_551__0/O
                         net (fo=1, routed)           0.000    18.636    u_divider/out_res[30]_i_551__0_n_0
    SLICE_X2Y35          CARRY4 (Prop_carry4_S[2]_CO[3])
                                                      0.219    18.855 r  u_divider/out_res_reg[30]_i_514__0/CO[3]
                         net (fo=1, routed)           0.000    18.855    u_divider/out_res_reg[30]_i_514__0_n_0
    SLICE_X2Y36          CARRY4 (Prop_carry4_CI_CO[1])
                                                      0.093    18.948 r  u_divider/out_res_reg[30]_i_513__0/CO[1]
                         net (fo=27, routed)          1.437    20.385    u_divider/out_res_reg[30]_i_513__0_n_2
    SLICE_X0Y30          LUT3 (Prop_lut3_I0_O)        0.153    20.538 r  u_divider/out_res[30]_i_542__0/O
                         net (fo=1, routed)           0.000    20.538    u_divider/out_res[30]_i_542__0_n_0
    SLICE_X0Y30          CARRY4 (Prop_carry4_S[3]_CO[3])
                                                      0.216    20.754 r  u_divider/out_res_reg[30]_i_505__0/CO[3]
                         net (fo=1, routed)           0.000    20.754    u_divider/out_res_reg[30]_i_505__0_n_0
    SLICE_X0Y31          CARRY4 (Prop_carry4_CI_CO[3])
                                                      0.060    20.814 r  u_divider/out_res_reg[30]_i_500__0/CO[3]
                         net (fo=1, routed)           0.000    20.814    u_divider/out_res_reg[30]_i_500__0_n_0
    SLICE_X0Y32          CARRY4 (Prop_carry4_CI_CO[3])
                                                      0.060    20.874 r  u_divider/out_res_reg[30]_i_495__0/CO[3]
                         net (fo=1, routed)           0.000    20.874    u_divider/out_res_reg[30]_i_495__0_n_0
    SLICE_X0Y33          CARRY4 (Prop_carry4_CI_CO[3])
                                                      0.060    20.934 r  u_divider/out_res_reg[30]_i_490__0/CO[3]
                         net (fo=1, routed)           0.000    20.934    u_divider/out_res_reg[30]_i_490__0_n_0
    SLICE_X0Y34          CARRY4 (Prop_carry4_CI_CO[3])
                                                      0.060    20.994 r  u_divider/out_res_reg[30]_i_485__0/CO[3]
                         net (fo=1, routed)           0.000    20.994    u_divider/out_res_reg[30]_i_485__0_n_0
    SLICE_X0Y35          CARRY4 (Prop_carry4_CI_CO[3])
                                                      0.060    21.054 r  u_divider/out_res_reg[30]_i_482__0/CO[3]
                         net (fo=1, routed)           0.000    21.054    u_divider/out_res_reg[30]_i_482__0_n_0
    SLICE_X0Y36          CARRY4 (Prop_carry4_CI_CO[1])
                                                      0.093    21.147 r  u_divider/out_res_reg[30]_i_481__0/CO[1]
                         net (fo=27, routed)          1.087    22.234    u_divider/out_res_reg[30]_i_481__0_n_2
    SLICE_X1Y31          LUT3 (Prop_lut3_I0_O)        0.153    22.387 r  u_divider/out_res[30]_i_508__0/O
                         net (fo=1, routed)           0.000    22.387    u_divider/out_res[30]_i_508__0_n_0
    SLICE_X1Y31          CARRY4 (Prop_carry4_S[1]_CO[3])
                                                      0.324    22.711 r  u_divider/out_res_reg[30]_i_468__0/CO[3]
                         net (fo=1, routed)           0.000    22.711    u_divider/out_res_reg[30]_i_468__0_n_0
    SLICE_X1Y32          CARRY4 (Prop_carry4_CI_CO[3])
                                                      0.058    22.769 r  u_divider/out_res_reg[30]_i_463__0/CO[3]
                         net (fo=1, routed)           0.000    22.769    u_divider/out_res_reg[30]_i_463__0_n_0
    SLICE_X1Y33          CARRY4 (Prop_carry4_CI_CO[3])
                                                      0.058    22.827 r  u_divider/out_res_reg[30]_i_458__0/CO[3]
                         net (fo=1, routed)           0.000    22.827    u_divider/out_res_reg[30]_i_458__0_n_0
    SLICE_X1Y34          CARRY4 (Prop_carry4_CI_CO[3])
                                                      0.058    22.885 r  u_divider/out_res_reg[30]_i_453__0/CO[3]
                         net (fo=1, routed)           0.000    22.885    u_divider/out_res_reg[30]_i_453__0_n_0
    SLICE_X1Y35          CARRY4 (Prop_carry4_CI_CO[3])
                                                      0.058    22.943 r  u_divider/out_res_reg[30]_i_450__0/CO[3]
                         net (fo=1, routed)           0.000    22.943    u_divider/out_res_reg[30]_i_450__0_n_0
    SLICE_X1Y36          CARRY4 (Prop_carry4_CI_CO[1])
                                                      0.094    23.037 r  u_divider/out_res_reg[30]_i_449__0/CO[1]
                         net (fo=27, routed)          1.202    24.239    dut/core1/mem_wb/u_divider/out_res_reg[30]_i_441__0[0]
    SLICE_X3Y30          LUT3 (Prop_lut3_I0_O)        0.152    24.391 r  dut/core1/mem_wb/u_divider/out_res[30]_i_480__0/O
                         net (fo=1, routed)           0.000    24.391    dut_n_2171
    SLICE_X3Y30          CARRY4 (Prop_carry4_S[1]_CO[3])
                                                      0.324    24.715 r  u_divider/out_res_reg[30]_i_441__0/CO[3]
                         net (fo=1, routed)           0.000    24.715    u_divider/out_res_reg[30]_i_441__0_n_0
    SLICE_X3Y31          CARRY4 (Prop_carry4_CI_CO[3])
                                                      0.058    24.773 r  u_divider/out_res_reg[30]_i_436__0/CO[3]
                         net (fo=1, routed)           0.000    24.773    u_divider/out_res_reg[30]_i_436__0_n_0
    SLICE_X3Y32          CARRY4 (Prop_carry4_CI_CO[3])
                                                      0.058    24.831 r  u_divider/out_res_reg[30]_i_431__0/CO[3]
                         net (fo=1, routed)           0.000    24.831    u_divider/out_res_reg[30]_i_431__0_n_0
    SLICE_X3Y33          CARRY4 (Prop_carry4_CI_CO[3])
                                                      0.058    24.889 r  u_divider/out_res_reg[30]_i_426__0/CO[3]
                         net (fo=1, routed)           0.000    24.889    u_divider/out_res_reg[30]_i_426__0_n_0
    SLICE_X3Y34          CARRY4 (Prop_carry4_CI_CO[3])
                                                      0.058    24.947 r  u_divider/out_res_reg[30]_i_421__0/CO[3]
                         net (fo=1, routed)           0.000    24.947    u_divider/out_res_reg[30]_i_421__0_n_0
    SLICE_X3Y35          CARRY4 (Prop_carry4_CI_CO[3])
                                                      0.058    25.005 r  u_divider/out_res_reg[30]_i_418__0/CO[3]
                         net (fo=1, routed)           0.000    25.005    u_divider/out_res_reg[30]_i_418__0_n_0
    SLICE_X3Y36          CARRY4 (Prop_carry4_CI_CO[1])
                                                      0.094    25.099 r  u_divider/out_res_reg[30]_i_417__0/CO[1]
                         net (fo=27, routed)          0.815    25.914    dut/core1/mem_wb/u_divider/out_res_reg[30]_i_409__0[0]
    SLICE_X2Y37          LUT3 (Prop_lut3_I0_O)        0.152    26.066 r  dut/core1/mem_wb/u_divider/out_res[30]_i_448__0/O
                         net (fo=1, routed)           0.000    26.066    dut_n_2172
    SLICE_X2Y37          CARRY4 (Prop_carry4_S[1]_CO[3])
                                                      0.310    26.376 r  u_divider/out_res_reg[30]_i_409__0/CO[3]
                         net (fo=1, routed)           0.000    26.376    u_divider/out_res_reg[30]_i_409__0_n_0
    SLICE_X2Y38          CARRY4 (Prop_carry4_CI_CO[3])
                                                      0.060    26.436 r  u_divider/out_res_reg[30]_i_404__0/CO[3]
                         net (fo=1, routed)           0.000    26.436    u_divider/out_res_reg[30]_i_404__0_n_0
    SLICE_X2Y39          CARRY4 (Prop_carry4_CI_CO[3])
                                                      0.060    26.496 r  u_divider/out_res_reg[30]_i_399__0/CO[3]
                         net (fo=1, routed)           0.000    26.496    u_divider/out_res_reg[30]_i_399__0_n_0
    SLICE_X2Y40          CARRY4 (Prop_carry4_CI_CO[3])
                                                      0.060    26.556 r  u_divider/out_res_reg[30]_i_394__0/CO[3]
                         net (fo=1, routed)           0.000    26.556    u_divider/out_res_reg[30]_i_394__0_n_0
    SLICE_X2Y41          CARRY4 (Prop_carry4_CI_CO[3])
                                                      0.060    26.616 r  u_divider/out_res_reg[30]_i_389__0/CO[3]
                         net (fo=1, routed)           0.000    26.616    u_divider/out_res_reg[30]_i_389__0_n_0
    SLICE_X2Y42          CARRY4 (Prop_carry4_CI_CO[3])
                                                      0.060    26.676 r  u_divider/out_res_reg[30]_i_386__0/CO[3]
                         net (fo=1, routed)           0.000    26.676    u_divider/out_res_reg[30]_i_386__0_n_0
    SLICE_X2Y43          CARRY4 (Prop_carry4_CI_CO[1])
                                                      0.093    26.769 r  u_divider/out_res_reg[30]_i_385__0/CO[1]
                         net (fo=27, routed)          1.232    28.001    u_divider/out_res_reg[30]_i_385__0_n_2
    SLICE_X3Y37          LUT3 (Prop_lut3_I0_O)        0.153    28.154 r  u_divider/out_res[30]_i_414__0/O
                         net (fo=1, routed)           0.000    28.154    u_divider/out_res[30]_i_414__0_n_0
    SLICE_X3Y37          CARRY4 (Prop_carry4_S[3]_CO[3])
                                                      0.233    28.387 r  u_divider/out_res_reg[30]_i_377__0/CO[3]
                         net (fo=1, routed)           0.000    28.387    u_divider/out_res_reg[30]_i_377__0_n_0
    SLICE_X3Y38          CARRY4 (Prop_carry4_CI_CO[3])
                                                      0.058    28.445 r  u_divider/out_res_reg[30]_i_372__0/CO[3]
                         net (fo=1, routed)           0.000    28.445    u_divider/out_res_reg[30]_i_372__0_n_0
    SLICE_X3Y39          CARRY4 (Prop_carry4_CI_CO[3])
                                                      0.058    28.503 r  u_divider/out_res_reg[30]_i_367__0/CO[3]
                         net (fo=1, routed)           0.000    28.503    u_divider/out_res_reg[30]_i_367__0_n_0
    SLICE_X3Y40          CARRY4 (Prop_carry4_CI_CO[3])
                                                      0.058    28.561 r  u_divider/out_res_reg[30]_i_362__0/CO[3]
                         net (fo=1, routed)           0.000    28.561    u_divider/out_res_reg[30]_i_362__0_n_0
    SLICE_X3Y41          CARRY4 (Prop_carry4_CI_CO[3])
                                                      0.058    28.619 r  u_divider/out_res_reg[30]_i_357__0/CO[3]
                         net (fo=1, routed)           0.000    28.619    u_divider/out_res_reg[30]_i_357__0_n_0
    SLICE_X3Y42          CARRY4 (Prop_carry4_CI_CO[3])
                                                      0.058    28.677 r  u_divider/out_res_reg[30]_i_354__0/CO[3]
                         net (fo=1, routed)           0.000    28.677    u_divider/out_res_reg[30]_i_354__0_n_0
    SLICE_X3Y43          CARRY4 (Prop_carry4_CI_CO[1])
                                                      0.094    28.771 r  u_divider/out_res_reg[30]_i_353__0/CO[1]
                         net (fo=27, routed)          1.389    30.160    dut/core1/mem_wb/u_divider/out_res_reg[30]_i_344__0[0]
    SLICE_X4Y33          LUT3 (Prop_lut3_I0_O)        0.152    30.312 r  dut/core1/mem_wb/u_divider/out_res[30]_i_384__0/O
                         net (fo=1, routed)           0.000    30.312    dut_n_2174
    SLICE_X4Y33          CARRY4 (Prop_carry4_S[1]_CO[3])
                                                      0.310    30.622 r  u_divider/out_res_reg[30]_i_344__0/CO[3]
                         net (fo=1, routed)           0.000    30.622    u_divider/out_res_reg[30]_i_344__0_n_0
    SLICE_X4Y34          CARRY4 (Prop_carry4_CI_CO[3])
                                                      0.060    30.682 r  u_divider/out_res_reg[30]_i_339__0/CO[3]
                         net (fo=1, routed)           0.000    30.682    u_divider/out_res_reg[30]_i_339__0_n_0
    SLICE_X4Y35          CARRY4 (Prop_carry4_CI_CO[3])
                                                      0.060    30.742 r  u_divider/out_res_reg[30]_i_334__0/CO[3]
                         net (fo=1, routed)           0.000    30.742    u_divider/out_res_reg[30]_i_334__0_n_0
    SLICE_X4Y36          CARRY4 (Prop_carry4_CI_CO[3])
                                                      0.060    30.802 r  u_divider/out_res_reg[30]_i_329__0/CO[3]
                         net (fo=1, routed)           0.000    30.802    u_divider/out_res_reg[30]_i_329__0_n_0
    SLICE_X4Y37          CARRY4 (Prop_carry4_CI_CO[3])
                                                      0.060    30.862 r  u_divider/out_res_reg[30]_i_324__0/CO[3]
                         net (fo=1, routed)           0.000    30.862    u_divider/out_res_reg[30]_i_324__0_n_0
    SLICE_X4Y38          CARRY4 (Prop_carry4_CI_CO[3])
                                                      0.060    30.922 r  u_divider/out_res_reg[30]_i_321__0/CO[3]
                         net (fo=1, routed)           0.000    30.922    u_divider/out_res_reg[30]_i_321__0_n_0
    SLICE_X4Y39          CARRY4 (Prop_carry4_CI_CO[1])
                                                      0.093    31.015 r  u_divider/out_res_reg[30]_i_320__0/CO[1]
                         net (fo=27, routed)          1.261    32.276    dut/core1/mem_wb/u_divider/out_res_reg[30]_i_311__0[0]
    SLICE_X7Y32          LUT3 (Prop_lut3_I0_O)        0.153    32.429 r  dut/core1/mem_wb/u_divider/out_res[30]_i_351__0/O
                         net (fo=1, routed)           0.000    32.429    dut_n_2175
    SLICE_X7Y32          CARRY4 (Prop_carry4_S[1]_CO[3])
                                                      0.324    32.753 r  u_divider/out_res_reg[30]_i_311__0/CO[3]
                         net (fo=1, routed)           0.000    32.753    u_divider/out_res_reg[30]_i_311__0_n_0
    SLICE_X7Y33          CARRY4 (Prop_carry4_CI_CO[3])
                                                      0.058    32.811 r  u_divider/out_res_reg[30]_i_306__0/CO[3]
                         net (fo=1, routed)           0.000    32.811    u_divider/out_res_reg[30]_i_306__0_n_0
    SLICE_X7Y34          CARRY4 (Prop_carry4_CI_CO[3])
                                                      0.058    32.869 r  u_divider/out_res_reg[30]_i_301__0/CO[3]
                         net (fo=1, routed)           0.000    32.869    u_divider/out_res_reg[30]_i_301__0_n_0
    SLICE_X7Y35          CARRY4 (Prop_carry4_CI_CO[3])
                                                      0.058    32.927 r  u_divider/out_res_reg[30]_i_296__0/CO[3]
                         net (fo=1, routed)           0.000    32.927    u_divider/out_res_reg[30]_i_296__0_n_0
    SLICE_X7Y36          CARRY4 (Prop_carry4_CI_CO[3])
                                                      0.058    32.985 r  u_divider/out_res_reg[30]_i_291__0/CO[3]
                         net (fo=1, routed)           0.000    32.985    u_divider/out_res_reg[30]_i_291__0_n_0
    SLICE_X7Y37          CARRY4 (Prop_carry4_CI_CO[3])
                                                      0.058    33.043 r  u_divider/out_res_reg[30]_i_288__0/CO[3]
                         net (fo=1, routed)           0.000    33.043    u_divider/out_res_reg[30]_i_288__0_n_0
    SLICE_X7Y38          CARRY4 (Prop_carry4_CI_CO[1])
                                                      0.094    33.137 r  u_divider/out_res_reg[30]_i_287__0/CO[1]
                         net (fo=27, routed)          1.425    34.562    dut/core1/mem_wb/u_divider/out_res_reg[30]_i_278__0[0]
    SLICE_X11Y32         LUT3 (Prop_lut3_I0_O)        0.152    34.714 r  dut/core1/mem_wb/u_divider/out_res[30]_i_318__0/O
                         net (fo=1, routed)           0.000    34.714    dut_n_2176
    SLICE_X11Y32         CARRY4 (Prop_carry4_S[1]_CO[3])
                                                      0.324    35.038 r  u_divider/out_res_reg[30]_i_278__0/CO[3]
                         net (fo=1, routed)           0.000    35.038    u_divider/out_res_reg[30]_i_278__0_n_0
    SLICE_X11Y33         CARRY4 (Prop_carry4_CI_CO[3])
                                                      0.058    35.096 r  u_divider/out_res_reg[30]_i_273__0/CO[3]
                         net (fo=1, routed)           0.000    35.096    u_divider/out_res_reg[30]_i_273__0_n_0
    SLICE_X11Y34         CARRY4 (Prop_carry4_CI_CO[3])
                                                      0.058    35.154 r  u_divider/out_res_reg[30]_i_268__0/CO[3]
                         net (fo=1, routed)           0.000    35.154    u_divider/out_res_reg[30]_i_268__0_n_0
    SLICE_X11Y35         CARRY4 (Prop_carry4_CI_CO[3])
                                                      0.058    35.212 r  u_divider/out_res_reg[30]_i_263__0/CO[3]
                         net (fo=1, routed)           0.000    35.212    u_divider/out_res_reg[30]_i_263__0_n_0
    SLICE_X11Y36         CARRY4 (Prop_carry4_CI_CO[3])
                                                      0.058    35.270 r  u_divider/out_res_reg[30]_i_258__0/CO[3]
                         net (fo=1, routed)           0.000    35.270    u_divider/out_res_reg[30]_i_258__0_n_0
    SLICE_X11Y37         CARRY4 (Prop_carry4_CI_CO[3])
                                                      0.058    35.328 r  u_divider/out_res_reg[30]_i_255__0/CO[3]
                         net (fo=1, routed)           0.000    35.328    u_divider/out_res_reg[30]_i_255__0_n_0
    SLICE_X11Y38         CARRY4 (Prop_carry4_CI_CO[1])
                                                      0.094    35.422 r  u_divider/out_res_reg[30]_i_254__0/CO[1]
                         net (fo=27, routed)          1.201    36.623    u_divider/out_res_reg[30]_i_254__0_n_2
    SLICE_X15Y32         LUT3 (Prop_lut3_I0_O)        0.152    36.775 r  u_divider/out_res[30]_i_284__0/O
                         net (fo=1, routed)           0.000    36.775    u_divider/out_res[30]_i_284__0_n_0
    SLICE_X15Y32         CARRY4 (Prop_carry4_S[2]_CO[3])
                                                      0.235    37.010 r  u_divider/out_res_reg[30]_i_245__0/CO[3]
                         net (fo=1, routed)           0.000    37.010    u_divider/out_res_reg[30]_i_245__0_n_0
    SLICE_X15Y33         CARRY4 (Prop_carry4_CI_CO[3])
                                                      0.058    37.068 r  u_divider/out_res_reg[30]_i_240__0/CO[3]
                         net (fo=1, routed)           0.000    37.068    u_divider/out_res_reg[30]_i_240__0_n_0
    SLICE_X15Y34         CARRY4 (Prop_carry4_CI_CO[3])
                                                      0.058    37.126 r  u_divider/out_res_reg[30]_i_235__0/CO[3]
                         net (fo=1, routed)           0.000    37.126    u_divider/out_res_reg[30]_i_235__0_n_0
    SLICE_X15Y35         CARRY4 (Prop_carry4_CI_CO[3])
                                                      0.058    37.184 r  u_divider/out_res_reg[30]_i_230__0/CO[3]
                         net (fo=1, routed)           0.000    37.184    u_divider/out_res_reg[30]_i_230__0_n_0
    SLICE_X15Y36         CARRY4 (Prop_carry4_CI_CO[3])
                                                      0.058    37.242 r  u_divider/out_res_reg[30]_i_225__0/CO[3]
                         net (fo=1, routed)           0.000    37.242    u_divider/out_res_reg[30]_i_225__0_n_0
    SLICE_X15Y37         CARRY4 (Prop_carry4_CI_CO[3])
                                                      0.058    37.300 r  u_divider/out_res_reg[30]_i_222__0/CO[3]
                         net (fo=1, routed)           0.000    37.300    u_divider/out_res_reg[30]_i_222__0_n_0
    SLICE_X15Y38         CARRY4 (Prop_carry4_CI_CO[1])
                                                      0.094    37.394 r  u_divider/out_res_reg[30]_i_221__0/CO[1]
                         net (fo=27, routed)          1.155    38.548    u_divider/out_res_reg[30]_i_221__0_n_2
    SLICE_X15Y42         LUT3 (Prop_lut3_I0_O)        0.152    38.700 r  u_divider/out_res[30]_i_237__0/O
                         net (fo=1, routed)           0.000    38.700    u_divider/out_res[30]_i_237__0_n_0
    SLICE_X15Y42         CARRY4 (Prop_carry4_S[2]_CO[3])
                                                      0.235    38.935 r  u_divider/out_res_reg[30]_i_197__0/CO[3]
                         net (fo=1, routed)           0.000    38.935    u_divider/out_res_reg[30]_i_197__0_n_0
    SLICE_X15Y43         CARRY4 (Prop_carry4_CI_CO[3])
                                                      0.058    38.993 r  u_divider/out_res_reg[30]_i_192__0/CO[3]
                         net (fo=1, routed)           0.000    38.993    u_divider/out_res_reg[30]_i_192__0_n_0
    SLICE_X15Y44         CARRY4 (Prop_carry4_CI_CO[3])
                                                      0.058    39.051 r  u_divider/out_res_reg[30]_i_189__0/CO[3]
                         net (fo=1, routed)           0.000    39.051    u_divider/out_res_reg[30]_i_189__0_n_0
    SLICE_X15Y45         CARRY4 (Prop_carry4_CI_CO[1])
                                                      0.094    39.145 r  u_divider/out_res_reg[30]_i_188__0/CO[1]
                         net (fo=27, routed)          1.816    40.961    u_divider/out_res_reg[30]_i_188__0_n_2
    SLICE_X11Y39         LUT3 (Prop_lut3_I0_O)        0.152    41.113 r  u_divider/out_res[30]_i_218__0/O
                         net (fo=1, routed)           0.000    41.113    u_divider/out_res[30]_i_218__0_n_0
    SLICE_X11Y39         CARRY4 (Prop_carry4_S[2]_CO[3])
                                                      0.235    41.348 r  u_divider/out_res_reg[30]_i_179__0/CO[3]
                         net (fo=1, routed)           0.000    41.348    u_divider/out_res_reg[30]_i_179__0_n_0
    SLICE_X11Y40         CARRY4 (Prop_carry4_CI_CO[3])
                                                      0.058    41.406 r  u_divider/out_res_reg[30]_i_174__0/CO[3]
                         net (fo=1, routed)           0.000    41.406    u_divider/out_res_reg[30]_i_174__0_n_0
    SLICE_X11Y41         CARRY4 (Prop_carry4_CI_CO[3])
                                                      0.058    41.464 r  u_divider/out_res_reg[30]_i_169__0/CO[3]
                         net (fo=1, routed)           0.000    41.464    u_divider/out_res_reg[30]_i_169__0_n_0
    SLICE_X11Y42         CARRY4 (Prop_carry4_CI_CO[3])
                                                      0.058    41.522 r  u_divider/out_res_reg[30]_i_164__0/CO[3]
                         net (fo=1, routed)           0.000    41.522    u_divider/out_res_reg[30]_i_164__0_n_0
    SLICE_X11Y43         CARRY4 (Prop_carry4_CI_CO[3])
                                                      0.058    41.580 r  u_divider/out_res_reg[30]_i_159__0/CO[3]
                         net (fo=1, routed)           0.000    41.580    u_divider/out_res_reg[30]_i_159__0_n_0
    SLICE_X11Y44         CARRY4 (Prop_carry4_CI_CO[3])
                                                      0.058    41.638 r  u_divider/out_res_reg[30]_i_156__0/CO[3]
                         net (fo=1, routed)           0.000    41.638    u_divider/out_res_reg[30]_i_156__0_n_0
    SLICE_X11Y45         CARRY4 (Prop_carry4_CI_CO[1])
                                                      0.094    41.732 r  u_divider/out_res_reg[30]_i_155__0/CO[1]
                         net (fo=27, routed)          1.479    43.211    u_divider/out_res_reg[30]_i_155__0_n_2
    SLICE_X9Y39          LUT3 (Prop_lut3_I0_O)        0.152    43.363 r  u_divider/out_res[30]_i_185__0/O
                         net (fo=1, routed)           0.000    43.363    u_divider/out_res[30]_i_185__0_n_0
    SLICE_X9Y39          CARRY4 (Prop_carry4_S[2]_CO[3])
                                                      0.235    43.598 r  u_divider/out_res_reg[30]_i_146__0/CO[3]
                         net (fo=1, routed)           0.000    43.598    u_divider/out_res_reg[30]_i_146__0_n_0
    SLICE_X9Y40          CARRY4 (Prop_carry4_CI_CO[3])
                                                      0.058    43.656 r  u_divider/out_res_reg[30]_i_141__0/CO[3]
                         net (fo=1, routed)           0.000    43.656    u_divider/out_res_reg[30]_i_141__0_n_0
    SLICE_X9Y41          CARRY4 (Prop_carry4_CI_CO[3])
                                                      0.058    43.714 r  u_divider/out_res_reg[30]_i_136__0/CO[3]
                         net (fo=1, routed)           0.000    43.714    u_divider/out_res_reg[30]_i_136__0_n_0
    SLICE_X9Y42          CARRY4 (Prop_carry4_CI_CO[3])
                                                      0.058    43.772 r  u_divider/out_res_reg[30]_i_131__0/CO[3]
                         net (fo=1, routed)           0.000    43.772    u_divider/out_res_reg[30]_i_131__0_n_0
    SLICE_X9Y43          CARRY4 (Prop_carry4_CI_CO[3])
                                                      0.058    43.830 r  u_divider/out_res_reg[30]_i_126__0/CO[3]
                         net (fo=1, routed)           0.000    43.830    u_divider/out_res_reg[30]_i_126__0_n_0
    SLICE_X9Y44          CARRY4 (Prop_carry4_CI_CO[3])
                                                      0.058    43.888 r  u_divider/out_res_reg[30]_i_123__0/CO[3]
                         net (fo=1, routed)           0.000    43.888    u_divider/out_res_reg[30]_i_123__0_n_0
    SLICE_X9Y45          CARRY4 (Prop_carry4_CI_CO[1])
                                                      0.094    43.982 r  u_divider/out_res_reg[30]_i_122__0/CO[1]
                         net (fo=27, routed)          1.441    45.424    u_divider/out_res_reg[30]_i_122__0_n_2
    SLICE_X13Y52         LUT2 (Prop_lut2_I0_O)        0.152    45.576 r  u_divider/out_res[30]_i_124__0/O
                         net (fo=1, routed)           0.000    45.576    u_divider/out_res[30]_i_124__0_n_0
    SLICE_X13Y52         CARRY4 (Prop_carry4_S[1]_CO[1])
                                                      0.302    45.878 r  u_divider/out_res_reg[30]_i_92__0/CO[1]
                         net (fo=27, routed)          1.310    47.187    dut/core1/mem_wb/u_divider/i__carry_i_124__0[0]
    SLICE_X13Y39         LUT3 (Prop_lut3_I0_O)        0.152    47.339 r  dut/core1/mem_wb/u_divider/i__carry_i_149__0/O
                         net (fo=1, routed)           0.000    47.339    dut_n_2182
    SLICE_X13Y39         CARRY4 (Prop_carry4_S[1]_CO[3])
                                                      0.324    47.663 r  u_divider/i__carry_i_124__0/CO[3]
                         net (fo=1, routed)           0.000    47.663    u_divider/i__carry_i_124__0_n_0
    SLICE_X13Y40         CARRY4 (Prop_carry4_CI_CO[3])
                                                      0.058    47.721 r  u_divider/out_res_reg[30]_i_86__0/CO[3]
                         net (fo=1, routed)           0.000    47.721    u_divider/out_res_reg[30]_i_86__0_n_0
    SLICE_X13Y41         CARRY4 (Prop_carry4_CI_CO[3])
                                                      0.058    47.779 r  u_divider/out_res_reg[30]_i_81__0/CO[3]
                         net (fo=1, routed)           0.000    47.779    u_divider/out_res_reg[30]_i_81__0_n_0
    SLICE_X13Y42         CARRY4 (Prop_carry4_CI_CO[3])
                                                      0.058    47.837 r  u_divider/out_res_reg[30]_i_76__0/CO[3]
                         net (fo=1, routed)           0.000    47.837    u_divider/out_res_reg[30]_i_76__0_n_0
    SLICE_X13Y43         CARRY4 (Prop_carry4_CI_CO[3])
                                                      0.058    47.895 r  u_divider/out_res_reg[30]_i_71__0/CO[3]
                         net (fo=1, routed)           0.000    47.895    u_divider/out_res_reg[30]_i_71__0_n_0
    SLICE_X13Y44         CARRY4 (Prop_carry4_CI_CO[3])
                                                      0.058    47.953 r  u_divider/out_res_reg[30]_i_68__0/CO[3]
                         net (fo=1, routed)           0.000    47.953    u_divider/out_res_reg[30]_i_68__0_n_0
    SLICE_X13Y45         CARRY4 (Prop_carry4_CI_CO[1])
                                                      0.094    48.047 r  u_divider/out_res_reg[30]_i_67__0/CO[1]
                         net (fo=27, routed)          1.406    49.453    u_divider/out_res_reg[30]_i_67__0_n_2
    SLICE_X19Y39         LUT3 (Prop_lut3_I0_O)        0.152    49.605 r  u_divider/i__carry_i_145__0/O
                         net (fo=1, routed)           0.000    49.605    u_divider/i__carry_i_145__0_n_0
    SLICE_X19Y39         CARRY4 (Prop_carry4_S[2]_CO[3])
                                                      0.235    49.840 r  u_divider/i__carry_i_119__0/CO[3]
                         net (fo=1, routed)           0.000    49.840    u_divider/i__carry_i_119__0_n_0
    SLICE_X19Y40         CARRY4 (Prop_carry4_CI_CO[3])
                                                      0.058    49.898 r  u_divider/i__carry_i_93__0/CO[3]
                         net (fo=1, routed)           0.000    49.898    u_divider/i__carry_i_93__0_n_0
    SLICE_X19Y41         CARRY4 (Prop_carry4_CI_CO[3])
                                                      0.058    49.956 r  u_divider/out_res_reg[30]_i_61__0/CO[3]
                         net (fo=1, routed)           0.000    49.956    u_divider/out_res_reg[30]_i_61__0_n_0
    SLICE_X19Y42         CARRY4 (Prop_carry4_CI_CO[3])
                                                      0.058    50.014 r  u_divider/out_res_reg[30]_i_56__0/CO[3]
                         net (fo=1, routed)           0.000    50.014    u_divider/out_res_reg[30]_i_56__0_n_0
    SLICE_X19Y43         CARRY4 (Prop_carry4_CI_CO[3])
                                                      0.058    50.072 r  u_divider/out_res_reg[30]_i_51__0/CO[3]
                         net (fo=1, routed)           0.000    50.072    u_divider/out_res_reg[30]_i_51__0_n_0
    SLICE_X19Y44         CARRY4 (Prop_carry4_CI_CO[3])
                                                      0.058    50.130 r  u_divider/out_res_reg[30]_i_48__0/CO[3]
                         net (fo=1, routed)           0.000    50.130    u_divider/out_res_reg[30]_i_48__0_n_0
    SLICE_X19Y45         CARRY4 (Prop_carry4_CI_CO[1])
                                                      0.094    50.224 r  u_divider/out_res_reg[30]_i_47__0/CO[1]
                         net (fo=27, routed)          1.431    51.655    u_divider/out_res_reg[30]_i_47__0_n_2
    SLICE_X17Y39         LUT3 (Prop_lut3_I0_O)        0.152    51.807 r  u_divider/i__carry_i_141__0/O
                         net (fo=1, routed)           0.000    51.807    u_divider/i__carry_i_141__0_n_0
    SLICE_X17Y39         CARRY4 (Prop_carry4_S[3]_CO[3])
                                                      0.233    52.040 r  u_divider/i__carry_i_114__0/CO[3]
                         net (fo=1, routed)           0.000    52.040    u_divider/i__carry_i_114__0_n_0
    SLICE_X17Y40         CARRY4 (Prop_carry4_CI_CO[3])
                                                      0.058    52.098 r  u_divider/i__carry_i_88__0/CO[3]
                         net (fo=1, routed)           0.000    52.098    u_divider/i__carry_i_88__0_n_0
    SLICE_X17Y41         CARRY4 (Prop_carry4_CI_CO[3])
                                                      0.058    52.156 r  u_divider/i__carry_i_67__0/CO[3]
                         net (fo=1, routed)           0.000    52.156    u_divider/i__carry_i_67__0_n_0
    SLICE_X17Y42         CARRY4 (Prop_carry4_CI_CO[3])
                                                      0.058    52.214 r  u_divider/out_res_reg[30]_i_41__0/CO[3]
                         net (fo=1, routed)           0.000    52.214    u_divider/out_res_reg[30]_i_41__0_n_0
    SLICE_X17Y43         CARRY4 (Prop_carry4_CI_CO[3])
                                                      0.058    52.272 r  u_divider/out_res_reg[30]_i_36__0/CO[3]
                         net (fo=1, routed)           0.000    52.272    u_divider/out_res_reg[30]_i_36__0_n_0
    SLICE_X17Y44         CARRY4 (Prop_carry4_CI_CO[3])
                                                      0.058    52.330 r  u_divider/out_res_reg[30]_i_33__0/CO[3]
                         net (fo=1, routed)           0.000    52.330    u_divider/out_res_reg[30]_i_33__0_n_0
    SLICE_X17Y45         CARRY4 (Prop_carry4_CI_CO[1])
                                                      0.094    52.424 r  u_divider/out_res_reg[30]_i_32__0/CO[1]
                         net (fo=27, routed)          1.557    53.981    u_divider/out_res_reg[30]_i_32__0_n_2
    SLICE_X17Y49         LUT3 (Prop_lut3_I0_O)        0.152    54.133 r  u_divider/i__carry_i_71__0/O
                         net (fo=1, routed)           0.000    54.133    u_divider/i__carry_i_71__0_n_0
    SLICE_X17Y49         CARRY4 (Prop_carry4_S[0]_CO[3])
                                                      0.313    54.446 r  u_divider/i__carry_i_46__0/CO[3]
                         net (fo=1, routed)           0.001    54.447    u_divider/i__carry_i_46__0_n_0
    SLICE_X17Y50         CARRY4 (Prop_carry4_CI_CO[3])
                                                      0.058    54.505 r  u_divider/out_res_reg[30]_i_26__0/CO[3]
                         net (fo=1, routed)           0.000    54.505    u_divider/out_res_reg[30]_i_26__0_n_0
    SLICE_X17Y51         CARRY4 (Prop_carry4_CI_CO[3])
                                                      0.058    54.563 r  u_divider/out_res_reg[30]_i_23__0/CO[3]
                         net (fo=1, routed)           0.000    54.563    u_divider/out_res_reg[30]_i_23__0_n_0
    SLICE_X17Y52         CARRY4 (Prop_carry4_CI_CO[1])
                                                      0.094    54.657 r  u_divider/out_res_reg[30]_i_22__0/CO[1]
                         net (fo=27, routed)          1.116    55.773    dut/core1/mem_wb/u_divider/i__carry_i_104__0[0]
    SLICE_X19Y46         LUT3 (Prop_lut3_I0_O)        0.152    55.925 r  dut/core1/mem_wb/u_divider/i__carry_i_137__0/O
                         net (fo=1, routed)           0.000    55.925    dut_n_2186
    SLICE_X19Y46         CARRY4 (Prop_carry4_S[1]_CO[3])
                                                      0.324    56.249 r  u_divider/i__carry_i_104__0/CO[3]
                         net (fo=1, routed)           0.000    56.249    u_divider/i__carry_i_104__0_n_0
    SLICE_X19Y47         CARRY4 (Prop_carry4_CI_CO[3])
                                                      0.058    56.307 r  u_divider/i__carry_i_78__0/CO[3]
                         net (fo=1, routed)           0.000    56.307    u_divider/i__carry_i_78__0_n_0
    SLICE_X19Y48         CARRY4 (Prop_carry4_CI_CO[3])
                                                      0.058    56.365 r  u_divider/i__carry_i_57__0/CO[3]
                         net (fo=1, routed)           0.000    56.365    u_divider/i__carry_i_57__0_n_0
    SLICE_X19Y49         CARRY4 (Prop_carry4_CI_CO[3])
                                                      0.058    56.423 r  u_divider/i__carry_i_41__0/CO[3]
                         net (fo=1, routed)           0.001    56.424    u_divider/i__carry_i_41__0_n_0
    SLICE_X19Y50         CARRY4 (Prop_carry4_CI_CO[3])
                                                      0.058    56.482 r  u_divider/i__carry_i_30__0/CO[3]
                         net (fo=1, routed)           0.000    56.482    u_divider/i__carry_i_30__0_n_0
    SLICE_X19Y51         CARRY4 (Prop_carry4_CI_CO[3])
                                                      0.058    56.540 r  u_divider/out_res_reg[30]_i_15__0/CO[3]
                         net (fo=1, routed)           0.000    56.540    u_divider/out_res_reg[30]_i_15__0_n_0
    SLICE_X19Y52         CARRY4 (Prop_carry4_CI_CO[1])
                                                      0.094    56.634 r  u_divider/out_res_reg[30]_i_14__0/CO[1]
                         net (fo=27, routed)          1.191    57.825    dut/core1/mem_wb/u_divider/i__carry_i_99__0[0]
    SLICE_X21Y46         LUT3 (Prop_lut3_I0_O)        0.152    57.977 r  dut/core1/mem_wb/u_divider/i__carry_i_134__0/O
                         net (fo=1, routed)           0.000    57.977    dut_n_2187
    SLICE_X21Y46         CARRY4 (Prop_carry4_S[1]_CO[3])
                                                      0.324    58.301 r  u_divider/i__carry_i_99__0/CO[3]
                         net (fo=1, routed)           0.000    58.301    u_divider/i__carry_i_99__0_n_0
    SLICE_X21Y47         CARRY4 (Prop_carry4_CI_CO[3])
                                                      0.058    58.359 r  u_divider/i__carry_i_73__0/CO[3]
                         net (fo=1, routed)           0.000    58.359    u_divider/i__carry_i_73__0_n_0
    SLICE_X21Y48         CARRY4 (Prop_carry4_CI_CO[3])
                                                      0.058    58.417 r  u_divider/i__carry_i_52__0/CO[3]
                         net (fo=1, routed)           0.000    58.417    u_divider/i__carry_i_52__0_n_0
    SLICE_X21Y49         CARRY4 (Prop_carry4_CI_CO[3])
                                                      0.058    58.475 r  u_divider/i__carry_i_36__0/CO[3]
                         net (fo=1, routed)           0.001    58.476    u_divider/i__carry_i_36__0_n_0
    SLICE_X21Y50         CARRY4 (Prop_carry4_CI_CO[3])
                                                      0.058    58.534 r  u_divider/i__carry_i_25__0/CO[3]
                         net (fo=1, routed)           0.000    58.534    u_divider/i__carry_i_25__0_n_0
    SLICE_X21Y51         CARRY4 (Prop_carry4_CI_CO[3])
                                                      0.058    58.592 r  u_divider/i__carry_i_15__0/CO[3]
                         net (fo=1, routed)           0.000    58.592    u_divider/i__carry_i_15__0_n_0
    SLICE_X21Y52         CARRY4 (Prop_carry4_CI_CO[1])
                                                      0.094    58.686 r  u_divider/out_res_reg[30]_i_8__0/CO[1]
                         net (fo=70, routed)          1.150    59.835    u_divider/out_res_reg[30]_i_8__0_n_2
    SLICE_X21Y58         LUT3 (Prop_lut3_I0_O)        0.152    59.987 r  u_divider/i__carry_i_28__0/O
                         net (fo=1, routed)           0.000    59.987    u_divider/i__carry_i_28__0_n_0
    SLICE_X21Y58         CARRY4 (Prop_carry4_S[1]_CO[3])
                                                      0.324    60.311 r  u_divider/i__carry_i_14__0/CO[3]
                         net (fo=1, routed)           0.000    60.311    u_divider/i__carry_i_14__0_n_0
    SLICE_X21Y59         CARRY4 (Prop_carry4_CI_CO[1])
                                                      0.094    60.405 r  u_divider/i__carry_i_11__0/CO[1]
                         net (fo=39, routed)          1.221    61.627    dut/core1/mem_wb/u_divider/out_res_reg[21]_i_35__0[0]
    SLICE_X20Y53         LUT2 (Prop_lut2_I1_O)        0.152    61.779 r  dut/core1/mem_wb/u_divider/out_res[21]_i_44__0/O
                         net (fo=1, routed)           0.000    61.779    dut_n_2255
    SLICE_X20Y53         CARRY4 (Prop_carry4_S[1]_CO[3])
                                                      0.310    62.089 r  u_divider/out_res_reg[21]_i_35__0/CO[3]
                         net (fo=1, routed)           0.000    62.089    u_divider/out_res_reg[21]_i_35__0_n_0
    SLICE_X20Y54         CARRY4 (Prop_carry4_CI_CO[3])
                                                      0.060    62.149 r  u_divider/out_res_reg[21]_i_29__0/CO[3]
                         net (fo=1, routed)           0.000    62.149    u_divider/out_res_reg[21]_i_29__0_n_0
    SLICE_X20Y55         CARRY4 (Prop_carry4_CI_CO[3])
                                                      0.060    62.209 r  u_divider/out_res_reg[21]_i_23__0/CO[3]
                         net (fo=1, routed)           0.000    62.209    u_divider/out_res_reg[21]_i_23__0_n_0
    SLICE_X20Y56         CARRY4 (Prop_carry4_CI_CO[3])
                                                      0.060    62.269 r  u_divider/out_res_reg[21]_i_17__0/CO[3]
                         net (fo=1, routed)           0.000    62.269    u_divider/out_res_reg[21]_i_17__0_n_0
    SLICE_X20Y57         CARRY4 (Prop_carry4_CI_CO[3])
                                                      0.060    62.329 r  u_divider/out_res_reg[21]_i_11__0/CO[3]
                         net (fo=1, routed)           0.000    62.329    u_divider/out_res_reg[21]_i_11__0_n_0
    SLICE_X20Y58         CARRY4 (Prop_carry4_CI_CO[3])
                                                      0.060    62.389 r  u_divider/out_res_reg[21]_i_7__0/CO[3]
                         net (fo=1, routed)           0.000    62.389    u_divider/out_res_reg[21]_i_7__0_n_0
    SLICE_X20Y59         CARRY4 (Prop_carry4_CI_CO[1])
                                                      0.093    62.482 r  u_divider/out_res_reg[21]_i_5__0/CO[1]
                         net (fo=32, routed)          1.546    64.028    dut/core1/execute_unit/u_fpu/u_divider/out_res_reg[21]_0[0]
    SLICE_X27Y55         LUT5 (Prop_lut5_I0_O)        0.153    64.181 r  dut/core1/execute_unit/u_fpu/u_divider/i__carry_i_18__10/O
                         net (fo=3, routed)           0.684    64.865    dut/core1/execute_unit/u_fpu/u_divider/i__carry_i_18__10_n_0
    SLICE_X27Y54         LUT6 (Prop_lut6_I0_O)        0.053    64.918 r  dut/core1/execute_unit/u_fpu/u_divider/i__carry_i_13__25/O
                         net (fo=33, routed)          0.699    65.617    dut/core1/execute_unit/u_fpu/u_divider/i__carry_i_13__25_n_0
    SLICE_X31Y53         LUT4 (Prop_lut4_I3_O)        0.053    65.670 r  dut/core1/execute_unit/u_fpu/u_divider/i__carry_i_8__49/O
                         net (fo=1, routed)           0.000    65.670    dut/core1/execute_unit/u_fpu/u_divider/i__carry_i_8__49_n_0
    SLICE_X31Y53         CARRY4 (Prop_carry4_S[0]_CO[3])
                                                      0.313    65.983 r  dut/core1/execute_unit/u_fpu/u_divider/exp_norm0_inferred__0/i__carry/CO[3]
                         net (fo=1, routed)           0.000    65.983    dut/core1/execute_unit/u_fpu/u_divider/exp_norm0_inferred__0/i__carry_n_0
    SLICE_X31Y54         CARRY4 (Prop_carry4_CI_O[0])
                                                      0.139    66.122 f  dut/core1/execute_unit/u_fpu/u_divider/exp_norm0_inferred__0/i__carry__0/O[0]
                         net (fo=3, routed)           0.565    66.687    dut/core1/execute_unit/u_fpu/u_divider/exp_norm[4]
    SLICE_X29Y54         LUT6 (Prop_lut6_I4_O)        0.155    66.842 f  dut/core1/execute_unit/u_fpu/u_divider/i__carry_i_12__31/O
                         net (fo=1, routed)           0.414    67.256    dut/core1/execute_unit/u_fpu/u_divider/i__carry_i_12__31_n_0
    SLICE_X29Y55         LUT6 (Prop_lut6_I1_O)        0.053    67.309 r  dut/core1/execute_unit/u_fpu/u_divider/i__carry_i_11__31/O
                         net (fo=4, routed)           0.479    67.788    dut/core1/execute_unit/u_fpu/u_divider/i__carry_i_11__31_n_0
    SLICE_X28Y57         LUT6 (Prop_lut6_I5_O)        0.053    67.841 r  dut/core1/execute_unit/u_fpu/u_divider/i__carry_i_5__48/O
                         net (fo=32, routed)          0.667    68.508    dut/core1/execute_unit/u_fpu/u_divider/i__carry_i_5__48_n_0
    SLICE_X28Y54         LUT2 (Prop_lut2_I1_O)        0.053    68.561 r  dut/core1/execute_unit/u_fpu/u_divider/i__carry_i_4__29/O
                         net (fo=1, routed)           0.000    68.561    dut/core1/execute_unit/u_fpu/u_divider/i__carry_i_4__29_n_0
    SLICE_X28Y54         CARRY4 (Prop_carry4_S[0]_CO[3])
                                                      0.313    68.874 r  dut/core1/execute_unit/u_fpu/u_divider/exp_norm0_inferred__1/i__carry/CO[3]
                         net (fo=1, routed)           0.000    68.874    dut/core1/execute_unit/u_fpu/u_divider/exp_norm0_inferred__1/i__carry_n_0
    SLICE_X28Y55         CARRY4 (Prop_carry4_CI_O[1])
                                                      0.213    69.087 f  dut/core1/execute_unit/u_fpu/u_divider/exp_norm0_inferred__1/i__carry__0/O[1]
                         net (fo=3, routed)           0.603    69.689    dut/core1/execute_unit/u_fpu/u_divider/exp_norm0_inferred__1/i__carry__0_n_6
    SLICE_X29Y55         LUT6 (Prop_lut6_I0_O)        0.152    69.841 f  dut/core1/execute_unit/u_fpu/u_divider/i__carry_i_8__43/O
                         net (fo=1, routed)           0.804    70.646    dut/core1/execute_unit/u_fpu/u_divider/i__carry_i_8__43_n_0
    SLICE_X28Y57         LUT6 (Prop_lut6_I1_O)        0.053    70.699 r  dut/core1/execute_unit/u_fpu/u_divider/i__carry_i_7__43/O
                         net (fo=2, routed)           0.325    71.023    dut/core1/execute_unit/u_fpu/u_divider/i__carry_i_7__43_n_0
    SLICE_X28Y57         LUT6 (Prop_lut6_I5_O)        0.053    71.076 r  dut/core1/execute_unit/u_fpu/u_divider/i__carry_i_5__47/O
                         net (fo=30, routed)          0.303    71.379    dut/core1/execute_unit/u_fpu/u_divider/i__carry_i_5__47_n_0
    SLICE_X29Y56         LUT2 (Prop_lut2_I1_O)        0.053    71.432 r  dut/core1/execute_unit/u_fpu/u_divider/i__carry_i_4__30/O
                         net (fo=1, routed)           0.000    71.432    dut/core1/execute_unit/u_fpu/u_divider/i__carry_i_4__30_n_0
    SLICE_X29Y56         CARRY4 (Prop_carry4_S[0]_CO[3])
                                                      0.313    71.745 r  dut/core1/execute_unit/u_fpu/u_divider/exp_norm0_inferred__2/i__carry/CO[3]
                         net (fo=1, routed)           0.000    71.745    dut/core1/execute_unit/u_fpu/u_divider/exp_norm0_inferred__2/i__carry_n_0
    SLICE_X29Y57         CARRY4 (Prop_carry4_CI_O[0])
                                                      0.139    71.884 f  dut/core1/execute_unit/u_fpu/u_divider/exp_norm0_inferred__2/i__carry__0/O[0]
                         net (fo=3, routed)           0.577    72.461    dut/core1/execute_unit/u_fpu/u_divider/exp_norm0_inferred__2/i__carry__0_n_7
    SLICE_X25Y57         LUT6 (Prop_lut6_I4_O)        0.155    72.616 f  dut/core1/execute_unit/u_fpu/u_divider/i__carry_i_12__32/O
                         net (fo=1, routed)           0.407    73.023    dut/core1/execute_unit/u_fpu/u_divider/i__carry_i_12__32_n_0
    SLICE_X25Y58         LUT6 (Prop_lut6_I1_O)        0.053    73.076 r  dut/core1/execute_unit/u_fpu/u_divider/i__carry_i_9__28/O
                         net (fo=3, routed)           0.659    73.735    dut/core1/execute_unit/u_fpu/u_divider/i__carry_i_9__28_n_0
    SLICE_X27Y57         LUT6 (Prop_lut6_I5_O)        0.053    73.788 r  dut/core1/execute_unit/u_fpu/u_divider/i__carry_i_5__46/O
                         net (fo=28, routed)          0.424    74.212    dut/core1/execute_unit/u_fpu/u_divider/i__carry_i_5__46_n_0
    SLICE_X24Y57         LUT2 (Prop_lut2_I1_O)        0.053    74.265 r  dut/core1/execute_unit/u_fpu/u_divider/i__carry_i_4__31/O
                         net (fo=1, routed)           0.000    74.265    dut/core1/execute_unit/u_fpu/u_divider/i__carry_i_4__31_n_0
    SLICE_X24Y57         CARRY4 (Prop_carry4_S[0]_CO[3])
                                                      0.313    74.578 r  dut/core1/execute_unit/u_fpu/u_divider/exp_norm0_inferred__3/i__carry/CO[3]
                         net (fo=1, routed)           0.000    74.578    dut/core1/execute_unit/u_fpu/u_divider/exp_norm0_inferred__3/i__carry_n_0
    SLICE_X24Y58         CARRY4 (Prop_carry4_CI_O[3])
                                                      0.179    74.757 f  dut/core1/execute_unit/u_fpu/u_divider/exp_norm0_inferred__3/i__carry__0/O[3]
                         net (fo=3, routed)           0.681    75.438    dut/core1/execute_unit/u_fpu/u_divider/exp_norm0_inferred__3/i__carry__0_n_4
    SLICE_X25Y59         LUT6 (Prop_lut6_I2_O)        0.142    75.580 f  dut/core1/execute_unit/u_fpu/u_divider/i__carry_i_11__32/O
                         net (fo=1, routed)           0.457    76.037    dut/core1/execute_unit/u_fpu/u_divider/i__carry_i_11__32_n_0
    SLICE_X25Y59         LUT6 (Prop_lut6_I1_O)        0.053    76.090 r  dut/core1/execute_unit/u_fpu/u_divider/i__carry_i_9__29/O
                         net (fo=1, routed)           0.128    76.218    dut/core1/execute_unit/u_fpu/u_divider/i__carry_i_9__29_n_0
    SLICE_X25Y59         LUT6 (Prop_lut6_I5_O)        0.053    76.271 r  dut/core1/execute_unit/u_fpu/u_divider/i__carry_i_5__45/O
                         net (fo=29, routed)          0.724    76.996    dut/core1/execute_unit/u_fpu/u_divider/i__carry_i_5__45_n_0
    SLICE_X23Y59         LUT2 (Prop_lut2_I1_O)        0.053    77.049 r  dut/core1/execute_unit/u_fpu/u_divider/i__carry_i_4__32/O
                         net (fo=1, routed)           0.000    77.049    dut/core1/execute_unit/u_fpu/u_divider/i__carry_i_4__32_n_0
    SLICE_X23Y59         CARRY4 (Prop_carry4_S[0]_CO[3])
                                                      0.313    77.362 r  dut/core1/execute_unit/u_fpu/u_divider/exp_norm0_inferred__4/i__carry/CO[3]
                         net (fo=1, routed)           0.000    77.362    dut/core1/execute_unit/u_fpu/u_divider/exp_norm0_inferred__4/i__carry_n_0
    SLICE_X23Y60         CARRY4 (Prop_carry4_CI_O[3])
                                                      0.179    77.541 f  dut/core1/execute_unit/u_fpu/u_divider/exp_norm0_inferred__4/i__carry__0/O[3]
                         net (fo=3, routed)           0.959    78.499    dut/core1/execute_unit/u_fpu/u_divider/exp_norm0_inferred__4/i__carry__0_n_4
    SLICE_X9Y61          LUT6 (Prop_lut6_I2_O)        0.142    78.641 f  dut/core1/execute_unit/u_fpu/u_divider/i__carry_i_10__36/O
                         net (fo=1, routed)           0.294    78.935    dut/core1/execute_unit/u_fpu/u_divider/i__carry_i_10__36_n_0
    SLICE_X9Y62          LUT6 (Prop_lut6_I1_O)        0.053    78.988 r  dut/core1/execute_unit/u_fpu/u_divider/i__carry_i_8__44/O
                         net (fo=4, routed)           0.417    79.405    dut/core1/execute_unit/u_fpu/u_divider/i__carry_i_8__44_n_0
    SLICE_X9Y63          LUT4 (Prop_lut4_I3_O)        0.053    79.458 r  dut/core1/execute_unit/u_fpu/u_divider/i__carry_i_5__44/O
                         net (fo=26, routed)          0.454    79.912    dut/core1/execute_unit/u_fpu/u_divider/i__carry_i_5__44_n_0
    SLICE_X7Y61          LUT2 (Prop_lut2_I1_O)        0.053    79.965 r  dut/core1/execute_unit/u_fpu/u_divider/i__carry_i_4__33/O
                         net (fo=1, routed)           0.000    79.965    dut/core1/execute_unit/u_fpu/u_divider/i__carry_i_4__33_n_0
    SLICE_X7Y61          CARRY4 (Prop_carry4_S[0]_CO[3])
                                                      0.313    80.278 r  dut/core1/execute_unit/u_fpu/u_divider/exp_norm0_inferred__5/i__carry/CO[3]
                         net (fo=1, routed)           0.000    80.278    dut/core1/execute_unit/u_fpu/u_divider/exp_norm0_inferred__5/i__carry_n_0
    SLICE_X7Y62          CARRY4 (Prop_carry4_CI_CO[3])
                                                      0.058    80.336 r  dut/core1/execute_unit/u_fpu/u_divider/exp_norm0_inferred__5/i__carry__0/CO[3]
                         net (fo=1, routed)           0.000    80.336    dut/core1/execute_unit/u_fpu/u_divider/exp_norm0_inferred__5/i__carry__0_n_0
    SLICE_X7Y63          CARRY4 (Prop_carry4_CI_O[1])
                                                      0.213    80.549 f  dut/core1/execute_unit/u_fpu/u_divider/exp_norm0_inferred__5/i__carry__1/O[1]
                         net (fo=3, routed)           0.768    81.318    dut/core1/execute_unit/u_fpu/u_divider/exp_norm0_inferred__5/i__carry__1_n_6
    SLICE_X5Y62          LUT6 (Prop_lut6_I3_O)        0.152    81.470 r  dut/core1/execute_unit/u_fpu/u_divider/i__carry_i_7__44/O
                         net (fo=1, routed)           0.607    82.076    dut/core1/execute_unit/u_fpu/u_divider/i__carry_i_7__44_n_0
    SLICE_X9Y63          LUT6 (Prop_lut6_I5_O)        0.053    82.129 r  dut/core1/execute_unit/u_fpu/u_divider/i__carry_i_5__43/O
                         net (fo=27, routed)          0.480    82.610    dut/core1/execute_unit/u_fpu/u_divider/i__carry_i_5__43_n_0
    SLICE_X6Y63          LUT2 (Prop_lut2_I1_O)        0.053    82.663 r  dut/core1/execute_unit/u_fpu/u_divider/i__carry_i_4__34/O
                         net (fo=1, routed)           0.000    82.663    dut/core1/execute_unit/u_fpu/u_divider/i__carry_i_4__34_n_0
    SLICE_X6Y63          CARRY4 (Prop_carry4_S[0]_CO[3])
                                                      0.297    82.960 r  dut/core1/execute_unit/u_fpu/u_divider/exp_norm0_inferred__6/i__carry/CO[3]
                         net (fo=1, routed)           0.000    82.960    dut/core1/execute_unit/u_fpu/u_divider/exp_norm0_inferred__6/i__carry_n_0
    SLICE_X6Y64          CARRY4 (Prop_carry4_CI_O[0])
                                                      0.135    83.095 f  dut/core1/execute_unit/u_fpu/u_divider/exp_norm0_inferred__6/i__carry__0/O[0]
                         net (fo=3, routed)           0.609    83.704    dut/core1/execute_unit/u_fpu/u_divider/exp_norm0_inferred__6/i__carry__0_n_7
    SLICE_X7Y64          LUT6 (Prop_lut6_I4_O)        0.153    83.857 f  dut/core1/execute_unit/u_fpu/u_divider/i__carry_i_13__26/O
                         net (fo=1, routed)           0.298    84.155    dut/core1/execute_unit/u_fpu/u_divider/i__carry_i_13__26_n_0
    SLICE_X7Y65          LUT6 (Prop_lut6_I1_O)        0.053    84.208 r  dut/core1/execute_unit/u_fpu/u_divider/i__carry_i_9__31/O
                         net (fo=4, routed)           0.451    84.659    dut/core1/execute_unit/u_fpu/u_divider/i__carry_i_9__31_n_0
    SLICE_X9Y65          LUT6 (Prop_lut6_I5_O)        0.053    84.712 r  dut/core1/execute_unit/u_fpu/u_divider/i__carry_i_5__42/O
                         net (fo=27, routed)          0.697    85.409    dut/core1/execute_unit/u_fpu/u_divider/i__carry_i_5__42_n_0
    SLICE_X5Y63          LUT2 (Prop_lut2_I1_O)        0.053    85.462 r  dut/core1/execute_unit/u_fpu/u_divider/i__carry_i_4__35/O
                         net (fo=1, routed)           0.000    85.462    dut/core1/execute_unit/u_fpu/u_divider/i__carry_i_4__35_n_0
    SLICE_X5Y63          CARRY4 (Prop_carry4_S[0]_CO[3])
                                                      0.313    85.775 r  dut/core1/execute_unit/u_fpu/u_divider/exp_norm0_inferred__7/i__carry/CO[3]
                         net (fo=1, routed)           0.000    85.775    dut/core1/execute_unit/u_fpu/u_divider/exp_norm0_inferred__7/i__carry_n_0
    SLICE_X5Y64          CARRY4 (Prop_carry4_CI_O[0])
                                                      0.139    85.914 f  dut/core1/execute_unit/u_fpu/u_divider/exp_norm0_inferred__7/i__carry__0/O[0]
                         net (fo=3, routed)           0.587    86.500    dut/core1/execute_unit/u_fpu/u_divider/exp_norm0_inferred__7/i__carry__0_n_7
    SLICE_X3Y64          LUT6 (Prop_lut6_I4_O)        0.155    86.655 f  dut/core1/execute_unit/u_fpu/u_divider/i__carry_i_10__37/O
                         net (fo=1, routed)           0.566    87.222    dut/core1/execute_unit/u_fpu/u_divider/i__carry_i_10__37_n_0
    SLICE_X7Y65          LUT6 (Prop_lut6_I1_O)        0.053    87.275 r  dut/core1/execute_unit/u_fpu/u_divider/i__carry_i_8__45/O
                         net (fo=2, routed)           0.303    87.577    dut/core1/execute_unit/u_fpu/u_divider/i__carry_i_8__45_n_0
    SLICE_X7Y66          LUT4 (Prop_lut4_I3_O)        0.053    87.630 r  dut/core1/execute_unit/u_fpu/u_divider/i__carry_i_5__41/O
                         net (fo=29, routed)          0.803    88.434    dut/core1/execute_unit/u_fpu/u_divider/i__carry_i_5__41_n_0
    SLICE_X4Y63          LUT2 (Prop_lut2_I1_O)        0.053    88.487 r  dut/core1/execute_unit/u_fpu/u_divider/i__carry_i_4__36/O
                         net (fo=1, routed)           0.000    88.487    dut/core1/execute_unit/u_fpu/u_divider/i__carry_i_4__36_n_0
    SLICE_X4Y63          CARRY4 (Prop_carry4_S[0]_CO[3])
                                                      0.297    88.784 r  dut/core1/execute_unit/u_fpu/u_divider/exp_norm0_inferred__8/i__carry/CO[3]
                         net (fo=1, routed)           0.000    88.784    dut/core1/execute_unit/u_fpu/u_divider/exp_norm0_inferred__8/i__carry_n_0
    SLICE_X4Y64          CARRY4 (Prop_carry4_CI_O[2])
                                                      0.137    88.921 f  dut/core1/execute_unit/u_fpu/u_divider/exp_norm0_inferred__8/i__carry__0/O[2]
                         net (fo=3, routed)           0.735    89.655    dut/core1/execute_unit/u_fpu/u_divider/exp_norm0_inferred__8/i__carry__0_n_5
    SLICE_X5Y62          LUT6 (Prop_lut6_I1_O)        0.152    89.807 f  dut/core1/execute_unit/u_fpu/u_divider/i__carry_i_9__32/O
                         net (fo=1, routed)           0.457    90.264    dut/core1/execute_unit/u_fpu/u_divider/i__carry_i_9__32_n_0
    SLICE_X5Y62          LUT6 (Prop_lut6_I1_O)        0.053    90.317 r  dut/core1/execute_unit/u_fpu/u_divider/i__carry_i_7__45/O
                         net (fo=3, routed)           0.658    90.975    dut/core1/execute_unit/u_fpu/u_divider/i__carry_i_7__45_n_0
    SLICE_X7Y66          LUT6 (Prop_lut6_I5_O)        0.053    91.028 r  dut/core1/execute_unit/u_fpu/u_divider/i__carry_i_5__40/O
                         net (fo=26, routed)          0.619    91.648    dut/core1/execute_unit/u_fpu/u_divider/i__carry_i_5__40_n_0
    SLICE_X2Y63          LUT2 (Prop_lut2_I1_O)        0.053    91.701 r  dut/core1/execute_unit/u_fpu/u_divider/i__carry_i_4__37/O
                         net (fo=1, routed)           0.000    91.701    dut/core1/execute_unit/u_fpu/u_divider/i__carry_i_4__37_n_0
    SLICE_X2Y63          CARRY4 (Prop_carry4_S[0]_CO[3])
                                                      0.297    91.998 r  dut/core1/execute_unit/u_fpu/u_divider/exp_norm0_inferred__9/i__carry/CO[3]
                         net (fo=1, routed)           0.000    91.998    dut/core1/execute_unit/u_fpu/u_divider/exp_norm0_inferred__9/i__carry_n_0
    SLICE_X2Y64          CARRY4 (Prop_carry4_CI_O[3])
                                                      0.181    92.179 f  dut/core1/execute_unit/u_fpu/u_divider/exp_norm0_inferred__9/i__carry__0/O[3]
                         net (fo=3, routed)           1.025    93.204    dut/core1/execute_unit/u_fpu/u_divider/exp_norm0_inferred__9/i__carry__0_n_4
    SLICE_X3Y64          LUT6 (Prop_lut6_I4_O)        0.142    93.346 r  dut/core1/execute_unit/u_fpu/u_divider/i__carry_i_9__33/O
                         net (fo=1, routed)           0.727    94.073    dut/core1/execute_unit/u_fpu/u_divider/i__carry_i_9__33_n_0
    SLICE_X9Y66          LUT6 (Prop_lut6_I5_O)        0.053    94.126 r  dut/core1/execute_unit/u_fpu/u_divider/i__carry_i_5__39/O
                         net (fo=30, routed)          1.062    95.188    dut/core1/execute_unit/u_fpu/u_divider/i__carry_i_5__39_n_0
    SLICE_X1Y62          LUT2 (Prop_lut2_I1_O)        0.053    95.241 r  dut/core1/execute_unit/u_fpu/u_divider/i__carry_i_4__38/O
                         net (fo=1, routed)           0.000    95.241    dut/core1/execute_unit/u_fpu/u_divider/i__carry_i_4__38_n_0
    SLICE_X1Y62          CARRY4 (Prop_carry4_S[0]_CO[3])
                                                      0.313    95.554 r  dut/core1/execute_unit/u_fpu/u_divider/exp_norm0_inferred__10/i__carry/CO[3]
                         net (fo=1, routed)           0.000    95.554    dut/core1/execute_unit/u_fpu/u_divider/exp_norm0_inferred__10/i__carry_n_0
    SLICE_X1Y63          CARRY4 (Prop_carry4_CI_O[1])
                                                      0.213    95.767 f  dut/core1/execute_unit/u_fpu/u_divider/exp_norm0_inferred__10/i__carry__0/O[1]
                         net (fo=3, routed)           0.836    96.602    dut/core1/execute_unit/u_fpu/u_divider/exp_norm0_inferred__10/i__carry__0_n_6
    SLICE_X0Y60          LUT6 (Prop_lut6_I0_O)        0.152    96.754 f  dut/core1/execute_unit/u_fpu/u_divider/i__carry_i_10__38/O
                         net (fo=1, routed)           0.593    97.348    dut/core1/execute_unit/u_fpu/u_divider/i__carry_i_10__38_n_0
    SLICE_X1Y61          LUT6 (Prop_lut6_I1_O)        0.053    97.401 r  dut/core1/execute_unit/u_fpu/u_divider/i__carry_i_8__46/O
                         net (fo=4, routed)           0.973    98.374    dut/core1/execute_unit/u_fpu/u_divider/i__carry_i_8__46_n_0
    SLICE_X9Y65          LUT4 (Prop_lut4_I3_O)        0.053    98.427 r  dut/core1/execute_unit/u_fpu/u_divider/i__carry_i_5__38/O
                         net (fo=27, routed)          1.042    99.468    dut/core1/execute_unit/u_fpu/u_divider/i__carry_i_5__38_n_0
    SLICE_X1Y57          LUT2 (Prop_lut2_I1_O)        0.053    99.521 r  dut/core1/execute_unit/u_fpu/u_divider/i__carry_i_4__39/O
                         net (fo=1, routed)           0.000    99.521    dut/core1/execute_unit/u_fpu/u_divider/i__carry_i_4__39_n_0
    SLICE_X1Y57          CARRY4 (Prop_carry4_S[0]_CO[3])
                                                      0.313    99.834 r  dut/core1/execute_unit/u_fpu/u_divider/exp_norm0_inferred__11/i__carry/CO[3]
                         net (fo=1, routed)           0.000    99.834    dut/core1/execute_unit/u_fpu/u_divider/exp_norm0_inferred__11/i__carry_n_0
    SLICE_X1Y58          CARRY4 (Prop_carry4_CI_O[2])
                                                      0.136    99.970 f  dut/core1/execute_unit/u_fpu/u_divider/exp_norm0_inferred__11/i__carry__0/O[2]
                         net (fo=3, routed)           0.656   100.627    dut/core1/execute_unit/u_fpu/u_divider/exp_norm0_inferred__11/i__carry__0_n_5
    SLICE_X0Y59          LUT6 (Prop_lut6_I2_O)        0.152   100.779 f  dut/core1/execute_unit/u_fpu/u_divider/i__carry_i_9__34/O
                         net (fo=1, routed)           0.459   101.238    dut/core1/execute_unit/u_fpu/u_divider/i__carry_i_9__34_n_0
    SLICE_X0Y59          LUT6 (Prop_lut6_I1_O)        0.053   101.291 r  dut/core1/execute_unit/u_fpu/u_divider/i__carry_i_7__46/O
                         net (fo=1, routed)           0.617   101.908    dut/core1/execute_unit/u_fpu/u_divider/i__carry_i_7__46_n_0
    SLICE_X7Y64          LUT6 (Prop_lut6_I5_O)        0.053   101.961 r  dut/core1/execute_unit/u_fpu/u_divider/i__carry_i_5__37/O
                         net (fo=28, routed)          1.410   103.370    dut/core1/execute_unit/u_fpu/u_divider/i__carry_i_5__37_n_0
    SLICE_X2Y57          LUT2 (Prop_lut2_I1_O)        0.053   103.423 r  dut/core1/execute_unit/u_fpu/u_divider/i__carry_i_4__40/O
                         net (fo=1, routed)           0.000   103.423    dut/core1/execute_unit/u_fpu/u_divider/i__carry_i_4__40_n_0
    SLICE_X2Y57          CARRY4 (Prop_carry4_S[0]_CO[3])
                                                      0.297   103.720 r  dut/core1/execute_unit/u_fpu/u_divider/exp_norm0_inferred__12/i__carry/CO[3]
                         net (fo=1, routed)           0.000   103.720    dut/core1/execute_unit/u_fpu/u_divider/exp_norm0_inferred__12/i__carry_n_0
    SLICE_X2Y58          CARRY4 (Prop_carry4_CI_CO[3])
                                                      0.060   103.780 r  dut/core1/execute_unit/u_fpu/u_divider/exp_norm0_inferred__12/i__carry__0/CO[3]
                         net (fo=1, routed)           0.000   103.780    dut/core1/execute_unit/u_fpu/u_divider/exp_norm0_inferred__12/i__carry__0_n_0
    SLICE_X2Y59          CARRY4 (Prop_carry4_CI_O[0])
                                                      0.135   103.915 f  dut/core1/execute_unit/u_fpu/u_divider/exp_norm0_inferred__12/i__carry__1/O[0]
                         net (fo=3, routed)           0.676   104.592    dut/core1/execute_unit/u_fpu/u_divider/exp_norm0_inferred__12/i__carry__1_n_7
    SLICE_X3Y56          LUT6 (Prop_lut6_I1_O)        0.153   104.745 f  dut/core1/execute_unit/u_fpu/u_divider/i__carry_i_11__34/O
                         net (fo=1, routed)           0.462   105.206    dut/core1/execute_unit/u_fpu/u_divider/i__carry_i_11__34_n_0
    SLICE_X3Y56          LUT6 (Prop_lut6_I1_O)        0.053   105.259 r  dut/core1/execute_unit/u_fpu/u_divider/i__carry_i_9__35/O
                         net (fo=4, routed)           0.896   106.155    dut/core1/execute_unit/u_fpu/u_divider/i__carry_i_9__35_n_0
    SLICE_X9Y62          LUT6 (Prop_lut6_I5_O)        0.053   106.208 r  dut/core1/execute_unit/u_fpu/u_divider/i__carry_i_5__36/O
                         net (fo=27, routed)          0.984   107.192    dut/core1/execute_unit/u_fpu/u_divider/i__carry_i_5__36_n_0
    SLICE_X3Y57          LUT2 (Prop_lut2_I1_O)        0.053   107.245 r  dut/core1/execute_unit/u_fpu/u_divider/i__carry_i_4__41/O
                         net (fo=1, routed)           0.000   107.245    dut/core1/execute_unit/u_fpu/u_divider/i__carry_i_4__41_n_0
    SLICE_X3Y57          CARRY4 (Prop_carry4_S[0]_CO[3])
                                                      0.313   107.558 r  dut/core1/execute_unit/u_fpu/u_divider/exp_norm0_inferred__13/i__carry/CO[3]
                         net (fo=1, routed)           0.000   107.558    dut/core1/execute_unit/u_fpu/u_divider/exp_norm0_inferred__13/i__carry_n_0
    SLICE_X3Y58          CARRY4 (Prop_carry4_CI_O[2])
                                                      0.136   107.694 f  dut/core1/execute_unit/u_fpu/u_divider/exp_norm0_inferred__13/i__carry__0/O[2]
                         net (fo=3, routed)           0.708   108.402    dut/core1/execute_unit/u_fpu/u_divider/exp_norm0_inferred__13/i__carry__0_n_5
    SLICE_X2Y56          LUT6 (Prop_lut6_I1_O)        0.152   108.554 f  dut/core1/execute_unit/u_fpu/u_divider/i__carry_i_10__39/O
                         net (fo=1, routed)           0.689   109.243    dut/core1/execute_unit/u_fpu/u_divider/i__carry_i_10__39_n_0
    SLICE_X0Y59          LUT6 (Prop_lut6_I1_O)        0.053   109.296 r  dut/core1/execute_unit/u_fpu/u_divider/i__carry_i_8__47/O
                         net (fo=2, routed)           0.591   109.888    dut/core1/execute_unit/u_fpu/u_divider/i__carry_i_8__47_n_0
    SLICE_X9Y61          LUT4 (Prop_lut4_I3_O)        0.053   109.941 r  dut/core1/execute_unit/u_fpu/u_divider/i__carry_i_5__35/O
                         net (fo=29, routed)          0.901   110.842    dut/core1/execute_unit/u_fpu/u_divider/i__carry_i_5__35_n_0
    SLICE_X0Y56          LUT2 (Prop_lut2_I1_O)        0.053   110.895 r  dut/core1/execute_unit/u_fpu/u_divider/i__carry_i_4__42/O
                         net (fo=1, routed)           0.000   110.895    dut/core1/execute_unit/u_fpu/u_divider/i__carry_i_4__42_n_0
    SLICE_X0Y56          CARRY4 (Prop_carry4_S[0]_CO[3])
                                                      0.297   111.192 r  dut/core1/execute_unit/u_fpu/u_divider/exp_norm0_inferred__14/i__carry/CO[3]
                         net (fo=1, routed)           0.000   111.192    dut/core1/execute_unit/u_fpu/u_divider/exp_norm0_inferred__14/i__carry_n_0
    SLICE_X0Y57          CARRY4 (Prop_carry4_CI_O[3])
                                                      0.181   111.373 f  dut/core1/execute_unit/u_fpu/u_divider/exp_norm0_inferred__14/i__carry__0/O[3]
                         net (fo=3, routed)           1.130   112.504    dut/core1/execute_unit/u_fpu/u_divider/exp_norm0_inferred__14/i__carry__0_n_4
    SLICE_X2Y56          LUT6 (Prop_lut6_I2_O)        0.142   112.646 f  dut/core1/execute_unit/u_fpu/u_divider/i__carry_i_9__36/O
                         net (fo=1, routed)           0.545   113.191    dut/core1/execute_unit/u_fpu/u_divider/i__carry_i_9__36_n_0
    SLICE_X0Y59          LUT6 (Prop_lut6_I1_O)        0.053   113.244 r  dut/core1/execute_unit/u_fpu/u_divider/i__carry_i_7__47/O
                         net (fo=3, routed)           0.535   113.779    dut/core1/execute_unit/u_fpu/u_divider/i__carry_i_7__47_n_0
    SLICE_X9Y61          LUT6 (Prop_lut6_I5_O)        0.053   113.832 r  dut/core1/execute_unit/u_fpu/u_divider/i__carry_i_5__34/O
                         net (fo=26, routed)          1.274   115.105    dut/core1/execute_unit/u_fpu/u_divider/i__carry_i_5__34_n_0
    SLICE_X1Y54          LUT2 (Prop_lut2_I1_O)        0.053   115.158 r  dut/core1/execute_unit/u_fpu/u_divider/i__carry_i_4__43/O
                         net (fo=1, routed)           0.000   115.158    dut/core1/execute_unit/u_fpu/u_divider/i__carry_i_4__43_n_0
    SLICE_X1Y54          CARRY4 (Prop_carry4_S[0]_O[2])
                                                      0.323   115.481 f  dut/core1/execute_unit/u_fpu/u_divider/exp_norm0_inferred__15/i__carry/O[2]
                         net (fo=3, routed)           1.032   116.513    dut/core1/execute_unit/u_fpu/u_divider/exp_norm0_inferred__15/i__carry_n_5
    SLICE_X2Y56          LUT6 (Prop_lut6_I4_O)        0.152   116.665 f  dut/core1/execute_unit/u_fpu/u_divider/i__carry_i_11__35/O
                         net (fo=1, routed)           0.327   116.993    dut/core1/execute_unit/u_fpu/u_divider/i__carry_i_11__35_n_0
    SLICE_X2Y56          LUT6 (Prop_lut6_I1_O)        0.053   117.046 r  dut/core1/execute_unit/u_fpu/u_divider/i__carry_i_9__37/O
                         net (fo=4, routed)           0.904   117.950    dut/core1/execute_unit/u_fpu/u_divider/i__carry_i_9__37_n_0
    SLICE_X10Y57         LUT6 (Prop_lut6_I5_O)        0.053   118.003 r  dut/core1/execute_unit/u_fpu/u_divider/i__carry_i_5__33/O
                         net (fo=28, routed)          1.159   119.162    dut/core1/execute_unit/u_fpu/u_divider/i__carry_i_5__33_n_0
    SLICE_X0Y53          LUT2 (Prop_lut2_I1_O)        0.053   119.215 r  dut/core1/execute_unit/u_fpu/u_divider/i__carry_i_4__44/O
                         net (fo=1, routed)           0.000   119.215    dut/core1/execute_unit/u_fpu/u_divider/i__carry_i_4__44_n_0
    SLICE_X0Y53          CARRY4 (Prop_carry4_S[0]_CO[3])
                                                      0.297   119.512 r  dut/core1/execute_unit/u_fpu/u_divider/exp_norm0_inferred__16/i__carry/CO[3]
                         net (fo=1, routed)           0.000   119.512    dut/core1/execute_unit/u_fpu/u_divider/exp_norm0_inferred__16/i__carry_n_0
    SLICE_X0Y54          CARRY4 (Prop_carry4_CI_O[2])
                                                      0.137   119.649 f  dut/core1/execute_unit/u_fpu/u_divider/exp_norm0_inferred__16/i__carry__0/O[2]
                         net (fo=3, routed)           0.700   120.349    dut/core1/execute_unit/u_fpu/u_divider/exp_norm0_inferred__16/i__carry__0_n_5
    SLICE_X2Y52          LUT6 (Prop_lut6_I1_O)        0.152   120.501 f  dut/core1/execute_unit/u_fpu/u_divider/i__carry_i_10__40/O
                         net (fo=1, routed)           0.672   121.173    dut/core1/execute_unit/u_fpu/u_divider/i__carry_i_10__40_n_0
    SLICE_X3Y56          LUT6 (Prop_lut6_I1_O)        0.053   121.226 r  dut/core1/execute_unit/u_fpu/u_divider/i__carry_i_8__48/O
                         net (fo=4, routed)           0.935   122.161    dut/core1/execute_unit/u_fpu/u_divider/i__carry_i_8__48_n_0
    SLICE_X10Y57         LUT4 (Prop_lut4_I3_O)        0.053   122.214 r  dut/core1/execute_unit/u_fpu/u_divider/i__carry_i_5__32/O
                         net (fo=28, routed)          1.307   123.521    dut/core1/execute_unit/u_fpu/u_divider/i__carry_i_5__32_n_0
    SLICE_X2Y53          LUT2 (Prop_lut2_I1_O)        0.053   123.574 r  dut/core1/execute_unit/u_fpu/u_divider/i__carry_i_4__45/O
                         net (fo=1, routed)           0.000   123.574    dut/core1/execute_unit/u_fpu/u_divider/i__carry_i_4__45_n_0
    SLICE_X2Y53          CARRY4 (Prop_carry4_S[0]_CO[3])
                                                      0.297   123.871 r  dut/core1/execute_unit/u_fpu/u_divider/exp_norm0_inferred__17/i__carry/CO[3]
                         net (fo=1, routed)           0.000   123.871    dut/core1/execute_unit/u_fpu/u_divider/exp_norm0_inferred__17/i__carry_n_0
    SLICE_X2Y54          CARRY4 (Prop_carry4_CI_O[3])
                                                      0.181   124.052 f  dut/core1/execute_unit/u_fpu/u_divider/exp_norm0_inferred__17/i__carry__0/O[3]
                         net (fo=3, routed)           0.679   124.731    dut/core1/execute_unit/u_fpu/u_divider/exp_norm0_inferred__17/i__carry__0_n_4
    SLICE_X2Y52          LUT6 (Prop_lut6_I2_O)        0.142   124.873 f  dut/core1/execute_unit/u_fpu/u_divider/i__carry_i_9__38/O
                         net (fo=1, routed)           0.859   125.732    dut/core1/execute_unit/u_fpu/u_divider/i__carry_i_9__38_n_0
    SLICE_X3Y56          LUT6 (Prop_lut6_I1_O)        0.053   125.785 r  dut/core1/execute_unit/u_fpu/u_divider/i__carry_i_7__48/O
                         net (fo=3, routed)           0.602   126.387    dut/core1/execute_unit/u_fpu/u_divider/i__carry_i_7__48_n_0
    SLICE_X7Y60          LUT6 (Prop_lut6_I5_O)        0.053   126.440 r  dut/core1/execute_unit/u_fpu/u_divider/i__carry_i_5__31/O
                         net (fo=26, routed)          1.241   127.682    dut/core1/execute_unit/u_fpu/u_divider/i__carry_i_5__31_n_0
    SLICE_X3Y53          LUT2 (Prop_lut2_I1_O)        0.053   127.735 r  dut/core1/execute_unit/u_fpu/u_divider/i__carry_i_4__46/O
                         net (fo=1, routed)           0.000   127.735    dut/core1/execute_unit/u_fpu/u_divider/i__carry_i_4__46_n_0
    SLICE_X3Y53          CARRY4 (Prop_carry4_S[0]_O[3])
                                                      0.357   128.092 f  dut/core1/execute_unit/u_fpu/u_divider/exp_norm0_inferred__18/i__carry/O[3]
                         net (fo=3, routed)           1.037   129.128    dut/core1/execute_unit/u_fpu/u_divider/exp_norm0_inferred__18/i__carry_n_4
    SLICE_X13Y53         LUT6 (Prop_lut6_I3_O)        0.142   129.270 f  dut/core1/execute_unit/u_fpu/u_divider/i__carry_i_11__36/O
                         net (fo=1, routed)           0.306   129.577    dut/core1/execute_unit/u_fpu/u_divider/i__carry_i_11__36_n_0
    SLICE_X13Y53         LUT6 (Prop_lut6_I1_O)        0.053   129.630 r  dut/core1/execute_unit/u_fpu/u_divider/i__carry_i_9__39/O
                         net (fo=5, routed)           0.670   130.299    dut/core1/execute_unit/u_fpu/u_divider/i__carry_i_9__39_n_0
    SLICE_X13Y57         LUT6 (Prop_lut6_I5_O)        0.053   130.352 r  dut/core1/execute_unit/u_fpu/u_divider/i__carry_i_5__30/O
                         net (fo=26, routed)          0.908   131.261    dut/core1/execute_unit/u_fpu/u_divider/i__carry_i_5__30_n_0
    SLICE_X15Y49         LUT2 (Prop_lut2_I1_O)        0.053   131.314 r  dut/core1/execute_unit/u_fpu/u_divider/i__carry_i_4__47/O
                         net (fo=1, routed)           0.000   131.314    dut/core1/execute_unit/u_fpu/u_divider/i__carry_i_4__47_n_0
    SLICE_X15Y49         CARRY4 (Prop_carry4_S[0]_CO[3])
                                                      0.313   131.627 r  dut/core1/execute_unit/u_fpu/u_divider/exp_norm0_inferred__19/i__carry/CO[3]
                         net (fo=1, routed)           0.001   131.627    dut/core1/execute_unit/u_fpu/u_divider/exp_norm0_inferred__19/i__carry_n_0
    SLICE_X15Y50         CARRY4 (Prop_carry4_CI_O[2])
                                                      0.136   131.763 f  dut/core1/execute_unit/u_fpu/u_divider/exp_norm0_inferred__19/i__carry__0/O[2]
                         net (fo=3, routed)           0.961   132.725    dut/core1/execute_unit/u_fpu/u_divider/exp_norm0_inferred__19/i__carry__0_n_5
    SLICE_X25Y50         LUT6 (Prop_lut6_I1_O)        0.152   132.877 f  dut/core1/execute_unit/u_fpu/u_divider/i__carry_i_9__40/O
                         net (fo=1, routed)           0.600   133.477    dut/core1/execute_unit/u_fpu/u_divider/i__carry_i_9__40_n_0
    SLICE_X25Y49         LUT6 (Prop_lut6_I1_O)        0.053   133.530 r  dut/core1/execute_unit/u_fpu/u_divider/i__carry_i_6__49/O
                         net (fo=6, routed)           0.764   134.294    dut/core1/execute_unit/u_fpu/u_divider/i__carry_i_6__49_n_0
    SLICE_X24Y55         LUT4 (Prop_lut4_I0_O)        0.053   134.347 r  dut/core1/execute_unit/u_fpu/u_divider/i__carry_i_5__29/O
                         net (fo=24, routed)          1.405   135.751    dut/core1/execute_unit/u_fpu/u_divider/i__carry_i_5__29_n_0
    SLICE_X24Y49         LUT2 (Prop_lut2_I1_O)        0.053   135.804 r  dut/core1/execute_unit/u_fpu/u_divider/i__carry_i_4__48/O
                         net (fo=1, routed)           0.000   135.804    dut/core1/execute_unit/u_fpu/u_divider/i__carry_i_4__48_n_0
    SLICE_X24Y49         CARRY4 (Prop_carry4_S[0]_CO[3])
                                                      0.313   136.117 r  dut/core1/execute_unit/u_fpu/u_divider/exp_norm0_inferred__20/i__carry/CO[3]
                         net (fo=1, routed)           0.001   136.118    dut/core1/execute_unit/u_fpu/u_divider/exp_norm0_inferred__20/i__carry_n_0
    SLICE_X24Y50         CARRY4 (Prop_carry4_CI_CO[3])
                                                      0.058   136.176 r  dut/core1/execute_unit/u_fpu/u_divider/exp_norm0_inferred__20/i__carry__0/CO[3]
                         net (fo=1, routed)           0.000   136.176    dut/core1/execute_unit/u_fpu/u_divider/exp_norm0_inferred__20/i__carry__0_n_0
    SLICE_X24Y51         CARRY4 (Prop_carry4_CI_O[0])
                                                      0.139   136.315 r  dut/core1/execute_unit/u_fpu/u_divider/exp_norm0_inferred__20/i__carry__1/O[0]
                         net (fo=3, routed)           0.557   136.872    dut/core1/execute_unit/u_fpu/u_divider/exp_norm0_inferred__20/i__carry__1_n_7
    SLICE_X25Y50         LUT6 (Prop_lut6_I1_O)        0.155   137.027 r  dut/core1/execute_unit/u_fpu/u_divider/i__carry_i_9__41/O
                         net (fo=1, routed)           0.131   137.158    dut/core1/execute_unit/u_fpu/u_divider/i__carry_i_9__41_n_0
    SLICE_X25Y50         LUT6 (Prop_lut6_I1_O)        0.053   137.211 f  dut/core1/execute_unit/u_fpu/u_divider/i__carry_i_7__49/O
                         net (fo=12, routed)          0.702   137.913    dut/core1/execute_unit/u_fpu/u_divider/i__carry_i_7__49_n_0
    SLICE_X25Y55         LUT2 (Prop_lut2_I1_O)        0.053   137.966 r  dut/core1/execute_unit/u_fpu/u_divider/i__carry_i_5__28/O
                         net (fo=24, routed)          1.229   139.196    dut/core1/execute_unit/u_fpu/u_divider/i__carry_i_5__28_n_0
    SLICE_X27Y49         LUT2 (Prop_lut2_I1_O)        0.053   139.249 r  dut/core1/execute_unit/u_fpu/u_divider/i__carry_i_4__49/O
                         net (fo=1, routed)           0.000   139.249    dut/core1/execute_unit/u_fpu/u_divider/i__carry_i_4__49_n_0
    SLICE_X27Y49         CARRY4 (Prop_carry4_S[0]_O[3])
                                                      0.357   139.606 f  dut/core1/execute_unit/u_fpu/u_divider/exp_norm0_inferred__21/i__carry/O[3]
                         net (fo=5, routed)           1.187   140.793    dut/core1/execute_unit/u_fpu/u_divider/exp_norm0_inferred__21/i__carry_n_4
    SLICE_X40Y50         LUT6 (Prop_lut6_I4_O)        0.142   140.935 r  dut/core1/execute_unit/u_fpu/u_divider/out_res[30]_i_10__0/O
                         net (fo=8, routed)           0.921   141.856    dut/core1/execute_unit/u_fpu/u_divider/out_res[30]_i_10__0_n_0
    SLICE_X41Y50         LUT6 (Prop_lut6_I3_O)        0.053   141.909 r  dut/core1/execute_unit/u_fpu/u_divider/out_res[30]_i_21__0/O
                         net (fo=9, routed)           1.017   142.925    dut/core1/execute_unit/u_fpu/u_divider/out_res[30]_i_21__0_n_0
    SLICE_X25Y54         LUT6 (Prop_lut6_I5_O)        0.053   142.978 r  dut/core1/execute_unit/u_fpu/u_divider/out_res[30]_i_9__0/O
                         net (fo=33, routed)          1.702   144.680    dut/core1/execute_unit/u_fpu/u_divider/out_res[30]_i_9__0_n_0
    SLICE_X41Y47         LUT5 (Prop_lut5_I2_O)        0.067   144.747 r  dut/core1/execute_unit/u_fpu/u_divider/out_res[29]_i_4__0/O
                         net (fo=2, routed)           0.649   145.397    dut/core1/execute_unit/u_fpu/u_divider/out_res[29]_i_4__0_n_0
    SLICE_X40Y46         LUT6 (Prop_lut6_I2_O)        0.170   145.567 r  dut/core1/execute_unit/u_fpu/u_divider/out_res[22]_i_3__0/O
                         net (fo=23, routed)          1.171   146.737    dut/core1/execute_unit/u_fpu/u_divider/out_res[22]_i_3__0_n_0
    SLICE_X28Y48         LUT6 (Prop_lut6_I3_O)        0.053   146.790 r  dut/core1/execute_unit/u_fpu/u_divider/out_res[18]_i_1__1/O
                         net (fo=1, routed)           0.000   146.790    dut/core1/execute_unit/u_fpu/u_divider/out_res[18]_i_1__1_n_0
    SLICE_X28Y48         FDCE                                         r  dut/core1/execute_unit/u_fpu/u_divider/out_res_reg[18]/D
  -------------------------------------------------------------------    -------------------

Slack:                    inf
  Source:                 dut/core1/mem_wb/RD_F_W_reg[3]/C
                            (rising edge-triggered cell FDRE)
  Destination:            dut/core1/execute_unit/u_fpu/u_divider/out_res_reg[5]/D
  Path Group:             (none)
  Path Type:              Max at Slow Process Corner
  Data Path Delay:        146.790ns  (logic 36.885ns (25.128%)  route 109.905ns (74.872%))
  Logic Levels:           316  (CARRY4=196 FDRE=1 LUT1=1 LUT2=24 LUT3=22 LUT4=7 LUT5=4 LUT6=61)

    Location             Delay type                Incr(ns)  Path(ns)    Netlist Resource(s)
  -------------------------------------------------------------------    -------------------
    SLICE_X68Y33         FDRE                         0.000     0.000 r  dut/core1/mem_wb/RD_F_W_reg[3]/C
    SLICE_X68Y33         FDRE (Prop_fdre_C_Q)         0.269     0.269 r  dut/core1/mem_wb/RD_F_W_reg[3]/Q
                         net (fo=73, routed)          0.946     1.215    dut/core1/id_ex/RD_F_W[3]
    SLICE_X68Y39         LUT6 (Prop_lut6_I3_O)        0.053     1.268 r  dut/core1/id_ex/B_r[31]_i_7__0/O
                         net (fo=1, routed)           0.306     1.574    dut/core1/id_ex/B_r[31]_i_7__0_n_0
    SLICE_X68Y39         LUT5 (Prop_lut5_I0_O)        0.053     1.627 r  dut/core1/id_ex/B_r[31]_i_5__0/O
                         net (fo=2, routed)           0.951     2.578    dut/core1/mem_wb/ForwardBE1__0
    SLICE_X67Y37         LUT3 (Prop_lut3_I2_O)        0.053     2.631 r  dut/core1/mem_wb/B_r[31]_i_2__0/O
                         net (fo=34, routed)          2.427     5.058    dut/core1/mem_wb/ForwardBE_F[0]
    SLICE_X80Y10         LUT5 (Prop_lut5_I1_O)        0.053     5.111 f  dut/core1/mem_wb/forward_fb_mux/B_r[2]_i_1__0/O
                         net (fo=112, routed)         7.652    12.763    dut/core1/mem_wb/ALU_ResultM_reg[2]
    SLICE_X0Y23          LUT1 (Prop_lut1_I0_O)        0.053    12.816 r  dut/core1/mem_wb/u_divider/out_res[30]_i_685__0/O
                         net (fo=1, routed)           0.000    12.816    dut_n_1069
    SLICE_X0Y23          CARRY4 (Prop_carry4_S[2]_CO[3])
                                                      0.219    13.035 r  u_divider/out_res_reg[30]_i_633__0/CO[3]
                         net (fo=1, routed)           0.000    13.035    u_divider/out_res_reg[30]_i_633__0_n_0
    SLICE_X0Y24          CARRY4 (Prop_carry4_CI_CO[3])
                                                      0.060    13.095 r  u_divider/out_res_reg[30]_i_628__0/CO[3]
                         net (fo=1, routed)           0.008    13.103    u_divider/out_res_reg[30]_i_628__0_n_0
    SLICE_X0Y25          CARRY4 (Prop_carry4_CI_CO[3])
                                                      0.060    13.163 r  u_divider/out_res_reg[30]_i_623__0/CO[3]
                         net (fo=1, routed)           0.000    13.163    u_divider/out_res_reg[30]_i_623__0_n_0
    SLICE_X0Y26          CARRY4 (Prop_carry4_CI_CO[3])
                                                      0.060    13.223 r  u_divider/out_res_reg[30]_i_618__0/CO[3]
                         net (fo=1, routed)           0.000    13.223    u_divider/out_res_reg[30]_i_618__0_n_0
    SLICE_X0Y27          CARRY4 (Prop_carry4_CI_CO[3])
                                                      0.060    13.283 r  u_divider/out_res_reg[30]_i_613__0/CO[3]
                         net (fo=1, routed)           0.000    13.283    u_divider/out_res_reg[30]_i_613__0_n_0
    SLICE_X0Y28          CARRY4 (Prop_carry4_CI_CO[3])
                                                      0.060    13.343 r  u_divider/out_res_reg[30]_i_610__0/CO[3]
                         net (fo=1, routed)           0.000    13.343    u_divider/out_res_reg[30]_i_610__0_n_0
    SLICE_X0Y29          CARRY4 (Prop_carry4_CI_CO[0])
                                                      0.173    13.516 r  u_divider/out_res_reg[30]_i_609__0/CO[0]
                         net (fo=27, routed)          1.168    14.684    dut/core1/mem_wb/u_divider/out_res_reg[30]_i_601__0[0]
    SLICE_X1Y23          LUT3 (Prop_lut3_I0_O)        0.153    14.837 r  dut/core1/mem_wb/u_divider/out_res[30]_i_640__0/O
                         net (fo=1, routed)           0.000    14.837    dut_n_2166
    SLICE_X1Y23          CARRY4 (Prop_carry4_S[1]_CO[3])
                                                      0.324    15.161 r  u_divider/out_res_reg[30]_i_601__0/CO[3]
                         net (fo=1, routed)           0.000    15.161    u_divider/out_res_reg[30]_i_601__0_n_0
    SLICE_X1Y24          CARRY4 (Prop_carry4_CI_CO[3])
                                                      0.058    15.219 r  u_divider/out_res_reg[30]_i_596__0/CO[3]
                         net (fo=1, routed)           0.008    15.227    u_divider/out_res_reg[30]_i_596__0_n_0
    SLICE_X1Y25          CARRY4 (Prop_carry4_CI_CO[3])
                                                      0.058    15.285 r  u_divider/out_res_reg[30]_i_591__0/CO[3]
                         net (fo=1, routed)           0.000    15.285    u_divider/out_res_reg[30]_i_591__0_n_0
    SLICE_X1Y26          CARRY4 (Prop_carry4_CI_CO[3])
                                                      0.058    15.343 r  u_divider/out_res_reg[30]_i_586__0/CO[3]
                         net (fo=1, routed)           0.000    15.343    u_divider/out_res_reg[30]_i_586__0_n_0
    SLICE_X1Y27          CARRY4 (Prop_carry4_CI_CO[3])
                                                      0.058    15.401 r  u_divider/out_res_reg[30]_i_581__0/CO[3]
                         net (fo=1, routed)           0.000    15.401    u_divider/out_res_reg[30]_i_581__0_n_0
    SLICE_X1Y28          CARRY4 (Prop_carry4_CI_CO[3])
                                                      0.058    15.459 r  u_divider/out_res_reg[30]_i_578__0/CO[3]
                         net (fo=1, routed)           0.000    15.459    u_divider/out_res_reg[30]_i_578__0_n_0
    SLICE_X1Y29          CARRY4 (Prop_carry4_CI_CO[1])
                                                      0.094    15.553 r  u_divider/out_res_reg[30]_i_577__0/CO[1]
                         net (fo=27, routed)          0.974    16.527    u_divider/out_res_reg[30]_i_577__0_n_2
    SLICE_X2Y23          CARRY4 (Prop_carry4_CYINIT_CO[3])
                                                      0.458    16.985 r  u_divider/out_res_reg[30]_i_569__0/CO[3]
                         net (fo=1, routed)           0.000    16.985    u_divider/out_res_reg[30]_i_569__0_n_0
    SLICE_X2Y24          CARRY4 (Prop_carry4_CI_CO[3])
                                                      0.060    17.045 r  u_divider/out_res_reg[30]_i_564__0/CO[3]
                         net (fo=1, routed)           0.008    17.053    u_divider/out_res_reg[30]_i_564__0_n_0
    SLICE_X2Y25          CARRY4 (Prop_carry4_CI_CO[3])
                                                      0.060    17.113 r  u_divider/out_res_reg[30]_i_559__0/CO[3]
                         net (fo=1, routed)           0.000    17.113    u_divider/out_res_reg[30]_i_559__0_n_0
    SLICE_X2Y26          CARRY4 (Prop_carry4_CI_CO[3])
                                                      0.060    17.173 r  u_divider/out_res_reg[30]_i_554__0/CO[3]
                         net (fo=1, routed)           0.000    17.173    u_divider/out_res_reg[30]_i_554__0_n_0
    SLICE_X2Y27          CARRY4 (Prop_carry4_CI_CO[3])
                                                      0.060    17.233 r  u_divider/out_res_reg[30]_i_549__0/CO[3]
                         net (fo=1, routed)           0.000    17.233    u_divider/out_res_reg[30]_i_549__0_n_0
    SLICE_X2Y28          CARRY4 (Prop_carry4_CI_CO[3])
                                                      0.060    17.293 r  u_divider/out_res_reg[30]_i_546__0/CO[3]
                         net (fo=1, routed)           0.000    17.293    u_divider/out_res_reg[30]_i_546__0_n_0
    SLICE_X2Y29          CARRY4 (Prop_carry4_CI_CO[1])
                                                      0.093    17.386 r  u_divider/out_res_reg[30]_i_545__0/CO[1]
                         net (fo=27, routed)          1.097    18.483    u_divider/out_res_reg[30]_i_545__0_n_2
    SLICE_X2Y35          LUT3 (Prop_lut3_I0_O)        0.153    18.636 r  u_divider/out_res[30]_i_551__0/O
                         net (fo=1, routed)           0.000    18.636    u_divider/out_res[30]_i_551__0_n_0
    SLICE_X2Y35          CARRY4 (Prop_carry4_S[2]_CO[3])
                                                      0.219    18.855 r  u_divider/out_res_reg[30]_i_514__0/CO[3]
                         net (fo=1, routed)           0.000    18.855    u_divider/out_res_reg[30]_i_514__0_n_0
    SLICE_X2Y36          CARRY4 (Prop_carry4_CI_CO[1])
                                                      0.093    18.948 r  u_divider/out_res_reg[30]_i_513__0/CO[1]
                         net (fo=27, routed)          1.437    20.385    u_divider/out_res_reg[30]_i_513__0_n_2
    SLICE_X0Y30          LUT3 (Prop_lut3_I0_O)        0.153    20.538 r  u_divider/out_res[30]_i_542__0/O
                         net (fo=1, routed)           0.000    20.538    u_divider/out_res[30]_i_542__0_n_0
    SLICE_X0Y30          CARRY4 (Prop_carry4_S[3]_CO[3])
                                                      0.216    20.754 r  u_divider/out_res_reg[30]_i_505__0/CO[3]
                         net (fo=1, routed)           0.000    20.754    u_divider/out_res_reg[30]_i_505__0_n_0
    SLICE_X0Y31          CARRY4 (Prop_carry4_CI_CO[3])
                                                      0.060    20.814 r  u_divider/out_res_reg[30]_i_500__0/CO[3]
                         net (fo=1, routed)           0.000    20.814    u_divider/out_res_reg[30]_i_500__0_n_0
    SLICE_X0Y32          CARRY4 (Prop_carry4_CI_CO[3])
                                                      0.060    20.874 r  u_divider/out_res_reg[30]_i_495__0/CO[3]
                         net (fo=1, routed)           0.000    20.874    u_divider/out_res_reg[30]_i_495__0_n_0
    SLICE_X0Y33          CARRY4 (Prop_carry4_CI_CO[3])
                                                      0.060    20.934 r  u_divider/out_res_reg[30]_i_490__0/CO[3]
                         net (fo=1, routed)           0.000    20.934    u_divider/out_res_reg[30]_i_490__0_n_0
    SLICE_X0Y34          CARRY4 (Prop_carry4_CI_CO[3])
                                                      0.060    20.994 r  u_divider/out_res_reg[30]_i_485__0/CO[3]
                         net (fo=1, routed)           0.000    20.994    u_divider/out_res_reg[30]_i_485__0_n_0
    SLICE_X0Y35          CARRY4 (Prop_carry4_CI_CO[3])
                                                      0.060    21.054 r  u_divider/out_res_reg[30]_i_482__0/CO[3]
                         net (fo=1, routed)           0.000    21.054    u_divider/out_res_reg[30]_i_482__0_n_0
    SLICE_X0Y36          CARRY4 (Prop_carry4_CI_CO[1])
                                                      0.093    21.147 r  u_divider/out_res_reg[30]_i_481__0/CO[1]
                         net (fo=27, routed)          1.087    22.234    u_divider/out_res_reg[30]_i_481__0_n_2
    SLICE_X1Y31          LUT3 (Prop_lut3_I0_O)        0.153    22.387 r  u_divider/out_res[30]_i_508__0/O
                         net (fo=1, routed)           0.000    22.387    u_divider/out_res[30]_i_508__0_n_0
    SLICE_X1Y31          CARRY4 (Prop_carry4_S[1]_CO[3])
                                                      0.324    22.711 r  u_divider/out_res_reg[30]_i_468__0/CO[3]
                         net (fo=1, routed)           0.000    22.711    u_divider/out_res_reg[30]_i_468__0_n_0
    SLICE_X1Y32          CARRY4 (Prop_carry4_CI_CO[3])
                                                      0.058    22.769 r  u_divider/out_res_reg[30]_i_463__0/CO[3]
                         net (fo=1, routed)           0.000    22.769    u_divider/out_res_reg[30]_i_463__0_n_0
    SLICE_X1Y33          CARRY4 (Prop_carry4_CI_CO[3])
                                                      0.058    22.827 r  u_divider/out_res_reg[30]_i_458__0/CO[3]
                         net (fo=1, routed)           0.000    22.827    u_divider/out_res_reg[30]_i_458__0_n_0
    SLICE_X1Y34          CARRY4 (Prop_carry4_CI_CO[3])
                                                      0.058    22.885 r  u_divider/out_res_reg[30]_i_453__0/CO[3]
                         net (fo=1, routed)           0.000    22.885    u_divider/out_res_reg[30]_i_453__0_n_0
    SLICE_X1Y35          CARRY4 (Prop_carry4_CI_CO[3])
                                                      0.058    22.943 r  u_divider/out_res_reg[30]_i_450__0/CO[3]
                         net (fo=1, routed)           0.000    22.943    u_divider/out_res_reg[30]_i_450__0_n_0
    SLICE_X1Y36          CARRY4 (Prop_carry4_CI_CO[1])
                                                      0.094    23.037 r  u_divider/out_res_reg[30]_i_449__0/CO[1]
                         net (fo=27, routed)          1.202    24.239    dut/core1/mem_wb/u_divider/out_res_reg[30]_i_441__0[0]
    SLICE_X3Y30          LUT3 (Prop_lut3_I0_O)        0.152    24.391 r  dut/core1/mem_wb/u_divider/out_res[30]_i_480__0/O
                         net (fo=1, routed)           0.000    24.391    dut_n_2171
    SLICE_X3Y30          CARRY4 (Prop_carry4_S[1]_CO[3])
                                                      0.324    24.715 r  u_divider/out_res_reg[30]_i_441__0/CO[3]
                         net (fo=1, routed)           0.000    24.715    u_divider/out_res_reg[30]_i_441__0_n_0
    SLICE_X3Y31          CARRY4 (Prop_carry4_CI_CO[3])
                                                      0.058    24.773 r  u_divider/out_res_reg[30]_i_436__0/CO[3]
                         net (fo=1, routed)           0.000    24.773    u_divider/out_res_reg[30]_i_436__0_n_0
    SLICE_X3Y32          CARRY4 (Prop_carry4_CI_CO[3])
                                                      0.058    24.831 r  u_divider/out_res_reg[30]_i_431__0/CO[3]
                         net (fo=1, routed)           0.000    24.831    u_divider/out_res_reg[30]_i_431__0_n_0
    SLICE_X3Y33          CARRY4 (Prop_carry4_CI_CO[3])
                                                      0.058    24.889 r  u_divider/out_res_reg[30]_i_426__0/CO[3]
                         net (fo=1, routed)           0.000    24.889    u_divider/out_res_reg[30]_i_426__0_n_0
    SLICE_X3Y34          CARRY4 (Prop_carry4_CI_CO[3])
                                                      0.058    24.947 r  u_divider/out_res_reg[30]_i_421__0/CO[3]
                         net (fo=1, routed)           0.000    24.947    u_divider/out_res_reg[30]_i_421__0_n_0
    SLICE_X3Y35          CARRY4 (Prop_carry4_CI_CO[3])
                                                      0.058    25.005 r  u_divider/out_res_reg[30]_i_418__0/CO[3]
                         net (fo=1, routed)           0.000    25.005    u_divider/out_res_reg[30]_i_418__0_n_0
    SLICE_X3Y36          CARRY4 (Prop_carry4_CI_CO[1])
                                                      0.094    25.099 r  u_divider/out_res_reg[30]_i_417__0/CO[1]
                         net (fo=27, routed)          0.815    25.914    dut/core1/mem_wb/u_divider/out_res_reg[30]_i_409__0[0]
    SLICE_X2Y37          LUT3 (Prop_lut3_I0_O)        0.152    26.066 r  dut/core1/mem_wb/u_divider/out_res[30]_i_448__0/O
                         net (fo=1, routed)           0.000    26.066    dut_n_2172
    SLICE_X2Y37          CARRY4 (Prop_carry4_S[1]_CO[3])
                                                      0.310    26.376 r  u_divider/out_res_reg[30]_i_409__0/CO[3]
                         net (fo=1, routed)           0.000    26.376    u_divider/out_res_reg[30]_i_409__0_n_0
    SLICE_X2Y38          CARRY4 (Prop_carry4_CI_CO[3])
                                                      0.060    26.436 r  u_divider/out_res_reg[30]_i_404__0/CO[3]
                         net (fo=1, routed)           0.000    26.436    u_divider/out_res_reg[30]_i_404__0_n_0
    SLICE_X2Y39          CARRY4 (Prop_carry4_CI_CO[3])
                                                      0.060    26.496 r  u_divider/out_res_reg[30]_i_399__0/CO[3]
                         net (fo=1, routed)           0.000    26.496    u_divider/out_res_reg[30]_i_399__0_n_0
    SLICE_X2Y40          CARRY4 (Prop_carry4_CI_CO[3])
                                                      0.060    26.556 r  u_divider/out_res_reg[30]_i_394__0/CO[3]
                         net (fo=1, routed)           0.000    26.556    u_divider/out_res_reg[30]_i_394__0_n_0
    SLICE_X2Y41          CARRY4 (Prop_carry4_CI_CO[3])
                                                      0.060    26.616 r  u_divider/out_res_reg[30]_i_389__0/CO[3]
                         net (fo=1, routed)           0.000    26.616    u_divider/out_res_reg[30]_i_389__0_n_0
    SLICE_X2Y42          CARRY4 (Prop_carry4_CI_CO[3])
                                                      0.060    26.676 r  u_divider/out_res_reg[30]_i_386__0/CO[3]
                         net (fo=1, routed)           0.000    26.676    u_divider/out_res_reg[30]_i_386__0_n_0
    SLICE_X2Y43          CARRY4 (Prop_carry4_CI_CO[1])
                                                      0.093    26.769 r  u_divider/out_res_reg[30]_i_385__0/CO[1]
                         net (fo=27, routed)          1.232    28.001    u_divider/out_res_reg[30]_i_385__0_n_2
    SLICE_X3Y37          LUT3 (Prop_lut3_I0_O)        0.153    28.154 r  u_divider/out_res[30]_i_414__0/O
                         net (fo=1, routed)           0.000    28.154    u_divider/out_res[30]_i_414__0_n_0
    SLICE_X3Y37          CARRY4 (Prop_carry4_S[3]_CO[3])
                                                      0.233    28.387 r  u_divider/out_res_reg[30]_i_377__0/CO[3]
                         net (fo=1, routed)           0.000    28.387    u_divider/out_res_reg[30]_i_377__0_n_0
    SLICE_X3Y38          CARRY4 (Prop_carry4_CI_CO[3])
                                                      0.058    28.445 r  u_divider/out_res_reg[30]_i_372__0/CO[3]
                         net (fo=1, routed)           0.000    28.445    u_divider/out_res_reg[30]_i_372__0_n_0
    SLICE_X3Y39          CARRY4 (Prop_carry4_CI_CO[3])
                                                      0.058    28.503 r  u_divider/out_res_reg[30]_i_367__0/CO[3]
                         net (fo=1, routed)           0.000    28.503    u_divider/out_res_reg[30]_i_367__0_n_0
    SLICE_X3Y40          CARRY4 (Prop_carry4_CI_CO[3])
                                                      0.058    28.561 r  u_divider/out_res_reg[30]_i_362__0/CO[3]
                         net (fo=1, routed)           0.000    28.561    u_divider/out_res_reg[30]_i_362__0_n_0
    SLICE_X3Y41          CARRY4 (Prop_carry4_CI_CO[3])
                                                      0.058    28.619 r  u_divider/out_res_reg[30]_i_357__0/CO[3]
                         net (fo=1, routed)           0.000    28.619    u_divider/out_res_reg[30]_i_357__0_n_0
    SLICE_X3Y42          CARRY4 (Prop_carry4_CI_CO[3])
                                                      0.058    28.677 r  u_divider/out_res_reg[30]_i_354__0/CO[3]
                         net (fo=1, routed)           0.000    28.677    u_divider/out_res_reg[30]_i_354__0_n_0
    SLICE_X3Y43          CARRY4 (Prop_carry4_CI_CO[1])
                                                      0.094    28.771 r  u_divider/out_res_reg[30]_i_353__0/CO[1]
                         net (fo=27, routed)          1.389    30.160    dut/core1/mem_wb/u_divider/out_res_reg[30]_i_344__0[0]
    SLICE_X4Y33          LUT3 (Prop_lut3_I0_O)        0.152    30.312 r  dut/core1/mem_wb/u_divider/out_res[30]_i_384__0/O
                         net (fo=1, routed)           0.000    30.312    dut_n_2174
    SLICE_X4Y33          CARRY4 (Prop_carry4_S[1]_CO[3])
                                                      0.310    30.622 r  u_divider/out_res_reg[30]_i_344__0/CO[3]
                         net (fo=1, routed)           0.000    30.622    u_divider/out_res_reg[30]_i_344__0_n_0
    SLICE_X4Y34          CARRY4 (Prop_carry4_CI_CO[3])
                                                      0.060    30.682 r  u_divider/out_res_reg[30]_i_339__0/CO[3]
                         net (fo=1, routed)           0.000    30.682    u_divider/out_res_reg[30]_i_339__0_n_0
    SLICE_X4Y35          CARRY4 (Prop_carry4_CI_CO[3])
                                                      0.060    30.742 r  u_divider/out_res_reg[30]_i_334__0/CO[3]
                         net (fo=1, routed)           0.000    30.742    u_divider/out_res_reg[30]_i_334__0_n_0
    SLICE_X4Y36          CARRY4 (Prop_carry4_CI_CO[3])
                                                      0.060    30.802 r  u_divider/out_res_reg[30]_i_329__0/CO[3]
                         net (fo=1, routed)           0.000    30.802    u_divider/out_res_reg[30]_i_329__0_n_0
    SLICE_X4Y37          CARRY4 (Prop_carry4_CI_CO[3])
                                                      0.060    30.862 r  u_divider/out_res_reg[30]_i_324__0/CO[3]
                         net (fo=1, routed)           0.000    30.862    u_divider/out_res_reg[30]_i_324__0_n_0
    SLICE_X4Y38          CARRY4 (Prop_carry4_CI_CO[3])
                                                      0.060    30.922 r  u_divider/out_res_reg[30]_i_321__0/CO[3]
                         net (fo=1, routed)           0.000    30.922    u_divider/out_res_reg[30]_i_321__0_n_0
    SLICE_X4Y39          CARRY4 (Prop_carry4_CI_CO[1])
                                                      0.093    31.015 r  u_divider/out_res_reg[30]_i_320__0/CO[1]
                         net (fo=27, routed)          1.261    32.276    dut/core1/mem_wb/u_divider/out_res_reg[30]_i_311__0[0]
    SLICE_X7Y32          LUT3 (Prop_lut3_I0_O)        0.153    32.429 r  dut/core1/mem_wb/u_divider/out_res[30]_i_351__0/O
                         net (fo=1, routed)           0.000    32.429    dut_n_2175
    SLICE_X7Y32          CARRY4 (Prop_carry4_S[1]_CO[3])
                                                      0.324    32.753 r  u_divider/out_res_reg[30]_i_311__0/CO[3]
                         net (fo=1, routed)           0.000    32.753    u_divider/out_res_reg[30]_i_311__0_n_0
    SLICE_X7Y33          CARRY4 (Prop_carry4_CI_CO[3])
                                                      0.058    32.811 r  u_divider/out_res_reg[30]_i_306__0/CO[3]
                         net (fo=1, routed)           0.000    32.811    u_divider/out_res_reg[30]_i_306__0_n_0
    SLICE_X7Y34          CARRY4 (Prop_carry4_CI_CO[3])
                                                      0.058    32.869 r  u_divider/out_res_reg[30]_i_301__0/CO[3]
                         net (fo=1, routed)           0.000    32.869    u_divider/out_res_reg[30]_i_301__0_n_0
    SLICE_X7Y35          CARRY4 (Prop_carry4_CI_CO[3])
                                                      0.058    32.927 r  u_divider/out_res_reg[30]_i_296__0/CO[3]
                         net (fo=1, routed)           0.000    32.927    u_divider/out_res_reg[30]_i_296__0_n_0
    SLICE_X7Y36          CARRY4 (Prop_carry4_CI_CO[3])
                                                      0.058    32.985 r  u_divider/out_res_reg[30]_i_291__0/CO[3]
                         net (fo=1, routed)           0.000    32.985    u_divider/out_res_reg[30]_i_291__0_n_0
    SLICE_X7Y37          CARRY4 (Prop_carry4_CI_CO[3])
                                                      0.058    33.043 r  u_divider/out_res_reg[30]_i_288__0/CO[3]
                         net (fo=1, routed)           0.000    33.043    u_divider/out_res_reg[30]_i_288__0_n_0
    SLICE_X7Y38          CARRY4 (Prop_carry4_CI_CO[1])
                                                      0.094    33.137 r  u_divider/out_res_reg[30]_i_287__0/CO[1]
                         net (fo=27, routed)          1.425    34.562    dut/core1/mem_wb/u_divider/out_res_reg[30]_i_278__0[0]
    SLICE_X11Y32         LUT3 (Prop_lut3_I0_O)        0.152    34.714 r  dut/core1/mem_wb/u_divider/out_res[30]_i_318__0/O
                         net (fo=1, routed)           0.000    34.714    dut_n_2176
    SLICE_X11Y32         CARRY4 (Prop_carry4_S[1]_CO[3])
                                                      0.324    35.038 r  u_divider/out_res_reg[30]_i_278__0/CO[3]
                         net (fo=1, routed)           0.000    35.038    u_divider/out_res_reg[30]_i_278__0_n_0
    SLICE_X11Y33         CARRY4 (Prop_carry4_CI_CO[3])
                                                      0.058    35.096 r  u_divider/out_res_reg[30]_i_273__0/CO[3]
                         net (fo=1, routed)           0.000    35.096    u_divider/out_res_reg[30]_i_273__0_n_0
    SLICE_X11Y34         CARRY4 (Prop_carry4_CI_CO[3])
                                                      0.058    35.154 r  u_divider/out_res_reg[30]_i_268__0/CO[3]
                         net (fo=1, routed)           0.000    35.154    u_divider/out_res_reg[30]_i_268__0_n_0
    SLICE_X11Y35         CARRY4 (Prop_carry4_CI_CO[3])
                                                      0.058    35.212 r  u_divider/out_res_reg[30]_i_263__0/CO[3]
                         net (fo=1, routed)           0.000    35.212    u_divider/out_res_reg[30]_i_263__0_n_0
    SLICE_X11Y36         CARRY4 (Prop_carry4_CI_CO[3])
                                                      0.058    35.270 r  u_divider/out_res_reg[30]_i_258__0/CO[3]
                         net (fo=1, routed)           0.000    35.270    u_divider/out_res_reg[30]_i_258__0_n_0
    SLICE_X11Y37         CARRY4 (Prop_carry4_CI_CO[3])
                                                      0.058    35.328 r  u_divider/out_res_reg[30]_i_255__0/CO[3]
                         net (fo=1, routed)           0.000    35.328    u_divider/out_res_reg[30]_i_255__0_n_0
    SLICE_X11Y38         CARRY4 (Prop_carry4_CI_CO[1])
                                                      0.094    35.422 r  u_divider/out_res_reg[30]_i_254__0/CO[1]
                         net (fo=27, routed)          1.201    36.623    u_divider/out_res_reg[30]_i_254__0_n_2
    SLICE_X15Y32         LUT3 (Prop_lut3_I0_O)        0.152    36.775 r  u_divider/out_res[30]_i_284__0/O
                         net (fo=1, routed)           0.000    36.775    u_divider/out_res[30]_i_284__0_n_0
    SLICE_X15Y32         CARRY4 (Prop_carry4_S[2]_CO[3])
                                                      0.235    37.010 r  u_divider/out_res_reg[30]_i_245__0/CO[3]
                         net (fo=1, routed)           0.000    37.010    u_divider/out_res_reg[30]_i_245__0_n_0
    SLICE_X15Y33         CARRY4 (Prop_carry4_CI_CO[3])
                                                      0.058    37.068 r  u_divider/out_res_reg[30]_i_240__0/CO[3]
                         net (fo=1, routed)           0.000    37.068    u_divider/out_res_reg[30]_i_240__0_n_0
    SLICE_X15Y34         CARRY4 (Prop_carry4_CI_CO[3])
                                                      0.058    37.126 r  u_divider/out_res_reg[30]_i_235__0/CO[3]
                         net (fo=1, routed)           0.000    37.126    u_divider/out_res_reg[30]_i_235__0_n_0
    SLICE_X15Y35         CARRY4 (Prop_carry4_CI_CO[3])
                                                      0.058    37.184 r  u_divider/out_res_reg[30]_i_230__0/CO[3]
                         net (fo=1, routed)           0.000    37.184    u_divider/out_res_reg[30]_i_230__0_n_0
    SLICE_X15Y36         CARRY4 (Prop_carry4_CI_CO[3])
                                                      0.058    37.242 r  u_divider/out_res_reg[30]_i_225__0/CO[3]
                         net (fo=1, routed)           0.000    37.242    u_divider/out_res_reg[30]_i_225__0_n_0
    SLICE_X15Y37         CARRY4 (Prop_carry4_CI_CO[3])
                                                      0.058    37.300 r  u_divider/out_res_reg[30]_i_222__0/CO[3]
                         net (fo=1, routed)           0.000    37.300    u_divider/out_res_reg[30]_i_222__0_n_0
    SLICE_X15Y38         CARRY4 (Prop_carry4_CI_CO[1])
                                                      0.094    37.394 r  u_divider/out_res_reg[30]_i_221__0/CO[1]
                         net (fo=27, routed)          1.155    38.548    u_divider/out_res_reg[30]_i_221__0_n_2
    SLICE_X15Y42         LUT3 (Prop_lut3_I0_O)        0.152    38.700 r  u_divider/out_res[30]_i_237__0/O
                         net (fo=1, routed)           0.000    38.700    u_divider/out_res[30]_i_237__0_n_0
    SLICE_X15Y42         CARRY4 (Prop_carry4_S[2]_CO[3])
                                                      0.235    38.935 r  u_divider/out_res_reg[30]_i_197__0/CO[3]
                         net (fo=1, routed)           0.000    38.935    u_divider/out_res_reg[30]_i_197__0_n_0
    SLICE_X15Y43         CARRY4 (Prop_carry4_CI_CO[3])
                                                      0.058    38.993 r  u_divider/out_res_reg[30]_i_192__0/CO[3]
                         net (fo=1, routed)           0.000    38.993    u_divider/out_res_reg[30]_i_192__0_n_0
    SLICE_X15Y44         CARRY4 (Prop_carry4_CI_CO[3])
                                                      0.058    39.051 r  u_divider/out_res_reg[30]_i_189__0/CO[3]
                         net (fo=1, routed)           0.000    39.051    u_divider/out_res_reg[30]_i_189__0_n_0
    SLICE_X15Y45         CARRY4 (Prop_carry4_CI_CO[1])
                                                      0.094    39.145 r  u_divider/out_res_reg[30]_i_188__0/CO[1]
                         net (fo=27, routed)          1.816    40.961    u_divider/out_res_reg[30]_i_188__0_n_2
    SLICE_X11Y39         LUT3 (Prop_lut3_I0_O)        0.152    41.113 r  u_divider/out_res[30]_i_218__0/O
                         net (fo=1, routed)           0.000    41.113    u_divider/out_res[30]_i_218__0_n_0
    SLICE_X11Y39         CARRY4 (Prop_carry4_S[2]_CO[3])
                                                      0.235    41.348 r  u_divider/out_res_reg[30]_i_179__0/CO[3]
                         net (fo=1, routed)           0.000    41.348    u_divider/out_res_reg[30]_i_179__0_n_0
    SLICE_X11Y40         CARRY4 (Prop_carry4_CI_CO[3])
                                                      0.058    41.406 r  u_divider/out_res_reg[30]_i_174__0/CO[3]
                         net (fo=1, routed)           0.000    41.406    u_divider/out_res_reg[30]_i_174__0_n_0
    SLICE_X11Y41         CARRY4 (Prop_carry4_CI_CO[3])
                                                      0.058    41.464 r  u_divider/out_res_reg[30]_i_169__0/CO[3]
                         net (fo=1, routed)           0.000    41.464    u_divider/out_res_reg[30]_i_169__0_n_0
    SLICE_X11Y42         CARRY4 (Prop_carry4_CI_CO[3])
                                                      0.058    41.522 r  u_divider/out_res_reg[30]_i_164__0/CO[3]
                         net (fo=1, routed)           0.000    41.522    u_divider/out_res_reg[30]_i_164__0_n_0
    SLICE_X11Y43         CARRY4 (Prop_carry4_CI_CO[3])
                                                      0.058    41.580 r  u_divider/out_res_reg[30]_i_159__0/CO[3]
                         net (fo=1, routed)           0.000    41.580    u_divider/out_res_reg[30]_i_159__0_n_0
    SLICE_X11Y44         CARRY4 (Prop_carry4_CI_CO[3])
                                                      0.058    41.638 r  u_divider/out_res_reg[30]_i_156__0/CO[3]
                         net (fo=1, routed)           0.000    41.638    u_divider/out_res_reg[30]_i_156__0_n_0
    SLICE_X11Y45         CARRY4 (Prop_carry4_CI_CO[1])
                                                      0.094    41.732 r  u_divider/out_res_reg[30]_i_155__0/CO[1]
                         net (fo=27, routed)          1.479    43.211    u_divider/out_res_reg[30]_i_155__0_n_2
    SLICE_X9Y39          LUT3 (Prop_lut3_I0_O)        0.152    43.363 r  u_divider/out_res[30]_i_185__0/O
                         net (fo=1, routed)           0.000    43.363    u_divider/out_res[30]_i_185__0_n_0
    SLICE_X9Y39          CARRY4 (Prop_carry4_S[2]_CO[3])
                                                      0.235    43.598 r  u_divider/out_res_reg[30]_i_146__0/CO[3]
                         net (fo=1, routed)           0.000    43.598    u_divider/out_res_reg[30]_i_146__0_n_0
    SLICE_X9Y40          CARRY4 (Prop_carry4_CI_CO[3])
                                                      0.058    43.656 r  u_divider/out_res_reg[30]_i_141__0/CO[3]
                         net (fo=1, routed)           0.000    43.656    u_divider/out_res_reg[30]_i_141__0_n_0
    SLICE_X9Y41          CARRY4 (Prop_carry4_CI_CO[3])
                                                      0.058    43.714 r  u_divider/out_res_reg[30]_i_136__0/CO[3]
                         net (fo=1, routed)           0.000    43.714    u_divider/out_res_reg[30]_i_136__0_n_0
    SLICE_X9Y42          CARRY4 (Prop_carry4_CI_CO[3])
                                                      0.058    43.772 r  u_divider/out_res_reg[30]_i_131__0/CO[3]
                         net (fo=1, routed)           0.000    43.772    u_divider/out_res_reg[30]_i_131__0_n_0
    SLICE_X9Y43          CARRY4 (Prop_carry4_CI_CO[3])
                                                      0.058    43.830 r  u_divider/out_res_reg[30]_i_126__0/CO[3]
                         net (fo=1, routed)           0.000    43.830    u_divider/out_res_reg[30]_i_126__0_n_0
    SLICE_X9Y44          CARRY4 (Prop_carry4_CI_CO[3])
                                                      0.058    43.888 r  u_divider/out_res_reg[30]_i_123__0/CO[3]
                         net (fo=1, routed)           0.000    43.888    u_divider/out_res_reg[30]_i_123__0_n_0
    SLICE_X9Y45          CARRY4 (Prop_carry4_CI_CO[1])
                                                      0.094    43.982 r  u_divider/out_res_reg[30]_i_122__0/CO[1]
                         net (fo=27, routed)          1.441    45.424    u_divider/out_res_reg[30]_i_122__0_n_2
    SLICE_X13Y52         LUT2 (Prop_lut2_I0_O)        0.152    45.576 r  u_divider/out_res[30]_i_124__0/O
                         net (fo=1, routed)           0.000    45.576    u_divider/out_res[30]_i_124__0_n_0
    SLICE_X13Y52         CARRY4 (Prop_carry4_S[1]_CO[1])
                                                      0.302    45.878 r  u_divider/out_res_reg[30]_i_92__0/CO[1]
                         net (fo=27, routed)          1.310    47.187    dut/core1/mem_wb/u_divider/i__carry_i_124__0[0]
    SLICE_X13Y39         LUT3 (Prop_lut3_I0_O)        0.152    47.339 r  dut/core1/mem_wb/u_divider/i__carry_i_149__0/O
                         net (fo=1, routed)           0.000    47.339    dut_n_2182
    SLICE_X13Y39         CARRY4 (Prop_carry4_S[1]_CO[3])
                                                      0.324    47.663 r  u_divider/i__carry_i_124__0/CO[3]
                         net (fo=1, routed)           0.000    47.663    u_divider/i__carry_i_124__0_n_0
    SLICE_X13Y40         CARRY4 (Prop_carry4_CI_CO[3])
                                                      0.058    47.721 r  u_divider/out_res_reg[30]_i_86__0/CO[3]
                         net (fo=1, routed)           0.000    47.721    u_divider/out_res_reg[30]_i_86__0_n_0
    SLICE_X13Y41         CARRY4 (Prop_carry4_CI_CO[3])
                                                      0.058    47.779 r  u_divider/out_res_reg[30]_i_81__0/CO[3]
                         net (fo=1, routed)           0.000    47.779    u_divider/out_res_reg[30]_i_81__0_n_0
    SLICE_X13Y42         CARRY4 (Prop_carry4_CI_CO[3])
                                                      0.058    47.837 r  u_divider/out_res_reg[30]_i_76__0/CO[3]
                         net (fo=1, routed)           0.000    47.837    u_divider/out_res_reg[30]_i_76__0_n_0
    SLICE_X13Y43         CARRY4 (Prop_carry4_CI_CO[3])
                                                      0.058    47.895 r  u_divider/out_res_reg[30]_i_71__0/CO[3]
                         net (fo=1, routed)           0.000    47.895    u_divider/out_res_reg[30]_i_71__0_n_0
    SLICE_X13Y44         CARRY4 (Prop_carry4_CI_CO[3])
                                                      0.058    47.953 r  u_divider/out_res_reg[30]_i_68__0/CO[3]
                         net (fo=1, routed)           0.000    47.953    u_divider/out_res_reg[30]_i_68__0_n_0
    SLICE_X13Y45         CARRY4 (Prop_carry4_CI_CO[1])
                                                      0.094    48.047 r  u_divider/out_res_reg[30]_i_67__0/CO[1]
                         net (fo=27, routed)          1.406    49.453    u_divider/out_res_reg[30]_i_67__0_n_2
    SLICE_X19Y39         LUT3 (Prop_lut3_I0_O)        0.152    49.605 r  u_divider/i__carry_i_145__0/O
                         net (fo=1, routed)           0.000    49.605    u_divider/i__carry_i_145__0_n_0
    SLICE_X19Y39         CARRY4 (Prop_carry4_S[2]_CO[3])
                                                      0.235    49.840 r  u_divider/i__carry_i_119__0/CO[3]
                         net (fo=1, routed)           0.000    49.840    u_divider/i__carry_i_119__0_n_0
    SLICE_X19Y40         CARRY4 (Prop_carry4_CI_CO[3])
                                                      0.058    49.898 r  u_divider/i__carry_i_93__0/CO[3]
                         net (fo=1, routed)           0.000    49.898    u_divider/i__carry_i_93__0_n_0
    SLICE_X19Y41         CARRY4 (Prop_carry4_CI_CO[3])
                                                      0.058    49.956 r  u_divider/out_res_reg[30]_i_61__0/CO[3]
                         net (fo=1, routed)           0.000    49.956    u_divider/out_res_reg[30]_i_61__0_n_0
    SLICE_X19Y42         CARRY4 (Prop_carry4_CI_CO[3])
                                                      0.058    50.014 r  u_divider/out_res_reg[30]_i_56__0/CO[3]
                         net (fo=1, routed)           0.000    50.014    u_divider/out_res_reg[30]_i_56__0_n_0
    SLICE_X19Y43         CARRY4 (Prop_carry4_CI_CO[3])
                                                      0.058    50.072 r  u_divider/out_res_reg[30]_i_51__0/CO[3]
                         net (fo=1, routed)           0.000    50.072    u_divider/out_res_reg[30]_i_51__0_n_0
    SLICE_X19Y44         CARRY4 (Prop_carry4_CI_CO[3])
                                                      0.058    50.130 r  u_divider/out_res_reg[30]_i_48__0/CO[3]
                         net (fo=1, routed)           0.000    50.130    u_divider/out_res_reg[30]_i_48__0_n_0
    SLICE_X19Y45         CARRY4 (Prop_carry4_CI_CO[1])
                                                      0.094    50.224 r  u_divider/out_res_reg[30]_i_47__0/CO[1]
                         net (fo=27, routed)          1.431    51.655    u_divider/out_res_reg[30]_i_47__0_n_2
    SLICE_X17Y39         LUT3 (Prop_lut3_I0_O)        0.152    51.807 r  u_divider/i__carry_i_141__0/O
                         net (fo=1, routed)           0.000    51.807    u_divider/i__carry_i_141__0_n_0
    SLICE_X17Y39         CARRY4 (Prop_carry4_S[3]_CO[3])
                                                      0.233    52.040 r  u_divider/i__carry_i_114__0/CO[3]
                         net (fo=1, routed)           0.000    52.040    u_divider/i__carry_i_114__0_n_0
    SLICE_X17Y40         CARRY4 (Prop_carry4_CI_CO[3])
                                                      0.058    52.098 r  u_divider/i__carry_i_88__0/CO[3]
                         net (fo=1, routed)           0.000    52.098    u_divider/i__carry_i_88__0_n_0
    SLICE_X17Y41         CARRY4 (Prop_carry4_CI_CO[3])
                                                      0.058    52.156 r  u_divider/i__carry_i_67__0/CO[3]
                         net (fo=1, routed)           0.000    52.156    u_divider/i__carry_i_67__0_n_0
    SLICE_X17Y42         CARRY4 (Prop_carry4_CI_CO[3])
                                                      0.058    52.214 r  u_divider/out_res_reg[30]_i_41__0/CO[3]
                         net (fo=1, routed)           0.000    52.214    u_divider/out_res_reg[30]_i_41__0_n_0
    SLICE_X17Y43         CARRY4 (Prop_carry4_CI_CO[3])
                                                      0.058    52.272 r  u_divider/out_res_reg[30]_i_36__0/CO[3]
                         net (fo=1, routed)           0.000    52.272    u_divider/out_res_reg[30]_i_36__0_n_0
    SLICE_X17Y44         CARRY4 (Prop_carry4_CI_CO[3])
                                                      0.058    52.330 r  u_divider/out_res_reg[30]_i_33__0/CO[3]
                         net (fo=1, routed)           0.000    52.330    u_divider/out_res_reg[30]_i_33__0_n_0
    SLICE_X17Y45         CARRY4 (Prop_carry4_CI_CO[1])
                                                      0.094    52.424 r  u_divider/out_res_reg[30]_i_32__0/CO[1]
                         net (fo=27, routed)          1.557    53.981    u_divider/out_res_reg[30]_i_32__0_n_2
    SLICE_X17Y49         LUT3 (Prop_lut3_I0_O)        0.152    54.133 r  u_divider/i__carry_i_71__0/O
                         net (fo=1, routed)           0.000    54.133    u_divider/i__carry_i_71__0_n_0
    SLICE_X17Y49         CARRY4 (Prop_carry4_S[0]_CO[3])
                                                      0.313    54.446 r  u_divider/i__carry_i_46__0/CO[3]
                         net (fo=1, routed)           0.001    54.447    u_divider/i__carry_i_46__0_n_0
    SLICE_X17Y50         CARRY4 (Prop_carry4_CI_CO[3])
                                                      0.058    54.505 r  u_divider/out_res_reg[30]_i_26__0/CO[3]
                         net (fo=1, routed)           0.000    54.505    u_divider/out_res_reg[30]_i_26__0_n_0
    SLICE_X17Y51         CARRY4 (Prop_carry4_CI_CO[3])
                                                      0.058    54.563 r  u_divider/out_res_reg[30]_i_23__0/CO[3]
                         net (fo=1, routed)           0.000    54.563    u_divider/out_res_reg[30]_i_23__0_n_0
    SLICE_X17Y52         CARRY4 (Prop_carry4_CI_CO[1])
                                                      0.094    54.657 r  u_divider/out_res_reg[30]_i_22__0/CO[1]
                         net (fo=27, routed)          1.116    55.773    dut/core1/mem_wb/u_divider/i__carry_i_104__0[0]
    SLICE_X19Y46         LUT3 (Prop_lut3_I0_O)        0.152    55.925 r  dut/core1/mem_wb/u_divider/i__carry_i_137__0/O
                         net (fo=1, routed)           0.000    55.925    dut_n_2186
    SLICE_X19Y46         CARRY4 (Prop_carry4_S[1]_CO[3])
                                                      0.324    56.249 r  u_divider/i__carry_i_104__0/CO[3]
                         net (fo=1, routed)           0.000    56.249    u_divider/i__carry_i_104__0_n_0
    SLICE_X19Y47         CARRY4 (Prop_carry4_CI_CO[3])
                                                      0.058    56.307 r  u_divider/i__carry_i_78__0/CO[3]
                         net (fo=1, routed)           0.000    56.307    u_divider/i__carry_i_78__0_n_0
    SLICE_X19Y48         CARRY4 (Prop_carry4_CI_CO[3])
                                                      0.058    56.365 r  u_divider/i__carry_i_57__0/CO[3]
                         net (fo=1, routed)           0.000    56.365    u_divider/i__carry_i_57__0_n_0
    SLICE_X19Y49         CARRY4 (Prop_carry4_CI_CO[3])
                                                      0.058    56.423 r  u_divider/i__carry_i_41__0/CO[3]
                         net (fo=1, routed)           0.001    56.424    u_divider/i__carry_i_41__0_n_0
    SLICE_X19Y50         CARRY4 (Prop_carry4_CI_CO[3])
                                                      0.058    56.482 r  u_divider/i__carry_i_30__0/CO[3]
                         net (fo=1, routed)           0.000    56.482    u_divider/i__carry_i_30__0_n_0
    SLICE_X19Y51         CARRY4 (Prop_carry4_CI_CO[3])
                                                      0.058    56.540 r  u_divider/out_res_reg[30]_i_15__0/CO[3]
                         net (fo=1, routed)           0.000    56.540    u_divider/out_res_reg[30]_i_15__0_n_0
    SLICE_X19Y52         CARRY4 (Prop_carry4_CI_CO[1])
                                                      0.094    56.634 r  u_divider/out_res_reg[30]_i_14__0/CO[1]
                         net (fo=27, routed)          1.191    57.825    dut/core1/mem_wb/u_divider/i__carry_i_99__0[0]
    SLICE_X21Y46         LUT3 (Prop_lut3_I0_O)        0.152    57.977 r  dut/core1/mem_wb/u_divider/i__carry_i_134__0/O
                         net (fo=1, routed)           0.000    57.977    dut_n_2187
    SLICE_X21Y46         CARRY4 (Prop_carry4_S[1]_CO[3])
                                                      0.324    58.301 r  u_divider/i__carry_i_99__0/CO[3]
                         net (fo=1, routed)           0.000    58.301    u_divider/i__carry_i_99__0_n_0
    SLICE_X21Y47         CARRY4 (Prop_carry4_CI_CO[3])
                                                      0.058    58.359 r  u_divider/i__carry_i_73__0/CO[3]
                         net (fo=1, routed)           0.000    58.359    u_divider/i__carry_i_73__0_n_0
    SLICE_X21Y48         CARRY4 (Prop_carry4_CI_CO[3])
                                                      0.058    58.417 r  u_divider/i__carry_i_52__0/CO[3]
                         net (fo=1, routed)           0.000    58.417    u_divider/i__carry_i_52__0_n_0
    SLICE_X21Y49         CARRY4 (Prop_carry4_CI_CO[3])
                                                      0.058    58.475 r  u_divider/i__carry_i_36__0/CO[3]
                         net (fo=1, routed)           0.001    58.476    u_divider/i__carry_i_36__0_n_0
    SLICE_X21Y50         CARRY4 (Prop_carry4_CI_CO[3])
                                                      0.058    58.534 r  u_divider/i__carry_i_25__0/CO[3]
                         net (fo=1, routed)           0.000    58.534    u_divider/i__carry_i_25__0_n_0
    SLICE_X21Y51         CARRY4 (Prop_carry4_CI_CO[3])
                                                      0.058    58.592 r  u_divider/i__carry_i_15__0/CO[3]
                         net (fo=1, routed)           0.000    58.592    u_divider/i__carry_i_15__0_n_0
    SLICE_X21Y52         CARRY4 (Prop_carry4_CI_CO[1])
                                                      0.094    58.686 r  u_divider/out_res_reg[30]_i_8__0/CO[1]
                         net (fo=70, routed)          1.150    59.835    u_divider/out_res_reg[30]_i_8__0_n_2
    SLICE_X21Y58         LUT3 (Prop_lut3_I0_O)        0.152    59.987 r  u_divider/i__carry_i_28__0/O
                         net (fo=1, routed)           0.000    59.987    u_divider/i__carry_i_28__0_n_0
    SLICE_X21Y58         CARRY4 (Prop_carry4_S[1]_CO[3])
                                                      0.324    60.311 r  u_divider/i__carry_i_14__0/CO[3]
                         net (fo=1, routed)           0.000    60.311    u_divider/i__carry_i_14__0_n_0
    SLICE_X21Y59         CARRY4 (Prop_carry4_CI_CO[1])
                                                      0.094    60.405 r  u_divider/i__carry_i_11__0/CO[1]
                         net (fo=39, routed)          1.221    61.627    dut/core1/mem_wb/u_divider/out_res_reg[21]_i_35__0[0]
    SLICE_X20Y53         LUT2 (Prop_lut2_I1_O)        0.152    61.779 r  dut/core1/mem_wb/u_divider/out_res[21]_i_44__0/O
                         net (fo=1, routed)           0.000    61.779    dut_n_2255
    SLICE_X20Y53         CARRY4 (Prop_carry4_S[1]_CO[3])
                                                      0.310    62.089 r  u_divider/out_res_reg[21]_i_35__0/CO[3]
                         net (fo=1, routed)           0.000    62.089    u_divider/out_res_reg[21]_i_35__0_n_0
    SLICE_X20Y54         CARRY4 (Prop_carry4_CI_CO[3])
                                                      0.060    62.149 r  u_divider/out_res_reg[21]_i_29__0/CO[3]
                         net (fo=1, routed)           0.000    62.149    u_divider/out_res_reg[21]_i_29__0_n_0
    SLICE_X20Y55         CARRY4 (Prop_carry4_CI_CO[3])
                                                      0.060    62.209 r  u_divider/out_res_reg[21]_i_23__0/CO[3]
                         net (fo=1, routed)           0.000    62.209    u_divider/out_res_reg[21]_i_23__0_n_0
    SLICE_X20Y56         CARRY4 (Prop_carry4_CI_CO[3])
                                                      0.060    62.269 r  u_divider/out_res_reg[21]_i_17__0/CO[3]
                         net (fo=1, routed)           0.000    62.269    u_divider/out_res_reg[21]_i_17__0_n_0
    SLICE_X20Y57         CARRY4 (Prop_carry4_CI_CO[3])
                                                      0.060    62.329 r  u_divider/out_res_reg[21]_i_11__0/CO[3]
                         net (fo=1, routed)           0.000    62.329    u_divider/out_res_reg[21]_i_11__0_n_0
    SLICE_X20Y58         CARRY4 (Prop_carry4_CI_CO[3])
                                                      0.060    62.389 r  u_divider/out_res_reg[21]_i_7__0/CO[3]
                         net (fo=1, routed)           0.000    62.389    u_divider/out_res_reg[21]_i_7__0_n_0
    SLICE_X20Y59         CARRY4 (Prop_carry4_CI_CO[1])
                                                      0.093    62.482 r  u_divider/out_res_reg[21]_i_5__0/CO[1]
                         net (fo=32, routed)          1.546    64.028    dut/core1/execute_unit/u_fpu/u_divider/out_res_reg[21]_0[0]
    SLICE_X27Y55         LUT5 (Prop_lut5_I0_O)        0.153    64.181 r  dut/core1/execute_unit/u_fpu/u_divider/i__carry_i_18__10/O
                         net (fo=3, routed)           0.684    64.865    dut/core1/execute_unit/u_fpu/u_divider/i__carry_i_18__10_n_0
    SLICE_X27Y54         LUT6 (Prop_lut6_I0_O)        0.053    64.918 r  dut/core1/execute_unit/u_fpu/u_divider/i__carry_i_13__25/O
                         net (fo=33, routed)          0.699    65.617    dut/core1/execute_unit/u_fpu/u_divider/i__carry_i_13__25_n_0
    SLICE_X31Y53         LUT4 (Prop_lut4_I3_O)        0.053    65.670 r  dut/core1/execute_unit/u_fpu/u_divider/i__carry_i_8__49/O
                         net (fo=1, routed)           0.000    65.670    dut/core1/execute_unit/u_fpu/u_divider/i__carry_i_8__49_n_0
    SLICE_X31Y53         CARRY4 (Prop_carry4_S[0]_CO[3])
                                                      0.313    65.983 r  dut/core1/execute_unit/u_fpu/u_divider/exp_norm0_inferred__0/i__carry/CO[3]
                         net (fo=1, routed)           0.000    65.983    dut/core1/execute_unit/u_fpu/u_divider/exp_norm0_inferred__0/i__carry_n_0
    SLICE_X31Y54         CARRY4 (Prop_carry4_CI_O[0])
                                                      0.139    66.122 f  dut/core1/execute_unit/u_fpu/u_divider/exp_norm0_inferred__0/i__carry__0/O[0]
                         net (fo=3, routed)           0.565    66.687    dut/core1/execute_unit/u_fpu/u_divider/exp_norm[4]
    SLICE_X29Y54         LUT6 (Prop_lut6_I4_O)        0.155    66.842 f  dut/core1/execute_unit/u_fpu/u_divider/i__carry_i_12__31/O
                         net (fo=1, routed)           0.414    67.256    dut/core1/execute_unit/u_fpu/u_divider/i__carry_i_12__31_n_0
    SLICE_X29Y55         LUT6 (Prop_lut6_I1_O)        0.053    67.309 r  dut/core1/execute_unit/u_fpu/u_divider/i__carry_i_11__31/O
                         net (fo=4, routed)           0.479    67.788    dut/core1/execute_unit/u_fpu/u_divider/i__carry_i_11__31_n_0
    SLICE_X28Y57         LUT6 (Prop_lut6_I5_O)        0.053    67.841 r  dut/core1/execute_unit/u_fpu/u_divider/i__carry_i_5__48/O
                         net (fo=32, routed)          0.667    68.508    dut/core1/execute_unit/u_fpu/u_divider/i__carry_i_5__48_n_0
    SLICE_X28Y54         LUT2 (Prop_lut2_I1_O)        0.053    68.561 r  dut/core1/execute_unit/u_fpu/u_divider/i__carry_i_4__29/O
                         net (fo=1, routed)           0.000    68.561    dut/core1/execute_unit/u_fpu/u_divider/i__carry_i_4__29_n_0
    SLICE_X28Y54         CARRY4 (Prop_carry4_S[0]_CO[3])
                                                      0.313    68.874 r  dut/core1/execute_unit/u_fpu/u_divider/exp_norm0_inferred__1/i__carry/CO[3]
                         net (fo=1, routed)           0.000    68.874    dut/core1/execute_unit/u_fpu/u_divider/exp_norm0_inferred__1/i__carry_n_0
    SLICE_X28Y55         CARRY4 (Prop_carry4_CI_O[1])
                                                      0.213    69.087 f  dut/core1/execute_unit/u_fpu/u_divider/exp_norm0_inferred__1/i__carry__0/O[1]
                         net (fo=3, routed)           0.603    69.689    dut/core1/execute_unit/u_fpu/u_divider/exp_norm0_inferred__1/i__carry__0_n_6
    SLICE_X29Y55         LUT6 (Prop_lut6_I0_O)        0.152    69.841 f  dut/core1/execute_unit/u_fpu/u_divider/i__carry_i_8__43/O
                         net (fo=1, routed)           0.804    70.646    dut/core1/execute_unit/u_fpu/u_divider/i__carry_i_8__43_n_0
    SLICE_X28Y57         LUT6 (Prop_lut6_I1_O)        0.053    70.699 r  dut/core1/execute_unit/u_fpu/u_divider/i__carry_i_7__43/O
                         net (fo=2, routed)           0.325    71.023    dut/core1/execute_unit/u_fpu/u_divider/i__carry_i_7__43_n_0
    SLICE_X28Y57         LUT6 (Prop_lut6_I5_O)        0.053    71.076 r  dut/core1/execute_unit/u_fpu/u_divider/i__carry_i_5__47/O
                         net (fo=30, routed)          0.303    71.379    dut/core1/execute_unit/u_fpu/u_divider/i__carry_i_5__47_n_0
    SLICE_X29Y56         LUT2 (Prop_lut2_I1_O)        0.053    71.432 r  dut/core1/execute_unit/u_fpu/u_divider/i__carry_i_4__30/O
                         net (fo=1, routed)           0.000    71.432    dut/core1/execute_unit/u_fpu/u_divider/i__carry_i_4__30_n_0
    SLICE_X29Y56         CARRY4 (Prop_carry4_S[0]_CO[3])
                                                      0.313    71.745 r  dut/core1/execute_unit/u_fpu/u_divider/exp_norm0_inferred__2/i__carry/CO[3]
                         net (fo=1, routed)           0.000    71.745    dut/core1/execute_unit/u_fpu/u_divider/exp_norm0_inferred__2/i__carry_n_0
    SLICE_X29Y57         CARRY4 (Prop_carry4_CI_O[0])
                                                      0.139    71.884 f  dut/core1/execute_unit/u_fpu/u_divider/exp_norm0_inferred__2/i__carry__0/O[0]
                         net (fo=3, routed)           0.577    72.461    dut/core1/execute_unit/u_fpu/u_divider/exp_norm0_inferred__2/i__carry__0_n_7
    SLICE_X25Y57         LUT6 (Prop_lut6_I4_O)        0.155    72.616 f  dut/core1/execute_unit/u_fpu/u_divider/i__carry_i_12__32/O
                         net (fo=1, routed)           0.407    73.023    dut/core1/execute_unit/u_fpu/u_divider/i__carry_i_12__32_n_0
    SLICE_X25Y58         LUT6 (Prop_lut6_I1_O)        0.053    73.076 r  dut/core1/execute_unit/u_fpu/u_divider/i__carry_i_9__28/O
                         net (fo=3, routed)           0.659    73.735    dut/core1/execute_unit/u_fpu/u_divider/i__carry_i_9__28_n_0
    SLICE_X27Y57         LUT6 (Prop_lut6_I5_O)        0.053    73.788 r  dut/core1/execute_unit/u_fpu/u_divider/i__carry_i_5__46/O
                         net (fo=28, routed)          0.424    74.212    dut/core1/execute_unit/u_fpu/u_divider/i__carry_i_5__46_n_0
    SLICE_X24Y57         LUT2 (Prop_lut2_I1_O)        0.053    74.265 r  dut/core1/execute_unit/u_fpu/u_divider/i__carry_i_4__31/O
                         net (fo=1, routed)           0.000    74.265    dut/core1/execute_unit/u_fpu/u_divider/i__carry_i_4__31_n_0
    SLICE_X24Y57         CARRY4 (Prop_carry4_S[0]_CO[3])
                                                      0.313    74.578 r  dut/core1/execute_unit/u_fpu/u_divider/exp_norm0_inferred__3/i__carry/CO[3]
                         net (fo=1, routed)           0.000    74.578    dut/core1/execute_unit/u_fpu/u_divider/exp_norm0_inferred__3/i__carry_n_0
    SLICE_X24Y58         CARRY4 (Prop_carry4_CI_O[3])
                                                      0.179    74.757 f  dut/core1/execute_unit/u_fpu/u_divider/exp_norm0_inferred__3/i__carry__0/O[3]
                         net (fo=3, routed)           0.681    75.438    dut/core1/execute_unit/u_fpu/u_divider/exp_norm0_inferred__3/i__carry__0_n_4
    SLICE_X25Y59         LUT6 (Prop_lut6_I2_O)        0.142    75.580 f  dut/core1/execute_unit/u_fpu/u_divider/i__carry_i_11__32/O
                         net (fo=1, routed)           0.457    76.037    dut/core1/execute_unit/u_fpu/u_divider/i__carry_i_11__32_n_0
    SLICE_X25Y59         LUT6 (Prop_lut6_I1_O)        0.053    76.090 r  dut/core1/execute_unit/u_fpu/u_divider/i__carry_i_9__29/O
                         net (fo=1, routed)           0.128    76.218    dut/core1/execute_unit/u_fpu/u_divider/i__carry_i_9__29_n_0
    SLICE_X25Y59         LUT6 (Prop_lut6_I5_O)        0.053    76.271 r  dut/core1/execute_unit/u_fpu/u_divider/i__carry_i_5__45/O
                         net (fo=29, routed)          0.724    76.996    dut/core1/execute_unit/u_fpu/u_divider/i__carry_i_5__45_n_0
    SLICE_X23Y59         LUT2 (Prop_lut2_I1_O)        0.053    77.049 r  dut/core1/execute_unit/u_fpu/u_divider/i__carry_i_4__32/O
                         net (fo=1, routed)           0.000    77.049    dut/core1/execute_unit/u_fpu/u_divider/i__carry_i_4__32_n_0
    SLICE_X23Y59         CARRY4 (Prop_carry4_S[0]_CO[3])
                                                      0.313    77.362 r  dut/core1/execute_unit/u_fpu/u_divider/exp_norm0_inferred__4/i__carry/CO[3]
                         net (fo=1, routed)           0.000    77.362    dut/core1/execute_unit/u_fpu/u_divider/exp_norm0_inferred__4/i__carry_n_0
    SLICE_X23Y60         CARRY4 (Prop_carry4_CI_O[3])
                                                      0.179    77.541 f  dut/core1/execute_unit/u_fpu/u_divider/exp_norm0_inferred__4/i__carry__0/O[3]
                         net (fo=3, routed)           0.959    78.499    dut/core1/execute_unit/u_fpu/u_divider/exp_norm0_inferred__4/i__carry__0_n_4
    SLICE_X9Y61          LUT6 (Prop_lut6_I2_O)        0.142    78.641 f  dut/core1/execute_unit/u_fpu/u_divider/i__carry_i_10__36/O
                         net (fo=1, routed)           0.294    78.935    dut/core1/execute_unit/u_fpu/u_divider/i__carry_i_10__36_n_0
    SLICE_X9Y62          LUT6 (Prop_lut6_I1_O)        0.053    78.988 r  dut/core1/execute_unit/u_fpu/u_divider/i__carry_i_8__44/O
                         net (fo=4, routed)           0.417    79.405    dut/core1/execute_unit/u_fpu/u_divider/i__carry_i_8__44_n_0
    SLICE_X9Y63          LUT4 (Prop_lut4_I3_O)        0.053    79.458 r  dut/core1/execute_unit/u_fpu/u_divider/i__carry_i_5__44/O
                         net (fo=26, routed)          0.454    79.912    dut/core1/execute_unit/u_fpu/u_divider/i__carry_i_5__44_n_0
    SLICE_X7Y61          LUT2 (Prop_lut2_I1_O)        0.053    79.965 r  dut/core1/execute_unit/u_fpu/u_divider/i__carry_i_4__33/O
                         net (fo=1, routed)           0.000    79.965    dut/core1/execute_unit/u_fpu/u_divider/i__carry_i_4__33_n_0
    SLICE_X7Y61          CARRY4 (Prop_carry4_S[0]_CO[3])
                                                      0.313    80.278 r  dut/core1/execute_unit/u_fpu/u_divider/exp_norm0_inferred__5/i__carry/CO[3]
                         net (fo=1, routed)           0.000    80.278    dut/core1/execute_unit/u_fpu/u_divider/exp_norm0_inferred__5/i__carry_n_0
    SLICE_X7Y62          CARRY4 (Prop_carry4_CI_CO[3])
                                                      0.058    80.336 r  dut/core1/execute_unit/u_fpu/u_divider/exp_norm0_inferred__5/i__carry__0/CO[3]
                         net (fo=1, routed)           0.000    80.336    dut/core1/execute_unit/u_fpu/u_divider/exp_norm0_inferred__5/i__carry__0_n_0
    SLICE_X7Y63          CARRY4 (Prop_carry4_CI_O[1])
                                                      0.213    80.549 f  dut/core1/execute_unit/u_fpu/u_divider/exp_norm0_inferred__5/i__carry__1/O[1]
                         net (fo=3, routed)           0.768    81.318    dut/core1/execute_unit/u_fpu/u_divider/exp_norm0_inferred__5/i__carry__1_n_6
    SLICE_X5Y62          LUT6 (Prop_lut6_I3_O)        0.152    81.470 r  dut/core1/execute_unit/u_fpu/u_divider/i__carry_i_7__44/O
                         net (fo=1, routed)           0.607    82.076    dut/core1/execute_unit/u_fpu/u_divider/i__carry_i_7__44_n_0
    SLICE_X9Y63          LUT6 (Prop_lut6_I5_O)        0.053    82.129 r  dut/core1/execute_unit/u_fpu/u_divider/i__carry_i_5__43/O
                         net (fo=27, routed)          0.480    82.610    dut/core1/execute_unit/u_fpu/u_divider/i__carry_i_5__43_n_0
    SLICE_X6Y63          LUT2 (Prop_lut2_I1_O)        0.053    82.663 r  dut/core1/execute_unit/u_fpu/u_divider/i__carry_i_4__34/O
                         net (fo=1, routed)           0.000    82.663    dut/core1/execute_unit/u_fpu/u_divider/i__carry_i_4__34_n_0
    SLICE_X6Y63          CARRY4 (Prop_carry4_S[0]_CO[3])
                                                      0.297    82.960 r  dut/core1/execute_unit/u_fpu/u_divider/exp_norm0_inferred__6/i__carry/CO[3]
                         net (fo=1, routed)           0.000    82.960    dut/core1/execute_unit/u_fpu/u_divider/exp_norm0_inferred__6/i__carry_n_0
    SLICE_X6Y64          CARRY4 (Prop_carry4_CI_O[0])
                                                      0.135    83.095 f  dut/core1/execute_unit/u_fpu/u_divider/exp_norm0_inferred__6/i__carry__0/O[0]
                         net (fo=3, routed)           0.609    83.704    dut/core1/execute_unit/u_fpu/u_divider/exp_norm0_inferred__6/i__carry__0_n_7
    SLICE_X7Y64          LUT6 (Prop_lut6_I4_O)        0.153    83.857 f  dut/core1/execute_unit/u_fpu/u_divider/i__carry_i_13__26/O
                         net (fo=1, routed)           0.298    84.155    dut/core1/execute_unit/u_fpu/u_divider/i__carry_i_13__26_n_0
    SLICE_X7Y65          LUT6 (Prop_lut6_I1_O)        0.053    84.208 r  dut/core1/execute_unit/u_fpu/u_divider/i__carry_i_9__31/O
                         net (fo=4, routed)           0.451    84.659    dut/core1/execute_unit/u_fpu/u_divider/i__carry_i_9__31_n_0
    SLICE_X9Y65          LUT6 (Prop_lut6_I5_O)        0.053    84.712 r  dut/core1/execute_unit/u_fpu/u_divider/i__carry_i_5__42/O
                         net (fo=27, routed)          0.697    85.409    dut/core1/execute_unit/u_fpu/u_divider/i__carry_i_5__42_n_0
    SLICE_X5Y63          LUT2 (Prop_lut2_I1_O)        0.053    85.462 r  dut/core1/execute_unit/u_fpu/u_divider/i__carry_i_4__35/O
                         net (fo=1, routed)           0.000    85.462    dut/core1/execute_unit/u_fpu/u_divider/i__carry_i_4__35_n_0
    SLICE_X5Y63          CARRY4 (Prop_carry4_S[0]_CO[3])
                                                      0.313    85.775 r  dut/core1/execute_unit/u_fpu/u_divider/exp_norm0_inferred__7/i__carry/CO[3]
                         net (fo=1, routed)           0.000    85.775    dut/core1/execute_unit/u_fpu/u_divider/exp_norm0_inferred__7/i__carry_n_0
    SLICE_X5Y64          CARRY4 (Prop_carry4_CI_O[0])
                                                      0.139    85.914 f  dut/core1/execute_unit/u_fpu/u_divider/exp_norm0_inferred__7/i__carry__0/O[0]
                         net (fo=3, routed)           0.587    86.500    dut/core1/execute_unit/u_fpu/u_divider/exp_norm0_inferred__7/i__carry__0_n_7
    SLICE_X3Y64          LUT6 (Prop_lut6_I4_O)        0.155    86.655 f  dut/core1/execute_unit/u_fpu/u_divider/i__carry_i_10__37/O
                         net (fo=1, routed)           0.566    87.222    dut/core1/execute_unit/u_fpu/u_divider/i__carry_i_10__37_n_0
    SLICE_X7Y65          LUT6 (Prop_lut6_I1_O)        0.053    87.275 r  dut/core1/execute_unit/u_fpu/u_divider/i__carry_i_8__45/O
                         net (fo=2, routed)           0.303    87.577    dut/core1/execute_unit/u_fpu/u_divider/i__carry_i_8__45_n_0
    SLICE_X7Y66          LUT4 (Prop_lut4_I3_O)        0.053    87.630 r  dut/core1/execute_unit/u_fpu/u_divider/i__carry_i_5__41/O
                         net (fo=29, routed)          0.803    88.434    dut/core1/execute_unit/u_fpu/u_divider/i__carry_i_5__41_n_0
    SLICE_X4Y63          LUT2 (Prop_lut2_I1_O)        0.053    88.487 r  dut/core1/execute_unit/u_fpu/u_divider/i__carry_i_4__36/O
                         net (fo=1, routed)           0.000    88.487    dut/core1/execute_unit/u_fpu/u_divider/i__carry_i_4__36_n_0
    SLICE_X4Y63          CARRY4 (Prop_carry4_S[0]_CO[3])
                                                      0.297    88.784 r  dut/core1/execute_unit/u_fpu/u_divider/exp_norm0_inferred__8/i__carry/CO[3]
                         net (fo=1, routed)           0.000    88.784    dut/core1/execute_unit/u_fpu/u_divider/exp_norm0_inferred__8/i__carry_n_0
    SLICE_X4Y64          CARRY4 (Prop_carry4_CI_O[2])
                                                      0.137    88.921 f  dut/core1/execute_unit/u_fpu/u_divider/exp_norm0_inferred__8/i__carry__0/O[2]
                         net (fo=3, routed)           0.735    89.655    dut/core1/execute_unit/u_fpu/u_divider/exp_norm0_inferred__8/i__carry__0_n_5
    SLICE_X5Y62          LUT6 (Prop_lut6_I1_O)        0.152    89.807 f  dut/core1/execute_unit/u_fpu/u_divider/i__carry_i_9__32/O
                         net (fo=1, routed)           0.457    90.264    dut/core1/execute_unit/u_fpu/u_divider/i__carry_i_9__32_n_0
    SLICE_X5Y62          LUT6 (Prop_lut6_I1_O)        0.053    90.317 r  dut/core1/execute_unit/u_fpu/u_divider/i__carry_i_7__45/O
                         net (fo=3, routed)           0.658    90.975    dut/core1/execute_unit/u_fpu/u_divider/i__carry_i_7__45_n_0
    SLICE_X7Y66          LUT6 (Prop_lut6_I5_O)        0.053    91.028 r  dut/core1/execute_unit/u_fpu/u_divider/i__carry_i_5__40/O
                         net (fo=26, routed)          0.619    91.648    dut/core1/execute_unit/u_fpu/u_divider/i__carry_i_5__40_n_0
    SLICE_X2Y63          LUT2 (Prop_lut2_I1_O)        0.053    91.701 r  dut/core1/execute_unit/u_fpu/u_divider/i__carry_i_4__37/O
                         net (fo=1, routed)           0.000    91.701    dut/core1/execute_unit/u_fpu/u_divider/i__carry_i_4__37_n_0
    SLICE_X2Y63          CARRY4 (Prop_carry4_S[0]_CO[3])
                                                      0.297    91.998 r  dut/core1/execute_unit/u_fpu/u_divider/exp_norm0_inferred__9/i__carry/CO[3]
                         net (fo=1, routed)           0.000    91.998    dut/core1/execute_unit/u_fpu/u_divider/exp_norm0_inferred__9/i__carry_n_0
    SLICE_X2Y64          CARRY4 (Prop_carry4_CI_O[3])
                                                      0.181    92.179 f  dut/core1/execute_unit/u_fpu/u_divider/exp_norm0_inferred__9/i__carry__0/O[3]
                         net (fo=3, routed)           1.025    93.204    dut/core1/execute_unit/u_fpu/u_divider/exp_norm0_inferred__9/i__carry__0_n_4
    SLICE_X3Y64          LUT6 (Prop_lut6_I4_O)        0.142    93.346 r  dut/core1/execute_unit/u_fpu/u_divider/i__carry_i_9__33/O
                         net (fo=1, routed)           0.727    94.073    dut/core1/execute_unit/u_fpu/u_divider/i__carry_i_9__33_n_0
    SLICE_X9Y66          LUT6 (Prop_lut6_I5_O)        0.053    94.126 r  dut/core1/execute_unit/u_fpu/u_divider/i__carry_i_5__39/O
                         net (fo=30, routed)          1.062    95.188    dut/core1/execute_unit/u_fpu/u_divider/i__carry_i_5__39_n_0
    SLICE_X1Y62          LUT2 (Prop_lut2_I1_O)        0.053    95.241 r  dut/core1/execute_unit/u_fpu/u_divider/i__carry_i_4__38/O
                         net (fo=1, routed)           0.000    95.241    dut/core1/execute_unit/u_fpu/u_divider/i__carry_i_4__38_n_0
    SLICE_X1Y62          CARRY4 (Prop_carry4_S[0]_CO[3])
                                                      0.313    95.554 r  dut/core1/execute_unit/u_fpu/u_divider/exp_norm0_inferred__10/i__carry/CO[3]
                         net (fo=1, routed)           0.000    95.554    dut/core1/execute_unit/u_fpu/u_divider/exp_norm0_inferred__10/i__carry_n_0
    SLICE_X1Y63          CARRY4 (Prop_carry4_CI_O[1])
                                                      0.213    95.767 f  dut/core1/execute_unit/u_fpu/u_divider/exp_norm0_inferred__10/i__carry__0/O[1]
                         net (fo=3, routed)           0.836    96.602    dut/core1/execute_unit/u_fpu/u_divider/exp_norm0_inferred__10/i__carry__0_n_6
    SLICE_X0Y60          LUT6 (Prop_lut6_I0_O)        0.152    96.754 f  dut/core1/execute_unit/u_fpu/u_divider/i__carry_i_10__38/O
                         net (fo=1, routed)           0.593    97.348    dut/core1/execute_unit/u_fpu/u_divider/i__carry_i_10__38_n_0
    SLICE_X1Y61          LUT6 (Prop_lut6_I1_O)        0.053    97.401 r  dut/core1/execute_unit/u_fpu/u_divider/i__carry_i_8__46/O
                         net (fo=4, routed)           0.973    98.374    dut/core1/execute_unit/u_fpu/u_divider/i__carry_i_8__46_n_0
    SLICE_X9Y65          LUT4 (Prop_lut4_I3_O)        0.053    98.427 r  dut/core1/execute_unit/u_fpu/u_divider/i__carry_i_5__38/O
                         net (fo=27, routed)          1.042    99.468    dut/core1/execute_unit/u_fpu/u_divider/i__carry_i_5__38_n_0
    SLICE_X1Y57          LUT2 (Prop_lut2_I1_O)        0.053    99.521 r  dut/core1/execute_unit/u_fpu/u_divider/i__carry_i_4__39/O
                         net (fo=1, routed)           0.000    99.521    dut/core1/execute_unit/u_fpu/u_divider/i__carry_i_4__39_n_0
    SLICE_X1Y57          CARRY4 (Prop_carry4_S[0]_CO[3])
                                                      0.313    99.834 r  dut/core1/execute_unit/u_fpu/u_divider/exp_norm0_inferred__11/i__carry/CO[3]
                         net (fo=1, routed)           0.000    99.834    dut/core1/execute_unit/u_fpu/u_divider/exp_norm0_inferred__11/i__carry_n_0
    SLICE_X1Y58          CARRY4 (Prop_carry4_CI_O[2])
                                                      0.136    99.970 f  dut/core1/execute_unit/u_fpu/u_divider/exp_norm0_inferred__11/i__carry__0/O[2]
                         net (fo=3, routed)           0.656   100.627    dut/core1/execute_unit/u_fpu/u_divider/exp_norm0_inferred__11/i__carry__0_n_5
    SLICE_X0Y59          LUT6 (Prop_lut6_I2_O)        0.152   100.779 f  dut/core1/execute_unit/u_fpu/u_divider/i__carry_i_9__34/O
                         net (fo=1, routed)           0.459   101.238    dut/core1/execute_unit/u_fpu/u_divider/i__carry_i_9__34_n_0
    SLICE_X0Y59          LUT6 (Prop_lut6_I1_O)        0.053   101.291 r  dut/core1/execute_unit/u_fpu/u_divider/i__carry_i_7__46/O
                         net (fo=1, routed)           0.617   101.908    dut/core1/execute_unit/u_fpu/u_divider/i__carry_i_7__46_n_0
    SLICE_X7Y64          LUT6 (Prop_lut6_I5_O)        0.053   101.961 r  dut/core1/execute_unit/u_fpu/u_divider/i__carry_i_5__37/O
                         net (fo=28, routed)          1.410   103.370    dut/core1/execute_unit/u_fpu/u_divider/i__carry_i_5__37_n_0
    SLICE_X2Y57          LUT2 (Prop_lut2_I1_O)        0.053   103.423 r  dut/core1/execute_unit/u_fpu/u_divider/i__carry_i_4__40/O
                         net (fo=1, routed)           0.000   103.423    dut/core1/execute_unit/u_fpu/u_divider/i__carry_i_4__40_n_0
    SLICE_X2Y57          CARRY4 (Prop_carry4_S[0]_CO[3])
                                                      0.297   103.720 r  dut/core1/execute_unit/u_fpu/u_divider/exp_norm0_inferred__12/i__carry/CO[3]
                         net (fo=1, routed)           0.000   103.720    dut/core1/execute_unit/u_fpu/u_divider/exp_norm0_inferred__12/i__carry_n_0
    SLICE_X2Y58          CARRY4 (Prop_carry4_CI_CO[3])
                                                      0.060   103.780 r  dut/core1/execute_unit/u_fpu/u_divider/exp_norm0_inferred__12/i__carry__0/CO[3]
                         net (fo=1, routed)           0.000   103.780    dut/core1/execute_unit/u_fpu/u_divider/exp_norm0_inferred__12/i__carry__0_n_0
    SLICE_X2Y59          CARRY4 (Prop_carry4_CI_O[0])
                                                      0.135   103.915 f  dut/core1/execute_unit/u_fpu/u_divider/exp_norm0_inferred__12/i__carry__1/O[0]
                         net (fo=3, routed)           0.676   104.592    dut/core1/execute_unit/u_fpu/u_divider/exp_norm0_inferred__12/i__carry__1_n_7
    SLICE_X3Y56          LUT6 (Prop_lut6_I1_O)        0.153   104.745 f  dut/core1/execute_unit/u_fpu/u_divider/i__carry_i_11__34/O
                         net (fo=1, routed)           0.462   105.206    dut/core1/execute_unit/u_fpu/u_divider/i__carry_i_11__34_n_0
    SLICE_X3Y56          LUT6 (Prop_lut6_I1_O)        0.053   105.259 r  dut/core1/execute_unit/u_fpu/u_divider/i__carry_i_9__35/O
                         net (fo=4, routed)           0.896   106.155    dut/core1/execute_unit/u_fpu/u_divider/i__carry_i_9__35_n_0
    SLICE_X9Y62          LUT6 (Prop_lut6_I5_O)        0.053   106.208 r  dut/core1/execute_unit/u_fpu/u_divider/i__carry_i_5__36/O
                         net (fo=27, routed)          0.984   107.192    dut/core1/execute_unit/u_fpu/u_divider/i__carry_i_5__36_n_0
    SLICE_X3Y57          LUT2 (Prop_lut2_I1_O)        0.053   107.245 r  dut/core1/execute_unit/u_fpu/u_divider/i__carry_i_4__41/O
                         net (fo=1, routed)           0.000   107.245    dut/core1/execute_unit/u_fpu/u_divider/i__carry_i_4__41_n_0
    SLICE_X3Y57          CARRY4 (Prop_carry4_S[0]_CO[3])
                                                      0.313   107.558 r  dut/core1/execute_unit/u_fpu/u_divider/exp_norm0_inferred__13/i__carry/CO[3]
                         net (fo=1, routed)           0.000   107.558    dut/core1/execute_unit/u_fpu/u_divider/exp_norm0_inferred__13/i__carry_n_0
    SLICE_X3Y58          CARRY4 (Prop_carry4_CI_O[2])
                                                      0.136   107.694 f  dut/core1/execute_unit/u_fpu/u_divider/exp_norm0_inferred__13/i__carry__0/O[2]
                         net (fo=3, routed)           0.708   108.402    dut/core1/execute_unit/u_fpu/u_divider/exp_norm0_inferred__13/i__carry__0_n_5
    SLICE_X2Y56          LUT6 (Prop_lut6_I1_O)        0.152   108.554 f  dut/core1/execute_unit/u_fpu/u_divider/i__carry_i_10__39/O
                         net (fo=1, routed)           0.689   109.243    dut/core1/execute_unit/u_fpu/u_divider/i__carry_i_10__39_n_0
    SLICE_X0Y59          LUT6 (Prop_lut6_I1_O)        0.053   109.296 r  dut/core1/execute_unit/u_fpu/u_divider/i__carry_i_8__47/O
                         net (fo=2, routed)           0.591   109.888    dut/core1/execute_unit/u_fpu/u_divider/i__carry_i_8__47_n_0
    SLICE_X9Y61          LUT4 (Prop_lut4_I3_O)        0.053   109.941 r  dut/core1/execute_unit/u_fpu/u_divider/i__carry_i_5__35/O
                         net (fo=29, routed)          0.901   110.842    dut/core1/execute_unit/u_fpu/u_divider/i__carry_i_5__35_n_0
    SLICE_X0Y56          LUT2 (Prop_lut2_I1_O)        0.053   110.895 r  dut/core1/execute_unit/u_fpu/u_divider/i__carry_i_4__42/O
                         net (fo=1, routed)           0.000   110.895    dut/core1/execute_unit/u_fpu/u_divider/i__carry_i_4__42_n_0
    SLICE_X0Y56          CARRY4 (Prop_carry4_S[0]_CO[3])
                                                      0.297   111.192 r  dut/core1/execute_unit/u_fpu/u_divider/exp_norm0_inferred__14/i__carry/CO[3]
                         net (fo=1, routed)           0.000   111.192    dut/core1/execute_unit/u_fpu/u_divider/exp_norm0_inferred__14/i__carry_n_0
    SLICE_X0Y57          CARRY4 (Prop_carry4_CI_O[3])
                                                      0.181   111.373 f  dut/core1/execute_unit/u_fpu/u_divider/exp_norm0_inferred__14/i__carry__0/O[3]
                         net (fo=3, routed)           1.130   112.504    dut/core1/execute_unit/u_fpu/u_divider/exp_norm0_inferred__14/i__carry__0_n_4
    SLICE_X2Y56          LUT6 (Prop_lut6_I2_O)        0.142   112.646 f  dut/core1/execute_unit/u_fpu/u_divider/i__carry_i_9__36/O
                         net (fo=1, routed)           0.545   113.191    dut/core1/execute_unit/u_fpu/u_divider/i__carry_i_9__36_n_0
    SLICE_X0Y59          LUT6 (Prop_lut6_I1_O)        0.053   113.244 r  dut/core1/execute_unit/u_fpu/u_divider/i__carry_i_7__47/O
                         net (fo=3, routed)           0.535   113.779    dut/core1/execute_unit/u_fpu/u_divider/i__carry_i_7__47_n_0
    SLICE_X9Y61          LUT6 (Prop_lut6_I5_O)        0.053   113.832 r  dut/core1/execute_unit/u_fpu/u_divider/i__carry_i_5__34/O
                         net (fo=26, routed)          1.274   115.105    dut/core1/execute_unit/u_fpu/u_divider/i__carry_i_5__34_n_0
    SLICE_X1Y54          LUT2 (Prop_lut2_I1_O)        0.053   115.158 r  dut/core1/execute_unit/u_fpu/u_divider/i__carry_i_4__43/O
                         net (fo=1, routed)           0.000   115.158    dut/core1/execute_unit/u_fpu/u_divider/i__carry_i_4__43_n_0
    SLICE_X1Y54          CARRY4 (Prop_carry4_S[0]_O[2])
                                                      0.323   115.481 f  dut/core1/execute_unit/u_fpu/u_divider/exp_norm0_inferred__15/i__carry/O[2]
                         net (fo=3, routed)           1.032   116.513    dut/core1/execute_unit/u_fpu/u_divider/exp_norm0_inferred__15/i__carry_n_5
    SLICE_X2Y56          LUT6 (Prop_lut6_I4_O)        0.152   116.665 f  dut/core1/execute_unit/u_fpu/u_divider/i__carry_i_11__35/O
                         net (fo=1, routed)           0.327   116.993    dut/core1/execute_unit/u_fpu/u_divider/i__carry_i_11__35_n_0
    SLICE_X2Y56          LUT6 (Prop_lut6_I1_O)        0.053   117.046 r  dut/core1/execute_unit/u_fpu/u_divider/i__carry_i_9__37/O
                         net (fo=4, routed)           0.904   117.950    dut/core1/execute_unit/u_fpu/u_divider/i__carry_i_9__37_n_0
    SLICE_X10Y57         LUT6 (Prop_lut6_I5_O)        0.053   118.003 r  dut/core1/execute_unit/u_fpu/u_divider/i__carry_i_5__33/O
                         net (fo=28, routed)          1.159   119.162    dut/core1/execute_unit/u_fpu/u_divider/i__carry_i_5__33_n_0
    SLICE_X0Y53          LUT2 (Prop_lut2_I1_O)        0.053   119.215 r  dut/core1/execute_unit/u_fpu/u_divider/i__carry_i_4__44/O
                         net (fo=1, routed)           0.000   119.215    dut/core1/execute_unit/u_fpu/u_divider/i__carry_i_4__44_n_0
    SLICE_X0Y53          CARRY4 (Prop_carry4_S[0]_CO[3])
                                                      0.297   119.512 r  dut/core1/execute_unit/u_fpu/u_divider/exp_norm0_inferred__16/i__carry/CO[3]
                         net (fo=1, routed)           0.000   119.512    dut/core1/execute_unit/u_fpu/u_divider/exp_norm0_inferred__16/i__carry_n_0
    SLICE_X0Y54          CARRY4 (Prop_carry4_CI_O[2])
                                                      0.137   119.649 f  dut/core1/execute_unit/u_fpu/u_divider/exp_norm0_inferred__16/i__carry__0/O[2]
                         net (fo=3, routed)           0.700   120.349    dut/core1/execute_unit/u_fpu/u_divider/exp_norm0_inferred__16/i__carry__0_n_5
    SLICE_X2Y52          LUT6 (Prop_lut6_I1_O)        0.152   120.501 f  dut/core1/execute_unit/u_fpu/u_divider/i__carry_i_10__40/O
                         net (fo=1, routed)           0.672   121.173    dut/core1/execute_unit/u_fpu/u_divider/i__carry_i_10__40_n_0
    SLICE_X3Y56          LUT6 (Prop_lut6_I1_O)        0.053   121.226 r  dut/core1/execute_unit/u_fpu/u_divider/i__carry_i_8__48/O
                         net (fo=4, routed)           0.935   122.161    dut/core1/execute_unit/u_fpu/u_divider/i__carry_i_8__48_n_0
    SLICE_X10Y57         LUT4 (Prop_lut4_I3_O)        0.053   122.214 r  dut/core1/execute_unit/u_fpu/u_divider/i__carry_i_5__32/O
                         net (fo=28, routed)          1.307   123.521    dut/core1/execute_unit/u_fpu/u_divider/i__carry_i_5__32_n_0
    SLICE_X2Y53          LUT2 (Prop_lut2_I1_O)        0.053   123.574 r  dut/core1/execute_unit/u_fpu/u_divider/i__carry_i_4__45/O
                         net (fo=1, routed)           0.000   123.574    dut/core1/execute_unit/u_fpu/u_divider/i__carry_i_4__45_n_0
    SLICE_X2Y53          CARRY4 (Prop_carry4_S[0]_CO[3])
                                                      0.297   123.871 r  dut/core1/execute_unit/u_fpu/u_divider/exp_norm0_inferred__17/i__carry/CO[3]
                         net (fo=1, routed)           0.000   123.871    dut/core1/execute_unit/u_fpu/u_divider/exp_norm0_inferred__17/i__carry_n_0
    SLICE_X2Y54          CARRY4 (Prop_carry4_CI_O[3])
                                                      0.181   124.052 f  dut/core1/execute_unit/u_fpu/u_divider/exp_norm0_inferred__17/i__carry__0/O[3]
                         net (fo=3, routed)           0.679   124.731    dut/core1/execute_unit/u_fpu/u_divider/exp_norm0_inferred__17/i__carry__0_n_4
    SLICE_X2Y52          LUT6 (Prop_lut6_I2_O)        0.142   124.873 f  dut/core1/execute_unit/u_fpu/u_divider/i__carry_i_9__38/O
                         net (fo=1, routed)           0.859   125.732    dut/core1/execute_unit/u_fpu/u_divider/i__carry_i_9__38_n_0
    SLICE_X3Y56          LUT6 (Prop_lut6_I1_O)        0.053   125.785 r  dut/core1/execute_unit/u_fpu/u_divider/i__carry_i_7__48/O
                         net (fo=3, routed)           0.602   126.387    dut/core1/execute_unit/u_fpu/u_divider/i__carry_i_7__48_n_0
    SLICE_X7Y60          LUT6 (Prop_lut6_I5_O)        0.053   126.440 r  dut/core1/execute_unit/u_fpu/u_divider/i__carry_i_5__31/O
                         net (fo=26, routed)          1.241   127.682    dut/core1/execute_unit/u_fpu/u_divider/i__carry_i_5__31_n_0
    SLICE_X3Y53          LUT2 (Prop_lut2_I1_O)        0.053   127.735 r  dut/core1/execute_unit/u_fpu/u_divider/i__carry_i_4__46/O
                         net (fo=1, routed)           0.000   127.735    dut/core1/execute_unit/u_fpu/u_divider/i__carry_i_4__46_n_0
    SLICE_X3Y53          CARRY4 (Prop_carry4_S[0]_O[3])
                                                      0.357   128.092 f  dut/core1/execute_unit/u_fpu/u_divider/exp_norm0_inferred__18/i__carry/O[3]
                         net (fo=3, routed)           1.037   129.128    dut/core1/execute_unit/u_fpu/u_divider/exp_norm0_inferred__18/i__carry_n_4
    SLICE_X13Y53         LUT6 (Prop_lut6_I3_O)        0.142   129.270 f  dut/core1/execute_unit/u_fpu/u_divider/i__carry_i_11__36/O
                         net (fo=1, routed)           0.306   129.577    dut/core1/execute_unit/u_fpu/u_divider/i__carry_i_11__36_n_0
    SLICE_X13Y53         LUT6 (Prop_lut6_I1_O)        0.053   129.630 r  dut/core1/execute_unit/u_fpu/u_divider/i__carry_i_9__39/O
                         net (fo=5, routed)           0.670   130.299    dut/core1/execute_unit/u_fpu/u_divider/i__carry_i_9__39_n_0
    SLICE_X13Y57         LUT6 (Prop_lut6_I5_O)        0.053   130.352 r  dut/core1/execute_unit/u_fpu/u_divider/i__carry_i_5__30/O
                         net (fo=26, routed)          0.908   131.261    dut/core1/execute_unit/u_fpu/u_divider/i__carry_i_5__30_n_0
    SLICE_X15Y49         LUT2 (Prop_lut2_I1_O)        0.053   131.314 r  dut/core1/execute_unit/u_fpu/u_divider/i__carry_i_4__47/O
                         net (fo=1, routed)           0.000   131.314    dut/core1/execute_unit/u_fpu/u_divider/i__carry_i_4__47_n_0
    SLICE_X15Y49         CARRY4 (Prop_carry4_S[0]_CO[3])
                                                      0.313   131.627 r  dut/core1/execute_unit/u_fpu/u_divider/exp_norm0_inferred__19/i__carry/CO[3]
                         net (fo=1, routed)           0.001   131.627    dut/core1/execute_unit/u_fpu/u_divider/exp_norm0_inferred__19/i__carry_n_0
    SLICE_X15Y50         CARRY4 (Prop_carry4_CI_O[2])
                                                      0.136   131.763 f  dut/core1/execute_unit/u_fpu/u_divider/exp_norm0_inferred__19/i__carry__0/O[2]
                         net (fo=3, routed)           0.961   132.725    dut/core1/execute_unit/u_fpu/u_divider/exp_norm0_inferred__19/i__carry__0_n_5
    SLICE_X25Y50         LUT6 (Prop_lut6_I1_O)        0.152   132.877 f  dut/core1/execute_unit/u_fpu/u_divider/i__carry_i_9__40/O
                         net (fo=1, routed)           0.600   133.477    dut/core1/execute_unit/u_fpu/u_divider/i__carry_i_9__40_n_0
    SLICE_X25Y49         LUT6 (Prop_lut6_I1_O)        0.053   133.530 r  dut/core1/execute_unit/u_fpu/u_divider/i__carry_i_6__49/O
                         net (fo=6, routed)           0.764   134.294    dut/core1/execute_unit/u_fpu/u_divider/i__carry_i_6__49_n_0
    SLICE_X24Y55         LUT4 (Prop_lut4_I0_O)        0.053   134.347 r  dut/core1/execute_unit/u_fpu/u_divider/i__carry_i_5__29/O
                         net (fo=24, routed)          1.405   135.751    dut/core1/execute_unit/u_fpu/u_divider/i__carry_i_5__29_n_0
    SLICE_X24Y49         LUT2 (Prop_lut2_I1_O)        0.053   135.804 r  dut/core1/execute_unit/u_fpu/u_divider/i__carry_i_4__48/O
                         net (fo=1, routed)           0.000   135.804    dut/core1/execute_unit/u_fpu/u_divider/i__carry_i_4__48_n_0
    SLICE_X24Y49         CARRY4 (Prop_carry4_S[0]_CO[3])
                                                      0.313   136.117 r  dut/core1/execute_unit/u_fpu/u_divider/exp_norm0_inferred__20/i__carry/CO[3]
                         net (fo=1, routed)           0.001   136.118    dut/core1/execute_unit/u_fpu/u_divider/exp_norm0_inferred__20/i__carry_n_0
    SLICE_X24Y50         CARRY4 (Prop_carry4_CI_CO[3])
                                                      0.058   136.176 r  dut/core1/execute_unit/u_fpu/u_divider/exp_norm0_inferred__20/i__carry__0/CO[3]
                         net (fo=1, routed)           0.000   136.176    dut/core1/execute_unit/u_fpu/u_divider/exp_norm0_inferred__20/i__carry__0_n_0
    SLICE_X24Y51         CARRY4 (Prop_carry4_CI_O[0])
                                                      0.139   136.315 r  dut/core1/execute_unit/u_fpu/u_divider/exp_norm0_inferred__20/i__carry__1/O[0]
                         net (fo=3, routed)           0.557   136.872    dut/core1/execute_unit/u_fpu/u_divider/exp_norm0_inferred__20/i__carry__1_n_7
    SLICE_X25Y50         LUT6 (Prop_lut6_I1_O)        0.155   137.027 r  dut/core1/execute_unit/u_fpu/u_divider/i__carry_i_9__41/O
                         net (fo=1, routed)           0.131   137.158    dut/core1/execute_unit/u_fpu/u_divider/i__carry_i_9__41_n_0
    SLICE_X25Y50         LUT6 (Prop_lut6_I1_O)        0.053   137.211 f  dut/core1/execute_unit/u_fpu/u_divider/i__carry_i_7__49/O
                         net (fo=12, routed)          0.702   137.913    dut/core1/execute_unit/u_fpu/u_divider/i__carry_i_7__49_n_0
    SLICE_X25Y55         LUT2 (Prop_lut2_I1_O)        0.053   137.966 r  dut/core1/execute_unit/u_fpu/u_divider/i__carry_i_5__28/O
                         net (fo=24, routed)          1.229   139.196    dut/core1/execute_unit/u_fpu/u_divider/i__carry_i_5__28_n_0
    SLICE_X27Y49         LUT2 (Prop_lut2_I1_O)        0.053   139.249 r  dut/core1/execute_unit/u_fpu/u_divider/i__carry_i_4__49/O
                         net (fo=1, routed)           0.000   139.249    dut/core1/execute_unit/u_fpu/u_divider/i__carry_i_4__49_n_0
    SLICE_X27Y49         CARRY4 (Prop_carry4_S[0]_O[3])
                                                      0.357   139.606 f  dut/core1/execute_unit/u_fpu/u_divider/exp_norm0_inferred__21/i__carry/O[3]
                         net (fo=5, routed)           1.187   140.793    dut/core1/execute_unit/u_fpu/u_divider/exp_norm0_inferred__21/i__carry_n_4
    SLICE_X40Y50         LUT6 (Prop_lut6_I4_O)        0.142   140.935 r  dut/core1/execute_unit/u_fpu/u_divider/out_res[30]_i_10__0/O
                         net (fo=8, routed)           0.921   141.856    dut/core1/execute_unit/u_fpu/u_divider/out_res[30]_i_10__0_n_0
    SLICE_X41Y50         LUT6 (Prop_lut6_I3_O)        0.053   141.909 r  dut/core1/execute_unit/u_fpu/u_divider/out_res[30]_i_21__0/O
                         net (fo=9, routed)           1.017   142.925    dut/core1/execute_unit/u_fpu/u_divider/out_res[30]_i_21__0_n_0
    SLICE_X25Y54         LUT6 (Prop_lut6_I5_O)        0.053   142.978 r  dut/core1/execute_unit/u_fpu/u_divider/out_res[30]_i_9__0/O
                         net (fo=33, routed)          1.702   144.680    dut/core1/execute_unit/u_fpu/u_divider/out_res[30]_i_9__0_n_0
    SLICE_X41Y47         LUT5 (Prop_lut5_I2_O)        0.067   144.747 r  dut/core1/execute_unit/u_fpu/u_divider/out_res[29]_i_4__0/O
                         net (fo=2, routed)           0.649   145.397    dut/core1/execute_unit/u_fpu/u_divider/out_res[29]_i_4__0_n_0
    SLICE_X40Y46         LUT6 (Prop_lut6_I2_O)        0.170   145.567 r  dut/core1/execute_unit/u_fpu/u_divider/out_res[22]_i_3__0/O
                         net (fo=23, routed)          1.170   146.737    dut/core1/execute_unit/u_fpu/u_divider/out_res[22]_i_3__0_n_0
    SLICE_X28Y48         LUT6 (Prop_lut6_I3_O)        0.053   146.790 r  dut/core1/execute_unit/u_fpu/u_divider/out_res[5]_i_1__1/O
                         net (fo=1, routed)           0.000   146.790    dut/core1/execute_unit/u_fpu/u_divider/out_res[5]_i_1__1_n_0
    SLICE_X28Y48         FDCE                                         r  dut/core1/execute_unit/u_fpu/u_divider/out_res_reg[5]/D
  -------------------------------------------------------------------    -------------------

Slack:                    inf
  Source:                 dut/core1/mem_wb/RD_F_W_reg[3]/C
                            (rising edge-triggered cell FDRE)
  Destination:            dut/core1/execute_unit/u_fpu/u_divider/out_res_reg[7]/D
  Path Group:             (none)
  Path Type:              Max at Slow Process Corner
  Data Path Delay:        146.769ns  (logic 36.885ns (25.131%)  route 109.884ns (74.869%))
  Logic Levels:           316  (CARRY4=196 FDRE=1 LUT1=1 LUT2=24 LUT3=22 LUT4=7 LUT5=4 LUT6=61)

    Location             Delay type                Incr(ns)  Path(ns)    Netlist Resource(s)
  -------------------------------------------------------------------    -------------------
    SLICE_X68Y33         FDRE                         0.000     0.000 r  dut/core1/mem_wb/RD_F_W_reg[3]/C
    SLICE_X68Y33         FDRE (Prop_fdre_C_Q)         0.269     0.269 r  dut/core1/mem_wb/RD_F_W_reg[3]/Q
                         net (fo=73, routed)          0.946     1.215    dut/core1/id_ex/RD_F_W[3]
    SLICE_X68Y39         LUT6 (Prop_lut6_I3_O)        0.053     1.268 r  dut/core1/id_ex/B_r[31]_i_7__0/O
                         net (fo=1, routed)           0.306     1.574    dut/core1/id_ex/B_r[31]_i_7__0_n_0
    SLICE_X68Y39         LUT5 (Prop_lut5_I0_O)        0.053     1.627 r  dut/core1/id_ex/B_r[31]_i_5__0/O
                         net (fo=2, routed)           0.951     2.578    dut/core1/mem_wb/ForwardBE1__0
    SLICE_X67Y37         LUT3 (Prop_lut3_I2_O)        0.053     2.631 r  dut/core1/mem_wb/B_r[31]_i_2__0/O
                         net (fo=34, routed)          2.427     5.058    dut/core1/mem_wb/ForwardBE_F[0]
    SLICE_X80Y10         LUT5 (Prop_lut5_I1_O)        0.053     5.111 f  dut/core1/mem_wb/forward_fb_mux/B_r[2]_i_1__0/O
                         net (fo=112, routed)         7.652    12.763    dut/core1/mem_wb/ALU_ResultM_reg[2]
    SLICE_X0Y23          LUT1 (Prop_lut1_I0_O)        0.053    12.816 r  dut/core1/mem_wb/u_divider/out_res[30]_i_685__0/O
                         net (fo=1, routed)           0.000    12.816    dut_n_1069
    SLICE_X0Y23          CARRY4 (Prop_carry4_S[2]_CO[3])
                                                      0.219    13.035 r  u_divider/out_res_reg[30]_i_633__0/CO[3]
                         net (fo=1, routed)           0.000    13.035    u_divider/out_res_reg[30]_i_633__0_n_0
    SLICE_X0Y24          CARRY4 (Prop_carry4_CI_CO[3])
                                                      0.060    13.095 r  u_divider/out_res_reg[30]_i_628__0/CO[3]
                         net (fo=1, routed)           0.008    13.103    u_divider/out_res_reg[30]_i_628__0_n_0
    SLICE_X0Y25          CARRY4 (Prop_carry4_CI_CO[3])
                                                      0.060    13.163 r  u_divider/out_res_reg[30]_i_623__0/CO[3]
                         net (fo=1, routed)           0.000    13.163    u_divider/out_res_reg[30]_i_623__0_n_0
    SLICE_X0Y26          CARRY4 (Prop_carry4_CI_CO[3])
                                                      0.060    13.223 r  u_divider/out_res_reg[30]_i_618__0/CO[3]
                         net (fo=1, routed)           0.000    13.223    u_divider/out_res_reg[30]_i_618__0_n_0
    SLICE_X0Y27          CARRY4 (Prop_carry4_CI_CO[3])
                                                      0.060    13.283 r  u_divider/out_res_reg[30]_i_613__0/CO[3]
                         net (fo=1, routed)           0.000    13.283    u_divider/out_res_reg[30]_i_613__0_n_0
    SLICE_X0Y28          CARRY4 (Prop_carry4_CI_CO[3])
                                                      0.060    13.343 r  u_divider/out_res_reg[30]_i_610__0/CO[3]
                         net (fo=1, routed)           0.000    13.343    u_divider/out_res_reg[30]_i_610__0_n_0
    SLICE_X0Y29          CARRY4 (Prop_carry4_CI_CO[0])
                                                      0.173    13.516 r  u_divider/out_res_reg[30]_i_609__0/CO[0]
                         net (fo=27, routed)          1.168    14.684    dut/core1/mem_wb/u_divider/out_res_reg[30]_i_601__0[0]
    SLICE_X1Y23          LUT3 (Prop_lut3_I0_O)        0.153    14.837 r  dut/core1/mem_wb/u_divider/out_res[30]_i_640__0/O
                         net (fo=1, routed)           0.000    14.837    dut_n_2166
    SLICE_X1Y23          CARRY4 (Prop_carry4_S[1]_CO[3])
                                                      0.324    15.161 r  u_divider/out_res_reg[30]_i_601__0/CO[3]
                         net (fo=1, routed)           0.000    15.161    u_divider/out_res_reg[30]_i_601__0_n_0
    SLICE_X1Y24          CARRY4 (Prop_carry4_CI_CO[3])
                                                      0.058    15.219 r  u_divider/out_res_reg[30]_i_596__0/CO[3]
                         net (fo=1, routed)           0.008    15.227    u_divider/out_res_reg[30]_i_596__0_n_0
    SLICE_X1Y25          CARRY4 (Prop_carry4_CI_CO[3])
                                                      0.058    15.285 r  u_divider/out_res_reg[30]_i_591__0/CO[3]
                         net (fo=1, routed)           0.000    15.285    u_divider/out_res_reg[30]_i_591__0_n_0
    SLICE_X1Y26          CARRY4 (Prop_carry4_CI_CO[3])
                                                      0.058    15.343 r  u_divider/out_res_reg[30]_i_586__0/CO[3]
                         net (fo=1, routed)           0.000    15.343    u_divider/out_res_reg[30]_i_586__0_n_0
    SLICE_X1Y27          CARRY4 (Prop_carry4_CI_CO[3])
                                                      0.058    15.401 r  u_divider/out_res_reg[30]_i_581__0/CO[3]
                         net (fo=1, routed)           0.000    15.401    u_divider/out_res_reg[30]_i_581__0_n_0
    SLICE_X1Y28          CARRY4 (Prop_carry4_CI_CO[3])
                                                      0.058    15.459 r  u_divider/out_res_reg[30]_i_578__0/CO[3]
                         net (fo=1, routed)           0.000    15.459    u_divider/out_res_reg[30]_i_578__0_n_0
    SLICE_X1Y29          CARRY4 (Prop_carry4_CI_CO[1])
                                                      0.094    15.553 r  u_divider/out_res_reg[30]_i_577__0/CO[1]
                         net (fo=27, routed)          0.974    16.527    u_divider/out_res_reg[30]_i_577__0_n_2
    SLICE_X2Y23          CARRY4 (Prop_carry4_CYINIT_CO[3])
                                                      0.458    16.985 r  u_divider/out_res_reg[30]_i_569__0/CO[3]
                         net (fo=1, routed)           0.000    16.985    u_divider/out_res_reg[30]_i_569__0_n_0
    SLICE_X2Y24          CARRY4 (Prop_carry4_CI_CO[3])
                                                      0.060    17.045 r  u_divider/out_res_reg[30]_i_564__0/CO[3]
                         net (fo=1, routed)           0.008    17.053    u_divider/out_res_reg[30]_i_564__0_n_0
    SLICE_X2Y25          CARRY4 (Prop_carry4_CI_CO[3])
                                                      0.060    17.113 r  u_divider/out_res_reg[30]_i_559__0/CO[3]
                         net (fo=1, routed)           0.000    17.113    u_divider/out_res_reg[30]_i_559__0_n_0
    SLICE_X2Y26          CARRY4 (Prop_carry4_CI_CO[3])
                                                      0.060    17.173 r  u_divider/out_res_reg[30]_i_554__0/CO[3]
                         net (fo=1, routed)           0.000    17.173    u_divider/out_res_reg[30]_i_554__0_n_0
    SLICE_X2Y27          CARRY4 (Prop_carry4_CI_CO[3])
                                                      0.060    17.233 r  u_divider/out_res_reg[30]_i_549__0/CO[3]
                         net (fo=1, routed)           0.000    17.233    u_divider/out_res_reg[30]_i_549__0_n_0
    SLICE_X2Y28          CARRY4 (Prop_carry4_CI_CO[3])
                                                      0.060    17.293 r  u_divider/out_res_reg[30]_i_546__0/CO[3]
                         net (fo=1, routed)           0.000    17.293    u_divider/out_res_reg[30]_i_546__0_n_0
    SLICE_X2Y29          CARRY4 (Prop_carry4_CI_CO[1])
                                                      0.093    17.386 r  u_divider/out_res_reg[30]_i_545__0/CO[1]
                         net (fo=27, routed)          1.097    18.483    u_divider/out_res_reg[30]_i_545__0_n_2
    SLICE_X2Y35          LUT3 (Prop_lut3_I0_O)        0.153    18.636 r  u_divider/out_res[30]_i_551__0/O
                         net (fo=1, routed)           0.000    18.636    u_divider/out_res[30]_i_551__0_n_0
    SLICE_X2Y35          CARRY4 (Prop_carry4_S[2]_CO[3])
                                                      0.219    18.855 r  u_divider/out_res_reg[30]_i_514__0/CO[3]
                         net (fo=1, routed)           0.000    18.855    u_divider/out_res_reg[30]_i_514__0_n_0
    SLICE_X2Y36          CARRY4 (Prop_carry4_CI_CO[1])
                                                      0.093    18.948 r  u_divider/out_res_reg[30]_i_513__0/CO[1]
                         net (fo=27, routed)          1.437    20.385    u_divider/out_res_reg[30]_i_513__0_n_2
    SLICE_X0Y30          LUT3 (Prop_lut3_I0_O)        0.153    20.538 r  u_divider/out_res[30]_i_542__0/O
                         net (fo=1, routed)           0.000    20.538    u_divider/out_res[30]_i_542__0_n_0
    SLICE_X0Y30          CARRY4 (Prop_carry4_S[3]_CO[3])
                                                      0.216    20.754 r  u_divider/out_res_reg[30]_i_505__0/CO[3]
                         net (fo=1, routed)           0.000    20.754    u_divider/out_res_reg[30]_i_505__0_n_0
    SLICE_X0Y31          CARRY4 (Prop_carry4_CI_CO[3])
                                                      0.060    20.814 r  u_divider/out_res_reg[30]_i_500__0/CO[3]
                         net (fo=1, routed)           0.000    20.814    u_divider/out_res_reg[30]_i_500__0_n_0
    SLICE_X0Y32          CARRY4 (Prop_carry4_CI_CO[3])
                                                      0.060    20.874 r  u_divider/out_res_reg[30]_i_495__0/CO[3]
                         net (fo=1, routed)           0.000    20.874    u_divider/out_res_reg[30]_i_495__0_n_0
    SLICE_X0Y33          CARRY4 (Prop_carry4_CI_CO[3])
                                                      0.060    20.934 r  u_divider/out_res_reg[30]_i_490__0/CO[3]
                         net (fo=1, routed)           0.000    20.934    u_divider/out_res_reg[30]_i_490__0_n_0
    SLICE_X0Y34          CARRY4 (Prop_carry4_CI_CO[3])
                                                      0.060    20.994 r  u_divider/out_res_reg[30]_i_485__0/CO[3]
                         net (fo=1, routed)           0.000    20.994    u_divider/out_res_reg[30]_i_485__0_n_0
    SLICE_X0Y35          CARRY4 (Prop_carry4_CI_CO[3])
                                                      0.060    21.054 r  u_divider/out_res_reg[30]_i_482__0/CO[3]
                         net (fo=1, routed)           0.000    21.054    u_divider/out_res_reg[30]_i_482__0_n_0
    SLICE_X0Y36          CARRY4 (Prop_carry4_CI_CO[1])
                                                      0.093    21.147 r  u_divider/out_res_reg[30]_i_481__0/CO[1]
                         net (fo=27, routed)          1.087    22.234    u_divider/out_res_reg[30]_i_481__0_n_2
    SLICE_X1Y31          LUT3 (Prop_lut3_I0_O)        0.153    22.387 r  u_divider/out_res[30]_i_508__0/O
                         net (fo=1, routed)           0.000    22.387    u_divider/out_res[30]_i_508__0_n_0
    SLICE_X1Y31          CARRY4 (Prop_carry4_S[1]_CO[3])
                                                      0.324    22.711 r  u_divider/out_res_reg[30]_i_468__0/CO[3]
                         net (fo=1, routed)           0.000    22.711    u_divider/out_res_reg[30]_i_468__0_n_0
    SLICE_X1Y32          CARRY4 (Prop_carry4_CI_CO[3])
                                                      0.058    22.769 r  u_divider/out_res_reg[30]_i_463__0/CO[3]
                         net (fo=1, routed)           0.000    22.769    u_divider/out_res_reg[30]_i_463__0_n_0
    SLICE_X1Y33          CARRY4 (Prop_carry4_CI_CO[3])
                                                      0.058    22.827 r  u_divider/out_res_reg[30]_i_458__0/CO[3]
                         net (fo=1, routed)           0.000    22.827    u_divider/out_res_reg[30]_i_458__0_n_0
    SLICE_X1Y34          CARRY4 (Prop_carry4_CI_CO[3])
                                                      0.058    22.885 r  u_divider/out_res_reg[30]_i_453__0/CO[3]
                         net (fo=1, routed)           0.000    22.885    u_divider/out_res_reg[30]_i_453__0_n_0
    SLICE_X1Y35          CARRY4 (Prop_carry4_CI_CO[3])
                                                      0.058    22.943 r  u_divider/out_res_reg[30]_i_450__0/CO[3]
                         net (fo=1, routed)           0.000    22.943    u_divider/out_res_reg[30]_i_450__0_n_0
    SLICE_X1Y36          CARRY4 (Prop_carry4_CI_CO[1])
                                                      0.094    23.037 r  u_divider/out_res_reg[30]_i_449__0/CO[1]
                         net (fo=27, routed)          1.202    24.239    dut/core1/mem_wb/u_divider/out_res_reg[30]_i_441__0[0]
    SLICE_X3Y30          LUT3 (Prop_lut3_I0_O)        0.152    24.391 r  dut/core1/mem_wb/u_divider/out_res[30]_i_480__0/O
                         net (fo=1, routed)           0.000    24.391    dut_n_2171
    SLICE_X3Y30          CARRY4 (Prop_carry4_S[1]_CO[3])
                                                      0.324    24.715 r  u_divider/out_res_reg[30]_i_441__0/CO[3]
                         net (fo=1, routed)           0.000    24.715    u_divider/out_res_reg[30]_i_441__0_n_0
    SLICE_X3Y31          CARRY4 (Prop_carry4_CI_CO[3])
                                                      0.058    24.773 r  u_divider/out_res_reg[30]_i_436__0/CO[3]
                         net (fo=1, routed)           0.000    24.773    u_divider/out_res_reg[30]_i_436__0_n_0
    SLICE_X3Y32          CARRY4 (Prop_carry4_CI_CO[3])
                                                      0.058    24.831 r  u_divider/out_res_reg[30]_i_431__0/CO[3]
                         net (fo=1, routed)           0.000    24.831    u_divider/out_res_reg[30]_i_431__0_n_0
    SLICE_X3Y33          CARRY4 (Prop_carry4_CI_CO[3])
                                                      0.058    24.889 r  u_divider/out_res_reg[30]_i_426__0/CO[3]
                         net (fo=1, routed)           0.000    24.889    u_divider/out_res_reg[30]_i_426__0_n_0
    SLICE_X3Y34          CARRY4 (Prop_carry4_CI_CO[3])
                                                      0.058    24.947 r  u_divider/out_res_reg[30]_i_421__0/CO[3]
                         net (fo=1, routed)           0.000    24.947    u_divider/out_res_reg[30]_i_421__0_n_0
    SLICE_X3Y35          CARRY4 (Prop_carry4_CI_CO[3])
                                                      0.058    25.005 r  u_divider/out_res_reg[30]_i_418__0/CO[3]
                         net (fo=1, routed)           0.000    25.005    u_divider/out_res_reg[30]_i_418__0_n_0
    SLICE_X3Y36          CARRY4 (Prop_carry4_CI_CO[1])
                                                      0.094    25.099 r  u_divider/out_res_reg[30]_i_417__0/CO[1]
                         net (fo=27, routed)          0.815    25.914    dut/core1/mem_wb/u_divider/out_res_reg[30]_i_409__0[0]
    SLICE_X2Y37          LUT3 (Prop_lut3_I0_O)        0.152    26.066 r  dut/core1/mem_wb/u_divider/out_res[30]_i_448__0/O
                         net (fo=1, routed)           0.000    26.066    dut_n_2172
    SLICE_X2Y37          CARRY4 (Prop_carry4_S[1]_CO[3])
                                                      0.310    26.376 r  u_divider/out_res_reg[30]_i_409__0/CO[3]
                         net (fo=1, routed)           0.000    26.376    u_divider/out_res_reg[30]_i_409__0_n_0
    SLICE_X2Y38          CARRY4 (Prop_carry4_CI_CO[3])
                                                      0.060    26.436 r  u_divider/out_res_reg[30]_i_404__0/CO[3]
                         net (fo=1, routed)           0.000    26.436    u_divider/out_res_reg[30]_i_404__0_n_0
    SLICE_X2Y39          CARRY4 (Prop_carry4_CI_CO[3])
                                                      0.060    26.496 r  u_divider/out_res_reg[30]_i_399__0/CO[3]
                         net (fo=1, routed)           0.000    26.496    u_divider/out_res_reg[30]_i_399__0_n_0
    SLICE_X2Y40          CARRY4 (Prop_carry4_CI_CO[3])
                                                      0.060    26.556 r  u_divider/out_res_reg[30]_i_394__0/CO[3]
                         net (fo=1, routed)           0.000    26.556    u_divider/out_res_reg[30]_i_394__0_n_0
    SLICE_X2Y41          CARRY4 (Prop_carry4_CI_CO[3])
                                                      0.060    26.616 r  u_divider/out_res_reg[30]_i_389__0/CO[3]
                         net (fo=1, routed)           0.000    26.616    u_divider/out_res_reg[30]_i_389__0_n_0
    SLICE_X2Y42          CARRY4 (Prop_carry4_CI_CO[3])
                                                      0.060    26.676 r  u_divider/out_res_reg[30]_i_386__0/CO[3]
                         net (fo=1, routed)           0.000    26.676    u_divider/out_res_reg[30]_i_386__0_n_0
    SLICE_X2Y43          CARRY4 (Prop_carry4_CI_CO[1])
                                                      0.093    26.769 r  u_divider/out_res_reg[30]_i_385__0/CO[1]
                         net (fo=27, routed)          1.232    28.001    u_divider/out_res_reg[30]_i_385__0_n_2
    SLICE_X3Y37          LUT3 (Prop_lut3_I0_O)        0.153    28.154 r  u_divider/out_res[30]_i_414__0/O
                         net (fo=1, routed)           0.000    28.154    u_divider/out_res[30]_i_414__0_n_0
    SLICE_X3Y37          CARRY4 (Prop_carry4_S[3]_CO[3])
                                                      0.233    28.387 r  u_divider/out_res_reg[30]_i_377__0/CO[3]
                         net (fo=1, routed)           0.000    28.387    u_divider/out_res_reg[30]_i_377__0_n_0
    SLICE_X3Y38          CARRY4 (Prop_carry4_CI_CO[3])
                                                      0.058    28.445 r  u_divider/out_res_reg[30]_i_372__0/CO[3]
                         net (fo=1, routed)           0.000    28.445    u_divider/out_res_reg[30]_i_372__0_n_0
    SLICE_X3Y39          CARRY4 (Prop_carry4_CI_CO[3])
                                                      0.058    28.503 r  u_divider/out_res_reg[30]_i_367__0/CO[3]
                         net (fo=1, routed)           0.000    28.503    u_divider/out_res_reg[30]_i_367__0_n_0
    SLICE_X3Y40          CARRY4 (Prop_carry4_CI_CO[3])
                                                      0.058    28.561 r  u_divider/out_res_reg[30]_i_362__0/CO[3]
                         net (fo=1, routed)           0.000    28.561    u_divider/out_res_reg[30]_i_362__0_n_0
    SLICE_X3Y41          CARRY4 (Prop_carry4_CI_CO[3])
                                                      0.058    28.619 r  u_divider/out_res_reg[30]_i_357__0/CO[3]
                         net (fo=1, routed)           0.000    28.619    u_divider/out_res_reg[30]_i_357__0_n_0
    SLICE_X3Y42          CARRY4 (Prop_carry4_CI_CO[3])
                                                      0.058    28.677 r  u_divider/out_res_reg[30]_i_354__0/CO[3]
                         net (fo=1, routed)           0.000    28.677    u_divider/out_res_reg[30]_i_354__0_n_0
    SLICE_X3Y43          CARRY4 (Prop_carry4_CI_CO[1])
                                                      0.094    28.771 r  u_divider/out_res_reg[30]_i_353__0/CO[1]
                         net (fo=27, routed)          1.389    30.160    dut/core1/mem_wb/u_divider/out_res_reg[30]_i_344__0[0]
    SLICE_X4Y33          LUT3 (Prop_lut3_I0_O)        0.152    30.312 r  dut/core1/mem_wb/u_divider/out_res[30]_i_384__0/O
                         net (fo=1, routed)           0.000    30.312    dut_n_2174
    SLICE_X4Y33          CARRY4 (Prop_carry4_S[1]_CO[3])
                                                      0.310    30.622 r  u_divider/out_res_reg[30]_i_344__0/CO[3]
                         net (fo=1, routed)           0.000    30.622    u_divider/out_res_reg[30]_i_344__0_n_0
    SLICE_X4Y34          CARRY4 (Prop_carry4_CI_CO[3])
                                                      0.060    30.682 r  u_divider/out_res_reg[30]_i_339__0/CO[3]
                         net (fo=1, routed)           0.000    30.682    u_divider/out_res_reg[30]_i_339__0_n_0
    SLICE_X4Y35          CARRY4 (Prop_carry4_CI_CO[3])
                                                      0.060    30.742 r  u_divider/out_res_reg[30]_i_334__0/CO[3]
                         net (fo=1, routed)           0.000    30.742    u_divider/out_res_reg[30]_i_334__0_n_0
    SLICE_X4Y36          CARRY4 (Prop_carry4_CI_CO[3])
                                                      0.060    30.802 r  u_divider/out_res_reg[30]_i_329__0/CO[3]
                         net (fo=1, routed)           0.000    30.802    u_divider/out_res_reg[30]_i_329__0_n_0
    SLICE_X4Y37          CARRY4 (Prop_carry4_CI_CO[3])
                                                      0.060    30.862 r  u_divider/out_res_reg[30]_i_324__0/CO[3]
                         net (fo=1, routed)           0.000    30.862    u_divider/out_res_reg[30]_i_324__0_n_0
    SLICE_X4Y38          CARRY4 (Prop_carry4_CI_CO[3])
                                                      0.060    30.922 r  u_divider/out_res_reg[30]_i_321__0/CO[3]
                         net (fo=1, routed)           0.000    30.922    u_divider/out_res_reg[30]_i_321__0_n_0
    SLICE_X4Y39          CARRY4 (Prop_carry4_CI_CO[1])
                                                      0.093    31.015 r  u_divider/out_res_reg[30]_i_320__0/CO[1]
                         net (fo=27, routed)          1.261    32.276    dut/core1/mem_wb/u_divider/out_res_reg[30]_i_311__0[0]
    SLICE_X7Y32          LUT3 (Prop_lut3_I0_O)        0.153    32.429 r  dut/core1/mem_wb/u_divider/out_res[30]_i_351__0/O
                         net (fo=1, routed)           0.000    32.429    dut_n_2175
    SLICE_X7Y32          CARRY4 (Prop_carry4_S[1]_CO[3])
                                                      0.324    32.753 r  u_divider/out_res_reg[30]_i_311__0/CO[3]
                         net (fo=1, routed)           0.000    32.753    u_divider/out_res_reg[30]_i_311__0_n_0
    SLICE_X7Y33          CARRY4 (Prop_carry4_CI_CO[3])
                                                      0.058    32.811 r  u_divider/out_res_reg[30]_i_306__0/CO[3]
                         net (fo=1, routed)           0.000    32.811    u_divider/out_res_reg[30]_i_306__0_n_0
    SLICE_X7Y34          CARRY4 (Prop_carry4_CI_CO[3])
                                                      0.058    32.869 r  u_divider/out_res_reg[30]_i_301__0/CO[3]
                         net (fo=1, routed)           0.000    32.869    u_divider/out_res_reg[30]_i_301__0_n_0
    SLICE_X7Y35          CARRY4 (Prop_carry4_CI_CO[3])
                                                      0.058    32.927 r  u_divider/out_res_reg[30]_i_296__0/CO[3]
                         net (fo=1, routed)           0.000    32.927    u_divider/out_res_reg[30]_i_296__0_n_0
    SLICE_X7Y36          CARRY4 (Prop_carry4_CI_CO[3])
                                                      0.058    32.985 r  u_divider/out_res_reg[30]_i_291__0/CO[3]
                         net (fo=1, routed)           0.000    32.985    u_divider/out_res_reg[30]_i_291__0_n_0
    SLICE_X7Y37          CARRY4 (Prop_carry4_CI_CO[3])
                                                      0.058    33.043 r  u_divider/out_res_reg[30]_i_288__0/CO[3]
                         net (fo=1, routed)           0.000    33.043    u_divider/out_res_reg[30]_i_288__0_n_0
    SLICE_X7Y38          CARRY4 (Prop_carry4_CI_CO[1])
                                                      0.094    33.137 r  u_divider/out_res_reg[30]_i_287__0/CO[1]
                         net (fo=27, routed)          1.425    34.562    dut/core1/mem_wb/u_divider/out_res_reg[30]_i_278__0[0]
    SLICE_X11Y32         LUT3 (Prop_lut3_I0_O)        0.152    34.714 r  dut/core1/mem_wb/u_divider/out_res[30]_i_318__0/O
                         net (fo=1, routed)           0.000    34.714    dut_n_2176
    SLICE_X11Y32         CARRY4 (Prop_carry4_S[1]_CO[3])
                                                      0.324    35.038 r  u_divider/out_res_reg[30]_i_278__0/CO[3]
                         net (fo=1, routed)           0.000    35.038    u_divider/out_res_reg[30]_i_278__0_n_0
    SLICE_X11Y33         CARRY4 (Prop_carry4_CI_CO[3])
                                                      0.058    35.096 r  u_divider/out_res_reg[30]_i_273__0/CO[3]
                         net (fo=1, routed)           0.000    35.096    u_divider/out_res_reg[30]_i_273__0_n_0
    SLICE_X11Y34         CARRY4 (Prop_carry4_CI_CO[3])
                                                      0.058    35.154 r  u_divider/out_res_reg[30]_i_268__0/CO[3]
                         net (fo=1, routed)           0.000    35.154    u_divider/out_res_reg[30]_i_268__0_n_0
    SLICE_X11Y35         CARRY4 (Prop_carry4_CI_CO[3])
                                                      0.058    35.212 r  u_divider/out_res_reg[30]_i_263__0/CO[3]
                         net (fo=1, routed)           0.000    35.212    u_divider/out_res_reg[30]_i_263__0_n_0
    SLICE_X11Y36         CARRY4 (Prop_carry4_CI_CO[3])
                                                      0.058    35.270 r  u_divider/out_res_reg[30]_i_258__0/CO[3]
                         net (fo=1, routed)           0.000    35.270    u_divider/out_res_reg[30]_i_258__0_n_0
    SLICE_X11Y37         CARRY4 (Prop_carry4_CI_CO[3])
                                                      0.058    35.328 r  u_divider/out_res_reg[30]_i_255__0/CO[3]
                         net (fo=1, routed)           0.000    35.328    u_divider/out_res_reg[30]_i_255__0_n_0
    SLICE_X11Y38         CARRY4 (Prop_carry4_CI_CO[1])
                                                      0.094    35.422 r  u_divider/out_res_reg[30]_i_254__0/CO[1]
                         net (fo=27, routed)          1.201    36.623    u_divider/out_res_reg[30]_i_254__0_n_2
    SLICE_X15Y32         LUT3 (Prop_lut3_I0_O)        0.152    36.775 r  u_divider/out_res[30]_i_284__0/O
                         net (fo=1, routed)           0.000    36.775    u_divider/out_res[30]_i_284__0_n_0
    SLICE_X15Y32         CARRY4 (Prop_carry4_S[2]_CO[3])
                                                      0.235    37.010 r  u_divider/out_res_reg[30]_i_245__0/CO[3]
                         net (fo=1, routed)           0.000    37.010    u_divider/out_res_reg[30]_i_245__0_n_0
    SLICE_X15Y33         CARRY4 (Prop_carry4_CI_CO[3])
                                                      0.058    37.068 r  u_divider/out_res_reg[30]_i_240__0/CO[3]
                         net (fo=1, routed)           0.000    37.068    u_divider/out_res_reg[30]_i_240__0_n_0
    SLICE_X15Y34         CARRY4 (Prop_carry4_CI_CO[3])
                                                      0.058    37.126 r  u_divider/out_res_reg[30]_i_235__0/CO[3]
                         net (fo=1, routed)           0.000    37.126    u_divider/out_res_reg[30]_i_235__0_n_0
    SLICE_X15Y35         CARRY4 (Prop_carry4_CI_CO[3])
                                                      0.058    37.184 r  u_divider/out_res_reg[30]_i_230__0/CO[3]
                         net (fo=1, routed)           0.000    37.184    u_divider/out_res_reg[30]_i_230__0_n_0
    SLICE_X15Y36         CARRY4 (Prop_carry4_CI_CO[3])
                                                      0.058    37.242 r  u_divider/out_res_reg[30]_i_225__0/CO[3]
                         net (fo=1, routed)           0.000    37.242    u_divider/out_res_reg[30]_i_225__0_n_0
    SLICE_X15Y37         CARRY4 (Prop_carry4_CI_CO[3])
                                                      0.058    37.300 r  u_divider/out_res_reg[30]_i_222__0/CO[3]
                         net (fo=1, routed)           0.000    37.300    u_divider/out_res_reg[30]_i_222__0_n_0
    SLICE_X15Y38         CARRY4 (Prop_carry4_CI_CO[1])
                                                      0.094    37.394 r  u_divider/out_res_reg[30]_i_221__0/CO[1]
                         net (fo=27, routed)          1.155    38.548    u_divider/out_res_reg[30]_i_221__0_n_2
    SLICE_X15Y42         LUT3 (Prop_lut3_I0_O)        0.152    38.700 r  u_divider/out_res[30]_i_237__0/O
                         net (fo=1, routed)           0.000    38.700    u_divider/out_res[30]_i_237__0_n_0
    SLICE_X15Y42         CARRY4 (Prop_carry4_S[2]_CO[3])
                                                      0.235    38.935 r  u_divider/out_res_reg[30]_i_197__0/CO[3]
                         net (fo=1, routed)           0.000    38.935    u_divider/out_res_reg[30]_i_197__0_n_0
    SLICE_X15Y43         CARRY4 (Prop_carry4_CI_CO[3])
                                                      0.058    38.993 r  u_divider/out_res_reg[30]_i_192__0/CO[3]
                         net (fo=1, routed)           0.000    38.993    u_divider/out_res_reg[30]_i_192__0_n_0
    SLICE_X15Y44         CARRY4 (Prop_carry4_CI_CO[3])
                                                      0.058    39.051 r  u_divider/out_res_reg[30]_i_189__0/CO[3]
                         net (fo=1, routed)           0.000    39.051    u_divider/out_res_reg[30]_i_189__0_n_0
    SLICE_X15Y45         CARRY4 (Prop_carry4_CI_CO[1])
                                                      0.094    39.145 r  u_divider/out_res_reg[30]_i_188__0/CO[1]
                         net (fo=27, routed)          1.816    40.961    u_divider/out_res_reg[30]_i_188__0_n_2
    SLICE_X11Y39         LUT3 (Prop_lut3_I0_O)        0.152    41.113 r  u_divider/out_res[30]_i_218__0/O
                         net (fo=1, routed)           0.000    41.113    u_divider/out_res[30]_i_218__0_n_0
    SLICE_X11Y39         CARRY4 (Prop_carry4_S[2]_CO[3])
                                                      0.235    41.348 r  u_divider/out_res_reg[30]_i_179__0/CO[3]
                         net (fo=1, routed)           0.000    41.348    u_divider/out_res_reg[30]_i_179__0_n_0
    SLICE_X11Y40         CARRY4 (Prop_carry4_CI_CO[3])
                                                      0.058    41.406 r  u_divider/out_res_reg[30]_i_174__0/CO[3]
                         net (fo=1, routed)           0.000    41.406    u_divider/out_res_reg[30]_i_174__0_n_0
    SLICE_X11Y41         CARRY4 (Prop_carry4_CI_CO[3])
                                                      0.058    41.464 r  u_divider/out_res_reg[30]_i_169__0/CO[3]
                         net (fo=1, routed)           0.000    41.464    u_divider/out_res_reg[30]_i_169__0_n_0
    SLICE_X11Y42         CARRY4 (Prop_carry4_CI_CO[3])
                                                      0.058    41.522 r  u_divider/out_res_reg[30]_i_164__0/CO[3]
                         net (fo=1, routed)           0.000    41.522    u_divider/out_res_reg[30]_i_164__0_n_0
    SLICE_X11Y43         CARRY4 (Prop_carry4_CI_CO[3])
                                                      0.058    41.580 r  u_divider/out_res_reg[30]_i_159__0/CO[3]
                         net (fo=1, routed)           0.000    41.580    u_divider/out_res_reg[30]_i_159__0_n_0
    SLICE_X11Y44         CARRY4 (Prop_carry4_CI_CO[3])
                                                      0.058    41.638 r  u_divider/out_res_reg[30]_i_156__0/CO[3]
                         net (fo=1, routed)           0.000    41.638    u_divider/out_res_reg[30]_i_156__0_n_0
    SLICE_X11Y45         CARRY4 (Prop_carry4_CI_CO[1])
                                                      0.094    41.732 r  u_divider/out_res_reg[30]_i_155__0/CO[1]
                         net (fo=27, routed)          1.479    43.211    u_divider/out_res_reg[30]_i_155__0_n_2
    SLICE_X9Y39          LUT3 (Prop_lut3_I0_O)        0.152    43.363 r  u_divider/out_res[30]_i_185__0/O
                         net (fo=1, routed)           0.000    43.363    u_divider/out_res[30]_i_185__0_n_0
    SLICE_X9Y39          CARRY4 (Prop_carry4_S[2]_CO[3])
                                                      0.235    43.598 r  u_divider/out_res_reg[30]_i_146__0/CO[3]
                         net (fo=1, routed)           0.000    43.598    u_divider/out_res_reg[30]_i_146__0_n_0
    SLICE_X9Y40          CARRY4 (Prop_carry4_CI_CO[3])
                                                      0.058    43.656 r  u_divider/out_res_reg[30]_i_141__0/CO[3]
                         net (fo=1, routed)           0.000    43.656    u_divider/out_res_reg[30]_i_141__0_n_0
    SLICE_X9Y41          CARRY4 (Prop_carry4_CI_CO[3])
                                                      0.058    43.714 r  u_divider/out_res_reg[30]_i_136__0/CO[3]
                         net (fo=1, routed)           0.000    43.714    u_divider/out_res_reg[30]_i_136__0_n_0
    SLICE_X9Y42          CARRY4 (Prop_carry4_CI_CO[3])
                                                      0.058    43.772 r  u_divider/out_res_reg[30]_i_131__0/CO[3]
                         net (fo=1, routed)           0.000    43.772    u_divider/out_res_reg[30]_i_131__0_n_0
    SLICE_X9Y43          CARRY4 (Prop_carry4_CI_CO[3])
                                                      0.058    43.830 r  u_divider/out_res_reg[30]_i_126__0/CO[3]
                         net (fo=1, routed)           0.000    43.830    u_divider/out_res_reg[30]_i_126__0_n_0
    SLICE_X9Y44          CARRY4 (Prop_carry4_CI_CO[3])
                                                      0.058    43.888 r  u_divider/out_res_reg[30]_i_123__0/CO[3]
                         net (fo=1, routed)           0.000    43.888    u_divider/out_res_reg[30]_i_123__0_n_0
    SLICE_X9Y45          CARRY4 (Prop_carry4_CI_CO[1])
                                                      0.094    43.982 r  u_divider/out_res_reg[30]_i_122__0/CO[1]
                         net (fo=27, routed)          1.441    45.424    u_divider/out_res_reg[30]_i_122__0_n_2
    SLICE_X13Y52         LUT2 (Prop_lut2_I0_O)        0.152    45.576 r  u_divider/out_res[30]_i_124__0/O
                         net (fo=1, routed)           0.000    45.576    u_divider/out_res[30]_i_124__0_n_0
    SLICE_X13Y52         CARRY4 (Prop_carry4_S[1]_CO[1])
                                                      0.302    45.878 r  u_divider/out_res_reg[30]_i_92__0/CO[1]
                         net (fo=27, routed)          1.310    47.187    dut/core1/mem_wb/u_divider/i__carry_i_124__0[0]
    SLICE_X13Y39         LUT3 (Prop_lut3_I0_O)        0.152    47.339 r  dut/core1/mem_wb/u_divider/i__carry_i_149__0/O
                         net (fo=1, routed)           0.000    47.339    dut_n_2182
    SLICE_X13Y39         CARRY4 (Prop_carry4_S[1]_CO[3])
                                                      0.324    47.663 r  u_divider/i__carry_i_124__0/CO[3]
                         net (fo=1, routed)           0.000    47.663    u_divider/i__carry_i_124__0_n_0
    SLICE_X13Y40         CARRY4 (Prop_carry4_CI_CO[3])
                                                      0.058    47.721 r  u_divider/out_res_reg[30]_i_86__0/CO[3]
                         net (fo=1, routed)           0.000    47.721    u_divider/out_res_reg[30]_i_86__0_n_0
    SLICE_X13Y41         CARRY4 (Prop_carry4_CI_CO[3])
                                                      0.058    47.779 r  u_divider/out_res_reg[30]_i_81__0/CO[3]
                         net (fo=1, routed)           0.000    47.779    u_divider/out_res_reg[30]_i_81__0_n_0
    SLICE_X13Y42         CARRY4 (Prop_carry4_CI_CO[3])
                                                      0.058    47.837 r  u_divider/out_res_reg[30]_i_76__0/CO[3]
                         net (fo=1, routed)           0.000    47.837    u_divider/out_res_reg[30]_i_76__0_n_0
    SLICE_X13Y43         CARRY4 (Prop_carry4_CI_CO[3])
                                                      0.058    47.895 r  u_divider/out_res_reg[30]_i_71__0/CO[3]
                         net (fo=1, routed)           0.000    47.895    u_divider/out_res_reg[30]_i_71__0_n_0
    SLICE_X13Y44         CARRY4 (Prop_carry4_CI_CO[3])
                                                      0.058    47.953 r  u_divider/out_res_reg[30]_i_68__0/CO[3]
                         net (fo=1, routed)           0.000    47.953    u_divider/out_res_reg[30]_i_68__0_n_0
    SLICE_X13Y45         CARRY4 (Prop_carry4_CI_CO[1])
                                                      0.094    48.047 r  u_divider/out_res_reg[30]_i_67__0/CO[1]
                         net (fo=27, routed)          1.406    49.453    u_divider/out_res_reg[30]_i_67__0_n_2
    SLICE_X19Y39         LUT3 (Prop_lut3_I0_O)        0.152    49.605 r  u_divider/i__carry_i_145__0/O
                         net (fo=1, routed)           0.000    49.605    u_divider/i__carry_i_145__0_n_0
    SLICE_X19Y39         CARRY4 (Prop_carry4_S[2]_CO[3])
                                                      0.235    49.840 r  u_divider/i__carry_i_119__0/CO[3]
                         net (fo=1, routed)           0.000    49.840    u_divider/i__carry_i_119__0_n_0
    SLICE_X19Y40         CARRY4 (Prop_carry4_CI_CO[3])
                                                      0.058    49.898 r  u_divider/i__carry_i_93__0/CO[3]
                         net (fo=1, routed)           0.000    49.898    u_divider/i__carry_i_93__0_n_0
    SLICE_X19Y41         CARRY4 (Prop_carry4_CI_CO[3])
                                                      0.058    49.956 r  u_divider/out_res_reg[30]_i_61__0/CO[3]
                         net (fo=1, routed)           0.000    49.956    u_divider/out_res_reg[30]_i_61__0_n_0
    SLICE_X19Y42         CARRY4 (Prop_carry4_CI_CO[3])
                                                      0.058    50.014 r  u_divider/out_res_reg[30]_i_56__0/CO[3]
                         net (fo=1, routed)           0.000    50.014    u_divider/out_res_reg[30]_i_56__0_n_0
    SLICE_X19Y43         CARRY4 (Prop_carry4_CI_CO[3])
                                                      0.058    50.072 r  u_divider/out_res_reg[30]_i_51__0/CO[3]
                         net (fo=1, routed)           0.000    50.072    u_divider/out_res_reg[30]_i_51__0_n_0
    SLICE_X19Y44         CARRY4 (Prop_carry4_CI_CO[3])
                                                      0.058    50.130 r  u_divider/out_res_reg[30]_i_48__0/CO[3]
                         net (fo=1, routed)           0.000    50.130    u_divider/out_res_reg[30]_i_48__0_n_0
    SLICE_X19Y45         CARRY4 (Prop_carry4_CI_CO[1])
                                                      0.094    50.224 r  u_divider/out_res_reg[30]_i_47__0/CO[1]
                         net (fo=27, routed)          1.431    51.655    u_divider/out_res_reg[30]_i_47__0_n_2
    SLICE_X17Y39         LUT3 (Prop_lut3_I0_O)        0.152    51.807 r  u_divider/i__carry_i_141__0/O
                         net (fo=1, routed)           0.000    51.807    u_divider/i__carry_i_141__0_n_0
    SLICE_X17Y39         CARRY4 (Prop_carry4_S[3]_CO[3])
                                                      0.233    52.040 r  u_divider/i__carry_i_114__0/CO[3]
                         net (fo=1, routed)           0.000    52.040    u_divider/i__carry_i_114__0_n_0
    SLICE_X17Y40         CARRY4 (Prop_carry4_CI_CO[3])
                                                      0.058    52.098 r  u_divider/i__carry_i_88__0/CO[3]
                         net (fo=1, routed)           0.000    52.098    u_divider/i__carry_i_88__0_n_0
    SLICE_X17Y41         CARRY4 (Prop_carry4_CI_CO[3])
                                                      0.058    52.156 r  u_divider/i__carry_i_67__0/CO[3]
                         net (fo=1, routed)           0.000    52.156    u_divider/i__carry_i_67__0_n_0
    SLICE_X17Y42         CARRY4 (Prop_carry4_CI_CO[3])
                                                      0.058    52.214 r  u_divider/out_res_reg[30]_i_41__0/CO[3]
                         net (fo=1, routed)           0.000    52.214    u_divider/out_res_reg[30]_i_41__0_n_0
    SLICE_X17Y43         CARRY4 (Prop_carry4_CI_CO[3])
                                                      0.058    52.272 r  u_divider/out_res_reg[30]_i_36__0/CO[3]
                         net (fo=1, routed)           0.000    52.272    u_divider/out_res_reg[30]_i_36__0_n_0
    SLICE_X17Y44         CARRY4 (Prop_carry4_CI_CO[3])
                                                      0.058    52.330 r  u_divider/out_res_reg[30]_i_33__0/CO[3]
                         net (fo=1, routed)           0.000    52.330    u_divider/out_res_reg[30]_i_33__0_n_0
    SLICE_X17Y45         CARRY4 (Prop_carry4_CI_CO[1])
                                                      0.094    52.424 r  u_divider/out_res_reg[30]_i_32__0/CO[1]
                         net (fo=27, routed)          1.557    53.981    u_divider/out_res_reg[30]_i_32__0_n_2
    SLICE_X17Y49         LUT3 (Prop_lut3_I0_O)        0.152    54.133 r  u_divider/i__carry_i_71__0/O
                         net (fo=1, routed)           0.000    54.133    u_divider/i__carry_i_71__0_n_0
    SLICE_X17Y49         CARRY4 (Prop_carry4_S[0]_CO[3])
                                                      0.313    54.446 r  u_divider/i__carry_i_46__0/CO[3]
                         net (fo=1, routed)           0.001    54.447    u_divider/i__carry_i_46__0_n_0
    SLICE_X17Y50         CARRY4 (Prop_carry4_CI_CO[3])
                                                      0.058    54.505 r  u_divider/out_res_reg[30]_i_26__0/CO[3]
                         net (fo=1, routed)           0.000    54.505    u_divider/out_res_reg[30]_i_26__0_n_0
    SLICE_X17Y51         CARRY4 (Prop_carry4_CI_CO[3])
                                                      0.058    54.563 r  u_divider/out_res_reg[30]_i_23__0/CO[3]
                         net (fo=1, routed)           0.000    54.563    u_divider/out_res_reg[30]_i_23__0_n_0
    SLICE_X17Y52         CARRY4 (Prop_carry4_CI_CO[1])
                                                      0.094    54.657 r  u_divider/out_res_reg[30]_i_22__0/CO[1]
                         net (fo=27, routed)          1.116    55.773    dut/core1/mem_wb/u_divider/i__carry_i_104__0[0]
    SLICE_X19Y46         LUT3 (Prop_lut3_I0_O)        0.152    55.925 r  dut/core1/mem_wb/u_divider/i__carry_i_137__0/O
                         net (fo=1, routed)           0.000    55.925    dut_n_2186
    SLICE_X19Y46         CARRY4 (Prop_carry4_S[1]_CO[3])
                                                      0.324    56.249 r  u_divider/i__carry_i_104__0/CO[3]
                         net (fo=1, routed)           0.000    56.249    u_divider/i__carry_i_104__0_n_0
    SLICE_X19Y47         CARRY4 (Prop_carry4_CI_CO[3])
                                                      0.058    56.307 r  u_divider/i__carry_i_78__0/CO[3]
                         net (fo=1, routed)           0.000    56.307    u_divider/i__carry_i_78__0_n_0
    SLICE_X19Y48         CARRY4 (Prop_carry4_CI_CO[3])
                                                      0.058    56.365 r  u_divider/i__carry_i_57__0/CO[3]
                         net (fo=1, routed)           0.000    56.365    u_divider/i__carry_i_57__0_n_0
    SLICE_X19Y49         CARRY4 (Prop_carry4_CI_CO[3])
                                                      0.058    56.423 r  u_divider/i__carry_i_41__0/CO[3]
                         net (fo=1, routed)           0.001    56.424    u_divider/i__carry_i_41__0_n_0
    SLICE_X19Y50         CARRY4 (Prop_carry4_CI_CO[3])
                                                      0.058    56.482 r  u_divider/i__carry_i_30__0/CO[3]
                         net (fo=1, routed)           0.000    56.482    u_divider/i__carry_i_30__0_n_0
    SLICE_X19Y51         CARRY4 (Prop_carry4_CI_CO[3])
                                                      0.058    56.540 r  u_divider/out_res_reg[30]_i_15__0/CO[3]
                         net (fo=1, routed)           0.000    56.540    u_divider/out_res_reg[30]_i_15__0_n_0
    SLICE_X19Y52         CARRY4 (Prop_carry4_CI_CO[1])
                                                      0.094    56.634 r  u_divider/out_res_reg[30]_i_14__0/CO[1]
                         net (fo=27, routed)          1.191    57.825    dut/core1/mem_wb/u_divider/i__carry_i_99__0[0]
    SLICE_X21Y46         LUT3 (Prop_lut3_I0_O)        0.152    57.977 r  dut/core1/mem_wb/u_divider/i__carry_i_134__0/O
                         net (fo=1, routed)           0.000    57.977    dut_n_2187
    SLICE_X21Y46         CARRY4 (Prop_carry4_S[1]_CO[3])
                                                      0.324    58.301 r  u_divider/i__carry_i_99__0/CO[3]
                         net (fo=1, routed)           0.000    58.301    u_divider/i__carry_i_99__0_n_0
    SLICE_X21Y47         CARRY4 (Prop_carry4_CI_CO[3])
                                                      0.058    58.359 r  u_divider/i__carry_i_73__0/CO[3]
                         net (fo=1, routed)           0.000    58.359    u_divider/i__carry_i_73__0_n_0
    SLICE_X21Y48         CARRY4 (Prop_carry4_CI_CO[3])
                                                      0.058    58.417 r  u_divider/i__carry_i_52__0/CO[3]
                         net (fo=1, routed)           0.000    58.417    u_divider/i__carry_i_52__0_n_0
    SLICE_X21Y49         CARRY4 (Prop_carry4_CI_CO[3])
                                                      0.058    58.475 r  u_divider/i__carry_i_36__0/CO[3]
                         net (fo=1, routed)           0.001    58.476    u_divider/i__carry_i_36__0_n_0
    SLICE_X21Y50         CARRY4 (Prop_carry4_CI_CO[3])
                                                      0.058    58.534 r  u_divider/i__carry_i_25__0/CO[3]
                         net (fo=1, routed)           0.000    58.534    u_divider/i__carry_i_25__0_n_0
    SLICE_X21Y51         CARRY4 (Prop_carry4_CI_CO[3])
                                                      0.058    58.592 r  u_divider/i__carry_i_15__0/CO[3]
                         net (fo=1, routed)           0.000    58.592    u_divider/i__carry_i_15__0_n_0
    SLICE_X21Y52         CARRY4 (Prop_carry4_CI_CO[1])
                                                      0.094    58.686 r  u_divider/out_res_reg[30]_i_8__0/CO[1]
                         net (fo=70, routed)          1.150    59.835    u_divider/out_res_reg[30]_i_8__0_n_2
    SLICE_X21Y58         LUT3 (Prop_lut3_I0_O)        0.152    59.987 r  u_divider/i__carry_i_28__0/O
                         net (fo=1, routed)           0.000    59.987    u_divider/i__carry_i_28__0_n_0
    SLICE_X21Y58         CARRY4 (Prop_carry4_S[1]_CO[3])
                                                      0.324    60.311 r  u_divider/i__carry_i_14__0/CO[3]
                         net (fo=1, routed)           0.000    60.311    u_divider/i__carry_i_14__0_n_0
    SLICE_X21Y59         CARRY4 (Prop_carry4_CI_CO[1])
                                                      0.094    60.405 r  u_divider/i__carry_i_11__0/CO[1]
                         net (fo=39, routed)          1.221    61.627    dut/core1/mem_wb/u_divider/out_res_reg[21]_i_35__0[0]
    SLICE_X20Y53         LUT2 (Prop_lut2_I1_O)        0.152    61.779 r  dut/core1/mem_wb/u_divider/out_res[21]_i_44__0/O
                         net (fo=1, routed)           0.000    61.779    dut_n_2255
    SLICE_X20Y53         CARRY4 (Prop_carry4_S[1]_CO[3])
                                                      0.310    62.089 r  u_divider/out_res_reg[21]_i_35__0/CO[3]
                         net (fo=1, routed)           0.000    62.089    u_divider/out_res_reg[21]_i_35__0_n_0
    SLICE_X20Y54         CARRY4 (Prop_carry4_CI_CO[3])
                                                      0.060    62.149 r  u_divider/out_res_reg[21]_i_29__0/CO[3]
                         net (fo=1, routed)           0.000    62.149    u_divider/out_res_reg[21]_i_29__0_n_0
    SLICE_X20Y55         CARRY4 (Prop_carry4_CI_CO[3])
                                                      0.060    62.209 r  u_divider/out_res_reg[21]_i_23__0/CO[3]
                         net (fo=1, routed)           0.000    62.209    u_divider/out_res_reg[21]_i_23__0_n_0
    SLICE_X20Y56         CARRY4 (Prop_carry4_CI_CO[3])
                                                      0.060    62.269 r  u_divider/out_res_reg[21]_i_17__0/CO[3]
                         net (fo=1, routed)           0.000    62.269    u_divider/out_res_reg[21]_i_17__0_n_0
    SLICE_X20Y57         CARRY4 (Prop_carry4_CI_CO[3])
                                                      0.060    62.329 r  u_divider/out_res_reg[21]_i_11__0/CO[3]
                         net (fo=1, routed)           0.000    62.329    u_divider/out_res_reg[21]_i_11__0_n_0
    SLICE_X20Y58         CARRY4 (Prop_carry4_CI_CO[3])
                                                      0.060    62.389 r  u_divider/out_res_reg[21]_i_7__0/CO[3]
                         net (fo=1, routed)           0.000    62.389    u_divider/out_res_reg[21]_i_7__0_n_0
    SLICE_X20Y59         CARRY4 (Prop_carry4_CI_CO[1])
                                                      0.093    62.482 r  u_divider/out_res_reg[21]_i_5__0/CO[1]
                         net (fo=32, routed)          1.546    64.028    dut/core1/execute_unit/u_fpu/u_divider/out_res_reg[21]_0[0]
    SLICE_X27Y55         LUT5 (Prop_lut5_I0_O)        0.153    64.181 r  dut/core1/execute_unit/u_fpu/u_divider/i__carry_i_18__10/O
                         net (fo=3, routed)           0.684    64.865    dut/core1/execute_unit/u_fpu/u_divider/i__carry_i_18__10_n_0
    SLICE_X27Y54         LUT6 (Prop_lut6_I0_O)        0.053    64.918 r  dut/core1/execute_unit/u_fpu/u_divider/i__carry_i_13__25/O
                         net (fo=33, routed)          0.699    65.617    dut/core1/execute_unit/u_fpu/u_divider/i__carry_i_13__25_n_0
    SLICE_X31Y53         LUT4 (Prop_lut4_I3_O)        0.053    65.670 r  dut/core1/execute_unit/u_fpu/u_divider/i__carry_i_8__49/O
                         net (fo=1, routed)           0.000    65.670    dut/core1/execute_unit/u_fpu/u_divider/i__carry_i_8__49_n_0
    SLICE_X31Y53         CARRY4 (Prop_carry4_S[0]_CO[3])
                                                      0.313    65.983 r  dut/core1/execute_unit/u_fpu/u_divider/exp_norm0_inferred__0/i__carry/CO[3]
                         net (fo=1, routed)           0.000    65.983    dut/core1/execute_unit/u_fpu/u_divider/exp_norm0_inferred__0/i__carry_n_0
    SLICE_X31Y54         CARRY4 (Prop_carry4_CI_O[0])
                                                      0.139    66.122 f  dut/core1/execute_unit/u_fpu/u_divider/exp_norm0_inferred__0/i__carry__0/O[0]
                         net (fo=3, routed)           0.565    66.687    dut/core1/execute_unit/u_fpu/u_divider/exp_norm[4]
    SLICE_X29Y54         LUT6 (Prop_lut6_I4_O)        0.155    66.842 f  dut/core1/execute_unit/u_fpu/u_divider/i__carry_i_12__31/O
                         net (fo=1, routed)           0.414    67.256    dut/core1/execute_unit/u_fpu/u_divider/i__carry_i_12__31_n_0
    SLICE_X29Y55         LUT6 (Prop_lut6_I1_O)        0.053    67.309 r  dut/core1/execute_unit/u_fpu/u_divider/i__carry_i_11__31/O
                         net (fo=4, routed)           0.479    67.788    dut/core1/execute_unit/u_fpu/u_divider/i__carry_i_11__31_n_0
    SLICE_X28Y57         LUT6 (Prop_lut6_I5_O)        0.053    67.841 r  dut/core1/execute_unit/u_fpu/u_divider/i__carry_i_5__48/O
                         net (fo=32, routed)          0.667    68.508    dut/core1/execute_unit/u_fpu/u_divider/i__carry_i_5__48_n_0
    SLICE_X28Y54         LUT2 (Prop_lut2_I1_O)        0.053    68.561 r  dut/core1/execute_unit/u_fpu/u_divider/i__carry_i_4__29/O
                         net (fo=1, routed)           0.000    68.561    dut/core1/execute_unit/u_fpu/u_divider/i__carry_i_4__29_n_0
    SLICE_X28Y54         CARRY4 (Prop_carry4_S[0]_CO[3])
                                                      0.313    68.874 r  dut/core1/execute_unit/u_fpu/u_divider/exp_norm0_inferred__1/i__carry/CO[3]
                         net (fo=1, routed)           0.000    68.874    dut/core1/execute_unit/u_fpu/u_divider/exp_norm0_inferred__1/i__carry_n_0
    SLICE_X28Y55         CARRY4 (Prop_carry4_CI_O[1])
                                                      0.213    69.087 f  dut/core1/execute_unit/u_fpu/u_divider/exp_norm0_inferred__1/i__carry__0/O[1]
                         net (fo=3, routed)           0.603    69.689    dut/core1/execute_unit/u_fpu/u_divider/exp_norm0_inferred__1/i__carry__0_n_6
    SLICE_X29Y55         LUT6 (Prop_lut6_I0_O)        0.152    69.841 f  dut/core1/execute_unit/u_fpu/u_divider/i__carry_i_8__43/O
                         net (fo=1, routed)           0.804    70.646    dut/core1/execute_unit/u_fpu/u_divider/i__carry_i_8__43_n_0
    SLICE_X28Y57         LUT6 (Prop_lut6_I1_O)        0.053    70.699 r  dut/core1/execute_unit/u_fpu/u_divider/i__carry_i_7__43/O
                         net (fo=2, routed)           0.325    71.023    dut/core1/execute_unit/u_fpu/u_divider/i__carry_i_7__43_n_0
    SLICE_X28Y57         LUT6 (Prop_lut6_I5_O)        0.053    71.076 r  dut/core1/execute_unit/u_fpu/u_divider/i__carry_i_5__47/O
                         net (fo=30, routed)          0.303    71.379    dut/core1/execute_unit/u_fpu/u_divider/i__carry_i_5__47_n_0
    SLICE_X29Y56         LUT2 (Prop_lut2_I1_O)        0.053    71.432 r  dut/core1/execute_unit/u_fpu/u_divider/i__carry_i_4__30/O
                         net (fo=1, routed)           0.000    71.432    dut/core1/execute_unit/u_fpu/u_divider/i__carry_i_4__30_n_0
    SLICE_X29Y56         CARRY4 (Prop_carry4_S[0]_CO[3])
                                                      0.313    71.745 r  dut/core1/execute_unit/u_fpu/u_divider/exp_norm0_inferred__2/i__carry/CO[3]
                         net (fo=1, routed)           0.000    71.745    dut/core1/execute_unit/u_fpu/u_divider/exp_norm0_inferred__2/i__carry_n_0
    SLICE_X29Y57         CARRY4 (Prop_carry4_CI_O[0])
                                                      0.139    71.884 f  dut/core1/execute_unit/u_fpu/u_divider/exp_norm0_inferred__2/i__carry__0/O[0]
                         net (fo=3, routed)           0.577    72.461    dut/core1/execute_unit/u_fpu/u_divider/exp_norm0_inferred__2/i__carry__0_n_7
    SLICE_X25Y57         LUT6 (Prop_lut6_I4_O)        0.155    72.616 f  dut/core1/execute_unit/u_fpu/u_divider/i__carry_i_12__32/O
                         net (fo=1, routed)           0.407    73.023    dut/core1/execute_unit/u_fpu/u_divider/i__carry_i_12__32_n_0
    SLICE_X25Y58         LUT6 (Prop_lut6_I1_O)        0.053    73.076 r  dut/core1/execute_unit/u_fpu/u_divider/i__carry_i_9__28/O
                         net (fo=3, routed)           0.659    73.735    dut/core1/execute_unit/u_fpu/u_divider/i__carry_i_9__28_n_0
    SLICE_X27Y57         LUT6 (Prop_lut6_I5_O)        0.053    73.788 r  dut/core1/execute_unit/u_fpu/u_divider/i__carry_i_5__46/O
                         net (fo=28, routed)          0.424    74.212    dut/core1/execute_unit/u_fpu/u_divider/i__carry_i_5__46_n_0
    SLICE_X24Y57         LUT2 (Prop_lut2_I1_O)        0.053    74.265 r  dut/core1/execute_unit/u_fpu/u_divider/i__carry_i_4__31/O
                         net (fo=1, routed)           0.000    74.265    dut/core1/execute_unit/u_fpu/u_divider/i__carry_i_4__31_n_0
    SLICE_X24Y57         CARRY4 (Prop_carry4_S[0]_CO[3])
                                                      0.313    74.578 r  dut/core1/execute_unit/u_fpu/u_divider/exp_norm0_inferred__3/i__carry/CO[3]
                         net (fo=1, routed)           0.000    74.578    dut/core1/execute_unit/u_fpu/u_divider/exp_norm0_inferred__3/i__carry_n_0
    SLICE_X24Y58         CARRY4 (Prop_carry4_CI_O[3])
                                                      0.179    74.757 f  dut/core1/execute_unit/u_fpu/u_divider/exp_norm0_inferred__3/i__carry__0/O[3]
                         net (fo=3, routed)           0.681    75.438    dut/core1/execute_unit/u_fpu/u_divider/exp_norm0_inferred__3/i__carry__0_n_4
    SLICE_X25Y59         LUT6 (Prop_lut6_I2_O)        0.142    75.580 f  dut/core1/execute_unit/u_fpu/u_divider/i__carry_i_11__32/O
                         net (fo=1, routed)           0.457    76.037    dut/core1/execute_unit/u_fpu/u_divider/i__carry_i_11__32_n_0
    SLICE_X25Y59         LUT6 (Prop_lut6_I1_O)        0.053    76.090 r  dut/core1/execute_unit/u_fpu/u_divider/i__carry_i_9__29/O
                         net (fo=1, routed)           0.128    76.218    dut/core1/execute_unit/u_fpu/u_divider/i__carry_i_9__29_n_0
    SLICE_X25Y59         LUT6 (Prop_lut6_I5_O)        0.053    76.271 r  dut/core1/execute_unit/u_fpu/u_divider/i__carry_i_5__45/O
                         net (fo=29, routed)          0.724    76.996    dut/core1/execute_unit/u_fpu/u_divider/i__carry_i_5__45_n_0
    SLICE_X23Y59         LUT2 (Prop_lut2_I1_O)        0.053    77.049 r  dut/core1/execute_unit/u_fpu/u_divider/i__carry_i_4__32/O
                         net (fo=1, routed)           0.000    77.049    dut/core1/execute_unit/u_fpu/u_divider/i__carry_i_4__32_n_0
    SLICE_X23Y59         CARRY4 (Prop_carry4_S[0]_CO[3])
                                                      0.313    77.362 r  dut/core1/execute_unit/u_fpu/u_divider/exp_norm0_inferred__4/i__carry/CO[3]
                         net (fo=1, routed)           0.000    77.362    dut/core1/execute_unit/u_fpu/u_divider/exp_norm0_inferred__4/i__carry_n_0
    SLICE_X23Y60         CARRY4 (Prop_carry4_CI_O[3])
                                                      0.179    77.541 f  dut/core1/execute_unit/u_fpu/u_divider/exp_norm0_inferred__4/i__carry__0/O[3]
                         net (fo=3, routed)           0.959    78.499    dut/core1/execute_unit/u_fpu/u_divider/exp_norm0_inferred__4/i__carry__0_n_4
    SLICE_X9Y61          LUT6 (Prop_lut6_I2_O)        0.142    78.641 f  dut/core1/execute_unit/u_fpu/u_divider/i__carry_i_10__36/O
                         net (fo=1, routed)           0.294    78.935    dut/core1/execute_unit/u_fpu/u_divider/i__carry_i_10__36_n_0
    SLICE_X9Y62          LUT6 (Prop_lut6_I1_O)        0.053    78.988 r  dut/core1/execute_unit/u_fpu/u_divider/i__carry_i_8__44/O
                         net (fo=4, routed)           0.417    79.405    dut/core1/execute_unit/u_fpu/u_divider/i__carry_i_8__44_n_0
    SLICE_X9Y63          LUT4 (Prop_lut4_I3_O)        0.053    79.458 r  dut/core1/execute_unit/u_fpu/u_divider/i__carry_i_5__44/O
                         net (fo=26, routed)          0.454    79.912    dut/core1/execute_unit/u_fpu/u_divider/i__carry_i_5__44_n_0
    SLICE_X7Y61          LUT2 (Prop_lut2_I1_O)        0.053    79.965 r  dut/core1/execute_unit/u_fpu/u_divider/i__carry_i_4__33/O
                         net (fo=1, routed)           0.000    79.965    dut/core1/execute_unit/u_fpu/u_divider/i__carry_i_4__33_n_0
    SLICE_X7Y61          CARRY4 (Prop_carry4_S[0]_CO[3])
                                                      0.313    80.278 r  dut/core1/execute_unit/u_fpu/u_divider/exp_norm0_inferred__5/i__carry/CO[3]
                         net (fo=1, routed)           0.000    80.278    dut/core1/execute_unit/u_fpu/u_divider/exp_norm0_inferred__5/i__carry_n_0
    SLICE_X7Y62          CARRY4 (Prop_carry4_CI_CO[3])
                                                      0.058    80.336 r  dut/core1/execute_unit/u_fpu/u_divider/exp_norm0_inferred__5/i__carry__0/CO[3]
                         net (fo=1, routed)           0.000    80.336    dut/core1/execute_unit/u_fpu/u_divider/exp_norm0_inferred__5/i__carry__0_n_0
    SLICE_X7Y63          CARRY4 (Prop_carry4_CI_O[1])
                                                      0.213    80.549 f  dut/core1/execute_unit/u_fpu/u_divider/exp_norm0_inferred__5/i__carry__1/O[1]
                         net (fo=3, routed)           0.768    81.318    dut/core1/execute_unit/u_fpu/u_divider/exp_norm0_inferred__5/i__carry__1_n_6
    SLICE_X5Y62          LUT6 (Prop_lut6_I3_O)        0.152    81.470 r  dut/core1/execute_unit/u_fpu/u_divider/i__carry_i_7__44/O
                         net (fo=1, routed)           0.607    82.076    dut/core1/execute_unit/u_fpu/u_divider/i__carry_i_7__44_n_0
    SLICE_X9Y63          LUT6 (Prop_lut6_I5_O)        0.053    82.129 r  dut/core1/execute_unit/u_fpu/u_divider/i__carry_i_5__43/O
                         net (fo=27, routed)          0.480    82.610    dut/core1/execute_unit/u_fpu/u_divider/i__carry_i_5__43_n_0
    SLICE_X6Y63          LUT2 (Prop_lut2_I1_O)        0.053    82.663 r  dut/core1/execute_unit/u_fpu/u_divider/i__carry_i_4__34/O
                         net (fo=1, routed)           0.000    82.663    dut/core1/execute_unit/u_fpu/u_divider/i__carry_i_4__34_n_0
    SLICE_X6Y63          CARRY4 (Prop_carry4_S[0]_CO[3])
                                                      0.297    82.960 r  dut/core1/execute_unit/u_fpu/u_divider/exp_norm0_inferred__6/i__carry/CO[3]
                         net (fo=1, routed)           0.000    82.960    dut/core1/execute_unit/u_fpu/u_divider/exp_norm0_inferred__6/i__carry_n_0
    SLICE_X6Y64          CARRY4 (Prop_carry4_CI_O[0])
                                                      0.135    83.095 f  dut/core1/execute_unit/u_fpu/u_divider/exp_norm0_inferred__6/i__carry__0/O[0]
                         net (fo=3, routed)           0.609    83.704    dut/core1/execute_unit/u_fpu/u_divider/exp_norm0_inferred__6/i__carry__0_n_7
    SLICE_X7Y64          LUT6 (Prop_lut6_I4_O)        0.153    83.857 f  dut/core1/execute_unit/u_fpu/u_divider/i__carry_i_13__26/O
                         net (fo=1, routed)           0.298    84.155    dut/core1/execute_unit/u_fpu/u_divider/i__carry_i_13__26_n_0
    SLICE_X7Y65          LUT6 (Prop_lut6_I1_O)        0.053    84.208 r  dut/core1/execute_unit/u_fpu/u_divider/i__carry_i_9__31/O
                         net (fo=4, routed)           0.451    84.659    dut/core1/execute_unit/u_fpu/u_divider/i__carry_i_9__31_n_0
    SLICE_X9Y65          LUT6 (Prop_lut6_I5_O)        0.053    84.712 r  dut/core1/execute_unit/u_fpu/u_divider/i__carry_i_5__42/O
                         net (fo=27, routed)          0.697    85.409    dut/core1/execute_unit/u_fpu/u_divider/i__carry_i_5__42_n_0
    SLICE_X5Y63          LUT2 (Prop_lut2_I1_O)        0.053    85.462 r  dut/core1/execute_unit/u_fpu/u_divider/i__carry_i_4__35/O
                         net (fo=1, routed)           0.000    85.462    dut/core1/execute_unit/u_fpu/u_divider/i__carry_i_4__35_n_0
    SLICE_X5Y63          CARRY4 (Prop_carry4_S[0]_CO[3])
                                                      0.313    85.775 r  dut/core1/execute_unit/u_fpu/u_divider/exp_norm0_inferred__7/i__carry/CO[3]
                         net (fo=1, routed)           0.000    85.775    dut/core1/execute_unit/u_fpu/u_divider/exp_norm0_inferred__7/i__carry_n_0
    SLICE_X5Y64          CARRY4 (Prop_carry4_CI_O[0])
                                                      0.139    85.914 f  dut/core1/execute_unit/u_fpu/u_divider/exp_norm0_inferred__7/i__carry__0/O[0]
                         net (fo=3, routed)           0.587    86.500    dut/core1/execute_unit/u_fpu/u_divider/exp_norm0_inferred__7/i__carry__0_n_7
    SLICE_X3Y64          LUT6 (Prop_lut6_I4_O)        0.155    86.655 f  dut/core1/execute_unit/u_fpu/u_divider/i__carry_i_10__37/O
                         net (fo=1, routed)           0.566    87.222    dut/core1/execute_unit/u_fpu/u_divider/i__carry_i_10__37_n_0
    SLICE_X7Y65          LUT6 (Prop_lut6_I1_O)        0.053    87.275 r  dut/core1/execute_unit/u_fpu/u_divider/i__carry_i_8__45/O
                         net (fo=2, routed)           0.303    87.577    dut/core1/execute_unit/u_fpu/u_divider/i__carry_i_8__45_n_0
    SLICE_X7Y66          LUT4 (Prop_lut4_I3_O)        0.053    87.630 r  dut/core1/execute_unit/u_fpu/u_divider/i__carry_i_5__41/O
                         net (fo=29, routed)          0.803    88.434    dut/core1/execute_unit/u_fpu/u_divider/i__carry_i_5__41_n_0
    SLICE_X4Y63          LUT2 (Prop_lut2_I1_O)        0.053    88.487 r  dut/core1/execute_unit/u_fpu/u_divider/i__carry_i_4__36/O
                         net (fo=1, routed)           0.000    88.487    dut/core1/execute_unit/u_fpu/u_divider/i__carry_i_4__36_n_0
    SLICE_X4Y63          CARRY4 (Prop_carry4_S[0]_CO[3])
                                                      0.297    88.784 r  dut/core1/execute_unit/u_fpu/u_divider/exp_norm0_inferred__8/i__carry/CO[3]
                         net (fo=1, routed)           0.000    88.784    dut/core1/execute_unit/u_fpu/u_divider/exp_norm0_inferred__8/i__carry_n_0
    SLICE_X4Y64          CARRY4 (Prop_carry4_CI_O[2])
                                                      0.137    88.921 f  dut/core1/execute_unit/u_fpu/u_divider/exp_norm0_inferred__8/i__carry__0/O[2]
                         net (fo=3, routed)           0.735    89.655    dut/core1/execute_unit/u_fpu/u_divider/exp_norm0_inferred__8/i__carry__0_n_5
    SLICE_X5Y62          LUT6 (Prop_lut6_I1_O)        0.152    89.807 f  dut/core1/execute_unit/u_fpu/u_divider/i__carry_i_9__32/O
                         net (fo=1, routed)           0.457    90.264    dut/core1/execute_unit/u_fpu/u_divider/i__carry_i_9__32_n_0
    SLICE_X5Y62          LUT6 (Prop_lut6_I1_O)        0.053    90.317 r  dut/core1/execute_unit/u_fpu/u_divider/i__carry_i_7__45/O
                         net (fo=3, routed)           0.658    90.975    dut/core1/execute_unit/u_fpu/u_divider/i__carry_i_7__45_n_0
    SLICE_X7Y66          LUT6 (Prop_lut6_I5_O)        0.053    91.028 r  dut/core1/execute_unit/u_fpu/u_divider/i__carry_i_5__40/O
                         net (fo=26, routed)          0.619    91.648    dut/core1/execute_unit/u_fpu/u_divider/i__carry_i_5__40_n_0
    SLICE_X2Y63          LUT2 (Prop_lut2_I1_O)        0.053    91.701 r  dut/core1/execute_unit/u_fpu/u_divider/i__carry_i_4__37/O
                         net (fo=1, routed)           0.000    91.701    dut/core1/execute_unit/u_fpu/u_divider/i__carry_i_4__37_n_0
    SLICE_X2Y63          CARRY4 (Prop_carry4_S[0]_CO[3])
                                                      0.297    91.998 r  dut/core1/execute_unit/u_fpu/u_divider/exp_norm0_inferred__9/i__carry/CO[3]
                         net (fo=1, routed)           0.000    91.998    dut/core1/execute_unit/u_fpu/u_divider/exp_norm0_inferred__9/i__carry_n_0
    SLICE_X2Y64          CARRY4 (Prop_carry4_CI_O[3])
                                                      0.181    92.179 f  dut/core1/execute_unit/u_fpu/u_divider/exp_norm0_inferred__9/i__carry__0/O[3]
                         net (fo=3, routed)           1.025    93.204    dut/core1/execute_unit/u_fpu/u_divider/exp_norm0_inferred__9/i__carry__0_n_4
    SLICE_X3Y64          LUT6 (Prop_lut6_I4_O)        0.142    93.346 r  dut/core1/execute_unit/u_fpu/u_divider/i__carry_i_9__33/O
                         net (fo=1, routed)           0.727    94.073    dut/core1/execute_unit/u_fpu/u_divider/i__carry_i_9__33_n_0
    SLICE_X9Y66          LUT6 (Prop_lut6_I5_O)        0.053    94.126 r  dut/core1/execute_unit/u_fpu/u_divider/i__carry_i_5__39/O
                         net (fo=30, routed)          1.062    95.188    dut/core1/execute_unit/u_fpu/u_divider/i__carry_i_5__39_n_0
    SLICE_X1Y62          LUT2 (Prop_lut2_I1_O)        0.053    95.241 r  dut/core1/execute_unit/u_fpu/u_divider/i__carry_i_4__38/O
                         net (fo=1, routed)           0.000    95.241    dut/core1/execute_unit/u_fpu/u_divider/i__carry_i_4__38_n_0
    SLICE_X1Y62          CARRY4 (Prop_carry4_S[0]_CO[3])
                                                      0.313    95.554 r  dut/core1/execute_unit/u_fpu/u_divider/exp_norm0_inferred__10/i__carry/CO[3]
                         net (fo=1, routed)           0.000    95.554    dut/core1/execute_unit/u_fpu/u_divider/exp_norm0_inferred__10/i__carry_n_0
    SLICE_X1Y63          CARRY4 (Prop_carry4_CI_O[1])
                                                      0.213    95.767 f  dut/core1/execute_unit/u_fpu/u_divider/exp_norm0_inferred__10/i__carry__0/O[1]
                         net (fo=3, routed)           0.836    96.602    dut/core1/execute_unit/u_fpu/u_divider/exp_norm0_inferred__10/i__carry__0_n_6
    SLICE_X0Y60          LUT6 (Prop_lut6_I0_O)        0.152    96.754 f  dut/core1/execute_unit/u_fpu/u_divider/i__carry_i_10__38/O
                         net (fo=1, routed)           0.593    97.348    dut/core1/execute_unit/u_fpu/u_divider/i__carry_i_10__38_n_0
    SLICE_X1Y61          LUT6 (Prop_lut6_I1_O)        0.053    97.401 r  dut/core1/execute_unit/u_fpu/u_divider/i__carry_i_8__46/O
                         net (fo=4, routed)           0.973    98.374    dut/core1/execute_unit/u_fpu/u_divider/i__carry_i_8__46_n_0
    SLICE_X9Y65          LUT4 (Prop_lut4_I3_O)        0.053    98.427 r  dut/core1/execute_unit/u_fpu/u_divider/i__carry_i_5__38/O
                         net (fo=27, routed)          1.042    99.468    dut/core1/execute_unit/u_fpu/u_divider/i__carry_i_5__38_n_0
    SLICE_X1Y57          LUT2 (Prop_lut2_I1_O)        0.053    99.521 r  dut/core1/execute_unit/u_fpu/u_divider/i__carry_i_4__39/O
                         net (fo=1, routed)           0.000    99.521    dut/core1/execute_unit/u_fpu/u_divider/i__carry_i_4__39_n_0
    SLICE_X1Y57          CARRY4 (Prop_carry4_S[0]_CO[3])
                                                      0.313    99.834 r  dut/core1/execute_unit/u_fpu/u_divider/exp_norm0_inferred__11/i__carry/CO[3]
                         net (fo=1, routed)           0.000    99.834    dut/core1/execute_unit/u_fpu/u_divider/exp_norm0_inferred__11/i__carry_n_0
    SLICE_X1Y58          CARRY4 (Prop_carry4_CI_O[2])
                                                      0.136    99.970 f  dut/core1/execute_unit/u_fpu/u_divider/exp_norm0_inferred__11/i__carry__0/O[2]
                         net (fo=3, routed)           0.656   100.627    dut/core1/execute_unit/u_fpu/u_divider/exp_norm0_inferred__11/i__carry__0_n_5
    SLICE_X0Y59          LUT6 (Prop_lut6_I2_O)        0.152   100.779 f  dut/core1/execute_unit/u_fpu/u_divider/i__carry_i_9__34/O
                         net (fo=1, routed)           0.459   101.238    dut/core1/execute_unit/u_fpu/u_divider/i__carry_i_9__34_n_0
    SLICE_X0Y59          LUT6 (Prop_lut6_I1_O)        0.053   101.291 r  dut/core1/execute_unit/u_fpu/u_divider/i__carry_i_7__46/O
                         net (fo=1, routed)           0.617   101.908    dut/core1/execute_unit/u_fpu/u_divider/i__carry_i_7__46_n_0
    SLICE_X7Y64          LUT6 (Prop_lut6_I5_O)        0.053   101.961 r  dut/core1/execute_unit/u_fpu/u_divider/i__carry_i_5__37/O
                         net (fo=28, routed)          1.410   103.370    dut/core1/execute_unit/u_fpu/u_divider/i__carry_i_5__37_n_0
    SLICE_X2Y57          LUT2 (Prop_lut2_I1_O)        0.053   103.423 r  dut/core1/execute_unit/u_fpu/u_divider/i__carry_i_4__40/O
                         net (fo=1, routed)           0.000   103.423    dut/core1/execute_unit/u_fpu/u_divider/i__carry_i_4__40_n_0
    SLICE_X2Y57          CARRY4 (Prop_carry4_S[0]_CO[3])
                                                      0.297   103.720 r  dut/core1/execute_unit/u_fpu/u_divider/exp_norm0_inferred__12/i__carry/CO[3]
                         net (fo=1, routed)           0.000   103.720    dut/core1/execute_unit/u_fpu/u_divider/exp_norm0_inferred__12/i__carry_n_0
    SLICE_X2Y58          CARRY4 (Prop_carry4_CI_CO[3])
                                                      0.060   103.780 r  dut/core1/execute_unit/u_fpu/u_divider/exp_norm0_inferred__12/i__carry__0/CO[3]
                         net (fo=1, routed)           0.000   103.780    dut/core1/execute_unit/u_fpu/u_divider/exp_norm0_inferred__12/i__carry__0_n_0
    SLICE_X2Y59          CARRY4 (Prop_carry4_CI_O[0])
                                                      0.135   103.915 f  dut/core1/execute_unit/u_fpu/u_divider/exp_norm0_inferred__12/i__carry__1/O[0]
                         net (fo=3, routed)           0.676   104.592    dut/core1/execute_unit/u_fpu/u_divider/exp_norm0_inferred__12/i__carry__1_n_7
    SLICE_X3Y56          LUT6 (Prop_lut6_I1_O)        0.153   104.745 f  dut/core1/execute_unit/u_fpu/u_divider/i__carry_i_11__34/O
                         net (fo=1, routed)           0.462   105.206    dut/core1/execute_unit/u_fpu/u_divider/i__carry_i_11__34_n_0
    SLICE_X3Y56          LUT6 (Prop_lut6_I1_O)        0.053   105.259 r  dut/core1/execute_unit/u_fpu/u_divider/i__carry_i_9__35/O
                         net (fo=4, routed)           0.896   106.155    dut/core1/execute_unit/u_fpu/u_divider/i__carry_i_9__35_n_0
    SLICE_X9Y62          LUT6 (Prop_lut6_I5_O)        0.053   106.208 r  dut/core1/execute_unit/u_fpu/u_divider/i__carry_i_5__36/O
                         net (fo=27, routed)          0.984   107.192    dut/core1/execute_unit/u_fpu/u_divider/i__carry_i_5__36_n_0
    SLICE_X3Y57          LUT2 (Prop_lut2_I1_O)        0.053   107.245 r  dut/core1/execute_unit/u_fpu/u_divider/i__carry_i_4__41/O
                         net (fo=1, routed)           0.000   107.245    dut/core1/execute_unit/u_fpu/u_divider/i__carry_i_4__41_n_0
    SLICE_X3Y57          CARRY4 (Prop_carry4_S[0]_CO[3])
                                                      0.313   107.558 r  dut/core1/execute_unit/u_fpu/u_divider/exp_norm0_inferred__13/i__carry/CO[3]
                         net (fo=1, routed)           0.000   107.558    dut/core1/execute_unit/u_fpu/u_divider/exp_norm0_inferred__13/i__carry_n_0
    SLICE_X3Y58          CARRY4 (Prop_carry4_CI_O[2])
                                                      0.136   107.694 f  dut/core1/execute_unit/u_fpu/u_divider/exp_norm0_inferred__13/i__carry__0/O[2]
                         net (fo=3, routed)           0.708   108.402    dut/core1/execute_unit/u_fpu/u_divider/exp_norm0_inferred__13/i__carry__0_n_5
    SLICE_X2Y56          LUT6 (Prop_lut6_I1_O)        0.152   108.554 f  dut/core1/execute_unit/u_fpu/u_divider/i__carry_i_10__39/O
                         net (fo=1, routed)           0.689   109.243    dut/core1/execute_unit/u_fpu/u_divider/i__carry_i_10__39_n_0
    SLICE_X0Y59          LUT6 (Prop_lut6_I1_O)        0.053   109.296 r  dut/core1/execute_unit/u_fpu/u_divider/i__carry_i_8__47/O
                         net (fo=2, routed)           0.591   109.888    dut/core1/execute_unit/u_fpu/u_divider/i__carry_i_8__47_n_0
    SLICE_X9Y61          LUT4 (Prop_lut4_I3_O)        0.053   109.941 r  dut/core1/execute_unit/u_fpu/u_divider/i__carry_i_5__35/O
                         net (fo=29, routed)          0.901   110.842    dut/core1/execute_unit/u_fpu/u_divider/i__carry_i_5__35_n_0
    SLICE_X0Y56          LUT2 (Prop_lut2_I1_O)        0.053   110.895 r  dut/core1/execute_unit/u_fpu/u_divider/i__carry_i_4__42/O
                         net (fo=1, routed)           0.000   110.895    dut/core1/execute_unit/u_fpu/u_divider/i__carry_i_4__42_n_0
    SLICE_X0Y56          CARRY4 (Prop_carry4_S[0]_CO[3])
                                                      0.297   111.192 r  dut/core1/execute_unit/u_fpu/u_divider/exp_norm0_inferred__14/i__carry/CO[3]
                         net (fo=1, routed)           0.000   111.192    dut/core1/execute_unit/u_fpu/u_divider/exp_norm0_inferred__14/i__carry_n_0
    SLICE_X0Y57          CARRY4 (Prop_carry4_CI_O[3])
                                                      0.181   111.373 f  dut/core1/execute_unit/u_fpu/u_divider/exp_norm0_inferred__14/i__carry__0/O[3]
                         net (fo=3, routed)           1.130   112.504    dut/core1/execute_unit/u_fpu/u_divider/exp_norm0_inferred__14/i__carry__0_n_4
    SLICE_X2Y56          LUT6 (Prop_lut6_I2_O)        0.142   112.646 f  dut/core1/execute_unit/u_fpu/u_divider/i__carry_i_9__36/O
                         net (fo=1, routed)           0.545   113.191    dut/core1/execute_unit/u_fpu/u_divider/i__carry_i_9__36_n_0
    SLICE_X0Y59          LUT6 (Prop_lut6_I1_O)        0.053   113.244 r  dut/core1/execute_unit/u_fpu/u_divider/i__carry_i_7__47/O
                         net (fo=3, routed)           0.535   113.779    dut/core1/execute_unit/u_fpu/u_divider/i__carry_i_7__47_n_0
    SLICE_X9Y61          LUT6 (Prop_lut6_I5_O)        0.053   113.832 r  dut/core1/execute_unit/u_fpu/u_divider/i__carry_i_5__34/O
                         net (fo=26, routed)          1.274   115.105    dut/core1/execute_unit/u_fpu/u_divider/i__carry_i_5__34_n_0
    SLICE_X1Y54          LUT2 (Prop_lut2_I1_O)        0.053   115.158 r  dut/core1/execute_unit/u_fpu/u_divider/i__carry_i_4__43/O
                         net (fo=1, routed)           0.000   115.158    dut/core1/execute_unit/u_fpu/u_divider/i__carry_i_4__43_n_0
    SLICE_X1Y54          CARRY4 (Prop_carry4_S[0]_O[2])
                                                      0.323   115.481 f  dut/core1/execute_unit/u_fpu/u_divider/exp_norm0_inferred__15/i__carry/O[2]
                         net (fo=3, routed)           1.032   116.513    dut/core1/execute_unit/u_fpu/u_divider/exp_norm0_inferred__15/i__carry_n_5
    SLICE_X2Y56          LUT6 (Prop_lut6_I4_O)        0.152   116.665 f  dut/core1/execute_unit/u_fpu/u_divider/i__carry_i_11__35/O
                         net (fo=1, routed)           0.327   116.993    dut/core1/execute_unit/u_fpu/u_divider/i__carry_i_11__35_n_0
    SLICE_X2Y56          LUT6 (Prop_lut6_I1_O)        0.053   117.046 r  dut/core1/execute_unit/u_fpu/u_divider/i__carry_i_9__37/O
                         net (fo=4, routed)           0.904   117.950    dut/core1/execute_unit/u_fpu/u_divider/i__carry_i_9__37_n_0
    SLICE_X10Y57         LUT6 (Prop_lut6_I5_O)        0.053   118.003 r  dut/core1/execute_unit/u_fpu/u_divider/i__carry_i_5__33/O
                         net (fo=28, routed)          1.159   119.162    dut/core1/execute_unit/u_fpu/u_divider/i__carry_i_5__33_n_0
    SLICE_X0Y53          LUT2 (Prop_lut2_I1_O)        0.053   119.215 r  dut/core1/execute_unit/u_fpu/u_divider/i__carry_i_4__44/O
                         net (fo=1, routed)           0.000   119.215    dut/core1/execute_unit/u_fpu/u_divider/i__carry_i_4__44_n_0
    SLICE_X0Y53          CARRY4 (Prop_carry4_S[0]_CO[3])
                                                      0.297   119.512 r  dut/core1/execute_unit/u_fpu/u_divider/exp_norm0_inferred__16/i__carry/CO[3]
                         net (fo=1, routed)           0.000   119.512    dut/core1/execute_unit/u_fpu/u_divider/exp_norm0_inferred__16/i__carry_n_0
    SLICE_X0Y54          CARRY4 (Prop_carry4_CI_O[2])
                                                      0.137   119.649 f  dut/core1/execute_unit/u_fpu/u_divider/exp_norm0_inferred__16/i__carry__0/O[2]
                         net (fo=3, routed)           0.700   120.349    dut/core1/execute_unit/u_fpu/u_divider/exp_norm0_inferred__16/i__carry__0_n_5
    SLICE_X2Y52          LUT6 (Prop_lut6_I1_O)        0.152   120.501 f  dut/core1/execute_unit/u_fpu/u_divider/i__carry_i_10__40/O
                         net (fo=1, routed)           0.672   121.173    dut/core1/execute_unit/u_fpu/u_divider/i__carry_i_10__40_n_0
    SLICE_X3Y56          LUT6 (Prop_lut6_I1_O)        0.053   121.226 r  dut/core1/execute_unit/u_fpu/u_divider/i__carry_i_8__48/O
                         net (fo=4, routed)           0.935   122.161    dut/core1/execute_unit/u_fpu/u_divider/i__carry_i_8__48_n_0
    SLICE_X10Y57         LUT4 (Prop_lut4_I3_O)        0.053   122.214 r  dut/core1/execute_unit/u_fpu/u_divider/i__carry_i_5__32/O
                         net (fo=28, routed)          1.307   123.521    dut/core1/execute_unit/u_fpu/u_divider/i__carry_i_5__32_n_0
    SLICE_X2Y53          LUT2 (Prop_lut2_I1_O)        0.053   123.574 r  dut/core1/execute_unit/u_fpu/u_divider/i__carry_i_4__45/O
                         net (fo=1, routed)           0.000   123.574    dut/core1/execute_unit/u_fpu/u_divider/i__carry_i_4__45_n_0
    SLICE_X2Y53          CARRY4 (Prop_carry4_S[0]_CO[3])
                                                      0.297   123.871 r  dut/core1/execute_unit/u_fpu/u_divider/exp_norm0_inferred__17/i__carry/CO[3]
                         net (fo=1, routed)           0.000   123.871    dut/core1/execute_unit/u_fpu/u_divider/exp_norm0_inferred__17/i__carry_n_0
    SLICE_X2Y54          CARRY4 (Prop_carry4_CI_O[3])
                                                      0.181   124.052 f  dut/core1/execute_unit/u_fpu/u_divider/exp_norm0_inferred__17/i__carry__0/O[3]
                         net (fo=3, routed)           0.679   124.731    dut/core1/execute_unit/u_fpu/u_divider/exp_norm0_inferred__17/i__carry__0_n_4
    SLICE_X2Y52          LUT6 (Prop_lut6_I2_O)        0.142   124.873 f  dut/core1/execute_unit/u_fpu/u_divider/i__carry_i_9__38/O
                         net (fo=1, routed)           0.859   125.732    dut/core1/execute_unit/u_fpu/u_divider/i__carry_i_9__38_n_0
    SLICE_X3Y56          LUT6 (Prop_lut6_I1_O)        0.053   125.785 r  dut/core1/execute_unit/u_fpu/u_divider/i__carry_i_7__48/O
                         net (fo=3, routed)           0.602   126.387    dut/core1/execute_unit/u_fpu/u_divider/i__carry_i_7__48_n_0
    SLICE_X7Y60          LUT6 (Prop_lut6_I5_O)        0.053   126.440 r  dut/core1/execute_unit/u_fpu/u_divider/i__carry_i_5__31/O
                         net (fo=26, routed)          1.241   127.682    dut/core1/execute_unit/u_fpu/u_divider/i__carry_i_5__31_n_0
    SLICE_X3Y53          LUT2 (Prop_lut2_I1_O)        0.053   127.735 r  dut/core1/execute_unit/u_fpu/u_divider/i__carry_i_4__46/O
                         net (fo=1, routed)           0.000   127.735    dut/core1/execute_unit/u_fpu/u_divider/i__carry_i_4__46_n_0
    SLICE_X3Y53          CARRY4 (Prop_carry4_S[0]_O[3])
                                                      0.357   128.092 f  dut/core1/execute_unit/u_fpu/u_divider/exp_norm0_inferred__18/i__carry/O[3]
                         net (fo=3, routed)           1.037   129.128    dut/core1/execute_unit/u_fpu/u_divider/exp_norm0_inferred__18/i__carry_n_4
    SLICE_X13Y53         LUT6 (Prop_lut6_I3_O)        0.142   129.270 f  dut/core1/execute_unit/u_fpu/u_divider/i__carry_i_11__36/O
                         net (fo=1, routed)           0.306   129.577    dut/core1/execute_unit/u_fpu/u_divider/i__carry_i_11__36_n_0
    SLICE_X13Y53         LUT6 (Prop_lut6_I1_O)        0.053   129.630 r  dut/core1/execute_unit/u_fpu/u_divider/i__carry_i_9__39/O
                         net (fo=5, routed)           0.670   130.299    dut/core1/execute_unit/u_fpu/u_divider/i__carry_i_9__39_n_0
    SLICE_X13Y57         LUT6 (Prop_lut6_I5_O)        0.053   130.352 r  dut/core1/execute_unit/u_fpu/u_divider/i__carry_i_5__30/O
                         net (fo=26, routed)          0.908   131.261    dut/core1/execute_unit/u_fpu/u_divider/i__carry_i_5__30_n_0
    SLICE_X15Y49         LUT2 (Prop_lut2_I1_O)        0.053   131.314 r  dut/core1/execute_unit/u_fpu/u_divider/i__carry_i_4__47/O
                         net (fo=1, routed)           0.000   131.314    dut/core1/execute_unit/u_fpu/u_divider/i__carry_i_4__47_n_0
    SLICE_X15Y49         CARRY4 (Prop_carry4_S[0]_CO[3])
                                                      0.313   131.627 r  dut/core1/execute_unit/u_fpu/u_divider/exp_norm0_inferred__19/i__carry/CO[3]
                         net (fo=1, routed)           0.001   131.627    dut/core1/execute_unit/u_fpu/u_divider/exp_norm0_inferred__19/i__carry_n_0
    SLICE_X15Y50         CARRY4 (Prop_carry4_CI_O[2])
                                                      0.136   131.763 f  dut/core1/execute_unit/u_fpu/u_divider/exp_norm0_inferred__19/i__carry__0/O[2]
                         net (fo=3, routed)           0.961   132.725    dut/core1/execute_unit/u_fpu/u_divider/exp_norm0_inferred__19/i__carry__0_n_5
    SLICE_X25Y50         LUT6 (Prop_lut6_I1_O)        0.152   132.877 f  dut/core1/execute_unit/u_fpu/u_divider/i__carry_i_9__40/O
                         net (fo=1, routed)           0.600   133.477    dut/core1/execute_unit/u_fpu/u_divider/i__carry_i_9__40_n_0
    SLICE_X25Y49         LUT6 (Prop_lut6_I1_O)        0.053   133.530 r  dut/core1/execute_unit/u_fpu/u_divider/i__carry_i_6__49/O
                         net (fo=6, routed)           0.764   134.294    dut/core1/execute_unit/u_fpu/u_divider/i__carry_i_6__49_n_0
    SLICE_X24Y55         LUT4 (Prop_lut4_I0_O)        0.053   134.347 r  dut/core1/execute_unit/u_fpu/u_divider/i__carry_i_5__29/O
                         net (fo=24, routed)          1.405   135.751    dut/core1/execute_unit/u_fpu/u_divider/i__carry_i_5__29_n_0
    SLICE_X24Y49         LUT2 (Prop_lut2_I1_O)        0.053   135.804 r  dut/core1/execute_unit/u_fpu/u_divider/i__carry_i_4__48/O
                         net (fo=1, routed)           0.000   135.804    dut/core1/execute_unit/u_fpu/u_divider/i__carry_i_4__48_n_0
    SLICE_X24Y49         CARRY4 (Prop_carry4_S[0]_CO[3])
                                                      0.313   136.117 r  dut/core1/execute_unit/u_fpu/u_divider/exp_norm0_inferred__20/i__carry/CO[3]
                         net (fo=1, routed)           0.001   136.118    dut/core1/execute_unit/u_fpu/u_divider/exp_norm0_inferred__20/i__carry_n_0
    SLICE_X24Y50         CARRY4 (Prop_carry4_CI_CO[3])
                                                      0.058   136.176 r  dut/core1/execute_unit/u_fpu/u_divider/exp_norm0_inferred__20/i__carry__0/CO[3]
                         net (fo=1, routed)           0.000   136.176    dut/core1/execute_unit/u_fpu/u_divider/exp_norm0_inferred__20/i__carry__0_n_0
    SLICE_X24Y51         CARRY4 (Prop_carry4_CI_O[0])
                                                      0.139   136.315 r  dut/core1/execute_unit/u_fpu/u_divider/exp_norm0_inferred__20/i__carry__1/O[0]
                         net (fo=3, routed)           0.557   136.872    dut/core1/execute_unit/u_fpu/u_divider/exp_norm0_inferred__20/i__carry__1_n_7
    SLICE_X25Y50         LUT6 (Prop_lut6_I1_O)        0.155   137.027 r  dut/core1/execute_unit/u_fpu/u_divider/i__carry_i_9__41/O
                         net (fo=1, routed)           0.131   137.158    dut/core1/execute_unit/u_fpu/u_divider/i__carry_i_9__41_n_0
    SLICE_X25Y50         LUT6 (Prop_lut6_I1_O)        0.053   137.211 f  dut/core1/execute_unit/u_fpu/u_divider/i__carry_i_7__49/O
                         net (fo=12, routed)          0.702   137.913    dut/core1/execute_unit/u_fpu/u_divider/i__carry_i_7__49_n_0
    SLICE_X25Y55         LUT2 (Prop_lut2_I1_O)        0.053   137.966 r  dut/core1/execute_unit/u_fpu/u_divider/i__carry_i_5__28/O
                         net (fo=24, routed)          1.229   139.196    dut/core1/execute_unit/u_fpu/u_divider/i__carry_i_5__28_n_0
    SLICE_X27Y49         LUT2 (Prop_lut2_I1_O)        0.053   139.249 r  dut/core1/execute_unit/u_fpu/u_divider/i__carry_i_4__49/O
                         net (fo=1, routed)           0.000   139.249    dut/core1/execute_unit/u_fpu/u_divider/i__carry_i_4__49_n_0
    SLICE_X27Y49         CARRY4 (Prop_carry4_S[0]_O[3])
                                                      0.357   139.606 f  dut/core1/execute_unit/u_fpu/u_divider/exp_norm0_inferred__21/i__carry/O[3]
                         net (fo=5, routed)           1.187   140.793    dut/core1/execute_unit/u_fpu/u_divider/exp_norm0_inferred__21/i__carry_n_4
    SLICE_X40Y50         LUT6 (Prop_lut6_I4_O)        0.142   140.935 r  dut/core1/execute_unit/u_fpu/u_divider/out_res[30]_i_10__0/O
                         net (fo=8, routed)           0.921   141.856    dut/core1/execute_unit/u_fpu/u_divider/out_res[30]_i_10__0_n_0
    SLICE_X41Y50         LUT6 (Prop_lut6_I3_O)        0.053   141.909 r  dut/core1/execute_unit/u_fpu/u_divider/out_res[30]_i_21__0/O
                         net (fo=9, routed)           1.017   142.925    dut/core1/execute_unit/u_fpu/u_divider/out_res[30]_i_21__0_n_0
    SLICE_X25Y54         LUT6 (Prop_lut6_I5_O)        0.053   142.978 r  dut/core1/execute_unit/u_fpu/u_divider/out_res[30]_i_9__0/O
                         net (fo=33, routed)          1.702   144.680    dut/core1/execute_unit/u_fpu/u_divider/out_res[30]_i_9__0_n_0
    SLICE_X41Y47         LUT5 (Prop_lut5_I2_O)        0.067   144.747 r  dut/core1/execute_unit/u_fpu/u_divider/out_res[29]_i_4__0/O
                         net (fo=2, routed)           0.649   145.397    dut/core1/execute_unit/u_fpu/u_divider/out_res[29]_i_4__0_n_0
    SLICE_X40Y46         LUT6 (Prop_lut6_I2_O)        0.170   145.567 r  dut/core1/execute_unit/u_fpu/u_divider/out_res[22]_i_3__0/O
                         net (fo=23, routed)          1.150   146.716    dut/core1/execute_unit/u_fpu/u_divider/out_res[22]_i_3__0_n_0
    SLICE_X29Y47         LUT6 (Prop_lut6_I3_O)        0.053   146.769 r  dut/core1/execute_unit/u_fpu/u_divider/out_res[7]_i_1__1/O
                         net (fo=1, routed)           0.000   146.769    dut/core1/execute_unit/u_fpu/u_divider/out_res[7]_i_1__1_n_0
    SLICE_X29Y47         FDCE                                         r  dut/core1/execute_unit/u_fpu/u_divider/out_res_reg[7]/D
  -------------------------------------------------------------------    -------------------

Slack:                    inf
  Source:                 dut/core1/mem_wb/RD_F_W_reg[3]/C
                            (rising edge-triggered cell FDRE)
  Destination:            dut/core1/execute_unit/u_fpu/u_divider/out_res_reg[8]/D
  Path Group:             (none)
  Path Type:              Max at Slow Process Corner
  Data Path Delay:        146.723ns  (logic 36.885ns (25.139%)  route 109.838ns (74.861%))
  Logic Levels:           316  (CARRY4=196 FDRE=1 LUT1=1 LUT2=24 LUT3=22 LUT4=7 LUT5=4 LUT6=61)

    Location             Delay type                Incr(ns)  Path(ns)    Netlist Resource(s)
  -------------------------------------------------------------------    -------------------
    SLICE_X68Y33         FDRE                         0.000     0.000 r  dut/core1/mem_wb/RD_F_W_reg[3]/C
    SLICE_X68Y33         FDRE (Prop_fdre_C_Q)         0.269     0.269 r  dut/core1/mem_wb/RD_F_W_reg[3]/Q
                         net (fo=73, routed)          0.946     1.215    dut/core1/id_ex/RD_F_W[3]
    SLICE_X68Y39         LUT6 (Prop_lut6_I3_O)        0.053     1.268 r  dut/core1/id_ex/B_r[31]_i_7__0/O
                         net (fo=1, routed)           0.306     1.574    dut/core1/id_ex/B_r[31]_i_7__0_n_0
    SLICE_X68Y39         LUT5 (Prop_lut5_I0_O)        0.053     1.627 r  dut/core1/id_ex/B_r[31]_i_5__0/O
                         net (fo=2, routed)           0.951     2.578    dut/core1/mem_wb/ForwardBE1__0
    SLICE_X67Y37         LUT3 (Prop_lut3_I2_O)        0.053     2.631 r  dut/core1/mem_wb/B_r[31]_i_2__0/O
                         net (fo=34, routed)          2.427     5.058    dut/core1/mem_wb/ForwardBE_F[0]
    SLICE_X80Y10         LUT5 (Prop_lut5_I1_O)        0.053     5.111 f  dut/core1/mem_wb/forward_fb_mux/B_r[2]_i_1__0/O
                         net (fo=112, routed)         7.652    12.763    dut/core1/mem_wb/ALU_ResultM_reg[2]
    SLICE_X0Y23          LUT1 (Prop_lut1_I0_O)        0.053    12.816 r  dut/core1/mem_wb/u_divider/out_res[30]_i_685__0/O
                         net (fo=1, routed)           0.000    12.816    dut_n_1069
    SLICE_X0Y23          CARRY4 (Prop_carry4_S[2]_CO[3])
                                                      0.219    13.035 r  u_divider/out_res_reg[30]_i_633__0/CO[3]
                         net (fo=1, routed)           0.000    13.035    u_divider/out_res_reg[30]_i_633__0_n_0
    SLICE_X0Y24          CARRY4 (Prop_carry4_CI_CO[3])
                                                      0.060    13.095 r  u_divider/out_res_reg[30]_i_628__0/CO[3]
                         net (fo=1, routed)           0.008    13.103    u_divider/out_res_reg[30]_i_628__0_n_0
    SLICE_X0Y25          CARRY4 (Prop_carry4_CI_CO[3])
                                                      0.060    13.163 r  u_divider/out_res_reg[30]_i_623__0/CO[3]
                         net (fo=1, routed)           0.000    13.163    u_divider/out_res_reg[30]_i_623__0_n_0
    SLICE_X0Y26          CARRY4 (Prop_carry4_CI_CO[3])
                                                      0.060    13.223 r  u_divider/out_res_reg[30]_i_618__0/CO[3]
                         net (fo=1, routed)           0.000    13.223    u_divider/out_res_reg[30]_i_618__0_n_0
    SLICE_X0Y27          CARRY4 (Prop_carry4_CI_CO[3])
                                                      0.060    13.283 r  u_divider/out_res_reg[30]_i_613__0/CO[3]
                         net (fo=1, routed)           0.000    13.283    u_divider/out_res_reg[30]_i_613__0_n_0
    SLICE_X0Y28          CARRY4 (Prop_carry4_CI_CO[3])
                                                      0.060    13.343 r  u_divider/out_res_reg[30]_i_610__0/CO[3]
                         net (fo=1, routed)           0.000    13.343    u_divider/out_res_reg[30]_i_610__0_n_0
    SLICE_X0Y29          CARRY4 (Prop_carry4_CI_CO[0])
                                                      0.173    13.516 r  u_divider/out_res_reg[30]_i_609__0/CO[0]
                         net (fo=27, routed)          1.168    14.684    dut/core1/mem_wb/u_divider/out_res_reg[30]_i_601__0[0]
    SLICE_X1Y23          LUT3 (Prop_lut3_I0_O)        0.153    14.837 r  dut/core1/mem_wb/u_divider/out_res[30]_i_640__0/O
                         net (fo=1, routed)           0.000    14.837    dut_n_2166
    SLICE_X1Y23          CARRY4 (Prop_carry4_S[1]_CO[3])
                                                      0.324    15.161 r  u_divider/out_res_reg[30]_i_601__0/CO[3]
                         net (fo=1, routed)           0.000    15.161    u_divider/out_res_reg[30]_i_601__0_n_0
    SLICE_X1Y24          CARRY4 (Prop_carry4_CI_CO[3])
                                                      0.058    15.219 r  u_divider/out_res_reg[30]_i_596__0/CO[3]
                         net (fo=1, routed)           0.008    15.227    u_divider/out_res_reg[30]_i_596__0_n_0
    SLICE_X1Y25          CARRY4 (Prop_carry4_CI_CO[3])
                                                      0.058    15.285 r  u_divider/out_res_reg[30]_i_591__0/CO[3]
                         net (fo=1, routed)           0.000    15.285    u_divider/out_res_reg[30]_i_591__0_n_0
    SLICE_X1Y26          CARRY4 (Prop_carry4_CI_CO[3])
                                                      0.058    15.343 r  u_divider/out_res_reg[30]_i_586__0/CO[3]
                         net (fo=1, routed)           0.000    15.343    u_divider/out_res_reg[30]_i_586__0_n_0
    SLICE_X1Y27          CARRY4 (Prop_carry4_CI_CO[3])
                                                      0.058    15.401 r  u_divider/out_res_reg[30]_i_581__0/CO[3]
                         net (fo=1, routed)           0.000    15.401    u_divider/out_res_reg[30]_i_581__0_n_0
    SLICE_X1Y28          CARRY4 (Prop_carry4_CI_CO[3])
                                                      0.058    15.459 r  u_divider/out_res_reg[30]_i_578__0/CO[3]
                         net (fo=1, routed)           0.000    15.459    u_divider/out_res_reg[30]_i_578__0_n_0
    SLICE_X1Y29          CARRY4 (Prop_carry4_CI_CO[1])
                                                      0.094    15.553 r  u_divider/out_res_reg[30]_i_577__0/CO[1]
                         net (fo=27, routed)          0.974    16.527    u_divider/out_res_reg[30]_i_577__0_n_2
    SLICE_X2Y23          CARRY4 (Prop_carry4_CYINIT_CO[3])
                                                      0.458    16.985 r  u_divider/out_res_reg[30]_i_569__0/CO[3]
                         net (fo=1, routed)           0.000    16.985    u_divider/out_res_reg[30]_i_569__0_n_0
    SLICE_X2Y24          CARRY4 (Prop_carry4_CI_CO[3])
                                                      0.060    17.045 r  u_divider/out_res_reg[30]_i_564__0/CO[3]
                         net (fo=1, routed)           0.008    17.053    u_divider/out_res_reg[30]_i_564__0_n_0
    SLICE_X2Y25          CARRY4 (Prop_carry4_CI_CO[3])
                                                      0.060    17.113 r  u_divider/out_res_reg[30]_i_559__0/CO[3]
                         net (fo=1, routed)           0.000    17.113    u_divider/out_res_reg[30]_i_559__0_n_0
    SLICE_X2Y26          CARRY4 (Prop_carry4_CI_CO[3])
                                                      0.060    17.173 r  u_divider/out_res_reg[30]_i_554__0/CO[3]
                         net (fo=1, routed)           0.000    17.173    u_divider/out_res_reg[30]_i_554__0_n_0
    SLICE_X2Y27          CARRY4 (Prop_carry4_CI_CO[3])
                                                      0.060    17.233 r  u_divider/out_res_reg[30]_i_549__0/CO[3]
                         net (fo=1, routed)           0.000    17.233    u_divider/out_res_reg[30]_i_549__0_n_0
    SLICE_X2Y28          CARRY4 (Prop_carry4_CI_CO[3])
                                                      0.060    17.293 r  u_divider/out_res_reg[30]_i_546__0/CO[3]
                         net (fo=1, routed)           0.000    17.293    u_divider/out_res_reg[30]_i_546__0_n_0
    SLICE_X2Y29          CARRY4 (Prop_carry4_CI_CO[1])
                                                      0.093    17.386 r  u_divider/out_res_reg[30]_i_545__0/CO[1]
                         net (fo=27, routed)          1.097    18.483    u_divider/out_res_reg[30]_i_545__0_n_2
    SLICE_X2Y35          LUT3 (Prop_lut3_I0_O)        0.153    18.636 r  u_divider/out_res[30]_i_551__0/O
                         net (fo=1, routed)           0.000    18.636    u_divider/out_res[30]_i_551__0_n_0
    SLICE_X2Y35          CARRY4 (Prop_carry4_S[2]_CO[3])
                                                      0.219    18.855 r  u_divider/out_res_reg[30]_i_514__0/CO[3]
                         net (fo=1, routed)           0.000    18.855    u_divider/out_res_reg[30]_i_514__0_n_0
    SLICE_X2Y36          CARRY4 (Prop_carry4_CI_CO[1])
                                                      0.093    18.948 r  u_divider/out_res_reg[30]_i_513__0/CO[1]
                         net (fo=27, routed)          1.437    20.385    u_divider/out_res_reg[30]_i_513__0_n_2
    SLICE_X0Y30          LUT3 (Prop_lut3_I0_O)        0.153    20.538 r  u_divider/out_res[30]_i_542__0/O
                         net (fo=1, routed)           0.000    20.538    u_divider/out_res[30]_i_542__0_n_0
    SLICE_X0Y30          CARRY4 (Prop_carry4_S[3]_CO[3])
                                                      0.216    20.754 r  u_divider/out_res_reg[30]_i_505__0/CO[3]
                         net (fo=1, routed)           0.000    20.754    u_divider/out_res_reg[30]_i_505__0_n_0
    SLICE_X0Y31          CARRY4 (Prop_carry4_CI_CO[3])
                                                      0.060    20.814 r  u_divider/out_res_reg[30]_i_500__0/CO[3]
                         net (fo=1, routed)           0.000    20.814    u_divider/out_res_reg[30]_i_500__0_n_0
    SLICE_X0Y32          CARRY4 (Prop_carry4_CI_CO[3])
                                                      0.060    20.874 r  u_divider/out_res_reg[30]_i_495__0/CO[3]
                         net (fo=1, routed)           0.000    20.874    u_divider/out_res_reg[30]_i_495__0_n_0
    SLICE_X0Y33          CARRY4 (Prop_carry4_CI_CO[3])
                                                      0.060    20.934 r  u_divider/out_res_reg[30]_i_490__0/CO[3]
                         net (fo=1, routed)           0.000    20.934    u_divider/out_res_reg[30]_i_490__0_n_0
    SLICE_X0Y34          CARRY4 (Prop_carry4_CI_CO[3])
                                                      0.060    20.994 r  u_divider/out_res_reg[30]_i_485__0/CO[3]
                         net (fo=1, routed)           0.000    20.994    u_divider/out_res_reg[30]_i_485__0_n_0
    SLICE_X0Y35          CARRY4 (Prop_carry4_CI_CO[3])
                                                      0.060    21.054 r  u_divider/out_res_reg[30]_i_482__0/CO[3]
                         net (fo=1, routed)           0.000    21.054    u_divider/out_res_reg[30]_i_482__0_n_0
    SLICE_X0Y36          CARRY4 (Prop_carry4_CI_CO[1])
                                                      0.093    21.147 r  u_divider/out_res_reg[30]_i_481__0/CO[1]
                         net (fo=27, routed)          1.087    22.234    u_divider/out_res_reg[30]_i_481__0_n_2
    SLICE_X1Y31          LUT3 (Prop_lut3_I0_O)        0.153    22.387 r  u_divider/out_res[30]_i_508__0/O
                         net (fo=1, routed)           0.000    22.387    u_divider/out_res[30]_i_508__0_n_0
    SLICE_X1Y31          CARRY4 (Prop_carry4_S[1]_CO[3])
                                                      0.324    22.711 r  u_divider/out_res_reg[30]_i_468__0/CO[3]
                         net (fo=1, routed)           0.000    22.711    u_divider/out_res_reg[30]_i_468__0_n_0
    SLICE_X1Y32          CARRY4 (Prop_carry4_CI_CO[3])
                                                      0.058    22.769 r  u_divider/out_res_reg[30]_i_463__0/CO[3]
                         net (fo=1, routed)           0.000    22.769    u_divider/out_res_reg[30]_i_463__0_n_0
    SLICE_X1Y33          CARRY4 (Prop_carry4_CI_CO[3])
                                                      0.058    22.827 r  u_divider/out_res_reg[30]_i_458__0/CO[3]
                         net (fo=1, routed)           0.000    22.827    u_divider/out_res_reg[30]_i_458__0_n_0
    SLICE_X1Y34          CARRY4 (Prop_carry4_CI_CO[3])
                                                      0.058    22.885 r  u_divider/out_res_reg[30]_i_453__0/CO[3]
                         net (fo=1, routed)           0.000    22.885    u_divider/out_res_reg[30]_i_453__0_n_0
    SLICE_X1Y35          CARRY4 (Prop_carry4_CI_CO[3])
                                                      0.058    22.943 r  u_divider/out_res_reg[30]_i_450__0/CO[3]
                         net (fo=1, routed)           0.000    22.943    u_divider/out_res_reg[30]_i_450__0_n_0
    SLICE_X1Y36          CARRY4 (Prop_carry4_CI_CO[1])
                                                      0.094    23.037 r  u_divider/out_res_reg[30]_i_449__0/CO[1]
                         net (fo=27, routed)          1.202    24.239    dut/core1/mem_wb/u_divider/out_res_reg[30]_i_441__0[0]
    SLICE_X3Y30          LUT3 (Prop_lut3_I0_O)        0.152    24.391 r  dut/core1/mem_wb/u_divider/out_res[30]_i_480__0/O
                         net (fo=1, routed)           0.000    24.391    dut_n_2171
    SLICE_X3Y30          CARRY4 (Prop_carry4_S[1]_CO[3])
                                                      0.324    24.715 r  u_divider/out_res_reg[30]_i_441__0/CO[3]
                         net (fo=1, routed)           0.000    24.715    u_divider/out_res_reg[30]_i_441__0_n_0
    SLICE_X3Y31          CARRY4 (Prop_carry4_CI_CO[3])
                                                      0.058    24.773 r  u_divider/out_res_reg[30]_i_436__0/CO[3]
                         net (fo=1, routed)           0.000    24.773    u_divider/out_res_reg[30]_i_436__0_n_0
    SLICE_X3Y32          CARRY4 (Prop_carry4_CI_CO[3])
                                                      0.058    24.831 r  u_divider/out_res_reg[30]_i_431__0/CO[3]
                         net (fo=1, routed)           0.000    24.831    u_divider/out_res_reg[30]_i_431__0_n_0
    SLICE_X3Y33          CARRY4 (Prop_carry4_CI_CO[3])
                                                      0.058    24.889 r  u_divider/out_res_reg[30]_i_426__0/CO[3]
                         net (fo=1, routed)           0.000    24.889    u_divider/out_res_reg[30]_i_426__0_n_0
    SLICE_X3Y34          CARRY4 (Prop_carry4_CI_CO[3])
                                                      0.058    24.947 r  u_divider/out_res_reg[30]_i_421__0/CO[3]
                         net (fo=1, routed)           0.000    24.947    u_divider/out_res_reg[30]_i_421__0_n_0
    SLICE_X3Y35          CARRY4 (Prop_carry4_CI_CO[3])
                                                      0.058    25.005 r  u_divider/out_res_reg[30]_i_418__0/CO[3]
                         net (fo=1, routed)           0.000    25.005    u_divider/out_res_reg[30]_i_418__0_n_0
    SLICE_X3Y36          CARRY4 (Prop_carry4_CI_CO[1])
                                                      0.094    25.099 r  u_divider/out_res_reg[30]_i_417__0/CO[1]
                         net (fo=27, routed)          0.815    25.914    dut/core1/mem_wb/u_divider/out_res_reg[30]_i_409__0[0]
    SLICE_X2Y37          LUT3 (Prop_lut3_I0_O)        0.152    26.066 r  dut/core1/mem_wb/u_divider/out_res[30]_i_448__0/O
                         net (fo=1, routed)           0.000    26.066    dut_n_2172
    SLICE_X2Y37          CARRY4 (Prop_carry4_S[1]_CO[3])
                                                      0.310    26.376 r  u_divider/out_res_reg[30]_i_409__0/CO[3]
                         net (fo=1, routed)           0.000    26.376    u_divider/out_res_reg[30]_i_409__0_n_0
    SLICE_X2Y38          CARRY4 (Prop_carry4_CI_CO[3])
                                                      0.060    26.436 r  u_divider/out_res_reg[30]_i_404__0/CO[3]
                         net (fo=1, routed)           0.000    26.436    u_divider/out_res_reg[30]_i_404__0_n_0
    SLICE_X2Y39          CARRY4 (Prop_carry4_CI_CO[3])
                                                      0.060    26.496 r  u_divider/out_res_reg[30]_i_399__0/CO[3]
                         net (fo=1, routed)           0.000    26.496    u_divider/out_res_reg[30]_i_399__0_n_0
    SLICE_X2Y40          CARRY4 (Prop_carry4_CI_CO[3])
                                                      0.060    26.556 r  u_divider/out_res_reg[30]_i_394__0/CO[3]
                         net (fo=1, routed)           0.000    26.556    u_divider/out_res_reg[30]_i_394__0_n_0
    SLICE_X2Y41          CARRY4 (Prop_carry4_CI_CO[3])
                                                      0.060    26.616 r  u_divider/out_res_reg[30]_i_389__0/CO[3]
                         net (fo=1, routed)           0.000    26.616    u_divider/out_res_reg[30]_i_389__0_n_0
    SLICE_X2Y42          CARRY4 (Prop_carry4_CI_CO[3])
                                                      0.060    26.676 r  u_divider/out_res_reg[30]_i_386__0/CO[3]
                         net (fo=1, routed)           0.000    26.676    u_divider/out_res_reg[30]_i_386__0_n_0
    SLICE_X2Y43          CARRY4 (Prop_carry4_CI_CO[1])
                                                      0.093    26.769 r  u_divider/out_res_reg[30]_i_385__0/CO[1]
                         net (fo=27, routed)          1.232    28.001    u_divider/out_res_reg[30]_i_385__0_n_2
    SLICE_X3Y37          LUT3 (Prop_lut3_I0_O)        0.153    28.154 r  u_divider/out_res[30]_i_414__0/O
                         net (fo=1, routed)           0.000    28.154    u_divider/out_res[30]_i_414__0_n_0
    SLICE_X3Y37          CARRY4 (Prop_carry4_S[3]_CO[3])
                                                      0.233    28.387 r  u_divider/out_res_reg[30]_i_377__0/CO[3]
                         net (fo=1, routed)           0.000    28.387    u_divider/out_res_reg[30]_i_377__0_n_0
    SLICE_X3Y38          CARRY4 (Prop_carry4_CI_CO[3])
                                                      0.058    28.445 r  u_divider/out_res_reg[30]_i_372__0/CO[3]
                         net (fo=1, routed)           0.000    28.445    u_divider/out_res_reg[30]_i_372__0_n_0
    SLICE_X3Y39          CARRY4 (Prop_carry4_CI_CO[3])
                                                      0.058    28.503 r  u_divider/out_res_reg[30]_i_367__0/CO[3]
                         net (fo=1, routed)           0.000    28.503    u_divider/out_res_reg[30]_i_367__0_n_0
    SLICE_X3Y40          CARRY4 (Prop_carry4_CI_CO[3])
                                                      0.058    28.561 r  u_divider/out_res_reg[30]_i_362__0/CO[3]
                         net (fo=1, routed)           0.000    28.561    u_divider/out_res_reg[30]_i_362__0_n_0
    SLICE_X3Y41          CARRY4 (Prop_carry4_CI_CO[3])
                                                      0.058    28.619 r  u_divider/out_res_reg[30]_i_357__0/CO[3]
                         net (fo=1, routed)           0.000    28.619    u_divider/out_res_reg[30]_i_357__0_n_0
    SLICE_X3Y42          CARRY4 (Prop_carry4_CI_CO[3])
                                                      0.058    28.677 r  u_divider/out_res_reg[30]_i_354__0/CO[3]
                         net (fo=1, routed)           0.000    28.677    u_divider/out_res_reg[30]_i_354__0_n_0
    SLICE_X3Y43          CARRY4 (Prop_carry4_CI_CO[1])
                                                      0.094    28.771 r  u_divider/out_res_reg[30]_i_353__0/CO[1]
                         net (fo=27, routed)          1.389    30.160    dut/core1/mem_wb/u_divider/out_res_reg[30]_i_344__0[0]
    SLICE_X4Y33          LUT3 (Prop_lut3_I0_O)        0.152    30.312 r  dut/core1/mem_wb/u_divider/out_res[30]_i_384__0/O
                         net (fo=1, routed)           0.000    30.312    dut_n_2174
    SLICE_X4Y33          CARRY4 (Prop_carry4_S[1]_CO[3])
                                                      0.310    30.622 r  u_divider/out_res_reg[30]_i_344__0/CO[3]
                         net (fo=1, routed)           0.000    30.622    u_divider/out_res_reg[30]_i_344__0_n_0
    SLICE_X4Y34          CARRY4 (Prop_carry4_CI_CO[3])
                                                      0.060    30.682 r  u_divider/out_res_reg[30]_i_339__0/CO[3]
                         net (fo=1, routed)           0.000    30.682    u_divider/out_res_reg[30]_i_339__0_n_0
    SLICE_X4Y35          CARRY4 (Prop_carry4_CI_CO[3])
                                                      0.060    30.742 r  u_divider/out_res_reg[30]_i_334__0/CO[3]
                         net (fo=1, routed)           0.000    30.742    u_divider/out_res_reg[30]_i_334__0_n_0
    SLICE_X4Y36          CARRY4 (Prop_carry4_CI_CO[3])
                                                      0.060    30.802 r  u_divider/out_res_reg[30]_i_329__0/CO[3]
                         net (fo=1, routed)           0.000    30.802    u_divider/out_res_reg[30]_i_329__0_n_0
    SLICE_X4Y37          CARRY4 (Prop_carry4_CI_CO[3])
                                                      0.060    30.862 r  u_divider/out_res_reg[30]_i_324__0/CO[3]
                         net (fo=1, routed)           0.000    30.862    u_divider/out_res_reg[30]_i_324__0_n_0
    SLICE_X4Y38          CARRY4 (Prop_carry4_CI_CO[3])
                                                      0.060    30.922 r  u_divider/out_res_reg[30]_i_321__0/CO[3]
                         net (fo=1, routed)           0.000    30.922    u_divider/out_res_reg[30]_i_321__0_n_0
    SLICE_X4Y39          CARRY4 (Prop_carry4_CI_CO[1])
                                                      0.093    31.015 r  u_divider/out_res_reg[30]_i_320__0/CO[1]
                         net (fo=27, routed)          1.261    32.276    dut/core1/mem_wb/u_divider/out_res_reg[30]_i_311__0[0]
    SLICE_X7Y32          LUT3 (Prop_lut3_I0_O)        0.153    32.429 r  dut/core1/mem_wb/u_divider/out_res[30]_i_351__0/O
                         net (fo=1, routed)           0.000    32.429    dut_n_2175
    SLICE_X7Y32          CARRY4 (Prop_carry4_S[1]_CO[3])
                                                      0.324    32.753 r  u_divider/out_res_reg[30]_i_311__0/CO[3]
                         net (fo=1, routed)           0.000    32.753    u_divider/out_res_reg[30]_i_311__0_n_0
    SLICE_X7Y33          CARRY4 (Prop_carry4_CI_CO[3])
                                                      0.058    32.811 r  u_divider/out_res_reg[30]_i_306__0/CO[3]
                         net (fo=1, routed)           0.000    32.811    u_divider/out_res_reg[30]_i_306__0_n_0
    SLICE_X7Y34          CARRY4 (Prop_carry4_CI_CO[3])
                                                      0.058    32.869 r  u_divider/out_res_reg[30]_i_301__0/CO[3]
                         net (fo=1, routed)           0.000    32.869    u_divider/out_res_reg[30]_i_301__0_n_0
    SLICE_X7Y35          CARRY4 (Prop_carry4_CI_CO[3])
                                                      0.058    32.927 r  u_divider/out_res_reg[30]_i_296__0/CO[3]
                         net (fo=1, routed)           0.000    32.927    u_divider/out_res_reg[30]_i_296__0_n_0
    SLICE_X7Y36          CARRY4 (Prop_carry4_CI_CO[3])
                                                      0.058    32.985 r  u_divider/out_res_reg[30]_i_291__0/CO[3]
                         net (fo=1, routed)           0.000    32.985    u_divider/out_res_reg[30]_i_291__0_n_0
    SLICE_X7Y37          CARRY4 (Prop_carry4_CI_CO[3])
                                                      0.058    33.043 r  u_divider/out_res_reg[30]_i_288__0/CO[3]
                         net (fo=1, routed)           0.000    33.043    u_divider/out_res_reg[30]_i_288__0_n_0
    SLICE_X7Y38          CARRY4 (Prop_carry4_CI_CO[1])
                                                      0.094    33.137 r  u_divider/out_res_reg[30]_i_287__0/CO[1]
                         net (fo=27, routed)          1.425    34.562    dut/core1/mem_wb/u_divider/out_res_reg[30]_i_278__0[0]
    SLICE_X11Y32         LUT3 (Prop_lut3_I0_O)        0.152    34.714 r  dut/core1/mem_wb/u_divider/out_res[30]_i_318__0/O
                         net (fo=1, routed)           0.000    34.714    dut_n_2176
    SLICE_X11Y32         CARRY4 (Prop_carry4_S[1]_CO[3])
                                                      0.324    35.038 r  u_divider/out_res_reg[30]_i_278__0/CO[3]
                         net (fo=1, routed)           0.000    35.038    u_divider/out_res_reg[30]_i_278__0_n_0
    SLICE_X11Y33         CARRY4 (Prop_carry4_CI_CO[3])
                                                      0.058    35.096 r  u_divider/out_res_reg[30]_i_273__0/CO[3]
                         net (fo=1, routed)           0.000    35.096    u_divider/out_res_reg[30]_i_273__0_n_0
    SLICE_X11Y34         CARRY4 (Prop_carry4_CI_CO[3])
                                                      0.058    35.154 r  u_divider/out_res_reg[30]_i_268__0/CO[3]
                         net (fo=1, routed)           0.000    35.154    u_divider/out_res_reg[30]_i_268__0_n_0
    SLICE_X11Y35         CARRY4 (Prop_carry4_CI_CO[3])
                                                      0.058    35.212 r  u_divider/out_res_reg[30]_i_263__0/CO[3]
                         net (fo=1, routed)           0.000    35.212    u_divider/out_res_reg[30]_i_263__0_n_0
    SLICE_X11Y36         CARRY4 (Prop_carry4_CI_CO[3])
                                                      0.058    35.270 r  u_divider/out_res_reg[30]_i_258__0/CO[3]
                         net (fo=1, routed)           0.000    35.270    u_divider/out_res_reg[30]_i_258__0_n_0
    SLICE_X11Y37         CARRY4 (Prop_carry4_CI_CO[3])
                                                      0.058    35.328 r  u_divider/out_res_reg[30]_i_255__0/CO[3]
                         net (fo=1, routed)           0.000    35.328    u_divider/out_res_reg[30]_i_255__0_n_0
    SLICE_X11Y38         CARRY4 (Prop_carry4_CI_CO[1])
                                                      0.094    35.422 r  u_divider/out_res_reg[30]_i_254__0/CO[1]
                         net (fo=27, routed)          1.201    36.623    u_divider/out_res_reg[30]_i_254__0_n_2
    SLICE_X15Y32         LUT3 (Prop_lut3_I0_O)        0.152    36.775 r  u_divider/out_res[30]_i_284__0/O
                         net (fo=1, routed)           0.000    36.775    u_divider/out_res[30]_i_284__0_n_0
    SLICE_X15Y32         CARRY4 (Prop_carry4_S[2]_CO[3])
                                                      0.235    37.010 r  u_divider/out_res_reg[30]_i_245__0/CO[3]
                         net (fo=1, routed)           0.000    37.010    u_divider/out_res_reg[30]_i_245__0_n_0
    SLICE_X15Y33         CARRY4 (Prop_carry4_CI_CO[3])
                                                      0.058    37.068 r  u_divider/out_res_reg[30]_i_240__0/CO[3]
                         net (fo=1, routed)           0.000    37.068    u_divider/out_res_reg[30]_i_240__0_n_0
    SLICE_X15Y34         CARRY4 (Prop_carry4_CI_CO[3])
                                                      0.058    37.126 r  u_divider/out_res_reg[30]_i_235__0/CO[3]
                         net (fo=1, routed)           0.000    37.126    u_divider/out_res_reg[30]_i_235__0_n_0
    SLICE_X15Y35         CARRY4 (Prop_carry4_CI_CO[3])
                                                      0.058    37.184 r  u_divider/out_res_reg[30]_i_230__0/CO[3]
                         net (fo=1, routed)           0.000    37.184    u_divider/out_res_reg[30]_i_230__0_n_0
    SLICE_X15Y36         CARRY4 (Prop_carry4_CI_CO[3])
                                                      0.058    37.242 r  u_divider/out_res_reg[30]_i_225__0/CO[3]
                         net (fo=1, routed)           0.000    37.242    u_divider/out_res_reg[30]_i_225__0_n_0
    SLICE_X15Y37         CARRY4 (Prop_carry4_CI_CO[3])
                                                      0.058    37.300 r  u_divider/out_res_reg[30]_i_222__0/CO[3]
                         net (fo=1, routed)           0.000    37.300    u_divider/out_res_reg[30]_i_222__0_n_0
    SLICE_X15Y38         CARRY4 (Prop_carry4_CI_CO[1])
                                                      0.094    37.394 r  u_divider/out_res_reg[30]_i_221__0/CO[1]
                         net (fo=27, routed)          1.155    38.548    u_divider/out_res_reg[30]_i_221__0_n_2
    SLICE_X15Y42         LUT3 (Prop_lut3_I0_O)        0.152    38.700 r  u_divider/out_res[30]_i_237__0/O
                         net (fo=1, routed)           0.000    38.700    u_divider/out_res[30]_i_237__0_n_0
    SLICE_X15Y42         CARRY4 (Prop_carry4_S[2]_CO[3])
                                                      0.235    38.935 r  u_divider/out_res_reg[30]_i_197__0/CO[3]
                         net (fo=1, routed)           0.000    38.935    u_divider/out_res_reg[30]_i_197__0_n_0
    SLICE_X15Y43         CARRY4 (Prop_carry4_CI_CO[3])
                                                      0.058    38.993 r  u_divider/out_res_reg[30]_i_192__0/CO[3]
                         net (fo=1, routed)           0.000    38.993    u_divider/out_res_reg[30]_i_192__0_n_0
    SLICE_X15Y44         CARRY4 (Prop_carry4_CI_CO[3])
                                                      0.058    39.051 r  u_divider/out_res_reg[30]_i_189__0/CO[3]
                         net (fo=1, routed)           0.000    39.051    u_divider/out_res_reg[30]_i_189__0_n_0
    SLICE_X15Y45         CARRY4 (Prop_carry4_CI_CO[1])
                                                      0.094    39.145 r  u_divider/out_res_reg[30]_i_188__0/CO[1]
                         net (fo=27, routed)          1.816    40.961    u_divider/out_res_reg[30]_i_188__0_n_2
    SLICE_X11Y39         LUT3 (Prop_lut3_I0_O)        0.152    41.113 r  u_divider/out_res[30]_i_218__0/O
                         net (fo=1, routed)           0.000    41.113    u_divider/out_res[30]_i_218__0_n_0
    SLICE_X11Y39         CARRY4 (Prop_carry4_S[2]_CO[3])
                                                      0.235    41.348 r  u_divider/out_res_reg[30]_i_179__0/CO[3]
                         net (fo=1, routed)           0.000    41.348    u_divider/out_res_reg[30]_i_179__0_n_0
    SLICE_X11Y40         CARRY4 (Prop_carry4_CI_CO[3])
                                                      0.058    41.406 r  u_divider/out_res_reg[30]_i_174__0/CO[3]
                         net (fo=1, routed)           0.000    41.406    u_divider/out_res_reg[30]_i_174__0_n_0
    SLICE_X11Y41         CARRY4 (Prop_carry4_CI_CO[3])
                                                      0.058    41.464 r  u_divider/out_res_reg[30]_i_169__0/CO[3]
                         net (fo=1, routed)           0.000    41.464    u_divider/out_res_reg[30]_i_169__0_n_0
    SLICE_X11Y42         CARRY4 (Prop_carry4_CI_CO[3])
                                                      0.058    41.522 r  u_divider/out_res_reg[30]_i_164__0/CO[3]
                         net (fo=1, routed)           0.000    41.522    u_divider/out_res_reg[30]_i_164__0_n_0
    SLICE_X11Y43         CARRY4 (Prop_carry4_CI_CO[3])
                                                      0.058    41.580 r  u_divider/out_res_reg[30]_i_159__0/CO[3]
                         net (fo=1, routed)           0.000    41.580    u_divider/out_res_reg[30]_i_159__0_n_0
    SLICE_X11Y44         CARRY4 (Prop_carry4_CI_CO[3])
                                                      0.058    41.638 r  u_divider/out_res_reg[30]_i_156__0/CO[3]
                         net (fo=1, routed)           0.000    41.638    u_divider/out_res_reg[30]_i_156__0_n_0
    SLICE_X11Y45         CARRY4 (Prop_carry4_CI_CO[1])
                                                      0.094    41.732 r  u_divider/out_res_reg[30]_i_155__0/CO[1]
                         net (fo=27, routed)          1.479    43.211    u_divider/out_res_reg[30]_i_155__0_n_2
    SLICE_X9Y39          LUT3 (Prop_lut3_I0_O)        0.152    43.363 r  u_divider/out_res[30]_i_185__0/O
                         net (fo=1, routed)           0.000    43.363    u_divider/out_res[30]_i_185__0_n_0
    SLICE_X9Y39          CARRY4 (Prop_carry4_S[2]_CO[3])
                                                      0.235    43.598 r  u_divider/out_res_reg[30]_i_146__0/CO[3]
                         net (fo=1, routed)           0.000    43.598    u_divider/out_res_reg[30]_i_146__0_n_0
    SLICE_X9Y40          CARRY4 (Prop_carry4_CI_CO[3])
                                                      0.058    43.656 r  u_divider/out_res_reg[30]_i_141__0/CO[3]
                         net (fo=1, routed)           0.000    43.656    u_divider/out_res_reg[30]_i_141__0_n_0
    SLICE_X9Y41          CARRY4 (Prop_carry4_CI_CO[3])
                                                      0.058    43.714 r  u_divider/out_res_reg[30]_i_136__0/CO[3]
                         net (fo=1, routed)           0.000    43.714    u_divider/out_res_reg[30]_i_136__0_n_0
    SLICE_X9Y42          CARRY4 (Prop_carry4_CI_CO[3])
                                                      0.058    43.772 r  u_divider/out_res_reg[30]_i_131__0/CO[3]
                         net (fo=1, routed)           0.000    43.772    u_divider/out_res_reg[30]_i_131__0_n_0
    SLICE_X9Y43          CARRY4 (Prop_carry4_CI_CO[3])
                                                      0.058    43.830 r  u_divider/out_res_reg[30]_i_126__0/CO[3]
                         net (fo=1, routed)           0.000    43.830    u_divider/out_res_reg[30]_i_126__0_n_0
    SLICE_X9Y44          CARRY4 (Prop_carry4_CI_CO[3])
                                                      0.058    43.888 r  u_divider/out_res_reg[30]_i_123__0/CO[3]
                         net (fo=1, routed)           0.000    43.888    u_divider/out_res_reg[30]_i_123__0_n_0
    SLICE_X9Y45          CARRY4 (Prop_carry4_CI_CO[1])
                                                      0.094    43.982 r  u_divider/out_res_reg[30]_i_122__0/CO[1]
                         net (fo=27, routed)          1.441    45.424    u_divider/out_res_reg[30]_i_122__0_n_2
    SLICE_X13Y52         LUT2 (Prop_lut2_I0_O)        0.152    45.576 r  u_divider/out_res[30]_i_124__0/O
                         net (fo=1, routed)           0.000    45.576    u_divider/out_res[30]_i_124__0_n_0
    SLICE_X13Y52         CARRY4 (Prop_carry4_S[1]_CO[1])
                                                      0.302    45.878 r  u_divider/out_res_reg[30]_i_92__0/CO[1]
                         net (fo=27, routed)          1.310    47.187    dut/core1/mem_wb/u_divider/i__carry_i_124__0[0]
    SLICE_X13Y39         LUT3 (Prop_lut3_I0_O)        0.152    47.339 r  dut/core1/mem_wb/u_divider/i__carry_i_149__0/O
                         net (fo=1, routed)           0.000    47.339    dut_n_2182
    SLICE_X13Y39         CARRY4 (Prop_carry4_S[1]_CO[3])
                                                      0.324    47.663 r  u_divider/i__carry_i_124__0/CO[3]
                         net (fo=1, routed)           0.000    47.663    u_divider/i__carry_i_124__0_n_0
    SLICE_X13Y40         CARRY4 (Prop_carry4_CI_CO[3])
                                                      0.058    47.721 r  u_divider/out_res_reg[30]_i_86__0/CO[3]
                         net (fo=1, routed)           0.000    47.721    u_divider/out_res_reg[30]_i_86__0_n_0
    SLICE_X13Y41         CARRY4 (Prop_carry4_CI_CO[3])
                                                      0.058    47.779 r  u_divider/out_res_reg[30]_i_81__0/CO[3]
                         net (fo=1, routed)           0.000    47.779    u_divider/out_res_reg[30]_i_81__0_n_0
    SLICE_X13Y42         CARRY4 (Prop_carry4_CI_CO[3])
                                                      0.058    47.837 r  u_divider/out_res_reg[30]_i_76__0/CO[3]
                         net (fo=1, routed)           0.000    47.837    u_divider/out_res_reg[30]_i_76__0_n_0
    SLICE_X13Y43         CARRY4 (Prop_carry4_CI_CO[3])
                                                      0.058    47.895 r  u_divider/out_res_reg[30]_i_71__0/CO[3]
                         net (fo=1, routed)           0.000    47.895    u_divider/out_res_reg[30]_i_71__0_n_0
    SLICE_X13Y44         CARRY4 (Prop_carry4_CI_CO[3])
                                                      0.058    47.953 r  u_divider/out_res_reg[30]_i_68__0/CO[3]
                         net (fo=1, routed)           0.000    47.953    u_divider/out_res_reg[30]_i_68__0_n_0
    SLICE_X13Y45         CARRY4 (Prop_carry4_CI_CO[1])
                                                      0.094    48.047 r  u_divider/out_res_reg[30]_i_67__0/CO[1]
                         net (fo=27, routed)          1.406    49.453    u_divider/out_res_reg[30]_i_67__0_n_2
    SLICE_X19Y39         LUT3 (Prop_lut3_I0_O)        0.152    49.605 r  u_divider/i__carry_i_145__0/O
                         net (fo=1, routed)           0.000    49.605    u_divider/i__carry_i_145__0_n_0
    SLICE_X19Y39         CARRY4 (Prop_carry4_S[2]_CO[3])
                                                      0.235    49.840 r  u_divider/i__carry_i_119__0/CO[3]
                         net (fo=1, routed)           0.000    49.840    u_divider/i__carry_i_119__0_n_0
    SLICE_X19Y40         CARRY4 (Prop_carry4_CI_CO[3])
                                                      0.058    49.898 r  u_divider/i__carry_i_93__0/CO[3]
                         net (fo=1, routed)           0.000    49.898    u_divider/i__carry_i_93__0_n_0
    SLICE_X19Y41         CARRY4 (Prop_carry4_CI_CO[3])
                                                      0.058    49.956 r  u_divider/out_res_reg[30]_i_61__0/CO[3]
                         net (fo=1, routed)           0.000    49.956    u_divider/out_res_reg[30]_i_61__0_n_0
    SLICE_X19Y42         CARRY4 (Prop_carry4_CI_CO[3])
                                                      0.058    50.014 r  u_divider/out_res_reg[30]_i_56__0/CO[3]
                         net (fo=1, routed)           0.000    50.014    u_divider/out_res_reg[30]_i_56__0_n_0
    SLICE_X19Y43         CARRY4 (Prop_carry4_CI_CO[3])
                                                      0.058    50.072 r  u_divider/out_res_reg[30]_i_51__0/CO[3]
                         net (fo=1, routed)           0.000    50.072    u_divider/out_res_reg[30]_i_51__0_n_0
    SLICE_X19Y44         CARRY4 (Prop_carry4_CI_CO[3])
                                                      0.058    50.130 r  u_divider/out_res_reg[30]_i_48__0/CO[3]
                         net (fo=1, routed)           0.000    50.130    u_divider/out_res_reg[30]_i_48__0_n_0
    SLICE_X19Y45         CARRY4 (Prop_carry4_CI_CO[1])
                                                      0.094    50.224 r  u_divider/out_res_reg[30]_i_47__0/CO[1]
                         net (fo=27, routed)          1.431    51.655    u_divider/out_res_reg[30]_i_47__0_n_2
    SLICE_X17Y39         LUT3 (Prop_lut3_I0_O)        0.152    51.807 r  u_divider/i__carry_i_141__0/O
                         net (fo=1, routed)           0.000    51.807    u_divider/i__carry_i_141__0_n_0
    SLICE_X17Y39         CARRY4 (Prop_carry4_S[3]_CO[3])
                                                      0.233    52.040 r  u_divider/i__carry_i_114__0/CO[3]
                         net (fo=1, routed)           0.000    52.040    u_divider/i__carry_i_114__0_n_0
    SLICE_X17Y40         CARRY4 (Prop_carry4_CI_CO[3])
                                                      0.058    52.098 r  u_divider/i__carry_i_88__0/CO[3]
                         net (fo=1, routed)           0.000    52.098    u_divider/i__carry_i_88__0_n_0
    SLICE_X17Y41         CARRY4 (Prop_carry4_CI_CO[3])
                                                      0.058    52.156 r  u_divider/i__carry_i_67__0/CO[3]
                         net (fo=1, routed)           0.000    52.156    u_divider/i__carry_i_67__0_n_0
    SLICE_X17Y42         CARRY4 (Prop_carry4_CI_CO[3])
                                                      0.058    52.214 r  u_divider/out_res_reg[30]_i_41__0/CO[3]
                         net (fo=1, routed)           0.000    52.214    u_divider/out_res_reg[30]_i_41__0_n_0
    SLICE_X17Y43         CARRY4 (Prop_carry4_CI_CO[3])
                                                      0.058    52.272 r  u_divider/out_res_reg[30]_i_36__0/CO[3]
                         net (fo=1, routed)           0.000    52.272    u_divider/out_res_reg[30]_i_36__0_n_0
    SLICE_X17Y44         CARRY4 (Prop_carry4_CI_CO[3])
                                                      0.058    52.330 r  u_divider/out_res_reg[30]_i_33__0/CO[3]
                         net (fo=1, routed)           0.000    52.330    u_divider/out_res_reg[30]_i_33__0_n_0
    SLICE_X17Y45         CARRY4 (Prop_carry4_CI_CO[1])
                                                      0.094    52.424 r  u_divider/out_res_reg[30]_i_32__0/CO[1]
                         net (fo=27, routed)          1.557    53.981    u_divider/out_res_reg[30]_i_32__0_n_2
    SLICE_X17Y49         LUT3 (Prop_lut3_I0_O)        0.152    54.133 r  u_divider/i__carry_i_71__0/O
                         net (fo=1, routed)           0.000    54.133    u_divider/i__carry_i_71__0_n_0
    SLICE_X17Y49         CARRY4 (Prop_carry4_S[0]_CO[3])
                                                      0.313    54.446 r  u_divider/i__carry_i_46__0/CO[3]
                         net (fo=1, routed)           0.001    54.447    u_divider/i__carry_i_46__0_n_0
    SLICE_X17Y50         CARRY4 (Prop_carry4_CI_CO[3])
                                                      0.058    54.505 r  u_divider/out_res_reg[30]_i_26__0/CO[3]
                         net (fo=1, routed)           0.000    54.505    u_divider/out_res_reg[30]_i_26__0_n_0
    SLICE_X17Y51         CARRY4 (Prop_carry4_CI_CO[3])
                                                      0.058    54.563 r  u_divider/out_res_reg[30]_i_23__0/CO[3]
                         net (fo=1, routed)           0.000    54.563    u_divider/out_res_reg[30]_i_23__0_n_0
    SLICE_X17Y52         CARRY4 (Prop_carry4_CI_CO[1])
                                                      0.094    54.657 r  u_divider/out_res_reg[30]_i_22__0/CO[1]
                         net (fo=27, routed)          1.116    55.773    dut/core1/mem_wb/u_divider/i__carry_i_104__0[0]
    SLICE_X19Y46         LUT3 (Prop_lut3_I0_O)        0.152    55.925 r  dut/core1/mem_wb/u_divider/i__carry_i_137__0/O
                         net (fo=1, routed)           0.000    55.925    dut_n_2186
    SLICE_X19Y46         CARRY4 (Prop_carry4_S[1]_CO[3])
                                                      0.324    56.249 r  u_divider/i__carry_i_104__0/CO[3]
                         net (fo=1, routed)           0.000    56.249    u_divider/i__carry_i_104__0_n_0
    SLICE_X19Y47         CARRY4 (Prop_carry4_CI_CO[3])
                                                      0.058    56.307 r  u_divider/i__carry_i_78__0/CO[3]
                         net (fo=1, routed)           0.000    56.307    u_divider/i__carry_i_78__0_n_0
    SLICE_X19Y48         CARRY4 (Prop_carry4_CI_CO[3])
                                                      0.058    56.365 r  u_divider/i__carry_i_57__0/CO[3]
                         net (fo=1, routed)           0.000    56.365    u_divider/i__carry_i_57__0_n_0
    SLICE_X19Y49         CARRY4 (Prop_carry4_CI_CO[3])
                                                      0.058    56.423 r  u_divider/i__carry_i_41__0/CO[3]
                         net (fo=1, routed)           0.001    56.424    u_divider/i__carry_i_41__0_n_0
    SLICE_X19Y50         CARRY4 (Prop_carry4_CI_CO[3])
                                                      0.058    56.482 r  u_divider/i__carry_i_30__0/CO[3]
                         net (fo=1, routed)           0.000    56.482    u_divider/i__carry_i_30__0_n_0
    SLICE_X19Y51         CARRY4 (Prop_carry4_CI_CO[3])
                                                      0.058    56.540 r  u_divider/out_res_reg[30]_i_15__0/CO[3]
                         net (fo=1, routed)           0.000    56.540    u_divider/out_res_reg[30]_i_15__0_n_0
    SLICE_X19Y52         CARRY4 (Prop_carry4_CI_CO[1])
                                                      0.094    56.634 r  u_divider/out_res_reg[30]_i_14__0/CO[1]
                         net (fo=27, routed)          1.191    57.825    dut/core1/mem_wb/u_divider/i__carry_i_99__0[0]
    SLICE_X21Y46         LUT3 (Prop_lut3_I0_O)        0.152    57.977 r  dut/core1/mem_wb/u_divider/i__carry_i_134__0/O
                         net (fo=1, routed)           0.000    57.977    dut_n_2187
    SLICE_X21Y46         CARRY4 (Prop_carry4_S[1]_CO[3])
                                                      0.324    58.301 r  u_divider/i__carry_i_99__0/CO[3]
                         net (fo=1, routed)           0.000    58.301    u_divider/i__carry_i_99__0_n_0
    SLICE_X21Y47         CARRY4 (Prop_carry4_CI_CO[3])
                                                      0.058    58.359 r  u_divider/i__carry_i_73__0/CO[3]
                         net (fo=1, routed)           0.000    58.359    u_divider/i__carry_i_73__0_n_0
    SLICE_X21Y48         CARRY4 (Prop_carry4_CI_CO[3])
                                                      0.058    58.417 r  u_divider/i__carry_i_52__0/CO[3]
                         net (fo=1, routed)           0.000    58.417    u_divider/i__carry_i_52__0_n_0
    SLICE_X21Y49         CARRY4 (Prop_carry4_CI_CO[3])
                                                      0.058    58.475 r  u_divider/i__carry_i_36__0/CO[3]
                         net (fo=1, routed)           0.001    58.476    u_divider/i__carry_i_36__0_n_0
    SLICE_X21Y50         CARRY4 (Prop_carry4_CI_CO[3])
                                                      0.058    58.534 r  u_divider/i__carry_i_25__0/CO[3]
                         net (fo=1, routed)           0.000    58.534    u_divider/i__carry_i_25__0_n_0
    SLICE_X21Y51         CARRY4 (Prop_carry4_CI_CO[3])
                                                      0.058    58.592 r  u_divider/i__carry_i_15__0/CO[3]
                         net (fo=1, routed)           0.000    58.592    u_divider/i__carry_i_15__0_n_0
    SLICE_X21Y52         CARRY4 (Prop_carry4_CI_CO[1])
                                                      0.094    58.686 r  u_divider/out_res_reg[30]_i_8__0/CO[1]
                         net (fo=70, routed)          1.150    59.835    u_divider/out_res_reg[30]_i_8__0_n_2
    SLICE_X21Y58         LUT3 (Prop_lut3_I0_O)        0.152    59.987 r  u_divider/i__carry_i_28__0/O
                         net (fo=1, routed)           0.000    59.987    u_divider/i__carry_i_28__0_n_0
    SLICE_X21Y58         CARRY4 (Prop_carry4_S[1]_CO[3])
                                                      0.324    60.311 r  u_divider/i__carry_i_14__0/CO[3]
                         net (fo=1, routed)           0.000    60.311    u_divider/i__carry_i_14__0_n_0
    SLICE_X21Y59         CARRY4 (Prop_carry4_CI_CO[1])
                                                      0.094    60.405 r  u_divider/i__carry_i_11__0/CO[1]
                         net (fo=39, routed)          1.221    61.627    dut/core1/mem_wb/u_divider/out_res_reg[21]_i_35__0[0]
    SLICE_X20Y53         LUT2 (Prop_lut2_I1_O)        0.152    61.779 r  dut/core1/mem_wb/u_divider/out_res[21]_i_44__0/O
                         net (fo=1, routed)           0.000    61.779    dut_n_2255
    SLICE_X20Y53         CARRY4 (Prop_carry4_S[1]_CO[3])
                                                      0.310    62.089 r  u_divider/out_res_reg[21]_i_35__0/CO[3]
                         net (fo=1, routed)           0.000    62.089    u_divider/out_res_reg[21]_i_35__0_n_0
    SLICE_X20Y54         CARRY4 (Prop_carry4_CI_CO[3])
                                                      0.060    62.149 r  u_divider/out_res_reg[21]_i_29__0/CO[3]
                         net (fo=1, routed)           0.000    62.149    u_divider/out_res_reg[21]_i_29__0_n_0
    SLICE_X20Y55         CARRY4 (Prop_carry4_CI_CO[3])
                                                      0.060    62.209 r  u_divider/out_res_reg[21]_i_23__0/CO[3]
                         net (fo=1, routed)           0.000    62.209    u_divider/out_res_reg[21]_i_23__0_n_0
    SLICE_X20Y56         CARRY4 (Prop_carry4_CI_CO[3])
                                                      0.060    62.269 r  u_divider/out_res_reg[21]_i_17__0/CO[3]
                         net (fo=1, routed)           0.000    62.269    u_divider/out_res_reg[21]_i_17__0_n_0
    SLICE_X20Y57         CARRY4 (Prop_carry4_CI_CO[3])
                                                      0.060    62.329 r  u_divider/out_res_reg[21]_i_11__0/CO[3]
                         net (fo=1, routed)           0.000    62.329    u_divider/out_res_reg[21]_i_11__0_n_0
    SLICE_X20Y58         CARRY4 (Prop_carry4_CI_CO[3])
                                                      0.060    62.389 r  u_divider/out_res_reg[21]_i_7__0/CO[3]
                         net (fo=1, routed)           0.000    62.389    u_divider/out_res_reg[21]_i_7__0_n_0
    SLICE_X20Y59         CARRY4 (Prop_carry4_CI_CO[1])
                                                      0.093    62.482 r  u_divider/out_res_reg[21]_i_5__0/CO[1]
                         net (fo=32, routed)          1.546    64.028    dut/core1/execute_unit/u_fpu/u_divider/out_res_reg[21]_0[0]
    SLICE_X27Y55         LUT5 (Prop_lut5_I0_O)        0.153    64.181 r  dut/core1/execute_unit/u_fpu/u_divider/i__carry_i_18__10/O
                         net (fo=3, routed)           0.684    64.865    dut/core1/execute_unit/u_fpu/u_divider/i__carry_i_18__10_n_0
    SLICE_X27Y54         LUT6 (Prop_lut6_I0_O)        0.053    64.918 r  dut/core1/execute_unit/u_fpu/u_divider/i__carry_i_13__25/O
                         net (fo=33, routed)          0.699    65.617    dut/core1/execute_unit/u_fpu/u_divider/i__carry_i_13__25_n_0
    SLICE_X31Y53         LUT4 (Prop_lut4_I3_O)        0.053    65.670 r  dut/core1/execute_unit/u_fpu/u_divider/i__carry_i_8__49/O
                         net (fo=1, routed)           0.000    65.670    dut/core1/execute_unit/u_fpu/u_divider/i__carry_i_8__49_n_0
    SLICE_X31Y53         CARRY4 (Prop_carry4_S[0]_CO[3])
                                                      0.313    65.983 r  dut/core1/execute_unit/u_fpu/u_divider/exp_norm0_inferred__0/i__carry/CO[3]
                         net (fo=1, routed)           0.000    65.983    dut/core1/execute_unit/u_fpu/u_divider/exp_norm0_inferred__0/i__carry_n_0
    SLICE_X31Y54         CARRY4 (Prop_carry4_CI_O[0])
                                                      0.139    66.122 f  dut/core1/execute_unit/u_fpu/u_divider/exp_norm0_inferred__0/i__carry__0/O[0]
                         net (fo=3, routed)           0.565    66.687    dut/core1/execute_unit/u_fpu/u_divider/exp_norm[4]
    SLICE_X29Y54         LUT6 (Prop_lut6_I4_O)        0.155    66.842 f  dut/core1/execute_unit/u_fpu/u_divider/i__carry_i_12__31/O
                         net (fo=1, routed)           0.414    67.256    dut/core1/execute_unit/u_fpu/u_divider/i__carry_i_12__31_n_0
    SLICE_X29Y55         LUT6 (Prop_lut6_I1_O)        0.053    67.309 r  dut/core1/execute_unit/u_fpu/u_divider/i__carry_i_11__31/O
                         net (fo=4, routed)           0.479    67.788    dut/core1/execute_unit/u_fpu/u_divider/i__carry_i_11__31_n_0
    SLICE_X28Y57         LUT6 (Prop_lut6_I5_O)        0.053    67.841 r  dut/core1/execute_unit/u_fpu/u_divider/i__carry_i_5__48/O
                         net (fo=32, routed)          0.667    68.508    dut/core1/execute_unit/u_fpu/u_divider/i__carry_i_5__48_n_0
    SLICE_X28Y54         LUT2 (Prop_lut2_I1_O)        0.053    68.561 r  dut/core1/execute_unit/u_fpu/u_divider/i__carry_i_4__29/O
                         net (fo=1, routed)           0.000    68.561    dut/core1/execute_unit/u_fpu/u_divider/i__carry_i_4__29_n_0
    SLICE_X28Y54         CARRY4 (Prop_carry4_S[0]_CO[3])
                                                      0.313    68.874 r  dut/core1/execute_unit/u_fpu/u_divider/exp_norm0_inferred__1/i__carry/CO[3]
                         net (fo=1, routed)           0.000    68.874    dut/core1/execute_unit/u_fpu/u_divider/exp_norm0_inferred__1/i__carry_n_0
    SLICE_X28Y55         CARRY4 (Prop_carry4_CI_O[1])
                                                      0.213    69.087 f  dut/core1/execute_unit/u_fpu/u_divider/exp_norm0_inferred__1/i__carry__0/O[1]
                         net (fo=3, routed)           0.603    69.689    dut/core1/execute_unit/u_fpu/u_divider/exp_norm0_inferred__1/i__carry__0_n_6
    SLICE_X29Y55         LUT6 (Prop_lut6_I0_O)        0.152    69.841 f  dut/core1/execute_unit/u_fpu/u_divider/i__carry_i_8__43/O
                         net (fo=1, routed)           0.804    70.646    dut/core1/execute_unit/u_fpu/u_divider/i__carry_i_8__43_n_0
    SLICE_X28Y57         LUT6 (Prop_lut6_I1_O)        0.053    70.699 r  dut/core1/execute_unit/u_fpu/u_divider/i__carry_i_7__43/O
                         net (fo=2, routed)           0.325    71.023    dut/core1/execute_unit/u_fpu/u_divider/i__carry_i_7__43_n_0
    SLICE_X28Y57         LUT6 (Prop_lut6_I5_O)        0.053    71.076 r  dut/core1/execute_unit/u_fpu/u_divider/i__carry_i_5__47/O
                         net (fo=30, routed)          0.303    71.379    dut/core1/execute_unit/u_fpu/u_divider/i__carry_i_5__47_n_0
    SLICE_X29Y56         LUT2 (Prop_lut2_I1_O)        0.053    71.432 r  dut/core1/execute_unit/u_fpu/u_divider/i__carry_i_4__30/O
                         net (fo=1, routed)           0.000    71.432    dut/core1/execute_unit/u_fpu/u_divider/i__carry_i_4__30_n_0
    SLICE_X29Y56         CARRY4 (Prop_carry4_S[0]_CO[3])
                                                      0.313    71.745 r  dut/core1/execute_unit/u_fpu/u_divider/exp_norm0_inferred__2/i__carry/CO[3]
                         net (fo=1, routed)           0.000    71.745    dut/core1/execute_unit/u_fpu/u_divider/exp_norm0_inferred__2/i__carry_n_0
    SLICE_X29Y57         CARRY4 (Prop_carry4_CI_O[0])
                                                      0.139    71.884 f  dut/core1/execute_unit/u_fpu/u_divider/exp_norm0_inferred__2/i__carry__0/O[0]
                         net (fo=3, routed)           0.577    72.461    dut/core1/execute_unit/u_fpu/u_divider/exp_norm0_inferred__2/i__carry__0_n_7
    SLICE_X25Y57         LUT6 (Prop_lut6_I4_O)        0.155    72.616 f  dut/core1/execute_unit/u_fpu/u_divider/i__carry_i_12__32/O
                         net (fo=1, routed)           0.407    73.023    dut/core1/execute_unit/u_fpu/u_divider/i__carry_i_12__32_n_0
    SLICE_X25Y58         LUT6 (Prop_lut6_I1_O)        0.053    73.076 r  dut/core1/execute_unit/u_fpu/u_divider/i__carry_i_9__28/O
                         net (fo=3, routed)           0.659    73.735    dut/core1/execute_unit/u_fpu/u_divider/i__carry_i_9__28_n_0
    SLICE_X27Y57         LUT6 (Prop_lut6_I5_O)        0.053    73.788 r  dut/core1/execute_unit/u_fpu/u_divider/i__carry_i_5__46/O
                         net (fo=28, routed)          0.424    74.212    dut/core1/execute_unit/u_fpu/u_divider/i__carry_i_5__46_n_0
    SLICE_X24Y57         LUT2 (Prop_lut2_I1_O)        0.053    74.265 r  dut/core1/execute_unit/u_fpu/u_divider/i__carry_i_4__31/O
                         net (fo=1, routed)           0.000    74.265    dut/core1/execute_unit/u_fpu/u_divider/i__carry_i_4__31_n_0
    SLICE_X24Y57         CARRY4 (Prop_carry4_S[0]_CO[3])
                                                      0.313    74.578 r  dut/core1/execute_unit/u_fpu/u_divider/exp_norm0_inferred__3/i__carry/CO[3]
                         net (fo=1, routed)           0.000    74.578    dut/core1/execute_unit/u_fpu/u_divider/exp_norm0_inferred__3/i__carry_n_0
    SLICE_X24Y58         CARRY4 (Prop_carry4_CI_O[3])
                                                      0.179    74.757 f  dut/core1/execute_unit/u_fpu/u_divider/exp_norm0_inferred__3/i__carry__0/O[3]
                         net (fo=3, routed)           0.681    75.438    dut/core1/execute_unit/u_fpu/u_divider/exp_norm0_inferred__3/i__carry__0_n_4
    SLICE_X25Y59         LUT6 (Prop_lut6_I2_O)        0.142    75.580 f  dut/core1/execute_unit/u_fpu/u_divider/i__carry_i_11__32/O
                         net (fo=1, routed)           0.457    76.037    dut/core1/execute_unit/u_fpu/u_divider/i__carry_i_11__32_n_0
    SLICE_X25Y59         LUT6 (Prop_lut6_I1_O)        0.053    76.090 r  dut/core1/execute_unit/u_fpu/u_divider/i__carry_i_9__29/O
                         net (fo=1, routed)           0.128    76.218    dut/core1/execute_unit/u_fpu/u_divider/i__carry_i_9__29_n_0
    SLICE_X25Y59         LUT6 (Prop_lut6_I5_O)        0.053    76.271 r  dut/core1/execute_unit/u_fpu/u_divider/i__carry_i_5__45/O
                         net (fo=29, routed)          0.724    76.996    dut/core1/execute_unit/u_fpu/u_divider/i__carry_i_5__45_n_0
    SLICE_X23Y59         LUT2 (Prop_lut2_I1_O)        0.053    77.049 r  dut/core1/execute_unit/u_fpu/u_divider/i__carry_i_4__32/O
                         net (fo=1, routed)           0.000    77.049    dut/core1/execute_unit/u_fpu/u_divider/i__carry_i_4__32_n_0
    SLICE_X23Y59         CARRY4 (Prop_carry4_S[0]_CO[3])
                                                      0.313    77.362 r  dut/core1/execute_unit/u_fpu/u_divider/exp_norm0_inferred__4/i__carry/CO[3]
                         net (fo=1, routed)           0.000    77.362    dut/core1/execute_unit/u_fpu/u_divider/exp_norm0_inferred__4/i__carry_n_0
    SLICE_X23Y60         CARRY4 (Prop_carry4_CI_O[3])
                                                      0.179    77.541 f  dut/core1/execute_unit/u_fpu/u_divider/exp_norm0_inferred__4/i__carry__0/O[3]
                         net (fo=3, routed)           0.959    78.499    dut/core1/execute_unit/u_fpu/u_divider/exp_norm0_inferred__4/i__carry__0_n_4
    SLICE_X9Y61          LUT6 (Prop_lut6_I2_O)        0.142    78.641 f  dut/core1/execute_unit/u_fpu/u_divider/i__carry_i_10__36/O
                         net (fo=1, routed)           0.294    78.935    dut/core1/execute_unit/u_fpu/u_divider/i__carry_i_10__36_n_0
    SLICE_X9Y62          LUT6 (Prop_lut6_I1_O)        0.053    78.988 r  dut/core1/execute_unit/u_fpu/u_divider/i__carry_i_8__44/O
                         net (fo=4, routed)           0.417    79.405    dut/core1/execute_unit/u_fpu/u_divider/i__carry_i_8__44_n_0
    SLICE_X9Y63          LUT4 (Prop_lut4_I3_O)        0.053    79.458 r  dut/core1/execute_unit/u_fpu/u_divider/i__carry_i_5__44/O
                         net (fo=26, routed)          0.454    79.912    dut/core1/execute_unit/u_fpu/u_divider/i__carry_i_5__44_n_0
    SLICE_X7Y61          LUT2 (Prop_lut2_I1_O)        0.053    79.965 r  dut/core1/execute_unit/u_fpu/u_divider/i__carry_i_4__33/O
                         net (fo=1, routed)           0.000    79.965    dut/core1/execute_unit/u_fpu/u_divider/i__carry_i_4__33_n_0
    SLICE_X7Y61          CARRY4 (Prop_carry4_S[0]_CO[3])
                                                      0.313    80.278 r  dut/core1/execute_unit/u_fpu/u_divider/exp_norm0_inferred__5/i__carry/CO[3]
                         net (fo=1, routed)           0.000    80.278    dut/core1/execute_unit/u_fpu/u_divider/exp_norm0_inferred__5/i__carry_n_0
    SLICE_X7Y62          CARRY4 (Prop_carry4_CI_CO[3])
                                                      0.058    80.336 r  dut/core1/execute_unit/u_fpu/u_divider/exp_norm0_inferred__5/i__carry__0/CO[3]
                         net (fo=1, routed)           0.000    80.336    dut/core1/execute_unit/u_fpu/u_divider/exp_norm0_inferred__5/i__carry__0_n_0
    SLICE_X7Y63          CARRY4 (Prop_carry4_CI_O[1])
                                                      0.213    80.549 f  dut/core1/execute_unit/u_fpu/u_divider/exp_norm0_inferred__5/i__carry__1/O[1]
                         net (fo=3, routed)           0.768    81.318    dut/core1/execute_unit/u_fpu/u_divider/exp_norm0_inferred__5/i__carry__1_n_6
    SLICE_X5Y62          LUT6 (Prop_lut6_I3_O)        0.152    81.470 r  dut/core1/execute_unit/u_fpu/u_divider/i__carry_i_7__44/O
                         net (fo=1, routed)           0.607    82.076    dut/core1/execute_unit/u_fpu/u_divider/i__carry_i_7__44_n_0
    SLICE_X9Y63          LUT6 (Prop_lut6_I5_O)        0.053    82.129 r  dut/core1/execute_unit/u_fpu/u_divider/i__carry_i_5__43/O
                         net (fo=27, routed)          0.480    82.610    dut/core1/execute_unit/u_fpu/u_divider/i__carry_i_5__43_n_0
    SLICE_X6Y63          LUT2 (Prop_lut2_I1_O)        0.053    82.663 r  dut/core1/execute_unit/u_fpu/u_divider/i__carry_i_4__34/O
                         net (fo=1, routed)           0.000    82.663    dut/core1/execute_unit/u_fpu/u_divider/i__carry_i_4__34_n_0
    SLICE_X6Y63          CARRY4 (Prop_carry4_S[0]_CO[3])
                                                      0.297    82.960 r  dut/core1/execute_unit/u_fpu/u_divider/exp_norm0_inferred__6/i__carry/CO[3]
                         net (fo=1, routed)           0.000    82.960    dut/core1/execute_unit/u_fpu/u_divider/exp_norm0_inferred__6/i__carry_n_0
    SLICE_X6Y64          CARRY4 (Prop_carry4_CI_O[0])
                                                      0.135    83.095 f  dut/core1/execute_unit/u_fpu/u_divider/exp_norm0_inferred__6/i__carry__0/O[0]
                         net (fo=3, routed)           0.609    83.704    dut/core1/execute_unit/u_fpu/u_divider/exp_norm0_inferred__6/i__carry__0_n_7
    SLICE_X7Y64          LUT6 (Prop_lut6_I4_O)        0.153    83.857 f  dut/core1/execute_unit/u_fpu/u_divider/i__carry_i_13__26/O
                         net (fo=1, routed)           0.298    84.155    dut/core1/execute_unit/u_fpu/u_divider/i__carry_i_13__26_n_0
    SLICE_X7Y65          LUT6 (Prop_lut6_I1_O)        0.053    84.208 r  dut/core1/execute_unit/u_fpu/u_divider/i__carry_i_9__31/O
                         net (fo=4, routed)           0.451    84.659    dut/core1/execute_unit/u_fpu/u_divider/i__carry_i_9__31_n_0
    SLICE_X9Y65          LUT6 (Prop_lut6_I5_O)        0.053    84.712 r  dut/core1/execute_unit/u_fpu/u_divider/i__carry_i_5__42/O
                         net (fo=27, routed)          0.697    85.409    dut/core1/execute_unit/u_fpu/u_divider/i__carry_i_5__42_n_0
    SLICE_X5Y63          LUT2 (Prop_lut2_I1_O)        0.053    85.462 r  dut/core1/execute_unit/u_fpu/u_divider/i__carry_i_4__35/O
                         net (fo=1, routed)           0.000    85.462    dut/core1/execute_unit/u_fpu/u_divider/i__carry_i_4__35_n_0
    SLICE_X5Y63          CARRY4 (Prop_carry4_S[0]_CO[3])
                                                      0.313    85.775 r  dut/core1/execute_unit/u_fpu/u_divider/exp_norm0_inferred__7/i__carry/CO[3]
                         net (fo=1, routed)           0.000    85.775    dut/core1/execute_unit/u_fpu/u_divider/exp_norm0_inferred__7/i__carry_n_0
    SLICE_X5Y64          CARRY4 (Prop_carry4_CI_O[0])
                                                      0.139    85.914 f  dut/core1/execute_unit/u_fpu/u_divider/exp_norm0_inferred__7/i__carry__0/O[0]
                         net (fo=3, routed)           0.587    86.500    dut/core1/execute_unit/u_fpu/u_divider/exp_norm0_inferred__7/i__carry__0_n_7
    SLICE_X3Y64          LUT6 (Prop_lut6_I4_O)        0.155    86.655 f  dut/core1/execute_unit/u_fpu/u_divider/i__carry_i_10__37/O
                         net (fo=1, routed)           0.566    87.222    dut/core1/execute_unit/u_fpu/u_divider/i__carry_i_10__37_n_0
    SLICE_X7Y65          LUT6 (Prop_lut6_I1_O)        0.053    87.275 r  dut/core1/execute_unit/u_fpu/u_divider/i__carry_i_8__45/O
                         net (fo=2, routed)           0.303    87.577    dut/core1/execute_unit/u_fpu/u_divider/i__carry_i_8__45_n_0
    SLICE_X7Y66          LUT4 (Prop_lut4_I3_O)        0.053    87.630 r  dut/core1/execute_unit/u_fpu/u_divider/i__carry_i_5__41/O
                         net (fo=29, routed)          0.803    88.434    dut/core1/execute_unit/u_fpu/u_divider/i__carry_i_5__41_n_0
    SLICE_X4Y63          LUT2 (Prop_lut2_I1_O)        0.053    88.487 r  dut/core1/execute_unit/u_fpu/u_divider/i__carry_i_4__36/O
                         net (fo=1, routed)           0.000    88.487    dut/core1/execute_unit/u_fpu/u_divider/i__carry_i_4__36_n_0
    SLICE_X4Y63          CARRY4 (Prop_carry4_S[0]_CO[3])
                                                      0.297    88.784 r  dut/core1/execute_unit/u_fpu/u_divider/exp_norm0_inferred__8/i__carry/CO[3]
                         net (fo=1, routed)           0.000    88.784    dut/core1/execute_unit/u_fpu/u_divider/exp_norm0_inferred__8/i__carry_n_0
    SLICE_X4Y64          CARRY4 (Prop_carry4_CI_O[2])
                                                      0.137    88.921 f  dut/core1/execute_unit/u_fpu/u_divider/exp_norm0_inferred__8/i__carry__0/O[2]
                         net (fo=3, routed)           0.735    89.655    dut/core1/execute_unit/u_fpu/u_divider/exp_norm0_inferred__8/i__carry__0_n_5
    SLICE_X5Y62          LUT6 (Prop_lut6_I1_O)        0.152    89.807 f  dut/core1/execute_unit/u_fpu/u_divider/i__carry_i_9__32/O
                         net (fo=1, routed)           0.457    90.264    dut/core1/execute_unit/u_fpu/u_divider/i__carry_i_9__32_n_0
    SLICE_X5Y62          LUT6 (Prop_lut6_I1_O)        0.053    90.317 r  dut/core1/execute_unit/u_fpu/u_divider/i__carry_i_7__45/O
                         net (fo=3, routed)           0.658    90.975    dut/core1/execute_unit/u_fpu/u_divider/i__carry_i_7__45_n_0
    SLICE_X7Y66          LUT6 (Prop_lut6_I5_O)        0.053    91.028 r  dut/core1/execute_unit/u_fpu/u_divider/i__carry_i_5__40/O
                         net (fo=26, routed)          0.619    91.648    dut/core1/execute_unit/u_fpu/u_divider/i__carry_i_5__40_n_0
    SLICE_X2Y63          LUT2 (Prop_lut2_I1_O)        0.053    91.701 r  dut/core1/execute_unit/u_fpu/u_divider/i__carry_i_4__37/O
                         net (fo=1, routed)           0.000    91.701    dut/core1/execute_unit/u_fpu/u_divider/i__carry_i_4__37_n_0
    SLICE_X2Y63          CARRY4 (Prop_carry4_S[0]_CO[3])
                                                      0.297    91.998 r  dut/core1/execute_unit/u_fpu/u_divider/exp_norm0_inferred__9/i__carry/CO[3]
                         net (fo=1, routed)           0.000    91.998    dut/core1/execute_unit/u_fpu/u_divider/exp_norm0_inferred__9/i__carry_n_0
    SLICE_X2Y64          CARRY4 (Prop_carry4_CI_O[3])
                                                      0.181    92.179 f  dut/core1/execute_unit/u_fpu/u_divider/exp_norm0_inferred__9/i__carry__0/O[3]
                         net (fo=3, routed)           1.025    93.204    dut/core1/execute_unit/u_fpu/u_divider/exp_norm0_inferred__9/i__carry__0_n_4
    SLICE_X3Y64          LUT6 (Prop_lut6_I4_O)        0.142    93.346 r  dut/core1/execute_unit/u_fpu/u_divider/i__carry_i_9__33/O
                         net (fo=1, routed)           0.727    94.073    dut/core1/execute_unit/u_fpu/u_divider/i__carry_i_9__33_n_0
    SLICE_X9Y66          LUT6 (Prop_lut6_I5_O)        0.053    94.126 r  dut/core1/execute_unit/u_fpu/u_divider/i__carry_i_5__39/O
                         net (fo=30, routed)          1.062    95.188    dut/core1/execute_unit/u_fpu/u_divider/i__carry_i_5__39_n_0
    SLICE_X1Y62          LUT2 (Prop_lut2_I1_O)        0.053    95.241 r  dut/core1/execute_unit/u_fpu/u_divider/i__carry_i_4__38/O
                         net (fo=1, routed)           0.000    95.241    dut/core1/execute_unit/u_fpu/u_divider/i__carry_i_4__38_n_0
    SLICE_X1Y62          CARRY4 (Prop_carry4_S[0]_CO[3])
                                                      0.313    95.554 r  dut/core1/execute_unit/u_fpu/u_divider/exp_norm0_inferred__10/i__carry/CO[3]
                         net (fo=1, routed)           0.000    95.554    dut/core1/execute_unit/u_fpu/u_divider/exp_norm0_inferred__10/i__carry_n_0
    SLICE_X1Y63          CARRY4 (Prop_carry4_CI_O[1])
                                                      0.213    95.767 f  dut/core1/execute_unit/u_fpu/u_divider/exp_norm0_inferred__10/i__carry__0/O[1]
                         net (fo=3, routed)           0.836    96.602    dut/core1/execute_unit/u_fpu/u_divider/exp_norm0_inferred__10/i__carry__0_n_6
    SLICE_X0Y60          LUT6 (Prop_lut6_I0_O)        0.152    96.754 f  dut/core1/execute_unit/u_fpu/u_divider/i__carry_i_10__38/O
                         net (fo=1, routed)           0.593    97.348    dut/core1/execute_unit/u_fpu/u_divider/i__carry_i_10__38_n_0
    SLICE_X1Y61          LUT6 (Prop_lut6_I1_O)        0.053    97.401 r  dut/core1/execute_unit/u_fpu/u_divider/i__carry_i_8__46/O
                         net (fo=4, routed)           0.973    98.374    dut/core1/execute_unit/u_fpu/u_divider/i__carry_i_8__46_n_0
    SLICE_X9Y65          LUT4 (Prop_lut4_I3_O)        0.053    98.427 r  dut/core1/execute_unit/u_fpu/u_divider/i__carry_i_5__38/O
                         net (fo=27, routed)          1.042    99.468    dut/core1/execute_unit/u_fpu/u_divider/i__carry_i_5__38_n_0
    SLICE_X1Y57          LUT2 (Prop_lut2_I1_O)        0.053    99.521 r  dut/core1/execute_unit/u_fpu/u_divider/i__carry_i_4__39/O
                         net (fo=1, routed)           0.000    99.521    dut/core1/execute_unit/u_fpu/u_divider/i__carry_i_4__39_n_0
    SLICE_X1Y57          CARRY4 (Prop_carry4_S[0]_CO[3])
                                                      0.313    99.834 r  dut/core1/execute_unit/u_fpu/u_divider/exp_norm0_inferred__11/i__carry/CO[3]
                         net (fo=1, routed)           0.000    99.834    dut/core1/execute_unit/u_fpu/u_divider/exp_norm0_inferred__11/i__carry_n_0
    SLICE_X1Y58          CARRY4 (Prop_carry4_CI_O[2])
                                                      0.136    99.970 f  dut/core1/execute_unit/u_fpu/u_divider/exp_norm0_inferred__11/i__carry__0/O[2]
                         net (fo=3, routed)           0.656   100.627    dut/core1/execute_unit/u_fpu/u_divider/exp_norm0_inferred__11/i__carry__0_n_5
    SLICE_X0Y59          LUT6 (Prop_lut6_I2_O)        0.152   100.779 f  dut/core1/execute_unit/u_fpu/u_divider/i__carry_i_9__34/O
                         net (fo=1, routed)           0.459   101.238    dut/core1/execute_unit/u_fpu/u_divider/i__carry_i_9__34_n_0
    SLICE_X0Y59          LUT6 (Prop_lut6_I1_O)        0.053   101.291 r  dut/core1/execute_unit/u_fpu/u_divider/i__carry_i_7__46/O
                         net (fo=1, routed)           0.617   101.908    dut/core1/execute_unit/u_fpu/u_divider/i__carry_i_7__46_n_0
    SLICE_X7Y64          LUT6 (Prop_lut6_I5_O)        0.053   101.961 r  dut/core1/execute_unit/u_fpu/u_divider/i__carry_i_5__37/O
                         net (fo=28, routed)          1.410   103.370    dut/core1/execute_unit/u_fpu/u_divider/i__carry_i_5__37_n_0
    SLICE_X2Y57          LUT2 (Prop_lut2_I1_O)        0.053   103.423 r  dut/core1/execute_unit/u_fpu/u_divider/i__carry_i_4__40/O
                         net (fo=1, routed)           0.000   103.423    dut/core1/execute_unit/u_fpu/u_divider/i__carry_i_4__40_n_0
    SLICE_X2Y57          CARRY4 (Prop_carry4_S[0]_CO[3])
                                                      0.297   103.720 r  dut/core1/execute_unit/u_fpu/u_divider/exp_norm0_inferred__12/i__carry/CO[3]
                         net (fo=1, routed)           0.000   103.720    dut/core1/execute_unit/u_fpu/u_divider/exp_norm0_inferred__12/i__carry_n_0
    SLICE_X2Y58          CARRY4 (Prop_carry4_CI_CO[3])
                                                      0.060   103.780 r  dut/core1/execute_unit/u_fpu/u_divider/exp_norm0_inferred__12/i__carry__0/CO[3]
                         net (fo=1, routed)           0.000   103.780    dut/core1/execute_unit/u_fpu/u_divider/exp_norm0_inferred__12/i__carry__0_n_0
    SLICE_X2Y59          CARRY4 (Prop_carry4_CI_O[0])
                                                      0.135   103.915 f  dut/core1/execute_unit/u_fpu/u_divider/exp_norm0_inferred__12/i__carry__1/O[0]
                         net (fo=3, routed)           0.676   104.592    dut/core1/execute_unit/u_fpu/u_divider/exp_norm0_inferred__12/i__carry__1_n_7
    SLICE_X3Y56          LUT6 (Prop_lut6_I1_O)        0.153   104.745 f  dut/core1/execute_unit/u_fpu/u_divider/i__carry_i_11__34/O
                         net (fo=1, routed)           0.462   105.206    dut/core1/execute_unit/u_fpu/u_divider/i__carry_i_11__34_n_0
    SLICE_X3Y56          LUT6 (Prop_lut6_I1_O)        0.053   105.259 r  dut/core1/execute_unit/u_fpu/u_divider/i__carry_i_9__35/O
                         net (fo=4, routed)           0.896   106.155    dut/core1/execute_unit/u_fpu/u_divider/i__carry_i_9__35_n_0
    SLICE_X9Y62          LUT6 (Prop_lut6_I5_O)        0.053   106.208 r  dut/core1/execute_unit/u_fpu/u_divider/i__carry_i_5__36/O
                         net (fo=27, routed)          0.984   107.192    dut/core1/execute_unit/u_fpu/u_divider/i__carry_i_5__36_n_0
    SLICE_X3Y57          LUT2 (Prop_lut2_I1_O)        0.053   107.245 r  dut/core1/execute_unit/u_fpu/u_divider/i__carry_i_4__41/O
                         net (fo=1, routed)           0.000   107.245    dut/core1/execute_unit/u_fpu/u_divider/i__carry_i_4__41_n_0
    SLICE_X3Y57          CARRY4 (Prop_carry4_S[0]_CO[3])
                                                      0.313   107.558 r  dut/core1/execute_unit/u_fpu/u_divider/exp_norm0_inferred__13/i__carry/CO[3]
                         net (fo=1, routed)           0.000   107.558    dut/core1/execute_unit/u_fpu/u_divider/exp_norm0_inferred__13/i__carry_n_0
    SLICE_X3Y58          CARRY4 (Prop_carry4_CI_O[2])
                                                      0.136   107.694 f  dut/core1/execute_unit/u_fpu/u_divider/exp_norm0_inferred__13/i__carry__0/O[2]
                         net (fo=3, routed)           0.708   108.402    dut/core1/execute_unit/u_fpu/u_divider/exp_norm0_inferred__13/i__carry__0_n_5
    SLICE_X2Y56          LUT6 (Prop_lut6_I1_O)        0.152   108.554 f  dut/core1/execute_unit/u_fpu/u_divider/i__carry_i_10__39/O
                         net (fo=1, routed)           0.689   109.243    dut/core1/execute_unit/u_fpu/u_divider/i__carry_i_10__39_n_0
    SLICE_X0Y59          LUT6 (Prop_lut6_I1_O)        0.053   109.296 r  dut/core1/execute_unit/u_fpu/u_divider/i__carry_i_8__47/O
                         net (fo=2, routed)           0.591   109.888    dut/core1/execute_unit/u_fpu/u_divider/i__carry_i_8__47_n_0
    SLICE_X9Y61          LUT4 (Prop_lut4_I3_O)        0.053   109.941 r  dut/core1/execute_unit/u_fpu/u_divider/i__carry_i_5__35/O
                         net (fo=29, routed)          0.901   110.842    dut/core1/execute_unit/u_fpu/u_divider/i__carry_i_5__35_n_0
    SLICE_X0Y56          LUT2 (Prop_lut2_I1_O)        0.053   110.895 r  dut/core1/execute_unit/u_fpu/u_divider/i__carry_i_4__42/O
                         net (fo=1, routed)           0.000   110.895    dut/core1/execute_unit/u_fpu/u_divider/i__carry_i_4__42_n_0
    SLICE_X0Y56          CARRY4 (Prop_carry4_S[0]_CO[3])
                                                      0.297   111.192 r  dut/core1/execute_unit/u_fpu/u_divider/exp_norm0_inferred__14/i__carry/CO[3]
                         net (fo=1, routed)           0.000   111.192    dut/core1/execute_unit/u_fpu/u_divider/exp_norm0_inferred__14/i__carry_n_0
    SLICE_X0Y57          CARRY4 (Prop_carry4_CI_O[3])
                                                      0.181   111.373 f  dut/core1/execute_unit/u_fpu/u_divider/exp_norm0_inferred__14/i__carry__0/O[3]
                         net (fo=3, routed)           1.130   112.504    dut/core1/execute_unit/u_fpu/u_divider/exp_norm0_inferred__14/i__carry__0_n_4
    SLICE_X2Y56          LUT6 (Prop_lut6_I2_O)        0.142   112.646 f  dut/core1/execute_unit/u_fpu/u_divider/i__carry_i_9__36/O
                         net (fo=1, routed)           0.545   113.191    dut/core1/execute_unit/u_fpu/u_divider/i__carry_i_9__36_n_0
    SLICE_X0Y59          LUT6 (Prop_lut6_I1_O)        0.053   113.244 r  dut/core1/execute_unit/u_fpu/u_divider/i__carry_i_7__47/O
                         net (fo=3, routed)           0.535   113.779    dut/core1/execute_unit/u_fpu/u_divider/i__carry_i_7__47_n_0
    SLICE_X9Y61          LUT6 (Prop_lut6_I5_O)        0.053   113.832 r  dut/core1/execute_unit/u_fpu/u_divider/i__carry_i_5__34/O
                         net (fo=26, routed)          1.274   115.105    dut/core1/execute_unit/u_fpu/u_divider/i__carry_i_5__34_n_0
    SLICE_X1Y54          LUT2 (Prop_lut2_I1_O)        0.053   115.158 r  dut/core1/execute_unit/u_fpu/u_divider/i__carry_i_4__43/O
                         net (fo=1, routed)           0.000   115.158    dut/core1/execute_unit/u_fpu/u_divider/i__carry_i_4__43_n_0
    SLICE_X1Y54          CARRY4 (Prop_carry4_S[0]_O[2])
                                                      0.323   115.481 f  dut/core1/execute_unit/u_fpu/u_divider/exp_norm0_inferred__15/i__carry/O[2]
                         net (fo=3, routed)           1.032   116.513    dut/core1/execute_unit/u_fpu/u_divider/exp_norm0_inferred__15/i__carry_n_5
    SLICE_X2Y56          LUT6 (Prop_lut6_I4_O)        0.152   116.665 f  dut/core1/execute_unit/u_fpu/u_divider/i__carry_i_11__35/O
                         net (fo=1, routed)           0.327   116.993    dut/core1/execute_unit/u_fpu/u_divider/i__carry_i_11__35_n_0
    SLICE_X2Y56          LUT6 (Prop_lut6_I1_O)        0.053   117.046 r  dut/core1/execute_unit/u_fpu/u_divider/i__carry_i_9__37/O
                         net (fo=4, routed)           0.904   117.950    dut/core1/execute_unit/u_fpu/u_divider/i__carry_i_9__37_n_0
    SLICE_X10Y57         LUT6 (Prop_lut6_I5_O)        0.053   118.003 r  dut/core1/execute_unit/u_fpu/u_divider/i__carry_i_5__33/O
                         net (fo=28, routed)          1.159   119.162    dut/core1/execute_unit/u_fpu/u_divider/i__carry_i_5__33_n_0
    SLICE_X0Y53          LUT2 (Prop_lut2_I1_O)        0.053   119.215 r  dut/core1/execute_unit/u_fpu/u_divider/i__carry_i_4__44/O
                         net (fo=1, routed)           0.000   119.215    dut/core1/execute_unit/u_fpu/u_divider/i__carry_i_4__44_n_0
    SLICE_X0Y53          CARRY4 (Prop_carry4_S[0]_CO[3])
                                                      0.297   119.512 r  dut/core1/execute_unit/u_fpu/u_divider/exp_norm0_inferred__16/i__carry/CO[3]
                         net (fo=1, routed)           0.000   119.512    dut/core1/execute_unit/u_fpu/u_divider/exp_norm0_inferred__16/i__carry_n_0
    SLICE_X0Y54          CARRY4 (Prop_carry4_CI_O[2])
                                                      0.137   119.649 f  dut/core1/execute_unit/u_fpu/u_divider/exp_norm0_inferred__16/i__carry__0/O[2]
                         net (fo=3, routed)           0.700   120.349    dut/core1/execute_unit/u_fpu/u_divider/exp_norm0_inferred__16/i__carry__0_n_5
    SLICE_X2Y52          LUT6 (Prop_lut6_I1_O)        0.152   120.501 f  dut/core1/execute_unit/u_fpu/u_divider/i__carry_i_10__40/O
                         net (fo=1, routed)           0.672   121.173    dut/core1/execute_unit/u_fpu/u_divider/i__carry_i_10__40_n_0
    SLICE_X3Y56          LUT6 (Prop_lut6_I1_O)        0.053   121.226 r  dut/core1/execute_unit/u_fpu/u_divider/i__carry_i_8__48/O
                         net (fo=4, routed)           0.935   122.161    dut/core1/execute_unit/u_fpu/u_divider/i__carry_i_8__48_n_0
    SLICE_X10Y57         LUT4 (Prop_lut4_I3_O)        0.053   122.214 r  dut/core1/execute_unit/u_fpu/u_divider/i__carry_i_5__32/O
                         net (fo=28, routed)          1.307   123.521    dut/core1/execute_unit/u_fpu/u_divider/i__carry_i_5__32_n_0
    SLICE_X2Y53          LUT2 (Prop_lut2_I1_O)        0.053   123.574 r  dut/core1/execute_unit/u_fpu/u_divider/i__carry_i_4__45/O
                         net (fo=1, routed)           0.000   123.574    dut/core1/execute_unit/u_fpu/u_divider/i__carry_i_4__45_n_0
    SLICE_X2Y53          CARRY4 (Prop_carry4_S[0]_CO[3])
                                                      0.297   123.871 r  dut/core1/execute_unit/u_fpu/u_divider/exp_norm0_inferred__17/i__carry/CO[3]
                         net (fo=1, routed)           0.000   123.871    dut/core1/execute_unit/u_fpu/u_divider/exp_norm0_inferred__17/i__carry_n_0
    SLICE_X2Y54          CARRY4 (Prop_carry4_CI_O[3])
                                                      0.181   124.052 f  dut/core1/execute_unit/u_fpu/u_divider/exp_norm0_inferred__17/i__carry__0/O[3]
                         net (fo=3, routed)           0.679   124.731    dut/core1/execute_unit/u_fpu/u_divider/exp_norm0_inferred__17/i__carry__0_n_4
    SLICE_X2Y52          LUT6 (Prop_lut6_I2_O)        0.142   124.873 f  dut/core1/execute_unit/u_fpu/u_divider/i__carry_i_9__38/O
                         net (fo=1, routed)           0.859   125.732    dut/core1/execute_unit/u_fpu/u_divider/i__carry_i_9__38_n_0
    SLICE_X3Y56          LUT6 (Prop_lut6_I1_O)        0.053   125.785 r  dut/core1/execute_unit/u_fpu/u_divider/i__carry_i_7__48/O
                         net (fo=3, routed)           0.602   126.387    dut/core1/execute_unit/u_fpu/u_divider/i__carry_i_7__48_n_0
    SLICE_X7Y60          LUT6 (Prop_lut6_I5_O)        0.053   126.440 r  dut/core1/execute_unit/u_fpu/u_divider/i__carry_i_5__31/O
                         net (fo=26, routed)          1.241   127.682    dut/core1/execute_unit/u_fpu/u_divider/i__carry_i_5__31_n_0
    SLICE_X3Y53          LUT2 (Prop_lut2_I1_O)        0.053   127.735 r  dut/core1/execute_unit/u_fpu/u_divider/i__carry_i_4__46/O
                         net (fo=1, routed)           0.000   127.735    dut/core1/execute_unit/u_fpu/u_divider/i__carry_i_4__46_n_0
    SLICE_X3Y53          CARRY4 (Prop_carry4_S[0]_O[3])
                                                      0.357   128.092 f  dut/core1/execute_unit/u_fpu/u_divider/exp_norm0_inferred__18/i__carry/O[3]
                         net (fo=3, routed)           1.037   129.128    dut/core1/execute_unit/u_fpu/u_divider/exp_norm0_inferred__18/i__carry_n_4
    SLICE_X13Y53         LUT6 (Prop_lut6_I3_O)        0.142   129.270 f  dut/core1/execute_unit/u_fpu/u_divider/i__carry_i_11__36/O
                         net (fo=1, routed)           0.306   129.577    dut/core1/execute_unit/u_fpu/u_divider/i__carry_i_11__36_n_0
    SLICE_X13Y53         LUT6 (Prop_lut6_I1_O)        0.053   129.630 r  dut/core1/execute_unit/u_fpu/u_divider/i__carry_i_9__39/O
                         net (fo=5, routed)           0.670   130.299    dut/core1/execute_unit/u_fpu/u_divider/i__carry_i_9__39_n_0
    SLICE_X13Y57         LUT6 (Prop_lut6_I5_O)        0.053   130.352 r  dut/core1/execute_unit/u_fpu/u_divider/i__carry_i_5__30/O
                         net (fo=26, routed)          0.908   131.261    dut/core1/execute_unit/u_fpu/u_divider/i__carry_i_5__30_n_0
    SLICE_X15Y49         LUT2 (Prop_lut2_I1_O)        0.053   131.314 r  dut/core1/execute_unit/u_fpu/u_divider/i__carry_i_4__47/O
                         net (fo=1, routed)           0.000   131.314    dut/core1/execute_unit/u_fpu/u_divider/i__carry_i_4__47_n_0
    SLICE_X15Y49         CARRY4 (Prop_carry4_S[0]_CO[3])
                                                      0.313   131.627 r  dut/core1/execute_unit/u_fpu/u_divider/exp_norm0_inferred__19/i__carry/CO[3]
                         net (fo=1, routed)           0.001   131.627    dut/core1/execute_unit/u_fpu/u_divider/exp_norm0_inferred__19/i__carry_n_0
    SLICE_X15Y50         CARRY4 (Prop_carry4_CI_O[2])
                                                      0.136   131.763 f  dut/core1/execute_unit/u_fpu/u_divider/exp_norm0_inferred__19/i__carry__0/O[2]
                         net (fo=3, routed)           0.961   132.725    dut/core1/execute_unit/u_fpu/u_divider/exp_norm0_inferred__19/i__carry__0_n_5
    SLICE_X25Y50         LUT6 (Prop_lut6_I1_O)        0.152   132.877 f  dut/core1/execute_unit/u_fpu/u_divider/i__carry_i_9__40/O
                         net (fo=1, routed)           0.600   133.477    dut/core1/execute_unit/u_fpu/u_divider/i__carry_i_9__40_n_0
    SLICE_X25Y49         LUT6 (Prop_lut6_I1_O)        0.053   133.530 r  dut/core1/execute_unit/u_fpu/u_divider/i__carry_i_6__49/O
                         net (fo=6, routed)           0.764   134.294    dut/core1/execute_unit/u_fpu/u_divider/i__carry_i_6__49_n_0
    SLICE_X24Y55         LUT4 (Prop_lut4_I0_O)        0.053   134.347 r  dut/core1/execute_unit/u_fpu/u_divider/i__carry_i_5__29/O
                         net (fo=24, routed)          1.405   135.751    dut/core1/execute_unit/u_fpu/u_divider/i__carry_i_5__29_n_0
    SLICE_X24Y49         LUT2 (Prop_lut2_I1_O)        0.053   135.804 r  dut/core1/execute_unit/u_fpu/u_divider/i__carry_i_4__48/O
                         net (fo=1, routed)           0.000   135.804    dut/core1/execute_unit/u_fpu/u_divider/i__carry_i_4__48_n_0
    SLICE_X24Y49         CARRY4 (Prop_carry4_S[0]_CO[3])
                                                      0.313   136.117 r  dut/core1/execute_unit/u_fpu/u_divider/exp_norm0_inferred__20/i__carry/CO[3]
                         net (fo=1, routed)           0.001   136.118    dut/core1/execute_unit/u_fpu/u_divider/exp_norm0_inferred__20/i__carry_n_0
    SLICE_X24Y50         CARRY4 (Prop_carry4_CI_CO[3])
                                                      0.058   136.176 r  dut/core1/execute_unit/u_fpu/u_divider/exp_norm0_inferred__20/i__carry__0/CO[3]
                         net (fo=1, routed)           0.000   136.176    dut/core1/execute_unit/u_fpu/u_divider/exp_norm0_inferred__20/i__carry__0_n_0
    SLICE_X24Y51         CARRY4 (Prop_carry4_CI_O[0])
                                                      0.139   136.315 r  dut/core1/execute_unit/u_fpu/u_divider/exp_norm0_inferred__20/i__carry__1/O[0]
                         net (fo=3, routed)           0.557   136.872    dut/core1/execute_unit/u_fpu/u_divider/exp_norm0_inferred__20/i__carry__1_n_7
    SLICE_X25Y50         LUT6 (Prop_lut6_I1_O)        0.155   137.027 r  dut/core1/execute_unit/u_fpu/u_divider/i__carry_i_9__41/O
                         net (fo=1, routed)           0.131   137.158    dut/core1/execute_unit/u_fpu/u_divider/i__carry_i_9__41_n_0
    SLICE_X25Y50         LUT6 (Prop_lut6_I1_O)        0.053   137.211 f  dut/core1/execute_unit/u_fpu/u_divider/i__carry_i_7__49/O
                         net (fo=12, routed)          0.702   137.913    dut/core1/execute_unit/u_fpu/u_divider/i__carry_i_7__49_n_0
    SLICE_X25Y55         LUT2 (Prop_lut2_I1_O)        0.053   137.966 r  dut/core1/execute_unit/u_fpu/u_divider/i__carry_i_5__28/O
                         net (fo=24, routed)          1.229   139.196    dut/core1/execute_unit/u_fpu/u_divider/i__carry_i_5__28_n_0
    SLICE_X27Y49         LUT2 (Prop_lut2_I1_O)        0.053   139.249 r  dut/core1/execute_unit/u_fpu/u_divider/i__carry_i_4__49/O
                         net (fo=1, routed)           0.000   139.249    dut/core1/execute_unit/u_fpu/u_divider/i__carry_i_4__49_n_0
    SLICE_X27Y49         CARRY4 (Prop_carry4_S[0]_O[3])
                                                      0.357   139.606 f  dut/core1/execute_unit/u_fpu/u_divider/exp_norm0_inferred__21/i__carry/O[3]
                         net (fo=5, routed)           1.187   140.793    dut/core1/execute_unit/u_fpu/u_divider/exp_norm0_inferred__21/i__carry_n_4
    SLICE_X40Y50         LUT6 (Prop_lut6_I4_O)        0.142   140.935 r  dut/core1/execute_unit/u_fpu/u_divider/out_res[30]_i_10__0/O
                         net (fo=8, routed)           0.921   141.856    dut/core1/execute_unit/u_fpu/u_divider/out_res[30]_i_10__0_n_0
    SLICE_X41Y50         LUT6 (Prop_lut6_I3_O)        0.053   141.909 r  dut/core1/execute_unit/u_fpu/u_divider/out_res[30]_i_21__0/O
                         net (fo=9, routed)           1.017   142.925    dut/core1/execute_unit/u_fpu/u_divider/out_res[30]_i_21__0_n_0
    SLICE_X25Y54         LUT6 (Prop_lut6_I5_O)        0.053   142.978 r  dut/core1/execute_unit/u_fpu/u_divider/out_res[30]_i_9__0/O
                         net (fo=33, routed)          1.702   144.680    dut/core1/execute_unit/u_fpu/u_divider/out_res[30]_i_9__0_n_0
    SLICE_X41Y47         LUT5 (Prop_lut5_I2_O)        0.067   144.747 r  dut/core1/execute_unit/u_fpu/u_divider/out_res[29]_i_4__0/O
                         net (fo=2, routed)           0.649   145.397    dut/core1/execute_unit/u_fpu/u_divider/out_res[29]_i_4__0_n_0
    SLICE_X40Y46         LUT6 (Prop_lut6_I2_O)        0.170   145.567 r  dut/core1/execute_unit/u_fpu/u_divider/out_res[22]_i_3__0/O
                         net (fo=23, routed)          1.103   146.670    dut/core1/execute_unit/u_fpu/u_divider/out_res[22]_i_3__0_n_0
    SLICE_X28Y48         LUT6 (Prop_lut6_I3_O)        0.053   146.723 r  dut/core1/execute_unit/u_fpu/u_divider/out_res[8]_i_1__1/O
                         net (fo=1, routed)           0.000   146.723    dut/core1/execute_unit/u_fpu/u_divider/out_res[8]_i_1__1_n_0
    SLICE_X28Y48         FDCE                                         r  dut/core1/execute_unit/u_fpu/u_divider/out_res_reg[8]/D
  -------------------------------------------------------------------    -------------------

Slack:                    inf
  Source:                 dut/core1/mem_wb/RD_F_W_reg[3]/C
                            (rising edge-triggered cell FDRE)
  Destination:            dut/core1/execute_unit/u_fpu/u_divider/out_res_reg[12]/D
  Path Group:             (none)
  Path Type:              Max at Slow Process Corner
  Data Path Delay:        146.668ns  (logic 36.885ns (25.149%)  route 109.783ns (74.851%))
  Logic Levels:           316  (CARRY4=196 FDRE=1 LUT1=1 LUT2=24 LUT3=22 LUT4=7 LUT5=4 LUT6=61)

    Location             Delay type                Incr(ns)  Path(ns)    Netlist Resource(s)
  -------------------------------------------------------------------    -------------------
    SLICE_X68Y33         FDRE                         0.000     0.000 r  dut/core1/mem_wb/RD_F_W_reg[3]/C
    SLICE_X68Y33         FDRE (Prop_fdre_C_Q)         0.269     0.269 r  dut/core1/mem_wb/RD_F_W_reg[3]/Q
                         net (fo=73, routed)          0.946     1.215    dut/core1/id_ex/RD_F_W[3]
    SLICE_X68Y39         LUT6 (Prop_lut6_I3_O)        0.053     1.268 r  dut/core1/id_ex/B_r[31]_i_7__0/O
                         net (fo=1, routed)           0.306     1.574    dut/core1/id_ex/B_r[31]_i_7__0_n_0
    SLICE_X68Y39         LUT5 (Prop_lut5_I0_O)        0.053     1.627 r  dut/core1/id_ex/B_r[31]_i_5__0/O
                         net (fo=2, routed)           0.951     2.578    dut/core1/mem_wb/ForwardBE1__0
    SLICE_X67Y37         LUT3 (Prop_lut3_I2_O)        0.053     2.631 r  dut/core1/mem_wb/B_r[31]_i_2__0/O
                         net (fo=34, routed)          2.427     5.058    dut/core1/mem_wb/ForwardBE_F[0]
    SLICE_X80Y10         LUT5 (Prop_lut5_I1_O)        0.053     5.111 f  dut/core1/mem_wb/forward_fb_mux/B_r[2]_i_1__0/O
                         net (fo=112, routed)         7.652    12.763    dut/core1/mem_wb/ALU_ResultM_reg[2]
    SLICE_X0Y23          LUT1 (Prop_lut1_I0_O)        0.053    12.816 r  dut/core1/mem_wb/u_divider/out_res[30]_i_685__0/O
                         net (fo=1, routed)           0.000    12.816    dut_n_1069
    SLICE_X0Y23          CARRY4 (Prop_carry4_S[2]_CO[3])
                                                      0.219    13.035 r  u_divider/out_res_reg[30]_i_633__0/CO[3]
                         net (fo=1, routed)           0.000    13.035    u_divider/out_res_reg[30]_i_633__0_n_0
    SLICE_X0Y24          CARRY4 (Prop_carry4_CI_CO[3])
                                                      0.060    13.095 r  u_divider/out_res_reg[30]_i_628__0/CO[3]
                         net (fo=1, routed)           0.008    13.103    u_divider/out_res_reg[30]_i_628__0_n_0
    SLICE_X0Y25          CARRY4 (Prop_carry4_CI_CO[3])
                                                      0.060    13.163 r  u_divider/out_res_reg[30]_i_623__0/CO[3]
                         net (fo=1, routed)           0.000    13.163    u_divider/out_res_reg[30]_i_623__0_n_0
    SLICE_X0Y26          CARRY4 (Prop_carry4_CI_CO[3])
                                                      0.060    13.223 r  u_divider/out_res_reg[30]_i_618__0/CO[3]
                         net (fo=1, routed)           0.000    13.223    u_divider/out_res_reg[30]_i_618__0_n_0
    SLICE_X0Y27          CARRY4 (Prop_carry4_CI_CO[3])
                                                      0.060    13.283 r  u_divider/out_res_reg[30]_i_613__0/CO[3]
                         net (fo=1, routed)           0.000    13.283    u_divider/out_res_reg[30]_i_613__0_n_0
    SLICE_X0Y28          CARRY4 (Prop_carry4_CI_CO[3])
                                                      0.060    13.343 r  u_divider/out_res_reg[30]_i_610__0/CO[3]
                         net (fo=1, routed)           0.000    13.343    u_divider/out_res_reg[30]_i_610__0_n_0
    SLICE_X0Y29          CARRY4 (Prop_carry4_CI_CO[0])
                                                      0.173    13.516 r  u_divider/out_res_reg[30]_i_609__0/CO[0]
                         net (fo=27, routed)          1.168    14.684    dut/core1/mem_wb/u_divider/out_res_reg[30]_i_601__0[0]
    SLICE_X1Y23          LUT3 (Prop_lut3_I0_O)        0.153    14.837 r  dut/core1/mem_wb/u_divider/out_res[30]_i_640__0/O
                         net (fo=1, routed)           0.000    14.837    dut_n_2166
    SLICE_X1Y23          CARRY4 (Prop_carry4_S[1]_CO[3])
                                                      0.324    15.161 r  u_divider/out_res_reg[30]_i_601__0/CO[3]
                         net (fo=1, routed)           0.000    15.161    u_divider/out_res_reg[30]_i_601__0_n_0
    SLICE_X1Y24          CARRY4 (Prop_carry4_CI_CO[3])
                                                      0.058    15.219 r  u_divider/out_res_reg[30]_i_596__0/CO[3]
                         net (fo=1, routed)           0.008    15.227    u_divider/out_res_reg[30]_i_596__0_n_0
    SLICE_X1Y25          CARRY4 (Prop_carry4_CI_CO[3])
                                                      0.058    15.285 r  u_divider/out_res_reg[30]_i_591__0/CO[3]
                         net (fo=1, routed)           0.000    15.285    u_divider/out_res_reg[30]_i_591__0_n_0
    SLICE_X1Y26          CARRY4 (Prop_carry4_CI_CO[3])
                                                      0.058    15.343 r  u_divider/out_res_reg[30]_i_586__0/CO[3]
                         net (fo=1, routed)           0.000    15.343    u_divider/out_res_reg[30]_i_586__0_n_0
    SLICE_X1Y27          CARRY4 (Prop_carry4_CI_CO[3])
                                                      0.058    15.401 r  u_divider/out_res_reg[30]_i_581__0/CO[3]
                         net (fo=1, routed)           0.000    15.401    u_divider/out_res_reg[30]_i_581__0_n_0
    SLICE_X1Y28          CARRY4 (Prop_carry4_CI_CO[3])
                                                      0.058    15.459 r  u_divider/out_res_reg[30]_i_578__0/CO[3]
                         net (fo=1, routed)           0.000    15.459    u_divider/out_res_reg[30]_i_578__0_n_0
    SLICE_X1Y29          CARRY4 (Prop_carry4_CI_CO[1])
                                                      0.094    15.553 r  u_divider/out_res_reg[30]_i_577__0/CO[1]
                         net (fo=27, routed)          0.974    16.527    u_divider/out_res_reg[30]_i_577__0_n_2
    SLICE_X2Y23          CARRY4 (Prop_carry4_CYINIT_CO[3])
                                                      0.458    16.985 r  u_divider/out_res_reg[30]_i_569__0/CO[3]
                         net (fo=1, routed)           0.000    16.985    u_divider/out_res_reg[30]_i_569__0_n_0
    SLICE_X2Y24          CARRY4 (Prop_carry4_CI_CO[3])
                                                      0.060    17.045 r  u_divider/out_res_reg[30]_i_564__0/CO[3]
                         net (fo=1, routed)           0.008    17.053    u_divider/out_res_reg[30]_i_564__0_n_0
    SLICE_X2Y25          CARRY4 (Prop_carry4_CI_CO[3])
                                                      0.060    17.113 r  u_divider/out_res_reg[30]_i_559__0/CO[3]
                         net (fo=1, routed)           0.000    17.113    u_divider/out_res_reg[30]_i_559__0_n_0
    SLICE_X2Y26          CARRY4 (Prop_carry4_CI_CO[3])
                                                      0.060    17.173 r  u_divider/out_res_reg[30]_i_554__0/CO[3]
                         net (fo=1, routed)           0.000    17.173    u_divider/out_res_reg[30]_i_554__0_n_0
    SLICE_X2Y27          CARRY4 (Prop_carry4_CI_CO[3])
                                                      0.060    17.233 r  u_divider/out_res_reg[30]_i_549__0/CO[3]
                         net (fo=1, routed)           0.000    17.233    u_divider/out_res_reg[30]_i_549__0_n_0
    SLICE_X2Y28          CARRY4 (Prop_carry4_CI_CO[3])
                                                      0.060    17.293 r  u_divider/out_res_reg[30]_i_546__0/CO[3]
                         net (fo=1, routed)           0.000    17.293    u_divider/out_res_reg[30]_i_546__0_n_0
    SLICE_X2Y29          CARRY4 (Prop_carry4_CI_CO[1])
                                                      0.093    17.386 r  u_divider/out_res_reg[30]_i_545__0/CO[1]
                         net (fo=27, routed)          1.097    18.483    u_divider/out_res_reg[30]_i_545__0_n_2
    SLICE_X2Y35          LUT3 (Prop_lut3_I0_O)        0.153    18.636 r  u_divider/out_res[30]_i_551__0/O
                         net (fo=1, routed)           0.000    18.636    u_divider/out_res[30]_i_551__0_n_0
    SLICE_X2Y35          CARRY4 (Prop_carry4_S[2]_CO[3])
                                                      0.219    18.855 r  u_divider/out_res_reg[30]_i_514__0/CO[3]
                         net (fo=1, routed)           0.000    18.855    u_divider/out_res_reg[30]_i_514__0_n_0
    SLICE_X2Y36          CARRY4 (Prop_carry4_CI_CO[1])
                                                      0.093    18.948 r  u_divider/out_res_reg[30]_i_513__0/CO[1]
                         net (fo=27, routed)          1.437    20.385    u_divider/out_res_reg[30]_i_513__0_n_2
    SLICE_X0Y30          LUT3 (Prop_lut3_I0_O)        0.153    20.538 r  u_divider/out_res[30]_i_542__0/O
                         net (fo=1, routed)           0.000    20.538    u_divider/out_res[30]_i_542__0_n_0
    SLICE_X0Y30          CARRY4 (Prop_carry4_S[3]_CO[3])
                                                      0.216    20.754 r  u_divider/out_res_reg[30]_i_505__0/CO[3]
                         net (fo=1, routed)           0.000    20.754    u_divider/out_res_reg[30]_i_505__0_n_0
    SLICE_X0Y31          CARRY4 (Prop_carry4_CI_CO[3])
                                                      0.060    20.814 r  u_divider/out_res_reg[30]_i_500__0/CO[3]
                         net (fo=1, routed)           0.000    20.814    u_divider/out_res_reg[30]_i_500__0_n_0
    SLICE_X0Y32          CARRY4 (Prop_carry4_CI_CO[3])
                                                      0.060    20.874 r  u_divider/out_res_reg[30]_i_495__0/CO[3]
                         net (fo=1, routed)           0.000    20.874    u_divider/out_res_reg[30]_i_495__0_n_0
    SLICE_X0Y33          CARRY4 (Prop_carry4_CI_CO[3])
                                                      0.060    20.934 r  u_divider/out_res_reg[30]_i_490__0/CO[3]
                         net (fo=1, routed)           0.000    20.934    u_divider/out_res_reg[30]_i_490__0_n_0
    SLICE_X0Y34          CARRY4 (Prop_carry4_CI_CO[3])
                                                      0.060    20.994 r  u_divider/out_res_reg[30]_i_485__0/CO[3]
                         net (fo=1, routed)           0.000    20.994    u_divider/out_res_reg[30]_i_485__0_n_0
    SLICE_X0Y35          CARRY4 (Prop_carry4_CI_CO[3])
                                                      0.060    21.054 r  u_divider/out_res_reg[30]_i_482__0/CO[3]
                         net (fo=1, routed)           0.000    21.054    u_divider/out_res_reg[30]_i_482__0_n_0
    SLICE_X0Y36          CARRY4 (Prop_carry4_CI_CO[1])
                                                      0.093    21.147 r  u_divider/out_res_reg[30]_i_481__0/CO[1]
                         net (fo=27, routed)          1.087    22.234    u_divider/out_res_reg[30]_i_481__0_n_2
    SLICE_X1Y31          LUT3 (Prop_lut3_I0_O)        0.153    22.387 r  u_divider/out_res[30]_i_508__0/O
                         net (fo=1, routed)           0.000    22.387    u_divider/out_res[30]_i_508__0_n_0
    SLICE_X1Y31          CARRY4 (Prop_carry4_S[1]_CO[3])
                                                      0.324    22.711 r  u_divider/out_res_reg[30]_i_468__0/CO[3]
                         net (fo=1, routed)           0.000    22.711    u_divider/out_res_reg[30]_i_468__0_n_0
    SLICE_X1Y32          CARRY4 (Prop_carry4_CI_CO[3])
                                                      0.058    22.769 r  u_divider/out_res_reg[30]_i_463__0/CO[3]
                         net (fo=1, routed)           0.000    22.769    u_divider/out_res_reg[30]_i_463__0_n_0
    SLICE_X1Y33          CARRY4 (Prop_carry4_CI_CO[3])
                                                      0.058    22.827 r  u_divider/out_res_reg[30]_i_458__0/CO[3]
                         net (fo=1, routed)           0.000    22.827    u_divider/out_res_reg[30]_i_458__0_n_0
    SLICE_X1Y34          CARRY4 (Prop_carry4_CI_CO[3])
                                                      0.058    22.885 r  u_divider/out_res_reg[30]_i_453__0/CO[3]
                         net (fo=1, routed)           0.000    22.885    u_divider/out_res_reg[30]_i_453__0_n_0
    SLICE_X1Y35          CARRY4 (Prop_carry4_CI_CO[3])
                                                      0.058    22.943 r  u_divider/out_res_reg[30]_i_450__0/CO[3]
                         net (fo=1, routed)           0.000    22.943    u_divider/out_res_reg[30]_i_450__0_n_0
    SLICE_X1Y36          CARRY4 (Prop_carry4_CI_CO[1])
                                                      0.094    23.037 r  u_divider/out_res_reg[30]_i_449__0/CO[1]
                         net (fo=27, routed)          1.202    24.239    dut/core1/mem_wb/u_divider/out_res_reg[30]_i_441__0[0]
    SLICE_X3Y30          LUT3 (Prop_lut3_I0_O)        0.152    24.391 r  dut/core1/mem_wb/u_divider/out_res[30]_i_480__0/O
                         net (fo=1, routed)           0.000    24.391    dut_n_2171
    SLICE_X3Y30          CARRY4 (Prop_carry4_S[1]_CO[3])
                                                      0.324    24.715 r  u_divider/out_res_reg[30]_i_441__0/CO[3]
                         net (fo=1, routed)           0.000    24.715    u_divider/out_res_reg[30]_i_441__0_n_0
    SLICE_X3Y31          CARRY4 (Prop_carry4_CI_CO[3])
                                                      0.058    24.773 r  u_divider/out_res_reg[30]_i_436__0/CO[3]
                         net (fo=1, routed)           0.000    24.773    u_divider/out_res_reg[30]_i_436__0_n_0
    SLICE_X3Y32          CARRY4 (Prop_carry4_CI_CO[3])
                                                      0.058    24.831 r  u_divider/out_res_reg[30]_i_431__0/CO[3]
                         net (fo=1, routed)           0.000    24.831    u_divider/out_res_reg[30]_i_431__0_n_0
    SLICE_X3Y33          CARRY4 (Prop_carry4_CI_CO[3])
                                                      0.058    24.889 r  u_divider/out_res_reg[30]_i_426__0/CO[3]
                         net (fo=1, routed)           0.000    24.889    u_divider/out_res_reg[30]_i_426__0_n_0
    SLICE_X3Y34          CARRY4 (Prop_carry4_CI_CO[3])
                                                      0.058    24.947 r  u_divider/out_res_reg[30]_i_421__0/CO[3]
                         net (fo=1, routed)           0.000    24.947    u_divider/out_res_reg[30]_i_421__0_n_0
    SLICE_X3Y35          CARRY4 (Prop_carry4_CI_CO[3])
                                                      0.058    25.005 r  u_divider/out_res_reg[30]_i_418__0/CO[3]
                         net (fo=1, routed)           0.000    25.005    u_divider/out_res_reg[30]_i_418__0_n_0
    SLICE_X3Y36          CARRY4 (Prop_carry4_CI_CO[1])
                                                      0.094    25.099 r  u_divider/out_res_reg[30]_i_417__0/CO[1]
                         net (fo=27, routed)          0.815    25.914    dut/core1/mem_wb/u_divider/out_res_reg[30]_i_409__0[0]
    SLICE_X2Y37          LUT3 (Prop_lut3_I0_O)        0.152    26.066 r  dut/core1/mem_wb/u_divider/out_res[30]_i_448__0/O
                         net (fo=1, routed)           0.000    26.066    dut_n_2172
    SLICE_X2Y37          CARRY4 (Prop_carry4_S[1]_CO[3])
                                                      0.310    26.376 r  u_divider/out_res_reg[30]_i_409__0/CO[3]
                         net (fo=1, routed)           0.000    26.376    u_divider/out_res_reg[30]_i_409__0_n_0
    SLICE_X2Y38          CARRY4 (Prop_carry4_CI_CO[3])
                                                      0.060    26.436 r  u_divider/out_res_reg[30]_i_404__0/CO[3]
                         net (fo=1, routed)           0.000    26.436    u_divider/out_res_reg[30]_i_404__0_n_0
    SLICE_X2Y39          CARRY4 (Prop_carry4_CI_CO[3])
                                                      0.060    26.496 r  u_divider/out_res_reg[30]_i_399__0/CO[3]
                         net (fo=1, routed)           0.000    26.496    u_divider/out_res_reg[30]_i_399__0_n_0
    SLICE_X2Y40          CARRY4 (Prop_carry4_CI_CO[3])
                                                      0.060    26.556 r  u_divider/out_res_reg[30]_i_394__0/CO[3]
                         net (fo=1, routed)           0.000    26.556    u_divider/out_res_reg[30]_i_394__0_n_0
    SLICE_X2Y41          CARRY4 (Prop_carry4_CI_CO[3])
                                                      0.060    26.616 r  u_divider/out_res_reg[30]_i_389__0/CO[3]
                         net (fo=1, routed)           0.000    26.616    u_divider/out_res_reg[30]_i_389__0_n_0
    SLICE_X2Y42          CARRY4 (Prop_carry4_CI_CO[3])
                                                      0.060    26.676 r  u_divider/out_res_reg[30]_i_386__0/CO[3]
                         net (fo=1, routed)           0.000    26.676    u_divider/out_res_reg[30]_i_386__0_n_0
    SLICE_X2Y43          CARRY4 (Prop_carry4_CI_CO[1])
                                                      0.093    26.769 r  u_divider/out_res_reg[30]_i_385__0/CO[1]
                         net (fo=27, routed)          1.232    28.001    u_divider/out_res_reg[30]_i_385__0_n_2
    SLICE_X3Y37          LUT3 (Prop_lut3_I0_O)        0.153    28.154 r  u_divider/out_res[30]_i_414__0/O
                         net (fo=1, routed)           0.000    28.154    u_divider/out_res[30]_i_414__0_n_0
    SLICE_X3Y37          CARRY4 (Prop_carry4_S[3]_CO[3])
                                                      0.233    28.387 r  u_divider/out_res_reg[30]_i_377__0/CO[3]
                         net (fo=1, routed)           0.000    28.387    u_divider/out_res_reg[30]_i_377__0_n_0
    SLICE_X3Y38          CARRY4 (Prop_carry4_CI_CO[3])
                                                      0.058    28.445 r  u_divider/out_res_reg[30]_i_372__0/CO[3]
                         net (fo=1, routed)           0.000    28.445    u_divider/out_res_reg[30]_i_372__0_n_0
    SLICE_X3Y39          CARRY4 (Prop_carry4_CI_CO[3])
                                                      0.058    28.503 r  u_divider/out_res_reg[30]_i_367__0/CO[3]
                         net (fo=1, routed)           0.000    28.503    u_divider/out_res_reg[30]_i_367__0_n_0
    SLICE_X3Y40          CARRY4 (Prop_carry4_CI_CO[3])
                                                      0.058    28.561 r  u_divider/out_res_reg[30]_i_362__0/CO[3]
                         net (fo=1, routed)           0.000    28.561    u_divider/out_res_reg[30]_i_362__0_n_0
    SLICE_X3Y41          CARRY4 (Prop_carry4_CI_CO[3])
                                                      0.058    28.619 r  u_divider/out_res_reg[30]_i_357__0/CO[3]
                         net (fo=1, routed)           0.000    28.619    u_divider/out_res_reg[30]_i_357__0_n_0
    SLICE_X3Y42          CARRY4 (Prop_carry4_CI_CO[3])
                                                      0.058    28.677 r  u_divider/out_res_reg[30]_i_354__0/CO[3]
                         net (fo=1, routed)           0.000    28.677    u_divider/out_res_reg[30]_i_354__0_n_0
    SLICE_X3Y43          CARRY4 (Prop_carry4_CI_CO[1])
                                                      0.094    28.771 r  u_divider/out_res_reg[30]_i_353__0/CO[1]
                         net (fo=27, routed)          1.389    30.160    dut/core1/mem_wb/u_divider/out_res_reg[30]_i_344__0[0]
    SLICE_X4Y33          LUT3 (Prop_lut3_I0_O)        0.152    30.312 r  dut/core1/mem_wb/u_divider/out_res[30]_i_384__0/O
                         net (fo=1, routed)           0.000    30.312    dut_n_2174
    SLICE_X4Y33          CARRY4 (Prop_carry4_S[1]_CO[3])
                                                      0.310    30.622 r  u_divider/out_res_reg[30]_i_344__0/CO[3]
                         net (fo=1, routed)           0.000    30.622    u_divider/out_res_reg[30]_i_344__0_n_0
    SLICE_X4Y34          CARRY4 (Prop_carry4_CI_CO[3])
                                                      0.060    30.682 r  u_divider/out_res_reg[30]_i_339__0/CO[3]
                         net (fo=1, routed)           0.000    30.682    u_divider/out_res_reg[30]_i_339__0_n_0
    SLICE_X4Y35          CARRY4 (Prop_carry4_CI_CO[3])
                                                      0.060    30.742 r  u_divider/out_res_reg[30]_i_334__0/CO[3]
                         net (fo=1, routed)           0.000    30.742    u_divider/out_res_reg[30]_i_334__0_n_0
    SLICE_X4Y36          CARRY4 (Prop_carry4_CI_CO[3])
                                                      0.060    30.802 r  u_divider/out_res_reg[30]_i_329__0/CO[3]
                         net (fo=1, routed)           0.000    30.802    u_divider/out_res_reg[30]_i_329__0_n_0
    SLICE_X4Y37          CARRY4 (Prop_carry4_CI_CO[3])
                                                      0.060    30.862 r  u_divider/out_res_reg[30]_i_324__0/CO[3]
                         net (fo=1, routed)           0.000    30.862    u_divider/out_res_reg[30]_i_324__0_n_0
    SLICE_X4Y38          CARRY4 (Prop_carry4_CI_CO[3])
                                                      0.060    30.922 r  u_divider/out_res_reg[30]_i_321__0/CO[3]
                         net (fo=1, routed)           0.000    30.922    u_divider/out_res_reg[30]_i_321__0_n_0
    SLICE_X4Y39          CARRY4 (Prop_carry4_CI_CO[1])
                                                      0.093    31.015 r  u_divider/out_res_reg[30]_i_320__0/CO[1]
                         net (fo=27, routed)          1.261    32.276    dut/core1/mem_wb/u_divider/out_res_reg[30]_i_311__0[0]
    SLICE_X7Y32          LUT3 (Prop_lut3_I0_O)        0.153    32.429 r  dut/core1/mem_wb/u_divider/out_res[30]_i_351__0/O
                         net (fo=1, routed)           0.000    32.429    dut_n_2175
    SLICE_X7Y32          CARRY4 (Prop_carry4_S[1]_CO[3])
                                                      0.324    32.753 r  u_divider/out_res_reg[30]_i_311__0/CO[3]
                         net (fo=1, routed)           0.000    32.753    u_divider/out_res_reg[30]_i_311__0_n_0
    SLICE_X7Y33          CARRY4 (Prop_carry4_CI_CO[3])
                                                      0.058    32.811 r  u_divider/out_res_reg[30]_i_306__0/CO[3]
                         net (fo=1, routed)           0.000    32.811    u_divider/out_res_reg[30]_i_306__0_n_0
    SLICE_X7Y34          CARRY4 (Prop_carry4_CI_CO[3])
                                                      0.058    32.869 r  u_divider/out_res_reg[30]_i_301__0/CO[3]
                         net (fo=1, routed)           0.000    32.869    u_divider/out_res_reg[30]_i_301__0_n_0
    SLICE_X7Y35          CARRY4 (Prop_carry4_CI_CO[3])
                                                      0.058    32.927 r  u_divider/out_res_reg[30]_i_296__0/CO[3]
                         net (fo=1, routed)           0.000    32.927    u_divider/out_res_reg[30]_i_296__0_n_0
    SLICE_X7Y36          CARRY4 (Prop_carry4_CI_CO[3])
                                                      0.058    32.985 r  u_divider/out_res_reg[30]_i_291__0/CO[3]
                         net (fo=1, routed)           0.000    32.985    u_divider/out_res_reg[30]_i_291__0_n_0
    SLICE_X7Y37          CARRY4 (Prop_carry4_CI_CO[3])
                                                      0.058    33.043 r  u_divider/out_res_reg[30]_i_288__0/CO[3]
                         net (fo=1, routed)           0.000    33.043    u_divider/out_res_reg[30]_i_288__0_n_0
    SLICE_X7Y38          CARRY4 (Prop_carry4_CI_CO[1])
                                                      0.094    33.137 r  u_divider/out_res_reg[30]_i_287__0/CO[1]
                         net (fo=27, routed)          1.425    34.562    dut/core1/mem_wb/u_divider/out_res_reg[30]_i_278__0[0]
    SLICE_X11Y32         LUT3 (Prop_lut3_I0_O)        0.152    34.714 r  dut/core1/mem_wb/u_divider/out_res[30]_i_318__0/O
                         net (fo=1, routed)           0.000    34.714    dut_n_2176
    SLICE_X11Y32         CARRY4 (Prop_carry4_S[1]_CO[3])
                                                      0.324    35.038 r  u_divider/out_res_reg[30]_i_278__0/CO[3]
                         net (fo=1, routed)           0.000    35.038    u_divider/out_res_reg[30]_i_278__0_n_0
    SLICE_X11Y33         CARRY4 (Prop_carry4_CI_CO[3])
                                                      0.058    35.096 r  u_divider/out_res_reg[30]_i_273__0/CO[3]
                         net (fo=1, routed)           0.000    35.096    u_divider/out_res_reg[30]_i_273__0_n_0
    SLICE_X11Y34         CARRY4 (Prop_carry4_CI_CO[3])
                                                      0.058    35.154 r  u_divider/out_res_reg[30]_i_268__0/CO[3]
                         net (fo=1, routed)           0.000    35.154    u_divider/out_res_reg[30]_i_268__0_n_0
    SLICE_X11Y35         CARRY4 (Prop_carry4_CI_CO[3])
                                                      0.058    35.212 r  u_divider/out_res_reg[30]_i_263__0/CO[3]
                         net (fo=1, routed)           0.000    35.212    u_divider/out_res_reg[30]_i_263__0_n_0
    SLICE_X11Y36         CARRY4 (Prop_carry4_CI_CO[3])
                                                      0.058    35.270 r  u_divider/out_res_reg[30]_i_258__0/CO[3]
                         net (fo=1, routed)           0.000    35.270    u_divider/out_res_reg[30]_i_258__0_n_0
    SLICE_X11Y37         CARRY4 (Prop_carry4_CI_CO[3])
                                                      0.058    35.328 r  u_divider/out_res_reg[30]_i_255__0/CO[3]
                         net (fo=1, routed)           0.000    35.328    u_divider/out_res_reg[30]_i_255__0_n_0
    SLICE_X11Y38         CARRY4 (Prop_carry4_CI_CO[1])
                                                      0.094    35.422 r  u_divider/out_res_reg[30]_i_254__0/CO[1]
                         net (fo=27, routed)          1.201    36.623    u_divider/out_res_reg[30]_i_254__0_n_2
    SLICE_X15Y32         LUT3 (Prop_lut3_I0_O)        0.152    36.775 r  u_divider/out_res[30]_i_284__0/O
                         net (fo=1, routed)           0.000    36.775    u_divider/out_res[30]_i_284__0_n_0
    SLICE_X15Y32         CARRY4 (Prop_carry4_S[2]_CO[3])
                                                      0.235    37.010 r  u_divider/out_res_reg[30]_i_245__0/CO[3]
                         net (fo=1, routed)           0.000    37.010    u_divider/out_res_reg[30]_i_245__0_n_0
    SLICE_X15Y33         CARRY4 (Prop_carry4_CI_CO[3])
                                                      0.058    37.068 r  u_divider/out_res_reg[30]_i_240__0/CO[3]
                         net (fo=1, routed)           0.000    37.068    u_divider/out_res_reg[30]_i_240__0_n_0
    SLICE_X15Y34         CARRY4 (Prop_carry4_CI_CO[3])
                                                      0.058    37.126 r  u_divider/out_res_reg[30]_i_235__0/CO[3]
                         net (fo=1, routed)           0.000    37.126    u_divider/out_res_reg[30]_i_235__0_n_0
    SLICE_X15Y35         CARRY4 (Prop_carry4_CI_CO[3])
                                                      0.058    37.184 r  u_divider/out_res_reg[30]_i_230__0/CO[3]
                         net (fo=1, routed)           0.000    37.184    u_divider/out_res_reg[30]_i_230__0_n_0
    SLICE_X15Y36         CARRY4 (Prop_carry4_CI_CO[3])
                                                      0.058    37.242 r  u_divider/out_res_reg[30]_i_225__0/CO[3]
                         net (fo=1, routed)           0.000    37.242    u_divider/out_res_reg[30]_i_225__0_n_0
    SLICE_X15Y37         CARRY4 (Prop_carry4_CI_CO[3])
                                                      0.058    37.300 r  u_divider/out_res_reg[30]_i_222__0/CO[3]
                         net (fo=1, routed)           0.000    37.300    u_divider/out_res_reg[30]_i_222__0_n_0
    SLICE_X15Y38         CARRY4 (Prop_carry4_CI_CO[1])
                                                      0.094    37.394 r  u_divider/out_res_reg[30]_i_221__0/CO[1]
                         net (fo=27, routed)          1.155    38.548    u_divider/out_res_reg[30]_i_221__0_n_2
    SLICE_X15Y42         LUT3 (Prop_lut3_I0_O)        0.152    38.700 r  u_divider/out_res[30]_i_237__0/O
                         net (fo=1, routed)           0.000    38.700    u_divider/out_res[30]_i_237__0_n_0
    SLICE_X15Y42         CARRY4 (Prop_carry4_S[2]_CO[3])
                                                      0.235    38.935 r  u_divider/out_res_reg[30]_i_197__0/CO[3]
                         net (fo=1, routed)           0.000    38.935    u_divider/out_res_reg[30]_i_197__0_n_0
    SLICE_X15Y43         CARRY4 (Prop_carry4_CI_CO[3])
                                                      0.058    38.993 r  u_divider/out_res_reg[30]_i_192__0/CO[3]
                         net (fo=1, routed)           0.000    38.993    u_divider/out_res_reg[30]_i_192__0_n_0
    SLICE_X15Y44         CARRY4 (Prop_carry4_CI_CO[3])
                                                      0.058    39.051 r  u_divider/out_res_reg[30]_i_189__0/CO[3]
                         net (fo=1, routed)           0.000    39.051    u_divider/out_res_reg[30]_i_189__0_n_0
    SLICE_X15Y45         CARRY4 (Prop_carry4_CI_CO[1])
                                                      0.094    39.145 r  u_divider/out_res_reg[30]_i_188__0/CO[1]
                         net (fo=27, routed)          1.816    40.961    u_divider/out_res_reg[30]_i_188__0_n_2
    SLICE_X11Y39         LUT3 (Prop_lut3_I0_O)        0.152    41.113 r  u_divider/out_res[30]_i_218__0/O
                         net (fo=1, routed)           0.000    41.113    u_divider/out_res[30]_i_218__0_n_0
    SLICE_X11Y39         CARRY4 (Prop_carry4_S[2]_CO[3])
                                                      0.235    41.348 r  u_divider/out_res_reg[30]_i_179__0/CO[3]
                         net (fo=1, routed)           0.000    41.348    u_divider/out_res_reg[30]_i_179__0_n_0
    SLICE_X11Y40         CARRY4 (Prop_carry4_CI_CO[3])
                                                      0.058    41.406 r  u_divider/out_res_reg[30]_i_174__0/CO[3]
                         net (fo=1, routed)           0.000    41.406    u_divider/out_res_reg[30]_i_174__0_n_0
    SLICE_X11Y41         CARRY4 (Prop_carry4_CI_CO[3])
                                                      0.058    41.464 r  u_divider/out_res_reg[30]_i_169__0/CO[3]
                         net (fo=1, routed)           0.000    41.464    u_divider/out_res_reg[30]_i_169__0_n_0
    SLICE_X11Y42         CARRY4 (Prop_carry4_CI_CO[3])
                                                      0.058    41.522 r  u_divider/out_res_reg[30]_i_164__0/CO[3]
                         net (fo=1, routed)           0.000    41.522    u_divider/out_res_reg[30]_i_164__0_n_0
    SLICE_X11Y43         CARRY4 (Prop_carry4_CI_CO[3])
                                                      0.058    41.580 r  u_divider/out_res_reg[30]_i_159__0/CO[3]
                         net (fo=1, routed)           0.000    41.580    u_divider/out_res_reg[30]_i_159__0_n_0
    SLICE_X11Y44         CARRY4 (Prop_carry4_CI_CO[3])
                                                      0.058    41.638 r  u_divider/out_res_reg[30]_i_156__0/CO[3]
                         net (fo=1, routed)           0.000    41.638    u_divider/out_res_reg[30]_i_156__0_n_0
    SLICE_X11Y45         CARRY4 (Prop_carry4_CI_CO[1])
                                                      0.094    41.732 r  u_divider/out_res_reg[30]_i_155__0/CO[1]
                         net (fo=27, routed)          1.479    43.211    u_divider/out_res_reg[30]_i_155__0_n_2
    SLICE_X9Y39          LUT3 (Prop_lut3_I0_O)        0.152    43.363 r  u_divider/out_res[30]_i_185__0/O
                         net (fo=1, routed)           0.000    43.363    u_divider/out_res[30]_i_185__0_n_0
    SLICE_X9Y39          CARRY4 (Prop_carry4_S[2]_CO[3])
                                                      0.235    43.598 r  u_divider/out_res_reg[30]_i_146__0/CO[3]
                         net (fo=1, routed)           0.000    43.598    u_divider/out_res_reg[30]_i_146__0_n_0
    SLICE_X9Y40          CARRY4 (Prop_carry4_CI_CO[3])
                                                      0.058    43.656 r  u_divider/out_res_reg[30]_i_141__0/CO[3]
                         net (fo=1, routed)           0.000    43.656    u_divider/out_res_reg[30]_i_141__0_n_0
    SLICE_X9Y41          CARRY4 (Prop_carry4_CI_CO[3])
                                                      0.058    43.714 r  u_divider/out_res_reg[30]_i_136__0/CO[3]
                         net (fo=1, routed)           0.000    43.714    u_divider/out_res_reg[30]_i_136__0_n_0
    SLICE_X9Y42          CARRY4 (Prop_carry4_CI_CO[3])
                                                      0.058    43.772 r  u_divider/out_res_reg[30]_i_131__0/CO[3]
                         net (fo=1, routed)           0.000    43.772    u_divider/out_res_reg[30]_i_131__0_n_0
    SLICE_X9Y43          CARRY4 (Prop_carry4_CI_CO[3])
                                                      0.058    43.830 r  u_divider/out_res_reg[30]_i_126__0/CO[3]
                         net (fo=1, routed)           0.000    43.830    u_divider/out_res_reg[30]_i_126__0_n_0
    SLICE_X9Y44          CARRY4 (Prop_carry4_CI_CO[3])
                                                      0.058    43.888 r  u_divider/out_res_reg[30]_i_123__0/CO[3]
                         net (fo=1, routed)           0.000    43.888    u_divider/out_res_reg[30]_i_123__0_n_0
    SLICE_X9Y45          CARRY4 (Prop_carry4_CI_CO[1])
                                                      0.094    43.982 r  u_divider/out_res_reg[30]_i_122__0/CO[1]
                         net (fo=27, routed)          1.441    45.424    u_divider/out_res_reg[30]_i_122__0_n_2
    SLICE_X13Y52         LUT2 (Prop_lut2_I0_O)        0.152    45.576 r  u_divider/out_res[30]_i_124__0/O
                         net (fo=1, routed)           0.000    45.576    u_divider/out_res[30]_i_124__0_n_0
    SLICE_X13Y52         CARRY4 (Prop_carry4_S[1]_CO[1])
                                                      0.302    45.878 r  u_divider/out_res_reg[30]_i_92__0/CO[1]
                         net (fo=27, routed)          1.310    47.187    dut/core1/mem_wb/u_divider/i__carry_i_124__0[0]
    SLICE_X13Y39         LUT3 (Prop_lut3_I0_O)        0.152    47.339 r  dut/core1/mem_wb/u_divider/i__carry_i_149__0/O
                         net (fo=1, routed)           0.000    47.339    dut_n_2182
    SLICE_X13Y39         CARRY4 (Prop_carry4_S[1]_CO[3])
                                                      0.324    47.663 r  u_divider/i__carry_i_124__0/CO[3]
                         net (fo=1, routed)           0.000    47.663    u_divider/i__carry_i_124__0_n_0
    SLICE_X13Y40         CARRY4 (Prop_carry4_CI_CO[3])
                                                      0.058    47.721 r  u_divider/out_res_reg[30]_i_86__0/CO[3]
                         net (fo=1, routed)           0.000    47.721    u_divider/out_res_reg[30]_i_86__0_n_0
    SLICE_X13Y41         CARRY4 (Prop_carry4_CI_CO[3])
                                                      0.058    47.779 r  u_divider/out_res_reg[30]_i_81__0/CO[3]
                         net (fo=1, routed)           0.000    47.779    u_divider/out_res_reg[30]_i_81__0_n_0
    SLICE_X13Y42         CARRY4 (Prop_carry4_CI_CO[3])
                                                      0.058    47.837 r  u_divider/out_res_reg[30]_i_76__0/CO[3]
                         net (fo=1, routed)           0.000    47.837    u_divider/out_res_reg[30]_i_76__0_n_0
    SLICE_X13Y43         CARRY4 (Prop_carry4_CI_CO[3])
                                                      0.058    47.895 r  u_divider/out_res_reg[30]_i_71__0/CO[3]
                         net (fo=1, routed)           0.000    47.895    u_divider/out_res_reg[30]_i_71__0_n_0
    SLICE_X13Y44         CARRY4 (Prop_carry4_CI_CO[3])
                                                      0.058    47.953 r  u_divider/out_res_reg[30]_i_68__0/CO[3]
                         net (fo=1, routed)           0.000    47.953    u_divider/out_res_reg[30]_i_68__0_n_0
    SLICE_X13Y45         CARRY4 (Prop_carry4_CI_CO[1])
                                                      0.094    48.047 r  u_divider/out_res_reg[30]_i_67__0/CO[1]
                         net (fo=27, routed)          1.406    49.453    u_divider/out_res_reg[30]_i_67__0_n_2
    SLICE_X19Y39         LUT3 (Prop_lut3_I0_O)        0.152    49.605 r  u_divider/i__carry_i_145__0/O
                         net (fo=1, routed)           0.000    49.605    u_divider/i__carry_i_145__0_n_0
    SLICE_X19Y39         CARRY4 (Prop_carry4_S[2]_CO[3])
                                                      0.235    49.840 r  u_divider/i__carry_i_119__0/CO[3]
                         net (fo=1, routed)           0.000    49.840    u_divider/i__carry_i_119__0_n_0
    SLICE_X19Y40         CARRY4 (Prop_carry4_CI_CO[3])
                                                      0.058    49.898 r  u_divider/i__carry_i_93__0/CO[3]
                         net (fo=1, routed)           0.000    49.898    u_divider/i__carry_i_93__0_n_0
    SLICE_X19Y41         CARRY4 (Prop_carry4_CI_CO[3])
                                                      0.058    49.956 r  u_divider/out_res_reg[30]_i_61__0/CO[3]
                         net (fo=1, routed)           0.000    49.956    u_divider/out_res_reg[30]_i_61__0_n_0
    SLICE_X19Y42         CARRY4 (Prop_carry4_CI_CO[3])
                                                      0.058    50.014 r  u_divider/out_res_reg[30]_i_56__0/CO[3]
                         net (fo=1, routed)           0.000    50.014    u_divider/out_res_reg[30]_i_56__0_n_0
    SLICE_X19Y43         CARRY4 (Prop_carry4_CI_CO[3])
                                                      0.058    50.072 r  u_divider/out_res_reg[30]_i_51__0/CO[3]
                         net (fo=1, routed)           0.000    50.072    u_divider/out_res_reg[30]_i_51__0_n_0
    SLICE_X19Y44         CARRY4 (Prop_carry4_CI_CO[3])
                                                      0.058    50.130 r  u_divider/out_res_reg[30]_i_48__0/CO[3]
                         net (fo=1, routed)           0.000    50.130    u_divider/out_res_reg[30]_i_48__0_n_0
    SLICE_X19Y45         CARRY4 (Prop_carry4_CI_CO[1])
                                                      0.094    50.224 r  u_divider/out_res_reg[30]_i_47__0/CO[1]
                         net (fo=27, routed)          1.431    51.655    u_divider/out_res_reg[30]_i_47__0_n_2
    SLICE_X17Y39         LUT3 (Prop_lut3_I0_O)        0.152    51.807 r  u_divider/i__carry_i_141__0/O
                         net (fo=1, routed)           0.000    51.807    u_divider/i__carry_i_141__0_n_0
    SLICE_X17Y39         CARRY4 (Prop_carry4_S[3]_CO[3])
                                                      0.233    52.040 r  u_divider/i__carry_i_114__0/CO[3]
                         net (fo=1, routed)           0.000    52.040    u_divider/i__carry_i_114__0_n_0
    SLICE_X17Y40         CARRY4 (Prop_carry4_CI_CO[3])
                                                      0.058    52.098 r  u_divider/i__carry_i_88__0/CO[3]
                         net (fo=1, routed)           0.000    52.098    u_divider/i__carry_i_88__0_n_0
    SLICE_X17Y41         CARRY4 (Prop_carry4_CI_CO[3])
                                                      0.058    52.156 r  u_divider/i__carry_i_67__0/CO[3]
                         net (fo=1, routed)           0.000    52.156    u_divider/i__carry_i_67__0_n_0
    SLICE_X17Y42         CARRY4 (Prop_carry4_CI_CO[3])
                                                      0.058    52.214 r  u_divider/out_res_reg[30]_i_41__0/CO[3]
                         net (fo=1, routed)           0.000    52.214    u_divider/out_res_reg[30]_i_41__0_n_0
    SLICE_X17Y43         CARRY4 (Prop_carry4_CI_CO[3])
                                                      0.058    52.272 r  u_divider/out_res_reg[30]_i_36__0/CO[3]
                         net (fo=1, routed)           0.000    52.272    u_divider/out_res_reg[30]_i_36__0_n_0
    SLICE_X17Y44         CARRY4 (Prop_carry4_CI_CO[3])
                                                      0.058    52.330 r  u_divider/out_res_reg[30]_i_33__0/CO[3]
                         net (fo=1, routed)           0.000    52.330    u_divider/out_res_reg[30]_i_33__0_n_0
    SLICE_X17Y45         CARRY4 (Prop_carry4_CI_CO[1])
                                                      0.094    52.424 r  u_divider/out_res_reg[30]_i_32__0/CO[1]
                         net (fo=27, routed)          1.557    53.981    u_divider/out_res_reg[30]_i_32__0_n_2
    SLICE_X17Y49         LUT3 (Prop_lut3_I0_O)        0.152    54.133 r  u_divider/i__carry_i_71__0/O
                         net (fo=1, routed)           0.000    54.133    u_divider/i__carry_i_71__0_n_0
    SLICE_X17Y49         CARRY4 (Prop_carry4_S[0]_CO[3])
                                                      0.313    54.446 r  u_divider/i__carry_i_46__0/CO[3]
                         net (fo=1, routed)           0.001    54.447    u_divider/i__carry_i_46__0_n_0
    SLICE_X17Y50         CARRY4 (Prop_carry4_CI_CO[3])
                                                      0.058    54.505 r  u_divider/out_res_reg[30]_i_26__0/CO[3]
                         net (fo=1, routed)           0.000    54.505    u_divider/out_res_reg[30]_i_26__0_n_0
    SLICE_X17Y51         CARRY4 (Prop_carry4_CI_CO[3])
                                                      0.058    54.563 r  u_divider/out_res_reg[30]_i_23__0/CO[3]
                         net (fo=1, routed)           0.000    54.563    u_divider/out_res_reg[30]_i_23__0_n_0
    SLICE_X17Y52         CARRY4 (Prop_carry4_CI_CO[1])
                                                      0.094    54.657 r  u_divider/out_res_reg[30]_i_22__0/CO[1]
                         net (fo=27, routed)          1.116    55.773    dut/core1/mem_wb/u_divider/i__carry_i_104__0[0]
    SLICE_X19Y46         LUT3 (Prop_lut3_I0_O)        0.152    55.925 r  dut/core1/mem_wb/u_divider/i__carry_i_137__0/O
                         net (fo=1, routed)           0.000    55.925    dut_n_2186
    SLICE_X19Y46         CARRY4 (Prop_carry4_S[1]_CO[3])
                                                      0.324    56.249 r  u_divider/i__carry_i_104__0/CO[3]
                         net (fo=1, routed)           0.000    56.249    u_divider/i__carry_i_104__0_n_0
    SLICE_X19Y47         CARRY4 (Prop_carry4_CI_CO[3])
                                                      0.058    56.307 r  u_divider/i__carry_i_78__0/CO[3]
                         net (fo=1, routed)           0.000    56.307    u_divider/i__carry_i_78__0_n_0
    SLICE_X19Y48         CARRY4 (Prop_carry4_CI_CO[3])
                                                      0.058    56.365 r  u_divider/i__carry_i_57__0/CO[3]
                         net (fo=1, routed)           0.000    56.365    u_divider/i__carry_i_57__0_n_0
    SLICE_X19Y49         CARRY4 (Prop_carry4_CI_CO[3])
                                                      0.058    56.423 r  u_divider/i__carry_i_41__0/CO[3]
                         net (fo=1, routed)           0.001    56.424    u_divider/i__carry_i_41__0_n_0
    SLICE_X19Y50         CARRY4 (Prop_carry4_CI_CO[3])
                                                      0.058    56.482 r  u_divider/i__carry_i_30__0/CO[3]
                         net (fo=1, routed)           0.000    56.482    u_divider/i__carry_i_30__0_n_0
    SLICE_X19Y51         CARRY4 (Prop_carry4_CI_CO[3])
                                                      0.058    56.540 r  u_divider/out_res_reg[30]_i_15__0/CO[3]
                         net (fo=1, routed)           0.000    56.540    u_divider/out_res_reg[30]_i_15__0_n_0
    SLICE_X19Y52         CARRY4 (Prop_carry4_CI_CO[1])
                                                      0.094    56.634 r  u_divider/out_res_reg[30]_i_14__0/CO[1]
                         net (fo=27, routed)          1.191    57.825    dut/core1/mem_wb/u_divider/i__carry_i_99__0[0]
    SLICE_X21Y46         LUT3 (Prop_lut3_I0_O)        0.152    57.977 r  dut/core1/mem_wb/u_divider/i__carry_i_134__0/O
                         net (fo=1, routed)           0.000    57.977    dut_n_2187
    SLICE_X21Y46         CARRY4 (Prop_carry4_S[1]_CO[3])
                                                      0.324    58.301 r  u_divider/i__carry_i_99__0/CO[3]
                         net (fo=1, routed)           0.000    58.301    u_divider/i__carry_i_99__0_n_0
    SLICE_X21Y47         CARRY4 (Prop_carry4_CI_CO[3])
                                                      0.058    58.359 r  u_divider/i__carry_i_73__0/CO[3]
                         net (fo=1, routed)           0.000    58.359    u_divider/i__carry_i_73__0_n_0
    SLICE_X21Y48         CARRY4 (Prop_carry4_CI_CO[3])
                                                      0.058    58.417 r  u_divider/i__carry_i_52__0/CO[3]
                         net (fo=1, routed)           0.000    58.417    u_divider/i__carry_i_52__0_n_0
    SLICE_X21Y49         CARRY4 (Prop_carry4_CI_CO[3])
                                                      0.058    58.475 r  u_divider/i__carry_i_36__0/CO[3]
                         net (fo=1, routed)           0.001    58.476    u_divider/i__carry_i_36__0_n_0
    SLICE_X21Y50         CARRY4 (Prop_carry4_CI_CO[3])
                                                      0.058    58.534 r  u_divider/i__carry_i_25__0/CO[3]
                         net (fo=1, routed)           0.000    58.534    u_divider/i__carry_i_25__0_n_0
    SLICE_X21Y51         CARRY4 (Prop_carry4_CI_CO[3])
                                                      0.058    58.592 r  u_divider/i__carry_i_15__0/CO[3]
                         net (fo=1, routed)           0.000    58.592    u_divider/i__carry_i_15__0_n_0
    SLICE_X21Y52         CARRY4 (Prop_carry4_CI_CO[1])
                                                      0.094    58.686 r  u_divider/out_res_reg[30]_i_8__0/CO[1]
                         net (fo=70, routed)          1.150    59.835    u_divider/out_res_reg[30]_i_8__0_n_2
    SLICE_X21Y58         LUT3 (Prop_lut3_I0_O)        0.152    59.987 r  u_divider/i__carry_i_28__0/O
                         net (fo=1, routed)           0.000    59.987    u_divider/i__carry_i_28__0_n_0
    SLICE_X21Y58         CARRY4 (Prop_carry4_S[1]_CO[3])
                                                      0.324    60.311 r  u_divider/i__carry_i_14__0/CO[3]
                         net (fo=1, routed)           0.000    60.311    u_divider/i__carry_i_14__0_n_0
    SLICE_X21Y59         CARRY4 (Prop_carry4_CI_CO[1])
                                                      0.094    60.405 r  u_divider/i__carry_i_11__0/CO[1]
                         net (fo=39, routed)          1.221    61.627    dut/core1/mem_wb/u_divider/out_res_reg[21]_i_35__0[0]
    SLICE_X20Y53         LUT2 (Prop_lut2_I1_O)        0.152    61.779 r  dut/core1/mem_wb/u_divider/out_res[21]_i_44__0/O
                         net (fo=1, routed)           0.000    61.779    dut_n_2255
    SLICE_X20Y53         CARRY4 (Prop_carry4_S[1]_CO[3])
                                                      0.310    62.089 r  u_divider/out_res_reg[21]_i_35__0/CO[3]
                         net (fo=1, routed)           0.000    62.089    u_divider/out_res_reg[21]_i_35__0_n_0
    SLICE_X20Y54         CARRY4 (Prop_carry4_CI_CO[3])
                                                      0.060    62.149 r  u_divider/out_res_reg[21]_i_29__0/CO[3]
                         net (fo=1, routed)           0.000    62.149    u_divider/out_res_reg[21]_i_29__0_n_0
    SLICE_X20Y55         CARRY4 (Prop_carry4_CI_CO[3])
                                                      0.060    62.209 r  u_divider/out_res_reg[21]_i_23__0/CO[3]
                         net (fo=1, routed)           0.000    62.209    u_divider/out_res_reg[21]_i_23__0_n_0
    SLICE_X20Y56         CARRY4 (Prop_carry4_CI_CO[3])
                                                      0.060    62.269 r  u_divider/out_res_reg[21]_i_17__0/CO[3]
                         net (fo=1, routed)           0.000    62.269    u_divider/out_res_reg[21]_i_17__0_n_0
    SLICE_X20Y57         CARRY4 (Prop_carry4_CI_CO[3])
                                                      0.060    62.329 r  u_divider/out_res_reg[21]_i_11__0/CO[3]
                         net (fo=1, routed)           0.000    62.329    u_divider/out_res_reg[21]_i_11__0_n_0
    SLICE_X20Y58         CARRY4 (Prop_carry4_CI_CO[3])
                                                      0.060    62.389 r  u_divider/out_res_reg[21]_i_7__0/CO[3]
                         net (fo=1, routed)           0.000    62.389    u_divider/out_res_reg[21]_i_7__0_n_0
    SLICE_X20Y59         CARRY4 (Prop_carry4_CI_CO[1])
                                                      0.093    62.482 r  u_divider/out_res_reg[21]_i_5__0/CO[1]
                         net (fo=32, routed)          1.546    64.028    dut/core1/execute_unit/u_fpu/u_divider/out_res_reg[21]_0[0]
    SLICE_X27Y55         LUT5 (Prop_lut5_I0_O)        0.153    64.181 r  dut/core1/execute_unit/u_fpu/u_divider/i__carry_i_18__10/O
                         net (fo=3, routed)           0.684    64.865    dut/core1/execute_unit/u_fpu/u_divider/i__carry_i_18__10_n_0
    SLICE_X27Y54         LUT6 (Prop_lut6_I0_O)        0.053    64.918 r  dut/core1/execute_unit/u_fpu/u_divider/i__carry_i_13__25/O
                         net (fo=33, routed)          0.699    65.617    dut/core1/execute_unit/u_fpu/u_divider/i__carry_i_13__25_n_0
    SLICE_X31Y53         LUT4 (Prop_lut4_I3_O)        0.053    65.670 r  dut/core1/execute_unit/u_fpu/u_divider/i__carry_i_8__49/O
                         net (fo=1, routed)           0.000    65.670    dut/core1/execute_unit/u_fpu/u_divider/i__carry_i_8__49_n_0
    SLICE_X31Y53         CARRY4 (Prop_carry4_S[0]_CO[3])
                                                      0.313    65.983 r  dut/core1/execute_unit/u_fpu/u_divider/exp_norm0_inferred__0/i__carry/CO[3]
                         net (fo=1, routed)           0.000    65.983    dut/core1/execute_unit/u_fpu/u_divider/exp_norm0_inferred__0/i__carry_n_0
    SLICE_X31Y54         CARRY4 (Prop_carry4_CI_O[0])
                                                      0.139    66.122 f  dut/core1/execute_unit/u_fpu/u_divider/exp_norm0_inferred__0/i__carry__0/O[0]
                         net (fo=3, routed)           0.565    66.687    dut/core1/execute_unit/u_fpu/u_divider/exp_norm[4]
    SLICE_X29Y54         LUT6 (Prop_lut6_I4_O)        0.155    66.842 f  dut/core1/execute_unit/u_fpu/u_divider/i__carry_i_12__31/O
                         net (fo=1, routed)           0.414    67.256    dut/core1/execute_unit/u_fpu/u_divider/i__carry_i_12__31_n_0
    SLICE_X29Y55         LUT6 (Prop_lut6_I1_O)        0.053    67.309 r  dut/core1/execute_unit/u_fpu/u_divider/i__carry_i_11__31/O
                         net (fo=4, routed)           0.479    67.788    dut/core1/execute_unit/u_fpu/u_divider/i__carry_i_11__31_n_0
    SLICE_X28Y57         LUT6 (Prop_lut6_I5_O)        0.053    67.841 r  dut/core1/execute_unit/u_fpu/u_divider/i__carry_i_5__48/O
                         net (fo=32, routed)          0.667    68.508    dut/core1/execute_unit/u_fpu/u_divider/i__carry_i_5__48_n_0
    SLICE_X28Y54         LUT2 (Prop_lut2_I1_O)        0.053    68.561 r  dut/core1/execute_unit/u_fpu/u_divider/i__carry_i_4__29/O
                         net (fo=1, routed)           0.000    68.561    dut/core1/execute_unit/u_fpu/u_divider/i__carry_i_4__29_n_0
    SLICE_X28Y54         CARRY4 (Prop_carry4_S[0]_CO[3])
                                                      0.313    68.874 r  dut/core1/execute_unit/u_fpu/u_divider/exp_norm0_inferred__1/i__carry/CO[3]
                         net (fo=1, routed)           0.000    68.874    dut/core1/execute_unit/u_fpu/u_divider/exp_norm0_inferred__1/i__carry_n_0
    SLICE_X28Y55         CARRY4 (Prop_carry4_CI_O[1])
                                                      0.213    69.087 f  dut/core1/execute_unit/u_fpu/u_divider/exp_norm0_inferred__1/i__carry__0/O[1]
                         net (fo=3, routed)           0.603    69.689    dut/core1/execute_unit/u_fpu/u_divider/exp_norm0_inferred__1/i__carry__0_n_6
    SLICE_X29Y55         LUT6 (Prop_lut6_I0_O)        0.152    69.841 f  dut/core1/execute_unit/u_fpu/u_divider/i__carry_i_8__43/O
                         net (fo=1, routed)           0.804    70.646    dut/core1/execute_unit/u_fpu/u_divider/i__carry_i_8__43_n_0
    SLICE_X28Y57         LUT6 (Prop_lut6_I1_O)        0.053    70.699 r  dut/core1/execute_unit/u_fpu/u_divider/i__carry_i_7__43/O
                         net (fo=2, routed)           0.325    71.023    dut/core1/execute_unit/u_fpu/u_divider/i__carry_i_7__43_n_0
    SLICE_X28Y57         LUT6 (Prop_lut6_I5_O)        0.053    71.076 r  dut/core1/execute_unit/u_fpu/u_divider/i__carry_i_5__47/O
                         net (fo=30, routed)          0.303    71.379    dut/core1/execute_unit/u_fpu/u_divider/i__carry_i_5__47_n_0
    SLICE_X29Y56         LUT2 (Prop_lut2_I1_O)        0.053    71.432 r  dut/core1/execute_unit/u_fpu/u_divider/i__carry_i_4__30/O
                         net (fo=1, routed)           0.000    71.432    dut/core1/execute_unit/u_fpu/u_divider/i__carry_i_4__30_n_0
    SLICE_X29Y56         CARRY4 (Prop_carry4_S[0]_CO[3])
                                                      0.313    71.745 r  dut/core1/execute_unit/u_fpu/u_divider/exp_norm0_inferred__2/i__carry/CO[3]
                         net (fo=1, routed)           0.000    71.745    dut/core1/execute_unit/u_fpu/u_divider/exp_norm0_inferred__2/i__carry_n_0
    SLICE_X29Y57         CARRY4 (Prop_carry4_CI_O[0])
                                                      0.139    71.884 f  dut/core1/execute_unit/u_fpu/u_divider/exp_norm0_inferred__2/i__carry__0/O[0]
                         net (fo=3, routed)           0.577    72.461    dut/core1/execute_unit/u_fpu/u_divider/exp_norm0_inferred__2/i__carry__0_n_7
    SLICE_X25Y57         LUT6 (Prop_lut6_I4_O)        0.155    72.616 f  dut/core1/execute_unit/u_fpu/u_divider/i__carry_i_12__32/O
                         net (fo=1, routed)           0.407    73.023    dut/core1/execute_unit/u_fpu/u_divider/i__carry_i_12__32_n_0
    SLICE_X25Y58         LUT6 (Prop_lut6_I1_O)        0.053    73.076 r  dut/core1/execute_unit/u_fpu/u_divider/i__carry_i_9__28/O
                         net (fo=3, routed)           0.659    73.735    dut/core1/execute_unit/u_fpu/u_divider/i__carry_i_9__28_n_0
    SLICE_X27Y57         LUT6 (Prop_lut6_I5_O)        0.053    73.788 r  dut/core1/execute_unit/u_fpu/u_divider/i__carry_i_5__46/O
                         net (fo=28, routed)          0.424    74.212    dut/core1/execute_unit/u_fpu/u_divider/i__carry_i_5__46_n_0
    SLICE_X24Y57         LUT2 (Prop_lut2_I1_O)        0.053    74.265 r  dut/core1/execute_unit/u_fpu/u_divider/i__carry_i_4__31/O
                         net (fo=1, routed)           0.000    74.265    dut/core1/execute_unit/u_fpu/u_divider/i__carry_i_4__31_n_0
    SLICE_X24Y57         CARRY4 (Prop_carry4_S[0]_CO[3])
                                                      0.313    74.578 r  dut/core1/execute_unit/u_fpu/u_divider/exp_norm0_inferred__3/i__carry/CO[3]
                         net (fo=1, routed)           0.000    74.578    dut/core1/execute_unit/u_fpu/u_divider/exp_norm0_inferred__3/i__carry_n_0
    SLICE_X24Y58         CARRY4 (Prop_carry4_CI_O[3])
                                                      0.179    74.757 f  dut/core1/execute_unit/u_fpu/u_divider/exp_norm0_inferred__3/i__carry__0/O[3]
                         net (fo=3, routed)           0.681    75.438    dut/core1/execute_unit/u_fpu/u_divider/exp_norm0_inferred__3/i__carry__0_n_4
    SLICE_X25Y59         LUT6 (Prop_lut6_I2_O)        0.142    75.580 f  dut/core1/execute_unit/u_fpu/u_divider/i__carry_i_11__32/O
                         net (fo=1, routed)           0.457    76.037    dut/core1/execute_unit/u_fpu/u_divider/i__carry_i_11__32_n_0
    SLICE_X25Y59         LUT6 (Prop_lut6_I1_O)        0.053    76.090 r  dut/core1/execute_unit/u_fpu/u_divider/i__carry_i_9__29/O
                         net (fo=1, routed)           0.128    76.218    dut/core1/execute_unit/u_fpu/u_divider/i__carry_i_9__29_n_0
    SLICE_X25Y59         LUT6 (Prop_lut6_I5_O)        0.053    76.271 r  dut/core1/execute_unit/u_fpu/u_divider/i__carry_i_5__45/O
                         net (fo=29, routed)          0.724    76.996    dut/core1/execute_unit/u_fpu/u_divider/i__carry_i_5__45_n_0
    SLICE_X23Y59         LUT2 (Prop_lut2_I1_O)        0.053    77.049 r  dut/core1/execute_unit/u_fpu/u_divider/i__carry_i_4__32/O
                         net (fo=1, routed)           0.000    77.049    dut/core1/execute_unit/u_fpu/u_divider/i__carry_i_4__32_n_0
    SLICE_X23Y59         CARRY4 (Prop_carry4_S[0]_CO[3])
                                                      0.313    77.362 r  dut/core1/execute_unit/u_fpu/u_divider/exp_norm0_inferred__4/i__carry/CO[3]
                         net (fo=1, routed)           0.000    77.362    dut/core1/execute_unit/u_fpu/u_divider/exp_norm0_inferred__4/i__carry_n_0
    SLICE_X23Y60         CARRY4 (Prop_carry4_CI_O[3])
                                                      0.179    77.541 f  dut/core1/execute_unit/u_fpu/u_divider/exp_norm0_inferred__4/i__carry__0/O[3]
                         net (fo=3, routed)           0.959    78.499    dut/core1/execute_unit/u_fpu/u_divider/exp_norm0_inferred__4/i__carry__0_n_4
    SLICE_X9Y61          LUT6 (Prop_lut6_I2_O)        0.142    78.641 f  dut/core1/execute_unit/u_fpu/u_divider/i__carry_i_10__36/O
                         net (fo=1, routed)           0.294    78.935    dut/core1/execute_unit/u_fpu/u_divider/i__carry_i_10__36_n_0
    SLICE_X9Y62          LUT6 (Prop_lut6_I1_O)        0.053    78.988 r  dut/core1/execute_unit/u_fpu/u_divider/i__carry_i_8__44/O
                         net (fo=4, routed)           0.417    79.405    dut/core1/execute_unit/u_fpu/u_divider/i__carry_i_8__44_n_0
    SLICE_X9Y63          LUT4 (Prop_lut4_I3_O)        0.053    79.458 r  dut/core1/execute_unit/u_fpu/u_divider/i__carry_i_5__44/O
                         net (fo=26, routed)          0.454    79.912    dut/core1/execute_unit/u_fpu/u_divider/i__carry_i_5__44_n_0
    SLICE_X7Y61          LUT2 (Prop_lut2_I1_O)        0.053    79.965 r  dut/core1/execute_unit/u_fpu/u_divider/i__carry_i_4__33/O
                         net (fo=1, routed)           0.000    79.965    dut/core1/execute_unit/u_fpu/u_divider/i__carry_i_4__33_n_0
    SLICE_X7Y61          CARRY4 (Prop_carry4_S[0]_CO[3])
                                                      0.313    80.278 r  dut/core1/execute_unit/u_fpu/u_divider/exp_norm0_inferred__5/i__carry/CO[3]
                         net (fo=1, routed)           0.000    80.278    dut/core1/execute_unit/u_fpu/u_divider/exp_norm0_inferred__5/i__carry_n_0
    SLICE_X7Y62          CARRY4 (Prop_carry4_CI_CO[3])
                                                      0.058    80.336 r  dut/core1/execute_unit/u_fpu/u_divider/exp_norm0_inferred__5/i__carry__0/CO[3]
                         net (fo=1, routed)           0.000    80.336    dut/core1/execute_unit/u_fpu/u_divider/exp_norm0_inferred__5/i__carry__0_n_0
    SLICE_X7Y63          CARRY4 (Prop_carry4_CI_O[1])
                                                      0.213    80.549 f  dut/core1/execute_unit/u_fpu/u_divider/exp_norm0_inferred__5/i__carry__1/O[1]
                         net (fo=3, routed)           0.768    81.318    dut/core1/execute_unit/u_fpu/u_divider/exp_norm0_inferred__5/i__carry__1_n_6
    SLICE_X5Y62          LUT6 (Prop_lut6_I3_O)        0.152    81.470 r  dut/core1/execute_unit/u_fpu/u_divider/i__carry_i_7__44/O
                         net (fo=1, routed)           0.607    82.076    dut/core1/execute_unit/u_fpu/u_divider/i__carry_i_7__44_n_0
    SLICE_X9Y63          LUT6 (Prop_lut6_I5_O)        0.053    82.129 r  dut/core1/execute_unit/u_fpu/u_divider/i__carry_i_5__43/O
                         net (fo=27, routed)          0.480    82.610    dut/core1/execute_unit/u_fpu/u_divider/i__carry_i_5__43_n_0
    SLICE_X6Y63          LUT2 (Prop_lut2_I1_O)        0.053    82.663 r  dut/core1/execute_unit/u_fpu/u_divider/i__carry_i_4__34/O
                         net (fo=1, routed)           0.000    82.663    dut/core1/execute_unit/u_fpu/u_divider/i__carry_i_4__34_n_0
    SLICE_X6Y63          CARRY4 (Prop_carry4_S[0]_CO[3])
                                                      0.297    82.960 r  dut/core1/execute_unit/u_fpu/u_divider/exp_norm0_inferred__6/i__carry/CO[3]
                         net (fo=1, routed)           0.000    82.960    dut/core1/execute_unit/u_fpu/u_divider/exp_norm0_inferred__6/i__carry_n_0
    SLICE_X6Y64          CARRY4 (Prop_carry4_CI_O[0])
                                                      0.135    83.095 f  dut/core1/execute_unit/u_fpu/u_divider/exp_norm0_inferred__6/i__carry__0/O[0]
                         net (fo=3, routed)           0.609    83.704    dut/core1/execute_unit/u_fpu/u_divider/exp_norm0_inferred__6/i__carry__0_n_7
    SLICE_X7Y64          LUT6 (Prop_lut6_I4_O)        0.153    83.857 f  dut/core1/execute_unit/u_fpu/u_divider/i__carry_i_13__26/O
                         net (fo=1, routed)           0.298    84.155    dut/core1/execute_unit/u_fpu/u_divider/i__carry_i_13__26_n_0
    SLICE_X7Y65          LUT6 (Prop_lut6_I1_O)        0.053    84.208 r  dut/core1/execute_unit/u_fpu/u_divider/i__carry_i_9__31/O
                         net (fo=4, routed)           0.451    84.659    dut/core1/execute_unit/u_fpu/u_divider/i__carry_i_9__31_n_0
    SLICE_X9Y65          LUT6 (Prop_lut6_I5_O)        0.053    84.712 r  dut/core1/execute_unit/u_fpu/u_divider/i__carry_i_5__42/O
                         net (fo=27, routed)          0.697    85.409    dut/core1/execute_unit/u_fpu/u_divider/i__carry_i_5__42_n_0
    SLICE_X5Y63          LUT2 (Prop_lut2_I1_O)        0.053    85.462 r  dut/core1/execute_unit/u_fpu/u_divider/i__carry_i_4__35/O
                         net (fo=1, routed)           0.000    85.462    dut/core1/execute_unit/u_fpu/u_divider/i__carry_i_4__35_n_0
    SLICE_X5Y63          CARRY4 (Prop_carry4_S[0]_CO[3])
                                                      0.313    85.775 r  dut/core1/execute_unit/u_fpu/u_divider/exp_norm0_inferred__7/i__carry/CO[3]
                         net (fo=1, routed)           0.000    85.775    dut/core1/execute_unit/u_fpu/u_divider/exp_norm0_inferred__7/i__carry_n_0
    SLICE_X5Y64          CARRY4 (Prop_carry4_CI_O[0])
                                                      0.139    85.914 f  dut/core1/execute_unit/u_fpu/u_divider/exp_norm0_inferred__7/i__carry__0/O[0]
                         net (fo=3, routed)           0.587    86.500    dut/core1/execute_unit/u_fpu/u_divider/exp_norm0_inferred__7/i__carry__0_n_7
    SLICE_X3Y64          LUT6 (Prop_lut6_I4_O)        0.155    86.655 f  dut/core1/execute_unit/u_fpu/u_divider/i__carry_i_10__37/O
                         net (fo=1, routed)           0.566    87.222    dut/core1/execute_unit/u_fpu/u_divider/i__carry_i_10__37_n_0
    SLICE_X7Y65          LUT6 (Prop_lut6_I1_O)        0.053    87.275 r  dut/core1/execute_unit/u_fpu/u_divider/i__carry_i_8__45/O
                         net (fo=2, routed)           0.303    87.577    dut/core1/execute_unit/u_fpu/u_divider/i__carry_i_8__45_n_0
    SLICE_X7Y66          LUT4 (Prop_lut4_I3_O)        0.053    87.630 r  dut/core1/execute_unit/u_fpu/u_divider/i__carry_i_5__41/O
                         net (fo=29, routed)          0.803    88.434    dut/core1/execute_unit/u_fpu/u_divider/i__carry_i_5__41_n_0
    SLICE_X4Y63          LUT2 (Prop_lut2_I1_O)        0.053    88.487 r  dut/core1/execute_unit/u_fpu/u_divider/i__carry_i_4__36/O
                         net (fo=1, routed)           0.000    88.487    dut/core1/execute_unit/u_fpu/u_divider/i__carry_i_4__36_n_0
    SLICE_X4Y63          CARRY4 (Prop_carry4_S[0]_CO[3])
                                                      0.297    88.784 r  dut/core1/execute_unit/u_fpu/u_divider/exp_norm0_inferred__8/i__carry/CO[3]
                         net (fo=1, routed)           0.000    88.784    dut/core1/execute_unit/u_fpu/u_divider/exp_norm0_inferred__8/i__carry_n_0
    SLICE_X4Y64          CARRY4 (Prop_carry4_CI_O[2])
                                                      0.137    88.921 f  dut/core1/execute_unit/u_fpu/u_divider/exp_norm0_inferred__8/i__carry__0/O[2]
                         net (fo=3, routed)           0.735    89.655    dut/core1/execute_unit/u_fpu/u_divider/exp_norm0_inferred__8/i__carry__0_n_5
    SLICE_X5Y62          LUT6 (Prop_lut6_I1_O)        0.152    89.807 f  dut/core1/execute_unit/u_fpu/u_divider/i__carry_i_9__32/O
                         net (fo=1, routed)           0.457    90.264    dut/core1/execute_unit/u_fpu/u_divider/i__carry_i_9__32_n_0
    SLICE_X5Y62          LUT6 (Prop_lut6_I1_O)        0.053    90.317 r  dut/core1/execute_unit/u_fpu/u_divider/i__carry_i_7__45/O
                         net (fo=3, routed)           0.658    90.975    dut/core1/execute_unit/u_fpu/u_divider/i__carry_i_7__45_n_0
    SLICE_X7Y66          LUT6 (Prop_lut6_I5_O)        0.053    91.028 r  dut/core1/execute_unit/u_fpu/u_divider/i__carry_i_5__40/O
                         net (fo=26, routed)          0.619    91.648    dut/core1/execute_unit/u_fpu/u_divider/i__carry_i_5__40_n_0
    SLICE_X2Y63          LUT2 (Prop_lut2_I1_O)        0.053    91.701 r  dut/core1/execute_unit/u_fpu/u_divider/i__carry_i_4__37/O
                         net (fo=1, routed)           0.000    91.701    dut/core1/execute_unit/u_fpu/u_divider/i__carry_i_4__37_n_0
    SLICE_X2Y63          CARRY4 (Prop_carry4_S[0]_CO[3])
                                                      0.297    91.998 r  dut/core1/execute_unit/u_fpu/u_divider/exp_norm0_inferred__9/i__carry/CO[3]
                         net (fo=1, routed)           0.000    91.998    dut/core1/execute_unit/u_fpu/u_divider/exp_norm0_inferred__9/i__carry_n_0
    SLICE_X2Y64          CARRY4 (Prop_carry4_CI_O[3])
                                                      0.181    92.179 f  dut/core1/execute_unit/u_fpu/u_divider/exp_norm0_inferred__9/i__carry__0/O[3]
                         net (fo=3, routed)           1.025    93.204    dut/core1/execute_unit/u_fpu/u_divider/exp_norm0_inferred__9/i__carry__0_n_4
    SLICE_X3Y64          LUT6 (Prop_lut6_I4_O)        0.142    93.346 r  dut/core1/execute_unit/u_fpu/u_divider/i__carry_i_9__33/O
                         net (fo=1, routed)           0.727    94.073    dut/core1/execute_unit/u_fpu/u_divider/i__carry_i_9__33_n_0
    SLICE_X9Y66          LUT6 (Prop_lut6_I5_O)        0.053    94.126 r  dut/core1/execute_unit/u_fpu/u_divider/i__carry_i_5__39/O
                         net (fo=30, routed)          1.062    95.188    dut/core1/execute_unit/u_fpu/u_divider/i__carry_i_5__39_n_0
    SLICE_X1Y62          LUT2 (Prop_lut2_I1_O)        0.053    95.241 r  dut/core1/execute_unit/u_fpu/u_divider/i__carry_i_4__38/O
                         net (fo=1, routed)           0.000    95.241    dut/core1/execute_unit/u_fpu/u_divider/i__carry_i_4__38_n_0
    SLICE_X1Y62          CARRY4 (Prop_carry4_S[0]_CO[3])
                                                      0.313    95.554 r  dut/core1/execute_unit/u_fpu/u_divider/exp_norm0_inferred__10/i__carry/CO[3]
                         net (fo=1, routed)           0.000    95.554    dut/core1/execute_unit/u_fpu/u_divider/exp_norm0_inferred__10/i__carry_n_0
    SLICE_X1Y63          CARRY4 (Prop_carry4_CI_O[1])
                                                      0.213    95.767 f  dut/core1/execute_unit/u_fpu/u_divider/exp_norm0_inferred__10/i__carry__0/O[1]
                         net (fo=3, routed)           0.836    96.602    dut/core1/execute_unit/u_fpu/u_divider/exp_norm0_inferred__10/i__carry__0_n_6
    SLICE_X0Y60          LUT6 (Prop_lut6_I0_O)        0.152    96.754 f  dut/core1/execute_unit/u_fpu/u_divider/i__carry_i_10__38/O
                         net (fo=1, routed)           0.593    97.348    dut/core1/execute_unit/u_fpu/u_divider/i__carry_i_10__38_n_0
    SLICE_X1Y61          LUT6 (Prop_lut6_I1_O)        0.053    97.401 r  dut/core1/execute_unit/u_fpu/u_divider/i__carry_i_8__46/O
                         net (fo=4, routed)           0.973    98.374    dut/core1/execute_unit/u_fpu/u_divider/i__carry_i_8__46_n_0
    SLICE_X9Y65          LUT4 (Prop_lut4_I3_O)        0.053    98.427 r  dut/core1/execute_unit/u_fpu/u_divider/i__carry_i_5__38/O
                         net (fo=27, routed)          1.042    99.468    dut/core1/execute_unit/u_fpu/u_divider/i__carry_i_5__38_n_0
    SLICE_X1Y57          LUT2 (Prop_lut2_I1_O)        0.053    99.521 r  dut/core1/execute_unit/u_fpu/u_divider/i__carry_i_4__39/O
                         net (fo=1, routed)           0.000    99.521    dut/core1/execute_unit/u_fpu/u_divider/i__carry_i_4__39_n_0
    SLICE_X1Y57          CARRY4 (Prop_carry4_S[0]_CO[3])
                                                      0.313    99.834 r  dut/core1/execute_unit/u_fpu/u_divider/exp_norm0_inferred__11/i__carry/CO[3]
                         net (fo=1, routed)           0.000    99.834    dut/core1/execute_unit/u_fpu/u_divider/exp_norm0_inferred__11/i__carry_n_0
    SLICE_X1Y58          CARRY4 (Prop_carry4_CI_O[2])
                                                      0.136    99.970 f  dut/core1/execute_unit/u_fpu/u_divider/exp_norm0_inferred__11/i__carry__0/O[2]
                         net (fo=3, routed)           0.656   100.627    dut/core1/execute_unit/u_fpu/u_divider/exp_norm0_inferred__11/i__carry__0_n_5
    SLICE_X0Y59          LUT6 (Prop_lut6_I2_O)        0.152   100.779 f  dut/core1/execute_unit/u_fpu/u_divider/i__carry_i_9__34/O
                         net (fo=1, routed)           0.459   101.238    dut/core1/execute_unit/u_fpu/u_divider/i__carry_i_9__34_n_0
    SLICE_X0Y59          LUT6 (Prop_lut6_I1_O)        0.053   101.291 r  dut/core1/execute_unit/u_fpu/u_divider/i__carry_i_7__46/O
                         net (fo=1, routed)           0.617   101.908    dut/core1/execute_unit/u_fpu/u_divider/i__carry_i_7__46_n_0
    SLICE_X7Y64          LUT6 (Prop_lut6_I5_O)        0.053   101.961 r  dut/core1/execute_unit/u_fpu/u_divider/i__carry_i_5__37/O
                         net (fo=28, routed)          1.410   103.370    dut/core1/execute_unit/u_fpu/u_divider/i__carry_i_5__37_n_0
    SLICE_X2Y57          LUT2 (Prop_lut2_I1_O)        0.053   103.423 r  dut/core1/execute_unit/u_fpu/u_divider/i__carry_i_4__40/O
                         net (fo=1, routed)           0.000   103.423    dut/core1/execute_unit/u_fpu/u_divider/i__carry_i_4__40_n_0
    SLICE_X2Y57          CARRY4 (Prop_carry4_S[0]_CO[3])
                                                      0.297   103.720 r  dut/core1/execute_unit/u_fpu/u_divider/exp_norm0_inferred__12/i__carry/CO[3]
                         net (fo=1, routed)           0.000   103.720    dut/core1/execute_unit/u_fpu/u_divider/exp_norm0_inferred__12/i__carry_n_0
    SLICE_X2Y58          CARRY4 (Prop_carry4_CI_CO[3])
                                                      0.060   103.780 r  dut/core1/execute_unit/u_fpu/u_divider/exp_norm0_inferred__12/i__carry__0/CO[3]
                         net (fo=1, routed)           0.000   103.780    dut/core1/execute_unit/u_fpu/u_divider/exp_norm0_inferred__12/i__carry__0_n_0
    SLICE_X2Y59          CARRY4 (Prop_carry4_CI_O[0])
                                                      0.135   103.915 f  dut/core1/execute_unit/u_fpu/u_divider/exp_norm0_inferred__12/i__carry__1/O[0]
                         net (fo=3, routed)           0.676   104.592    dut/core1/execute_unit/u_fpu/u_divider/exp_norm0_inferred__12/i__carry__1_n_7
    SLICE_X3Y56          LUT6 (Prop_lut6_I1_O)        0.153   104.745 f  dut/core1/execute_unit/u_fpu/u_divider/i__carry_i_11__34/O
                         net (fo=1, routed)           0.462   105.206    dut/core1/execute_unit/u_fpu/u_divider/i__carry_i_11__34_n_0
    SLICE_X3Y56          LUT6 (Prop_lut6_I1_O)        0.053   105.259 r  dut/core1/execute_unit/u_fpu/u_divider/i__carry_i_9__35/O
                         net (fo=4, routed)           0.896   106.155    dut/core1/execute_unit/u_fpu/u_divider/i__carry_i_9__35_n_0
    SLICE_X9Y62          LUT6 (Prop_lut6_I5_O)        0.053   106.208 r  dut/core1/execute_unit/u_fpu/u_divider/i__carry_i_5__36/O
                         net (fo=27, routed)          0.984   107.192    dut/core1/execute_unit/u_fpu/u_divider/i__carry_i_5__36_n_0
    SLICE_X3Y57          LUT2 (Prop_lut2_I1_O)        0.053   107.245 r  dut/core1/execute_unit/u_fpu/u_divider/i__carry_i_4__41/O
                         net (fo=1, routed)           0.000   107.245    dut/core1/execute_unit/u_fpu/u_divider/i__carry_i_4__41_n_0
    SLICE_X3Y57          CARRY4 (Prop_carry4_S[0]_CO[3])
                                                      0.313   107.558 r  dut/core1/execute_unit/u_fpu/u_divider/exp_norm0_inferred__13/i__carry/CO[3]
                         net (fo=1, routed)           0.000   107.558    dut/core1/execute_unit/u_fpu/u_divider/exp_norm0_inferred__13/i__carry_n_0
    SLICE_X3Y58          CARRY4 (Prop_carry4_CI_O[2])
                                                      0.136   107.694 f  dut/core1/execute_unit/u_fpu/u_divider/exp_norm0_inferred__13/i__carry__0/O[2]
                         net (fo=3, routed)           0.708   108.402    dut/core1/execute_unit/u_fpu/u_divider/exp_norm0_inferred__13/i__carry__0_n_5
    SLICE_X2Y56          LUT6 (Prop_lut6_I1_O)        0.152   108.554 f  dut/core1/execute_unit/u_fpu/u_divider/i__carry_i_10__39/O
                         net (fo=1, routed)           0.689   109.243    dut/core1/execute_unit/u_fpu/u_divider/i__carry_i_10__39_n_0
    SLICE_X0Y59          LUT6 (Prop_lut6_I1_O)        0.053   109.296 r  dut/core1/execute_unit/u_fpu/u_divider/i__carry_i_8__47/O
                         net (fo=2, routed)           0.591   109.888    dut/core1/execute_unit/u_fpu/u_divider/i__carry_i_8__47_n_0
    SLICE_X9Y61          LUT4 (Prop_lut4_I3_O)        0.053   109.941 r  dut/core1/execute_unit/u_fpu/u_divider/i__carry_i_5__35/O
                         net (fo=29, routed)          0.901   110.842    dut/core1/execute_unit/u_fpu/u_divider/i__carry_i_5__35_n_0
    SLICE_X0Y56          LUT2 (Prop_lut2_I1_O)        0.053   110.895 r  dut/core1/execute_unit/u_fpu/u_divider/i__carry_i_4__42/O
                         net (fo=1, routed)           0.000   110.895    dut/core1/execute_unit/u_fpu/u_divider/i__carry_i_4__42_n_0
    SLICE_X0Y56          CARRY4 (Prop_carry4_S[0]_CO[3])
                                                      0.297   111.192 r  dut/core1/execute_unit/u_fpu/u_divider/exp_norm0_inferred__14/i__carry/CO[3]
                         net (fo=1, routed)           0.000   111.192    dut/core1/execute_unit/u_fpu/u_divider/exp_norm0_inferred__14/i__carry_n_0
    SLICE_X0Y57          CARRY4 (Prop_carry4_CI_O[3])
                                                      0.181   111.373 f  dut/core1/execute_unit/u_fpu/u_divider/exp_norm0_inferred__14/i__carry__0/O[3]
                         net (fo=3, routed)           1.130   112.504    dut/core1/execute_unit/u_fpu/u_divider/exp_norm0_inferred__14/i__carry__0_n_4
    SLICE_X2Y56          LUT6 (Prop_lut6_I2_O)        0.142   112.646 f  dut/core1/execute_unit/u_fpu/u_divider/i__carry_i_9__36/O
                         net (fo=1, routed)           0.545   113.191    dut/core1/execute_unit/u_fpu/u_divider/i__carry_i_9__36_n_0
    SLICE_X0Y59          LUT6 (Prop_lut6_I1_O)        0.053   113.244 r  dut/core1/execute_unit/u_fpu/u_divider/i__carry_i_7__47/O
                         net (fo=3, routed)           0.535   113.779    dut/core1/execute_unit/u_fpu/u_divider/i__carry_i_7__47_n_0
    SLICE_X9Y61          LUT6 (Prop_lut6_I5_O)        0.053   113.832 r  dut/core1/execute_unit/u_fpu/u_divider/i__carry_i_5__34/O
                         net (fo=26, routed)          1.274   115.105    dut/core1/execute_unit/u_fpu/u_divider/i__carry_i_5__34_n_0
    SLICE_X1Y54          LUT2 (Prop_lut2_I1_O)        0.053   115.158 r  dut/core1/execute_unit/u_fpu/u_divider/i__carry_i_4__43/O
                         net (fo=1, routed)           0.000   115.158    dut/core1/execute_unit/u_fpu/u_divider/i__carry_i_4__43_n_0
    SLICE_X1Y54          CARRY4 (Prop_carry4_S[0]_O[2])
                                                      0.323   115.481 f  dut/core1/execute_unit/u_fpu/u_divider/exp_norm0_inferred__15/i__carry/O[2]
                         net (fo=3, routed)           1.032   116.513    dut/core1/execute_unit/u_fpu/u_divider/exp_norm0_inferred__15/i__carry_n_5
    SLICE_X2Y56          LUT6 (Prop_lut6_I4_O)        0.152   116.665 f  dut/core1/execute_unit/u_fpu/u_divider/i__carry_i_11__35/O
                         net (fo=1, routed)           0.327   116.993    dut/core1/execute_unit/u_fpu/u_divider/i__carry_i_11__35_n_0
    SLICE_X2Y56          LUT6 (Prop_lut6_I1_O)        0.053   117.046 r  dut/core1/execute_unit/u_fpu/u_divider/i__carry_i_9__37/O
                         net (fo=4, routed)           0.904   117.950    dut/core1/execute_unit/u_fpu/u_divider/i__carry_i_9__37_n_0
    SLICE_X10Y57         LUT6 (Prop_lut6_I5_O)        0.053   118.003 r  dut/core1/execute_unit/u_fpu/u_divider/i__carry_i_5__33/O
                         net (fo=28, routed)          1.159   119.162    dut/core1/execute_unit/u_fpu/u_divider/i__carry_i_5__33_n_0
    SLICE_X0Y53          LUT2 (Prop_lut2_I1_O)        0.053   119.215 r  dut/core1/execute_unit/u_fpu/u_divider/i__carry_i_4__44/O
                         net (fo=1, routed)           0.000   119.215    dut/core1/execute_unit/u_fpu/u_divider/i__carry_i_4__44_n_0
    SLICE_X0Y53          CARRY4 (Prop_carry4_S[0]_CO[3])
                                                      0.297   119.512 r  dut/core1/execute_unit/u_fpu/u_divider/exp_norm0_inferred__16/i__carry/CO[3]
                         net (fo=1, routed)           0.000   119.512    dut/core1/execute_unit/u_fpu/u_divider/exp_norm0_inferred__16/i__carry_n_0
    SLICE_X0Y54          CARRY4 (Prop_carry4_CI_O[2])
                                                      0.137   119.649 f  dut/core1/execute_unit/u_fpu/u_divider/exp_norm0_inferred__16/i__carry__0/O[2]
                         net (fo=3, routed)           0.700   120.349    dut/core1/execute_unit/u_fpu/u_divider/exp_norm0_inferred__16/i__carry__0_n_5
    SLICE_X2Y52          LUT6 (Prop_lut6_I1_O)        0.152   120.501 f  dut/core1/execute_unit/u_fpu/u_divider/i__carry_i_10__40/O
                         net (fo=1, routed)           0.672   121.173    dut/core1/execute_unit/u_fpu/u_divider/i__carry_i_10__40_n_0
    SLICE_X3Y56          LUT6 (Prop_lut6_I1_O)        0.053   121.226 r  dut/core1/execute_unit/u_fpu/u_divider/i__carry_i_8__48/O
                         net (fo=4, routed)           0.935   122.161    dut/core1/execute_unit/u_fpu/u_divider/i__carry_i_8__48_n_0
    SLICE_X10Y57         LUT4 (Prop_lut4_I3_O)        0.053   122.214 r  dut/core1/execute_unit/u_fpu/u_divider/i__carry_i_5__32/O
                         net (fo=28, routed)          1.307   123.521    dut/core1/execute_unit/u_fpu/u_divider/i__carry_i_5__32_n_0
    SLICE_X2Y53          LUT2 (Prop_lut2_I1_O)        0.053   123.574 r  dut/core1/execute_unit/u_fpu/u_divider/i__carry_i_4__45/O
                         net (fo=1, routed)           0.000   123.574    dut/core1/execute_unit/u_fpu/u_divider/i__carry_i_4__45_n_0
    SLICE_X2Y53          CARRY4 (Prop_carry4_S[0]_CO[3])
                                                      0.297   123.871 r  dut/core1/execute_unit/u_fpu/u_divider/exp_norm0_inferred__17/i__carry/CO[3]
                         net (fo=1, routed)           0.000   123.871    dut/core1/execute_unit/u_fpu/u_divider/exp_norm0_inferred__17/i__carry_n_0
    SLICE_X2Y54          CARRY4 (Prop_carry4_CI_O[3])
                                                      0.181   124.052 f  dut/core1/execute_unit/u_fpu/u_divider/exp_norm0_inferred__17/i__carry__0/O[3]
                         net (fo=3, routed)           0.679   124.731    dut/core1/execute_unit/u_fpu/u_divider/exp_norm0_inferred__17/i__carry__0_n_4
    SLICE_X2Y52          LUT6 (Prop_lut6_I2_O)        0.142   124.873 f  dut/core1/execute_unit/u_fpu/u_divider/i__carry_i_9__38/O
                         net (fo=1, routed)           0.859   125.732    dut/core1/execute_unit/u_fpu/u_divider/i__carry_i_9__38_n_0
    SLICE_X3Y56          LUT6 (Prop_lut6_I1_O)        0.053   125.785 r  dut/core1/execute_unit/u_fpu/u_divider/i__carry_i_7__48/O
                         net (fo=3, routed)           0.602   126.387    dut/core1/execute_unit/u_fpu/u_divider/i__carry_i_7__48_n_0
    SLICE_X7Y60          LUT6 (Prop_lut6_I5_O)        0.053   126.440 r  dut/core1/execute_unit/u_fpu/u_divider/i__carry_i_5__31/O
                         net (fo=26, routed)          1.241   127.682    dut/core1/execute_unit/u_fpu/u_divider/i__carry_i_5__31_n_0
    SLICE_X3Y53          LUT2 (Prop_lut2_I1_O)        0.053   127.735 r  dut/core1/execute_unit/u_fpu/u_divider/i__carry_i_4__46/O
                         net (fo=1, routed)           0.000   127.735    dut/core1/execute_unit/u_fpu/u_divider/i__carry_i_4__46_n_0
    SLICE_X3Y53          CARRY4 (Prop_carry4_S[0]_O[3])
                                                      0.357   128.092 f  dut/core1/execute_unit/u_fpu/u_divider/exp_norm0_inferred__18/i__carry/O[3]
                         net (fo=3, routed)           1.037   129.128    dut/core1/execute_unit/u_fpu/u_divider/exp_norm0_inferred__18/i__carry_n_4
    SLICE_X13Y53         LUT6 (Prop_lut6_I3_O)        0.142   129.270 f  dut/core1/execute_unit/u_fpu/u_divider/i__carry_i_11__36/O
                         net (fo=1, routed)           0.306   129.577    dut/core1/execute_unit/u_fpu/u_divider/i__carry_i_11__36_n_0
    SLICE_X13Y53         LUT6 (Prop_lut6_I1_O)        0.053   129.630 r  dut/core1/execute_unit/u_fpu/u_divider/i__carry_i_9__39/O
                         net (fo=5, routed)           0.670   130.299    dut/core1/execute_unit/u_fpu/u_divider/i__carry_i_9__39_n_0
    SLICE_X13Y57         LUT6 (Prop_lut6_I5_O)        0.053   130.352 r  dut/core1/execute_unit/u_fpu/u_divider/i__carry_i_5__30/O
                         net (fo=26, routed)          0.908   131.261    dut/core1/execute_unit/u_fpu/u_divider/i__carry_i_5__30_n_0
    SLICE_X15Y49         LUT2 (Prop_lut2_I1_O)        0.053   131.314 r  dut/core1/execute_unit/u_fpu/u_divider/i__carry_i_4__47/O
                         net (fo=1, routed)           0.000   131.314    dut/core1/execute_unit/u_fpu/u_divider/i__carry_i_4__47_n_0
    SLICE_X15Y49         CARRY4 (Prop_carry4_S[0]_CO[3])
                                                      0.313   131.627 r  dut/core1/execute_unit/u_fpu/u_divider/exp_norm0_inferred__19/i__carry/CO[3]
                         net (fo=1, routed)           0.001   131.627    dut/core1/execute_unit/u_fpu/u_divider/exp_norm0_inferred__19/i__carry_n_0
    SLICE_X15Y50         CARRY4 (Prop_carry4_CI_O[2])
                                                      0.136   131.763 f  dut/core1/execute_unit/u_fpu/u_divider/exp_norm0_inferred__19/i__carry__0/O[2]
                         net (fo=3, routed)           0.961   132.725    dut/core1/execute_unit/u_fpu/u_divider/exp_norm0_inferred__19/i__carry__0_n_5
    SLICE_X25Y50         LUT6 (Prop_lut6_I1_O)        0.152   132.877 f  dut/core1/execute_unit/u_fpu/u_divider/i__carry_i_9__40/O
                         net (fo=1, routed)           0.600   133.477    dut/core1/execute_unit/u_fpu/u_divider/i__carry_i_9__40_n_0
    SLICE_X25Y49         LUT6 (Prop_lut6_I1_O)        0.053   133.530 r  dut/core1/execute_unit/u_fpu/u_divider/i__carry_i_6__49/O
                         net (fo=6, routed)           0.764   134.294    dut/core1/execute_unit/u_fpu/u_divider/i__carry_i_6__49_n_0
    SLICE_X24Y55         LUT4 (Prop_lut4_I0_O)        0.053   134.347 r  dut/core1/execute_unit/u_fpu/u_divider/i__carry_i_5__29/O
                         net (fo=24, routed)          1.405   135.751    dut/core1/execute_unit/u_fpu/u_divider/i__carry_i_5__29_n_0
    SLICE_X24Y49         LUT2 (Prop_lut2_I1_O)        0.053   135.804 r  dut/core1/execute_unit/u_fpu/u_divider/i__carry_i_4__48/O
                         net (fo=1, routed)           0.000   135.804    dut/core1/execute_unit/u_fpu/u_divider/i__carry_i_4__48_n_0
    SLICE_X24Y49         CARRY4 (Prop_carry4_S[0]_CO[3])
                                                      0.313   136.117 r  dut/core1/execute_unit/u_fpu/u_divider/exp_norm0_inferred__20/i__carry/CO[3]
                         net (fo=1, routed)           0.001   136.118    dut/core1/execute_unit/u_fpu/u_divider/exp_norm0_inferred__20/i__carry_n_0
    SLICE_X24Y50         CARRY4 (Prop_carry4_CI_CO[3])
                                                      0.058   136.176 r  dut/core1/execute_unit/u_fpu/u_divider/exp_norm0_inferred__20/i__carry__0/CO[3]
                         net (fo=1, routed)           0.000   136.176    dut/core1/execute_unit/u_fpu/u_divider/exp_norm0_inferred__20/i__carry__0_n_0
    SLICE_X24Y51         CARRY4 (Prop_carry4_CI_O[0])
                                                      0.139   136.315 r  dut/core1/execute_unit/u_fpu/u_divider/exp_norm0_inferred__20/i__carry__1/O[0]
                         net (fo=3, routed)           0.557   136.872    dut/core1/execute_unit/u_fpu/u_divider/exp_norm0_inferred__20/i__carry__1_n_7
    SLICE_X25Y50         LUT6 (Prop_lut6_I1_O)        0.155   137.027 r  dut/core1/execute_unit/u_fpu/u_divider/i__carry_i_9__41/O
                         net (fo=1, routed)           0.131   137.158    dut/core1/execute_unit/u_fpu/u_divider/i__carry_i_9__41_n_0
    SLICE_X25Y50         LUT6 (Prop_lut6_I1_O)        0.053   137.211 f  dut/core1/execute_unit/u_fpu/u_divider/i__carry_i_7__49/O
                         net (fo=12, routed)          0.702   137.913    dut/core1/execute_unit/u_fpu/u_divider/i__carry_i_7__49_n_0
    SLICE_X25Y55         LUT2 (Prop_lut2_I1_O)        0.053   137.966 r  dut/core1/execute_unit/u_fpu/u_divider/i__carry_i_5__28/O
                         net (fo=24, routed)          1.229   139.196    dut/core1/execute_unit/u_fpu/u_divider/i__carry_i_5__28_n_0
    SLICE_X27Y49         LUT2 (Prop_lut2_I1_O)        0.053   139.249 r  dut/core1/execute_unit/u_fpu/u_divider/i__carry_i_4__49/O
                         net (fo=1, routed)           0.000   139.249    dut/core1/execute_unit/u_fpu/u_divider/i__carry_i_4__49_n_0
    SLICE_X27Y49         CARRY4 (Prop_carry4_S[0]_O[3])
                                                      0.357   139.606 f  dut/core1/execute_unit/u_fpu/u_divider/exp_norm0_inferred__21/i__carry/O[3]
                         net (fo=5, routed)           1.187   140.793    dut/core1/execute_unit/u_fpu/u_divider/exp_norm0_inferred__21/i__carry_n_4
    SLICE_X40Y50         LUT6 (Prop_lut6_I4_O)        0.142   140.935 r  dut/core1/execute_unit/u_fpu/u_divider/out_res[30]_i_10__0/O
                         net (fo=8, routed)           0.921   141.856    dut/core1/execute_unit/u_fpu/u_divider/out_res[30]_i_10__0_n_0
    SLICE_X41Y50         LUT6 (Prop_lut6_I3_O)        0.053   141.909 r  dut/core1/execute_unit/u_fpu/u_divider/out_res[30]_i_21__0/O
                         net (fo=9, routed)           1.017   142.925    dut/core1/execute_unit/u_fpu/u_divider/out_res[30]_i_21__0_n_0
    SLICE_X25Y54         LUT6 (Prop_lut6_I5_O)        0.053   142.978 r  dut/core1/execute_unit/u_fpu/u_divider/out_res[30]_i_9__0/O
                         net (fo=33, routed)          1.702   144.680    dut/core1/execute_unit/u_fpu/u_divider/out_res[30]_i_9__0_n_0
    SLICE_X41Y47         LUT5 (Prop_lut5_I2_O)        0.067   144.747 r  dut/core1/execute_unit/u_fpu/u_divider/out_res[29]_i_4__0/O
                         net (fo=2, routed)           0.649   145.397    dut/core1/execute_unit/u_fpu/u_divider/out_res[29]_i_4__0_n_0
    SLICE_X40Y46         LUT6 (Prop_lut6_I2_O)        0.170   145.567 r  dut/core1/execute_unit/u_fpu/u_divider/out_res[22]_i_3__0/O
                         net (fo=23, routed)          1.049   146.615    dut/core1/execute_unit/u_fpu/u_divider/out_res[22]_i_3__0_n_0
    SLICE_X28Y43         LUT6 (Prop_lut6_I3_O)        0.053   146.668 r  dut/core1/execute_unit/u_fpu/u_divider/out_res[12]_i_1__1/O
                         net (fo=1, routed)           0.000   146.668    dut/core1/execute_unit/u_fpu/u_divider/out_res[12]_i_1__1_n_0
    SLICE_X28Y43         FDCE                                         r  dut/core1/execute_unit/u_fpu/u_divider/out_res_reg[12]/D
  -------------------------------------------------------------------    -------------------

Slack:                    inf
  Source:                 dut/core1/mem_wb/RD_F_W_reg[3]/C
                            (rising edge-triggered cell FDRE)
  Destination:            dut/core1/execute_unit/u_fpu/u_divider/out_res_reg[13]/D
  Path Group:             (none)
  Path Type:              Max at Slow Process Corner
  Data Path Delay:        146.643ns  (logic 36.885ns (25.153%)  route 109.758ns (74.847%))
  Logic Levels:           316  (CARRY4=196 FDRE=1 LUT1=1 LUT2=24 LUT3=22 LUT4=7 LUT5=4 LUT6=61)

    Location             Delay type                Incr(ns)  Path(ns)    Netlist Resource(s)
  -------------------------------------------------------------------    -------------------
    SLICE_X68Y33         FDRE                         0.000     0.000 r  dut/core1/mem_wb/RD_F_W_reg[3]/C
    SLICE_X68Y33         FDRE (Prop_fdre_C_Q)         0.269     0.269 r  dut/core1/mem_wb/RD_F_W_reg[3]/Q
                         net (fo=73, routed)          0.946     1.215    dut/core1/id_ex/RD_F_W[3]
    SLICE_X68Y39         LUT6 (Prop_lut6_I3_O)        0.053     1.268 r  dut/core1/id_ex/B_r[31]_i_7__0/O
                         net (fo=1, routed)           0.306     1.574    dut/core1/id_ex/B_r[31]_i_7__0_n_0
    SLICE_X68Y39         LUT5 (Prop_lut5_I0_O)        0.053     1.627 r  dut/core1/id_ex/B_r[31]_i_5__0/O
                         net (fo=2, routed)           0.951     2.578    dut/core1/mem_wb/ForwardBE1__0
    SLICE_X67Y37         LUT3 (Prop_lut3_I2_O)        0.053     2.631 r  dut/core1/mem_wb/B_r[31]_i_2__0/O
                         net (fo=34, routed)          2.427     5.058    dut/core1/mem_wb/ForwardBE_F[0]
    SLICE_X80Y10         LUT5 (Prop_lut5_I1_O)        0.053     5.111 f  dut/core1/mem_wb/forward_fb_mux/B_r[2]_i_1__0/O
                         net (fo=112, routed)         7.652    12.763    dut/core1/mem_wb/ALU_ResultM_reg[2]
    SLICE_X0Y23          LUT1 (Prop_lut1_I0_O)        0.053    12.816 r  dut/core1/mem_wb/u_divider/out_res[30]_i_685__0/O
                         net (fo=1, routed)           0.000    12.816    dut_n_1069
    SLICE_X0Y23          CARRY4 (Prop_carry4_S[2]_CO[3])
                                                      0.219    13.035 r  u_divider/out_res_reg[30]_i_633__0/CO[3]
                         net (fo=1, routed)           0.000    13.035    u_divider/out_res_reg[30]_i_633__0_n_0
    SLICE_X0Y24          CARRY4 (Prop_carry4_CI_CO[3])
                                                      0.060    13.095 r  u_divider/out_res_reg[30]_i_628__0/CO[3]
                         net (fo=1, routed)           0.008    13.103    u_divider/out_res_reg[30]_i_628__0_n_0
    SLICE_X0Y25          CARRY4 (Prop_carry4_CI_CO[3])
                                                      0.060    13.163 r  u_divider/out_res_reg[30]_i_623__0/CO[3]
                         net (fo=1, routed)           0.000    13.163    u_divider/out_res_reg[30]_i_623__0_n_0
    SLICE_X0Y26          CARRY4 (Prop_carry4_CI_CO[3])
                                                      0.060    13.223 r  u_divider/out_res_reg[30]_i_618__0/CO[3]
                         net (fo=1, routed)           0.000    13.223    u_divider/out_res_reg[30]_i_618__0_n_0
    SLICE_X0Y27          CARRY4 (Prop_carry4_CI_CO[3])
                                                      0.060    13.283 r  u_divider/out_res_reg[30]_i_613__0/CO[3]
                         net (fo=1, routed)           0.000    13.283    u_divider/out_res_reg[30]_i_613__0_n_0
    SLICE_X0Y28          CARRY4 (Prop_carry4_CI_CO[3])
                                                      0.060    13.343 r  u_divider/out_res_reg[30]_i_610__0/CO[3]
                         net (fo=1, routed)           0.000    13.343    u_divider/out_res_reg[30]_i_610__0_n_0
    SLICE_X0Y29          CARRY4 (Prop_carry4_CI_CO[0])
                                                      0.173    13.516 r  u_divider/out_res_reg[30]_i_609__0/CO[0]
                         net (fo=27, routed)          1.168    14.684    dut/core1/mem_wb/u_divider/out_res_reg[30]_i_601__0[0]
    SLICE_X1Y23          LUT3 (Prop_lut3_I0_O)        0.153    14.837 r  dut/core1/mem_wb/u_divider/out_res[30]_i_640__0/O
                         net (fo=1, routed)           0.000    14.837    dut_n_2166
    SLICE_X1Y23          CARRY4 (Prop_carry4_S[1]_CO[3])
                                                      0.324    15.161 r  u_divider/out_res_reg[30]_i_601__0/CO[3]
                         net (fo=1, routed)           0.000    15.161    u_divider/out_res_reg[30]_i_601__0_n_0
    SLICE_X1Y24          CARRY4 (Prop_carry4_CI_CO[3])
                                                      0.058    15.219 r  u_divider/out_res_reg[30]_i_596__0/CO[3]
                         net (fo=1, routed)           0.008    15.227    u_divider/out_res_reg[30]_i_596__0_n_0
    SLICE_X1Y25          CARRY4 (Prop_carry4_CI_CO[3])
                                                      0.058    15.285 r  u_divider/out_res_reg[30]_i_591__0/CO[3]
                         net (fo=1, routed)           0.000    15.285    u_divider/out_res_reg[30]_i_591__0_n_0
    SLICE_X1Y26          CARRY4 (Prop_carry4_CI_CO[3])
                                                      0.058    15.343 r  u_divider/out_res_reg[30]_i_586__0/CO[3]
                         net (fo=1, routed)           0.000    15.343    u_divider/out_res_reg[30]_i_586__0_n_0
    SLICE_X1Y27          CARRY4 (Prop_carry4_CI_CO[3])
                                                      0.058    15.401 r  u_divider/out_res_reg[30]_i_581__0/CO[3]
                         net (fo=1, routed)           0.000    15.401    u_divider/out_res_reg[30]_i_581__0_n_0
    SLICE_X1Y28          CARRY4 (Prop_carry4_CI_CO[3])
                                                      0.058    15.459 r  u_divider/out_res_reg[30]_i_578__0/CO[3]
                         net (fo=1, routed)           0.000    15.459    u_divider/out_res_reg[30]_i_578__0_n_0
    SLICE_X1Y29          CARRY4 (Prop_carry4_CI_CO[1])
                                                      0.094    15.553 r  u_divider/out_res_reg[30]_i_577__0/CO[1]
                         net (fo=27, routed)          0.974    16.527    u_divider/out_res_reg[30]_i_577__0_n_2
    SLICE_X2Y23          CARRY4 (Prop_carry4_CYINIT_CO[3])
                                                      0.458    16.985 r  u_divider/out_res_reg[30]_i_569__0/CO[3]
                         net (fo=1, routed)           0.000    16.985    u_divider/out_res_reg[30]_i_569__0_n_0
    SLICE_X2Y24          CARRY4 (Prop_carry4_CI_CO[3])
                                                      0.060    17.045 r  u_divider/out_res_reg[30]_i_564__0/CO[3]
                         net (fo=1, routed)           0.008    17.053    u_divider/out_res_reg[30]_i_564__0_n_0
    SLICE_X2Y25          CARRY4 (Prop_carry4_CI_CO[3])
                                                      0.060    17.113 r  u_divider/out_res_reg[30]_i_559__0/CO[3]
                         net (fo=1, routed)           0.000    17.113    u_divider/out_res_reg[30]_i_559__0_n_0
    SLICE_X2Y26          CARRY4 (Prop_carry4_CI_CO[3])
                                                      0.060    17.173 r  u_divider/out_res_reg[30]_i_554__0/CO[3]
                         net (fo=1, routed)           0.000    17.173    u_divider/out_res_reg[30]_i_554__0_n_0
    SLICE_X2Y27          CARRY4 (Prop_carry4_CI_CO[3])
                                                      0.060    17.233 r  u_divider/out_res_reg[30]_i_549__0/CO[3]
                         net (fo=1, routed)           0.000    17.233    u_divider/out_res_reg[30]_i_549__0_n_0
    SLICE_X2Y28          CARRY4 (Prop_carry4_CI_CO[3])
                                                      0.060    17.293 r  u_divider/out_res_reg[30]_i_546__0/CO[3]
                         net (fo=1, routed)           0.000    17.293    u_divider/out_res_reg[30]_i_546__0_n_0
    SLICE_X2Y29          CARRY4 (Prop_carry4_CI_CO[1])
                                                      0.093    17.386 r  u_divider/out_res_reg[30]_i_545__0/CO[1]
                         net (fo=27, routed)          1.097    18.483    u_divider/out_res_reg[30]_i_545__0_n_2
    SLICE_X2Y35          LUT3 (Prop_lut3_I0_O)        0.153    18.636 r  u_divider/out_res[30]_i_551__0/O
                         net (fo=1, routed)           0.000    18.636    u_divider/out_res[30]_i_551__0_n_0
    SLICE_X2Y35          CARRY4 (Prop_carry4_S[2]_CO[3])
                                                      0.219    18.855 r  u_divider/out_res_reg[30]_i_514__0/CO[3]
                         net (fo=1, routed)           0.000    18.855    u_divider/out_res_reg[30]_i_514__0_n_0
    SLICE_X2Y36          CARRY4 (Prop_carry4_CI_CO[1])
                                                      0.093    18.948 r  u_divider/out_res_reg[30]_i_513__0/CO[1]
                         net (fo=27, routed)          1.437    20.385    u_divider/out_res_reg[30]_i_513__0_n_2
    SLICE_X0Y30          LUT3 (Prop_lut3_I0_O)        0.153    20.538 r  u_divider/out_res[30]_i_542__0/O
                         net (fo=1, routed)           0.000    20.538    u_divider/out_res[30]_i_542__0_n_0
    SLICE_X0Y30          CARRY4 (Prop_carry4_S[3]_CO[3])
                                                      0.216    20.754 r  u_divider/out_res_reg[30]_i_505__0/CO[3]
                         net (fo=1, routed)           0.000    20.754    u_divider/out_res_reg[30]_i_505__0_n_0
    SLICE_X0Y31          CARRY4 (Prop_carry4_CI_CO[3])
                                                      0.060    20.814 r  u_divider/out_res_reg[30]_i_500__0/CO[3]
                         net (fo=1, routed)           0.000    20.814    u_divider/out_res_reg[30]_i_500__0_n_0
    SLICE_X0Y32          CARRY4 (Prop_carry4_CI_CO[3])
                                                      0.060    20.874 r  u_divider/out_res_reg[30]_i_495__0/CO[3]
                         net (fo=1, routed)           0.000    20.874    u_divider/out_res_reg[30]_i_495__0_n_0
    SLICE_X0Y33          CARRY4 (Prop_carry4_CI_CO[3])
                                                      0.060    20.934 r  u_divider/out_res_reg[30]_i_490__0/CO[3]
                         net (fo=1, routed)           0.000    20.934    u_divider/out_res_reg[30]_i_490__0_n_0
    SLICE_X0Y34          CARRY4 (Prop_carry4_CI_CO[3])
                                                      0.060    20.994 r  u_divider/out_res_reg[30]_i_485__0/CO[3]
                         net (fo=1, routed)           0.000    20.994    u_divider/out_res_reg[30]_i_485__0_n_0
    SLICE_X0Y35          CARRY4 (Prop_carry4_CI_CO[3])
                                                      0.060    21.054 r  u_divider/out_res_reg[30]_i_482__0/CO[3]
                         net (fo=1, routed)           0.000    21.054    u_divider/out_res_reg[30]_i_482__0_n_0
    SLICE_X0Y36          CARRY4 (Prop_carry4_CI_CO[1])
                                                      0.093    21.147 r  u_divider/out_res_reg[30]_i_481__0/CO[1]
                         net (fo=27, routed)          1.087    22.234    u_divider/out_res_reg[30]_i_481__0_n_2
    SLICE_X1Y31          LUT3 (Prop_lut3_I0_O)        0.153    22.387 r  u_divider/out_res[30]_i_508__0/O
                         net (fo=1, routed)           0.000    22.387    u_divider/out_res[30]_i_508__0_n_0
    SLICE_X1Y31          CARRY4 (Prop_carry4_S[1]_CO[3])
                                                      0.324    22.711 r  u_divider/out_res_reg[30]_i_468__0/CO[3]
                         net (fo=1, routed)           0.000    22.711    u_divider/out_res_reg[30]_i_468__0_n_0
    SLICE_X1Y32          CARRY4 (Prop_carry4_CI_CO[3])
                                                      0.058    22.769 r  u_divider/out_res_reg[30]_i_463__0/CO[3]
                         net (fo=1, routed)           0.000    22.769    u_divider/out_res_reg[30]_i_463__0_n_0
    SLICE_X1Y33          CARRY4 (Prop_carry4_CI_CO[3])
                                                      0.058    22.827 r  u_divider/out_res_reg[30]_i_458__0/CO[3]
                         net (fo=1, routed)           0.000    22.827    u_divider/out_res_reg[30]_i_458__0_n_0
    SLICE_X1Y34          CARRY4 (Prop_carry4_CI_CO[3])
                                                      0.058    22.885 r  u_divider/out_res_reg[30]_i_453__0/CO[3]
                         net (fo=1, routed)           0.000    22.885    u_divider/out_res_reg[30]_i_453__0_n_0
    SLICE_X1Y35          CARRY4 (Prop_carry4_CI_CO[3])
                                                      0.058    22.943 r  u_divider/out_res_reg[30]_i_450__0/CO[3]
                         net (fo=1, routed)           0.000    22.943    u_divider/out_res_reg[30]_i_450__0_n_0
    SLICE_X1Y36          CARRY4 (Prop_carry4_CI_CO[1])
                                                      0.094    23.037 r  u_divider/out_res_reg[30]_i_449__0/CO[1]
                         net (fo=27, routed)          1.202    24.239    dut/core1/mem_wb/u_divider/out_res_reg[30]_i_441__0[0]
    SLICE_X3Y30          LUT3 (Prop_lut3_I0_O)        0.152    24.391 r  dut/core1/mem_wb/u_divider/out_res[30]_i_480__0/O
                         net (fo=1, routed)           0.000    24.391    dut_n_2171
    SLICE_X3Y30          CARRY4 (Prop_carry4_S[1]_CO[3])
                                                      0.324    24.715 r  u_divider/out_res_reg[30]_i_441__0/CO[3]
                         net (fo=1, routed)           0.000    24.715    u_divider/out_res_reg[30]_i_441__0_n_0
    SLICE_X3Y31          CARRY4 (Prop_carry4_CI_CO[3])
                                                      0.058    24.773 r  u_divider/out_res_reg[30]_i_436__0/CO[3]
                         net (fo=1, routed)           0.000    24.773    u_divider/out_res_reg[30]_i_436__0_n_0
    SLICE_X3Y32          CARRY4 (Prop_carry4_CI_CO[3])
                                                      0.058    24.831 r  u_divider/out_res_reg[30]_i_431__0/CO[3]
                         net (fo=1, routed)           0.000    24.831    u_divider/out_res_reg[30]_i_431__0_n_0
    SLICE_X3Y33          CARRY4 (Prop_carry4_CI_CO[3])
                                                      0.058    24.889 r  u_divider/out_res_reg[30]_i_426__0/CO[3]
                         net (fo=1, routed)           0.000    24.889    u_divider/out_res_reg[30]_i_426__0_n_0
    SLICE_X3Y34          CARRY4 (Prop_carry4_CI_CO[3])
                                                      0.058    24.947 r  u_divider/out_res_reg[30]_i_421__0/CO[3]
                         net (fo=1, routed)           0.000    24.947    u_divider/out_res_reg[30]_i_421__0_n_0
    SLICE_X3Y35          CARRY4 (Prop_carry4_CI_CO[3])
                                                      0.058    25.005 r  u_divider/out_res_reg[30]_i_418__0/CO[3]
                         net (fo=1, routed)           0.000    25.005    u_divider/out_res_reg[30]_i_418__0_n_0
    SLICE_X3Y36          CARRY4 (Prop_carry4_CI_CO[1])
                                                      0.094    25.099 r  u_divider/out_res_reg[30]_i_417__0/CO[1]
                         net (fo=27, routed)          0.815    25.914    dut/core1/mem_wb/u_divider/out_res_reg[30]_i_409__0[0]
    SLICE_X2Y37          LUT3 (Prop_lut3_I0_O)        0.152    26.066 r  dut/core1/mem_wb/u_divider/out_res[30]_i_448__0/O
                         net (fo=1, routed)           0.000    26.066    dut_n_2172
    SLICE_X2Y37          CARRY4 (Prop_carry4_S[1]_CO[3])
                                                      0.310    26.376 r  u_divider/out_res_reg[30]_i_409__0/CO[3]
                         net (fo=1, routed)           0.000    26.376    u_divider/out_res_reg[30]_i_409__0_n_0
    SLICE_X2Y38          CARRY4 (Prop_carry4_CI_CO[3])
                                                      0.060    26.436 r  u_divider/out_res_reg[30]_i_404__0/CO[3]
                         net (fo=1, routed)           0.000    26.436    u_divider/out_res_reg[30]_i_404__0_n_0
    SLICE_X2Y39          CARRY4 (Prop_carry4_CI_CO[3])
                                                      0.060    26.496 r  u_divider/out_res_reg[30]_i_399__0/CO[3]
                         net (fo=1, routed)           0.000    26.496    u_divider/out_res_reg[30]_i_399__0_n_0
    SLICE_X2Y40          CARRY4 (Prop_carry4_CI_CO[3])
                                                      0.060    26.556 r  u_divider/out_res_reg[30]_i_394__0/CO[3]
                         net (fo=1, routed)           0.000    26.556    u_divider/out_res_reg[30]_i_394__0_n_0
    SLICE_X2Y41          CARRY4 (Prop_carry4_CI_CO[3])
                                                      0.060    26.616 r  u_divider/out_res_reg[30]_i_389__0/CO[3]
                         net (fo=1, routed)           0.000    26.616    u_divider/out_res_reg[30]_i_389__0_n_0
    SLICE_X2Y42          CARRY4 (Prop_carry4_CI_CO[3])
                                                      0.060    26.676 r  u_divider/out_res_reg[30]_i_386__0/CO[3]
                         net (fo=1, routed)           0.000    26.676    u_divider/out_res_reg[30]_i_386__0_n_0
    SLICE_X2Y43          CARRY4 (Prop_carry4_CI_CO[1])
                                                      0.093    26.769 r  u_divider/out_res_reg[30]_i_385__0/CO[1]
                         net (fo=27, routed)          1.232    28.001    u_divider/out_res_reg[30]_i_385__0_n_2
    SLICE_X3Y37          LUT3 (Prop_lut3_I0_O)        0.153    28.154 r  u_divider/out_res[30]_i_414__0/O
                         net (fo=1, routed)           0.000    28.154    u_divider/out_res[30]_i_414__0_n_0
    SLICE_X3Y37          CARRY4 (Prop_carry4_S[3]_CO[3])
                                                      0.233    28.387 r  u_divider/out_res_reg[30]_i_377__0/CO[3]
                         net (fo=1, routed)           0.000    28.387    u_divider/out_res_reg[30]_i_377__0_n_0
    SLICE_X3Y38          CARRY4 (Prop_carry4_CI_CO[3])
                                                      0.058    28.445 r  u_divider/out_res_reg[30]_i_372__0/CO[3]
                         net (fo=1, routed)           0.000    28.445    u_divider/out_res_reg[30]_i_372__0_n_0
    SLICE_X3Y39          CARRY4 (Prop_carry4_CI_CO[3])
                                                      0.058    28.503 r  u_divider/out_res_reg[30]_i_367__0/CO[3]
                         net (fo=1, routed)           0.000    28.503    u_divider/out_res_reg[30]_i_367__0_n_0
    SLICE_X3Y40          CARRY4 (Prop_carry4_CI_CO[3])
                                                      0.058    28.561 r  u_divider/out_res_reg[30]_i_362__0/CO[3]
                         net (fo=1, routed)           0.000    28.561    u_divider/out_res_reg[30]_i_362__0_n_0
    SLICE_X3Y41          CARRY4 (Prop_carry4_CI_CO[3])
                                                      0.058    28.619 r  u_divider/out_res_reg[30]_i_357__0/CO[3]
                         net (fo=1, routed)           0.000    28.619    u_divider/out_res_reg[30]_i_357__0_n_0
    SLICE_X3Y42          CARRY4 (Prop_carry4_CI_CO[3])
                                                      0.058    28.677 r  u_divider/out_res_reg[30]_i_354__0/CO[3]
                         net (fo=1, routed)           0.000    28.677    u_divider/out_res_reg[30]_i_354__0_n_0
    SLICE_X3Y43          CARRY4 (Prop_carry4_CI_CO[1])
                                                      0.094    28.771 r  u_divider/out_res_reg[30]_i_353__0/CO[1]
                         net (fo=27, routed)          1.389    30.160    dut/core1/mem_wb/u_divider/out_res_reg[30]_i_344__0[0]
    SLICE_X4Y33          LUT3 (Prop_lut3_I0_O)        0.152    30.312 r  dut/core1/mem_wb/u_divider/out_res[30]_i_384__0/O
                         net (fo=1, routed)           0.000    30.312    dut_n_2174
    SLICE_X4Y33          CARRY4 (Prop_carry4_S[1]_CO[3])
                                                      0.310    30.622 r  u_divider/out_res_reg[30]_i_344__0/CO[3]
                         net (fo=1, routed)           0.000    30.622    u_divider/out_res_reg[30]_i_344__0_n_0
    SLICE_X4Y34          CARRY4 (Prop_carry4_CI_CO[3])
                                                      0.060    30.682 r  u_divider/out_res_reg[30]_i_339__0/CO[3]
                         net (fo=1, routed)           0.000    30.682    u_divider/out_res_reg[30]_i_339__0_n_0
    SLICE_X4Y35          CARRY4 (Prop_carry4_CI_CO[3])
                                                      0.060    30.742 r  u_divider/out_res_reg[30]_i_334__0/CO[3]
                         net (fo=1, routed)           0.000    30.742    u_divider/out_res_reg[30]_i_334__0_n_0
    SLICE_X4Y36          CARRY4 (Prop_carry4_CI_CO[3])
                                                      0.060    30.802 r  u_divider/out_res_reg[30]_i_329__0/CO[3]
                         net (fo=1, routed)           0.000    30.802    u_divider/out_res_reg[30]_i_329__0_n_0
    SLICE_X4Y37          CARRY4 (Prop_carry4_CI_CO[3])
                                                      0.060    30.862 r  u_divider/out_res_reg[30]_i_324__0/CO[3]
                         net (fo=1, routed)           0.000    30.862    u_divider/out_res_reg[30]_i_324__0_n_0
    SLICE_X4Y38          CARRY4 (Prop_carry4_CI_CO[3])
                                                      0.060    30.922 r  u_divider/out_res_reg[30]_i_321__0/CO[3]
                         net (fo=1, routed)           0.000    30.922    u_divider/out_res_reg[30]_i_321__0_n_0
    SLICE_X4Y39          CARRY4 (Prop_carry4_CI_CO[1])
                                                      0.093    31.015 r  u_divider/out_res_reg[30]_i_320__0/CO[1]
                         net (fo=27, routed)          1.261    32.276    dut/core1/mem_wb/u_divider/out_res_reg[30]_i_311__0[0]
    SLICE_X7Y32          LUT3 (Prop_lut3_I0_O)        0.153    32.429 r  dut/core1/mem_wb/u_divider/out_res[30]_i_351__0/O
                         net (fo=1, routed)           0.000    32.429    dut_n_2175
    SLICE_X7Y32          CARRY4 (Prop_carry4_S[1]_CO[3])
                                                      0.324    32.753 r  u_divider/out_res_reg[30]_i_311__0/CO[3]
                         net (fo=1, routed)           0.000    32.753    u_divider/out_res_reg[30]_i_311__0_n_0
    SLICE_X7Y33          CARRY4 (Prop_carry4_CI_CO[3])
                                                      0.058    32.811 r  u_divider/out_res_reg[30]_i_306__0/CO[3]
                         net (fo=1, routed)           0.000    32.811    u_divider/out_res_reg[30]_i_306__0_n_0
    SLICE_X7Y34          CARRY4 (Prop_carry4_CI_CO[3])
                                                      0.058    32.869 r  u_divider/out_res_reg[30]_i_301__0/CO[3]
                         net (fo=1, routed)           0.000    32.869    u_divider/out_res_reg[30]_i_301__0_n_0
    SLICE_X7Y35          CARRY4 (Prop_carry4_CI_CO[3])
                                                      0.058    32.927 r  u_divider/out_res_reg[30]_i_296__0/CO[3]
                         net (fo=1, routed)           0.000    32.927    u_divider/out_res_reg[30]_i_296__0_n_0
    SLICE_X7Y36          CARRY4 (Prop_carry4_CI_CO[3])
                                                      0.058    32.985 r  u_divider/out_res_reg[30]_i_291__0/CO[3]
                         net (fo=1, routed)           0.000    32.985    u_divider/out_res_reg[30]_i_291__0_n_0
    SLICE_X7Y37          CARRY4 (Prop_carry4_CI_CO[3])
                                                      0.058    33.043 r  u_divider/out_res_reg[30]_i_288__0/CO[3]
                         net (fo=1, routed)           0.000    33.043    u_divider/out_res_reg[30]_i_288__0_n_0
    SLICE_X7Y38          CARRY4 (Prop_carry4_CI_CO[1])
                                                      0.094    33.137 r  u_divider/out_res_reg[30]_i_287__0/CO[1]
                         net (fo=27, routed)          1.425    34.562    dut/core1/mem_wb/u_divider/out_res_reg[30]_i_278__0[0]
    SLICE_X11Y32         LUT3 (Prop_lut3_I0_O)        0.152    34.714 r  dut/core1/mem_wb/u_divider/out_res[30]_i_318__0/O
                         net (fo=1, routed)           0.000    34.714    dut_n_2176
    SLICE_X11Y32         CARRY4 (Prop_carry4_S[1]_CO[3])
                                                      0.324    35.038 r  u_divider/out_res_reg[30]_i_278__0/CO[3]
                         net (fo=1, routed)           0.000    35.038    u_divider/out_res_reg[30]_i_278__0_n_0
    SLICE_X11Y33         CARRY4 (Prop_carry4_CI_CO[3])
                                                      0.058    35.096 r  u_divider/out_res_reg[30]_i_273__0/CO[3]
                         net (fo=1, routed)           0.000    35.096    u_divider/out_res_reg[30]_i_273__0_n_0
    SLICE_X11Y34         CARRY4 (Prop_carry4_CI_CO[3])
                                                      0.058    35.154 r  u_divider/out_res_reg[30]_i_268__0/CO[3]
                         net (fo=1, routed)           0.000    35.154    u_divider/out_res_reg[30]_i_268__0_n_0
    SLICE_X11Y35         CARRY4 (Prop_carry4_CI_CO[3])
                                                      0.058    35.212 r  u_divider/out_res_reg[30]_i_263__0/CO[3]
                         net (fo=1, routed)           0.000    35.212    u_divider/out_res_reg[30]_i_263__0_n_0
    SLICE_X11Y36         CARRY4 (Prop_carry4_CI_CO[3])
                                                      0.058    35.270 r  u_divider/out_res_reg[30]_i_258__0/CO[3]
                         net (fo=1, routed)           0.000    35.270    u_divider/out_res_reg[30]_i_258__0_n_0
    SLICE_X11Y37         CARRY4 (Prop_carry4_CI_CO[3])
                                                      0.058    35.328 r  u_divider/out_res_reg[30]_i_255__0/CO[3]
                         net (fo=1, routed)           0.000    35.328    u_divider/out_res_reg[30]_i_255__0_n_0
    SLICE_X11Y38         CARRY4 (Prop_carry4_CI_CO[1])
                                                      0.094    35.422 r  u_divider/out_res_reg[30]_i_254__0/CO[1]
                         net (fo=27, routed)          1.201    36.623    u_divider/out_res_reg[30]_i_254__0_n_2
    SLICE_X15Y32         LUT3 (Prop_lut3_I0_O)        0.152    36.775 r  u_divider/out_res[30]_i_284__0/O
                         net (fo=1, routed)           0.000    36.775    u_divider/out_res[30]_i_284__0_n_0
    SLICE_X15Y32         CARRY4 (Prop_carry4_S[2]_CO[3])
                                                      0.235    37.010 r  u_divider/out_res_reg[30]_i_245__0/CO[3]
                         net (fo=1, routed)           0.000    37.010    u_divider/out_res_reg[30]_i_245__0_n_0
    SLICE_X15Y33         CARRY4 (Prop_carry4_CI_CO[3])
                                                      0.058    37.068 r  u_divider/out_res_reg[30]_i_240__0/CO[3]
                         net (fo=1, routed)           0.000    37.068    u_divider/out_res_reg[30]_i_240__0_n_0
    SLICE_X15Y34         CARRY4 (Prop_carry4_CI_CO[3])
                                                      0.058    37.126 r  u_divider/out_res_reg[30]_i_235__0/CO[3]
                         net (fo=1, routed)           0.000    37.126    u_divider/out_res_reg[30]_i_235__0_n_0
    SLICE_X15Y35         CARRY4 (Prop_carry4_CI_CO[3])
                                                      0.058    37.184 r  u_divider/out_res_reg[30]_i_230__0/CO[3]
                         net (fo=1, routed)           0.000    37.184    u_divider/out_res_reg[30]_i_230__0_n_0
    SLICE_X15Y36         CARRY4 (Prop_carry4_CI_CO[3])
                                                      0.058    37.242 r  u_divider/out_res_reg[30]_i_225__0/CO[3]
                         net (fo=1, routed)           0.000    37.242    u_divider/out_res_reg[30]_i_225__0_n_0
    SLICE_X15Y37         CARRY4 (Prop_carry4_CI_CO[3])
                                                      0.058    37.300 r  u_divider/out_res_reg[30]_i_222__0/CO[3]
                         net (fo=1, routed)           0.000    37.300    u_divider/out_res_reg[30]_i_222__0_n_0
    SLICE_X15Y38         CARRY4 (Prop_carry4_CI_CO[1])
                                                      0.094    37.394 r  u_divider/out_res_reg[30]_i_221__0/CO[1]
                         net (fo=27, routed)          1.155    38.548    u_divider/out_res_reg[30]_i_221__0_n_2
    SLICE_X15Y42         LUT3 (Prop_lut3_I0_O)        0.152    38.700 r  u_divider/out_res[30]_i_237__0/O
                         net (fo=1, routed)           0.000    38.700    u_divider/out_res[30]_i_237__0_n_0
    SLICE_X15Y42         CARRY4 (Prop_carry4_S[2]_CO[3])
                                                      0.235    38.935 r  u_divider/out_res_reg[30]_i_197__0/CO[3]
                         net (fo=1, routed)           0.000    38.935    u_divider/out_res_reg[30]_i_197__0_n_0
    SLICE_X15Y43         CARRY4 (Prop_carry4_CI_CO[3])
                                                      0.058    38.993 r  u_divider/out_res_reg[30]_i_192__0/CO[3]
                         net (fo=1, routed)           0.000    38.993    u_divider/out_res_reg[30]_i_192__0_n_0
    SLICE_X15Y44         CARRY4 (Prop_carry4_CI_CO[3])
                                                      0.058    39.051 r  u_divider/out_res_reg[30]_i_189__0/CO[3]
                         net (fo=1, routed)           0.000    39.051    u_divider/out_res_reg[30]_i_189__0_n_0
    SLICE_X15Y45         CARRY4 (Prop_carry4_CI_CO[1])
                                                      0.094    39.145 r  u_divider/out_res_reg[30]_i_188__0/CO[1]
                         net (fo=27, routed)          1.816    40.961    u_divider/out_res_reg[30]_i_188__0_n_2
    SLICE_X11Y39         LUT3 (Prop_lut3_I0_O)        0.152    41.113 r  u_divider/out_res[30]_i_218__0/O
                         net (fo=1, routed)           0.000    41.113    u_divider/out_res[30]_i_218__0_n_0
    SLICE_X11Y39         CARRY4 (Prop_carry4_S[2]_CO[3])
                                                      0.235    41.348 r  u_divider/out_res_reg[30]_i_179__0/CO[3]
                         net (fo=1, routed)           0.000    41.348    u_divider/out_res_reg[30]_i_179__0_n_0
    SLICE_X11Y40         CARRY4 (Prop_carry4_CI_CO[3])
                                                      0.058    41.406 r  u_divider/out_res_reg[30]_i_174__0/CO[3]
                         net (fo=1, routed)           0.000    41.406    u_divider/out_res_reg[30]_i_174__0_n_0
    SLICE_X11Y41         CARRY4 (Prop_carry4_CI_CO[3])
                                                      0.058    41.464 r  u_divider/out_res_reg[30]_i_169__0/CO[3]
                         net (fo=1, routed)           0.000    41.464    u_divider/out_res_reg[30]_i_169__0_n_0
    SLICE_X11Y42         CARRY4 (Prop_carry4_CI_CO[3])
                                                      0.058    41.522 r  u_divider/out_res_reg[30]_i_164__0/CO[3]
                         net (fo=1, routed)           0.000    41.522    u_divider/out_res_reg[30]_i_164__0_n_0
    SLICE_X11Y43         CARRY4 (Prop_carry4_CI_CO[3])
                                                      0.058    41.580 r  u_divider/out_res_reg[30]_i_159__0/CO[3]
                         net (fo=1, routed)           0.000    41.580    u_divider/out_res_reg[30]_i_159__0_n_0
    SLICE_X11Y44         CARRY4 (Prop_carry4_CI_CO[3])
                                                      0.058    41.638 r  u_divider/out_res_reg[30]_i_156__0/CO[3]
                         net (fo=1, routed)           0.000    41.638    u_divider/out_res_reg[30]_i_156__0_n_0
    SLICE_X11Y45         CARRY4 (Prop_carry4_CI_CO[1])
                                                      0.094    41.732 r  u_divider/out_res_reg[30]_i_155__0/CO[1]
                         net (fo=27, routed)          1.479    43.211    u_divider/out_res_reg[30]_i_155__0_n_2
    SLICE_X9Y39          LUT3 (Prop_lut3_I0_O)        0.152    43.363 r  u_divider/out_res[30]_i_185__0/O
                         net (fo=1, routed)           0.000    43.363    u_divider/out_res[30]_i_185__0_n_0
    SLICE_X9Y39          CARRY4 (Prop_carry4_S[2]_CO[3])
                                                      0.235    43.598 r  u_divider/out_res_reg[30]_i_146__0/CO[3]
                         net (fo=1, routed)           0.000    43.598    u_divider/out_res_reg[30]_i_146__0_n_0
    SLICE_X9Y40          CARRY4 (Prop_carry4_CI_CO[3])
                                                      0.058    43.656 r  u_divider/out_res_reg[30]_i_141__0/CO[3]
                         net (fo=1, routed)           0.000    43.656    u_divider/out_res_reg[30]_i_141__0_n_0
    SLICE_X9Y41          CARRY4 (Prop_carry4_CI_CO[3])
                                                      0.058    43.714 r  u_divider/out_res_reg[30]_i_136__0/CO[3]
                         net (fo=1, routed)           0.000    43.714    u_divider/out_res_reg[30]_i_136__0_n_0
    SLICE_X9Y42          CARRY4 (Prop_carry4_CI_CO[3])
                                                      0.058    43.772 r  u_divider/out_res_reg[30]_i_131__0/CO[3]
                         net (fo=1, routed)           0.000    43.772    u_divider/out_res_reg[30]_i_131__0_n_0
    SLICE_X9Y43          CARRY4 (Prop_carry4_CI_CO[3])
                                                      0.058    43.830 r  u_divider/out_res_reg[30]_i_126__0/CO[3]
                         net (fo=1, routed)           0.000    43.830    u_divider/out_res_reg[30]_i_126__0_n_0
    SLICE_X9Y44          CARRY4 (Prop_carry4_CI_CO[3])
                                                      0.058    43.888 r  u_divider/out_res_reg[30]_i_123__0/CO[3]
                         net (fo=1, routed)           0.000    43.888    u_divider/out_res_reg[30]_i_123__0_n_0
    SLICE_X9Y45          CARRY4 (Prop_carry4_CI_CO[1])
                                                      0.094    43.982 r  u_divider/out_res_reg[30]_i_122__0/CO[1]
                         net (fo=27, routed)          1.441    45.424    u_divider/out_res_reg[30]_i_122__0_n_2
    SLICE_X13Y52         LUT2 (Prop_lut2_I0_O)        0.152    45.576 r  u_divider/out_res[30]_i_124__0/O
                         net (fo=1, routed)           0.000    45.576    u_divider/out_res[30]_i_124__0_n_0
    SLICE_X13Y52         CARRY4 (Prop_carry4_S[1]_CO[1])
                                                      0.302    45.878 r  u_divider/out_res_reg[30]_i_92__0/CO[1]
                         net (fo=27, routed)          1.310    47.187    dut/core1/mem_wb/u_divider/i__carry_i_124__0[0]
    SLICE_X13Y39         LUT3 (Prop_lut3_I0_O)        0.152    47.339 r  dut/core1/mem_wb/u_divider/i__carry_i_149__0/O
                         net (fo=1, routed)           0.000    47.339    dut_n_2182
    SLICE_X13Y39         CARRY4 (Prop_carry4_S[1]_CO[3])
                                                      0.324    47.663 r  u_divider/i__carry_i_124__0/CO[3]
                         net (fo=1, routed)           0.000    47.663    u_divider/i__carry_i_124__0_n_0
    SLICE_X13Y40         CARRY4 (Prop_carry4_CI_CO[3])
                                                      0.058    47.721 r  u_divider/out_res_reg[30]_i_86__0/CO[3]
                         net (fo=1, routed)           0.000    47.721    u_divider/out_res_reg[30]_i_86__0_n_0
    SLICE_X13Y41         CARRY4 (Prop_carry4_CI_CO[3])
                                                      0.058    47.779 r  u_divider/out_res_reg[30]_i_81__0/CO[3]
                         net (fo=1, routed)           0.000    47.779    u_divider/out_res_reg[30]_i_81__0_n_0
    SLICE_X13Y42         CARRY4 (Prop_carry4_CI_CO[3])
                                                      0.058    47.837 r  u_divider/out_res_reg[30]_i_76__0/CO[3]
                         net (fo=1, routed)           0.000    47.837    u_divider/out_res_reg[30]_i_76__0_n_0
    SLICE_X13Y43         CARRY4 (Prop_carry4_CI_CO[3])
                                                      0.058    47.895 r  u_divider/out_res_reg[30]_i_71__0/CO[3]
                         net (fo=1, routed)           0.000    47.895    u_divider/out_res_reg[30]_i_71__0_n_0
    SLICE_X13Y44         CARRY4 (Prop_carry4_CI_CO[3])
                                                      0.058    47.953 r  u_divider/out_res_reg[30]_i_68__0/CO[3]
                         net (fo=1, routed)           0.000    47.953    u_divider/out_res_reg[30]_i_68__0_n_0
    SLICE_X13Y45         CARRY4 (Prop_carry4_CI_CO[1])
                                                      0.094    48.047 r  u_divider/out_res_reg[30]_i_67__0/CO[1]
                         net (fo=27, routed)          1.406    49.453    u_divider/out_res_reg[30]_i_67__0_n_2
    SLICE_X19Y39         LUT3 (Prop_lut3_I0_O)        0.152    49.605 r  u_divider/i__carry_i_145__0/O
                         net (fo=1, routed)           0.000    49.605    u_divider/i__carry_i_145__0_n_0
    SLICE_X19Y39         CARRY4 (Prop_carry4_S[2]_CO[3])
                                                      0.235    49.840 r  u_divider/i__carry_i_119__0/CO[3]
                         net (fo=1, routed)           0.000    49.840    u_divider/i__carry_i_119__0_n_0
    SLICE_X19Y40         CARRY4 (Prop_carry4_CI_CO[3])
                                                      0.058    49.898 r  u_divider/i__carry_i_93__0/CO[3]
                         net (fo=1, routed)           0.000    49.898    u_divider/i__carry_i_93__0_n_0
    SLICE_X19Y41         CARRY4 (Prop_carry4_CI_CO[3])
                                                      0.058    49.956 r  u_divider/out_res_reg[30]_i_61__0/CO[3]
                         net (fo=1, routed)           0.000    49.956    u_divider/out_res_reg[30]_i_61__0_n_0
    SLICE_X19Y42         CARRY4 (Prop_carry4_CI_CO[3])
                                                      0.058    50.014 r  u_divider/out_res_reg[30]_i_56__0/CO[3]
                         net (fo=1, routed)           0.000    50.014    u_divider/out_res_reg[30]_i_56__0_n_0
    SLICE_X19Y43         CARRY4 (Prop_carry4_CI_CO[3])
                                                      0.058    50.072 r  u_divider/out_res_reg[30]_i_51__0/CO[3]
                         net (fo=1, routed)           0.000    50.072    u_divider/out_res_reg[30]_i_51__0_n_0
    SLICE_X19Y44         CARRY4 (Prop_carry4_CI_CO[3])
                                                      0.058    50.130 r  u_divider/out_res_reg[30]_i_48__0/CO[3]
                         net (fo=1, routed)           0.000    50.130    u_divider/out_res_reg[30]_i_48__0_n_0
    SLICE_X19Y45         CARRY4 (Prop_carry4_CI_CO[1])
                                                      0.094    50.224 r  u_divider/out_res_reg[30]_i_47__0/CO[1]
                         net (fo=27, routed)          1.431    51.655    u_divider/out_res_reg[30]_i_47__0_n_2
    SLICE_X17Y39         LUT3 (Prop_lut3_I0_O)        0.152    51.807 r  u_divider/i__carry_i_141__0/O
                         net (fo=1, routed)           0.000    51.807    u_divider/i__carry_i_141__0_n_0
    SLICE_X17Y39         CARRY4 (Prop_carry4_S[3]_CO[3])
                                                      0.233    52.040 r  u_divider/i__carry_i_114__0/CO[3]
                         net (fo=1, routed)           0.000    52.040    u_divider/i__carry_i_114__0_n_0
    SLICE_X17Y40         CARRY4 (Prop_carry4_CI_CO[3])
                                                      0.058    52.098 r  u_divider/i__carry_i_88__0/CO[3]
                         net (fo=1, routed)           0.000    52.098    u_divider/i__carry_i_88__0_n_0
    SLICE_X17Y41         CARRY4 (Prop_carry4_CI_CO[3])
                                                      0.058    52.156 r  u_divider/i__carry_i_67__0/CO[3]
                         net (fo=1, routed)           0.000    52.156    u_divider/i__carry_i_67__0_n_0
    SLICE_X17Y42         CARRY4 (Prop_carry4_CI_CO[3])
                                                      0.058    52.214 r  u_divider/out_res_reg[30]_i_41__0/CO[3]
                         net (fo=1, routed)           0.000    52.214    u_divider/out_res_reg[30]_i_41__0_n_0
    SLICE_X17Y43         CARRY4 (Prop_carry4_CI_CO[3])
                                                      0.058    52.272 r  u_divider/out_res_reg[30]_i_36__0/CO[3]
                         net (fo=1, routed)           0.000    52.272    u_divider/out_res_reg[30]_i_36__0_n_0
    SLICE_X17Y44         CARRY4 (Prop_carry4_CI_CO[3])
                                                      0.058    52.330 r  u_divider/out_res_reg[30]_i_33__0/CO[3]
                         net (fo=1, routed)           0.000    52.330    u_divider/out_res_reg[30]_i_33__0_n_0
    SLICE_X17Y45         CARRY4 (Prop_carry4_CI_CO[1])
                                                      0.094    52.424 r  u_divider/out_res_reg[30]_i_32__0/CO[1]
                         net (fo=27, routed)          1.557    53.981    u_divider/out_res_reg[30]_i_32__0_n_2
    SLICE_X17Y49         LUT3 (Prop_lut3_I0_O)        0.152    54.133 r  u_divider/i__carry_i_71__0/O
                         net (fo=1, routed)           0.000    54.133    u_divider/i__carry_i_71__0_n_0
    SLICE_X17Y49         CARRY4 (Prop_carry4_S[0]_CO[3])
                                                      0.313    54.446 r  u_divider/i__carry_i_46__0/CO[3]
                         net (fo=1, routed)           0.001    54.447    u_divider/i__carry_i_46__0_n_0
    SLICE_X17Y50         CARRY4 (Prop_carry4_CI_CO[3])
                                                      0.058    54.505 r  u_divider/out_res_reg[30]_i_26__0/CO[3]
                         net (fo=1, routed)           0.000    54.505    u_divider/out_res_reg[30]_i_26__0_n_0
    SLICE_X17Y51         CARRY4 (Prop_carry4_CI_CO[3])
                                                      0.058    54.563 r  u_divider/out_res_reg[30]_i_23__0/CO[3]
                         net (fo=1, routed)           0.000    54.563    u_divider/out_res_reg[30]_i_23__0_n_0
    SLICE_X17Y52         CARRY4 (Prop_carry4_CI_CO[1])
                                                      0.094    54.657 r  u_divider/out_res_reg[30]_i_22__0/CO[1]
                         net (fo=27, routed)          1.116    55.773    dut/core1/mem_wb/u_divider/i__carry_i_104__0[0]
    SLICE_X19Y46         LUT3 (Prop_lut3_I0_O)        0.152    55.925 r  dut/core1/mem_wb/u_divider/i__carry_i_137__0/O
                         net (fo=1, routed)           0.000    55.925    dut_n_2186
    SLICE_X19Y46         CARRY4 (Prop_carry4_S[1]_CO[3])
                                                      0.324    56.249 r  u_divider/i__carry_i_104__0/CO[3]
                         net (fo=1, routed)           0.000    56.249    u_divider/i__carry_i_104__0_n_0
    SLICE_X19Y47         CARRY4 (Prop_carry4_CI_CO[3])
                                                      0.058    56.307 r  u_divider/i__carry_i_78__0/CO[3]
                         net (fo=1, routed)           0.000    56.307    u_divider/i__carry_i_78__0_n_0
    SLICE_X19Y48         CARRY4 (Prop_carry4_CI_CO[3])
                                                      0.058    56.365 r  u_divider/i__carry_i_57__0/CO[3]
                         net (fo=1, routed)           0.000    56.365    u_divider/i__carry_i_57__0_n_0
    SLICE_X19Y49         CARRY4 (Prop_carry4_CI_CO[3])
                                                      0.058    56.423 r  u_divider/i__carry_i_41__0/CO[3]
                         net (fo=1, routed)           0.001    56.424    u_divider/i__carry_i_41__0_n_0
    SLICE_X19Y50         CARRY4 (Prop_carry4_CI_CO[3])
                                                      0.058    56.482 r  u_divider/i__carry_i_30__0/CO[3]
                         net (fo=1, routed)           0.000    56.482    u_divider/i__carry_i_30__0_n_0
    SLICE_X19Y51         CARRY4 (Prop_carry4_CI_CO[3])
                                                      0.058    56.540 r  u_divider/out_res_reg[30]_i_15__0/CO[3]
                         net (fo=1, routed)           0.000    56.540    u_divider/out_res_reg[30]_i_15__0_n_0
    SLICE_X19Y52         CARRY4 (Prop_carry4_CI_CO[1])
                                                      0.094    56.634 r  u_divider/out_res_reg[30]_i_14__0/CO[1]
                         net (fo=27, routed)          1.191    57.825    dut/core1/mem_wb/u_divider/i__carry_i_99__0[0]
    SLICE_X21Y46         LUT3 (Prop_lut3_I0_O)        0.152    57.977 r  dut/core1/mem_wb/u_divider/i__carry_i_134__0/O
                         net (fo=1, routed)           0.000    57.977    dut_n_2187
    SLICE_X21Y46         CARRY4 (Prop_carry4_S[1]_CO[3])
                                                      0.324    58.301 r  u_divider/i__carry_i_99__0/CO[3]
                         net (fo=1, routed)           0.000    58.301    u_divider/i__carry_i_99__0_n_0
    SLICE_X21Y47         CARRY4 (Prop_carry4_CI_CO[3])
                                                      0.058    58.359 r  u_divider/i__carry_i_73__0/CO[3]
                         net (fo=1, routed)           0.000    58.359    u_divider/i__carry_i_73__0_n_0
    SLICE_X21Y48         CARRY4 (Prop_carry4_CI_CO[3])
                                                      0.058    58.417 r  u_divider/i__carry_i_52__0/CO[3]
                         net (fo=1, routed)           0.000    58.417    u_divider/i__carry_i_52__0_n_0
    SLICE_X21Y49         CARRY4 (Prop_carry4_CI_CO[3])
                                                      0.058    58.475 r  u_divider/i__carry_i_36__0/CO[3]
                         net (fo=1, routed)           0.001    58.476    u_divider/i__carry_i_36__0_n_0
    SLICE_X21Y50         CARRY4 (Prop_carry4_CI_CO[3])
                                                      0.058    58.534 r  u_divider/i__carry_i_25__0/CO[3]
                         net (fo=1, routed)           0.000    58.534    u_divider/i__carry_i_25__0_n_0
    SLICE_X21Y51         CARRY4 (Prop_carry4_CI_CO[3])
                                                      0.058    58.592 r  u_divider/i__carry_i_15__0/CO[3]
                         net (fo=1, routed)           0.000    58.592    u_divider/i__carry_i_15__0_n_0
    SLICE_X21Y52         CARRY4 (Prop_carry4_CI_CO[1])
                                                      0.094    58.686 r  u_divider/out_res_reg[30]_i_8__0/CO[1]
                         net (fo=70, routed)          1.150    59.835    u_divider/out_res_reg[30]_i_8__0_n_2
    SLICE_X21Y58         LUT3 (Prop_lut3_I0_O)        0.152    59.987 r  u_divider/i__carry_i_28__0/O
                         net (fo=1, routed)           0.000    59.987    u_divider/i__carry_i_28__0_n_0
    SLICE_X21Y58         CARRY4 (Prop_carry4_S[1]_CO[3])
                                                      0.324    60.311 r  u_divider/i__carry_i_14__0/CO[3]
                         net (fo=1, routed)           0.000    60.311    u_divider/i__carry_i_14__0_n_0
    SLICE_X21Y59         CARRY4 (Prop_carry4_CI_CO[1])
                                                      0.094    60.405 r  u_divider/i__carry_i_11__0/CO[1]
                         net (fo=39, routed)          1.221    61.627    dut/core1/mem_wb/u_divider/out_res_reg[21]_i_35__0[0]
    SLICE_X20Y53         LUT2 (Prop_lut2_I1_O)        0.152    61.779 r  dut/core1/mem_wb/u_divider/out_res[21]_i_44__0/O
                         net (fo=1, routed)           0.000    61.779    dut_n_2255
    SLICE_X20Y53         CARRY4 (Prop_carry4_S[1]_CO[3])
                                                      0.310    62.089 r  u_divider/out_res_reg[21]_i_35__0/CO[3]
                         net (fo=1, routed)           0.000    62.089    u_divider/out_res_reg[21]_i_35__0_n_0
    SLICE_X20Y54         CARRY4 (Prop_carry4_CI_CO[3])
                                                      0.060    62.149 r  u_divider/out_res_reg[21]_i_29__0/CO[3]
                         net (fo=1, routed)           0.000    62.149    u_divider/out_res_reg[21]_i_29__0_n_0
    SLICE_X20Y55         CARRY4 (Prop_carry4_CI_CO[3])
                                                      0.060    62.209 r  u_divider/out_res_reg[21]_i_23__0/CO[3]
                         net (fo=1, routed)           0.000    62.209    u_divider/out_res_reg[21]_i_23__0_n_0
    SLICE_X20Y56         CARRY4 (Prop_carry4_CI_CO[3])
                                                      0.060    62.269 r  u_divider/out_res_reg[21]_i_17__0/CO[3]
                         net (fo=1, routed)           0.000    62.269    u_divider/out_res_reg[21]_i_17__0_n_0
    SLICE_X20Y57         CARRY4 (Prop_carry4_CI_CO[3])
                                                      0.060    62.329 r  u_divider/out_res_reg[21]_i_11__0/CO[3]
                         net (fo=1, routed)           0.000    62.329    u_divider/out_res_reg[21]_i_11__0_n_0
    SLICE_X20Y58         CARRY4 (Prop_carry4_CI_CO[3])
                                                      0.060    62.389 r  u_divider/out_res_reg[21]_i_7__0/CO[3]
                         net (fo=1, routed)           0.000    62.389    u_divider/out_res_reg[21]_i_7__0_n_0
    SLICE_X20Y59         CARRY4 (Prop_carry4_CI_CO[1])
                                                      0.093    62.482 r  u_divider/out_res_reg[21]_i_5__0/CO[1]
                         net (fo=32, routed)          1.546    64.028    dut/core1/execute_unit/u_fpu/u_divider/out_res_reg[21]_0[0]
    SLICE_X27Y55         LUT5 (Prop_lut5_I0_O)        0.153    64.181 r  dut/core1/execute_unit/u_fpu/u_divider/i__carry_i_18__10/O
                         net (fo=3, routed)           0.684    64.865    dut/core1/execute_unit/u_fpu/u_divider/i__carry_i_18__10_n_0
    SLICE_X27Y54         LUT6 (Prop_lut6_I0_O)        0.053    64.918 r  dut/core1/execute_unit/u_fpu/u_divider/i__carry_i_13__25/O
                         net (fo=33, routed)          0.699    65.617    dut/core1/execute_unit/u_fpu/u_divider/i__carry_i_13__25_n_0
    SLICE_X31Y53         LUT4 (Prop_lut4_I3_O)        0.053    65.670 r  dut/core1/execute_unit/u_fpu/u_divider/i__carry_i_8__49/O
                         net (fo=1, routed)           0.000    65.670    dut/core1/execute_unit/u_fpu/u_divider/i__carry_i_8__49_n_0
    SLICE_X31Y53         CARRY4 (Prop_carry4_S[0]_CO[3])
                                                      0.313    65.983 r  dut/core1/execute_unit/u_fpu/u_divider/exp_norm0_inferred__0/i__carry/CO[3]
                         net (fo=1, routed)           0.000    65.983    dut/core1/execute_unit/u_fpu/u_divider/exp_norm0_inferred__0/i__carry_n_0
    SLICE_X31Y54         CARRY4 (Prop_carry4_CI_O[0])
                                                      0.139    66.122 f  dut/core1/execute_unit/u_fpu/u_divider/exp_norm0_inferred__0/i__carry__0/O[0]
                         net (fo=3, routed)           0.565    66.687    dut/core1/execute_unit/u_fpu/u_divider/exp_norm[4]
    SLICE_X29Y54         LUT6 (Prop_lut6_I4_O)        0.155    66.842 f  dut/core1/execute_unit/u_fpu/u_divider/i__carry_i_12__31/O
                         net (fo=1, routed)           0.414    67.256    dut/core1/execute_unit/u_fpu/u_divider/i__carry_i_12__31_n_0
    SLICE_X29Y55         LUT6 (Prop_lut6_I1_O)        0.053    67.309 r  dut/core1/execute_unit/u_fpu/u_divider/i__carry_i_11__31/O
                         net (fo=4, routed)           0.479    67.788    dut/core1/execute_unit/u_fpu/u_divider/i__carry_i_11__31_n_0
    SLICE_X28Y57         LUT6 (Prop_lut6_I5_O)        0.053    67.841 r  dut/core1/execute_unit/u_fpu/u_divider/i__carry_i_5__48/O
                         net (fo=32, routed)          0.667    68.508    dut/core1/execute_unit/u_fpu/u_divider/i__carry_i_5__48_n_0
    SLICE_X28Y54         LUT2 (Prop_lut2_I1_O)        0.053    68.561 r  dut/core1/execute_unit/u_fpu/u_divider/i__carry_i_4__29/O
                         net (fo=1, routed)           0.000    68.561    dut/core1/execute_unit/u_fpu/u_divider/i__carry_i_4__29_n_0
    SLICE_X28Y54         CARRY4 (Prop_carry4_S[0]_CO[3])
                                                      0.313    68.874 r  dut/core1/execute_unit/u_fpu/u_divider/exp_norm0_inferred__1/i__carry/CO[3]
                         net (fo=1, routed)           0.000    68.874    dut/core1/execute_unit/u_fpu/u_divider/exp_norm0_inferred__1/i__carry_n_0
    SLICE_X28Y55         CARRY4 (Prop_carry4_CI_O[1])
                                                      0.213    69.087 f  dut/core1/execute_unit/u_fpu/u_divider/exp_norm0_inferred__1/i__carry__0/O[1]
                         net (fo=3, routed)           0.603    69.689    dut/core1/execute_unit/u_fpu/u_divider/exp_norm0_inferred__1/i__carry__0_n_6
    SLICE_X29Y55         LUT6 (Prop_lut6_I0_O)        0.152    69.841 f  dut/core1/execute_unit/u_fpu/u_divider/i__carry_i_8__43/O
                         net (fo=1, routed)           0.804    70.646    dut/core1/execute_unit/u_fpu/u_divider/i__carry_i_8__43_n_0
    SLICE_X28Y57         LUT6 (Prop_lut6_I1_O)        0.053    70.699 r  dut/core1/execute_unit/u_fpu/u_divider/i__carry_i_7__43/O
                         net (fo=2, routed)           0.325    71.023    dut/core1/execute_unit/u_fpu/u_divider/i__carry_i_7__43_n_0
    SLICE_X28Y57         LUT6 (Prop_lut6_I5_O)        0.053    71.076 r  dut/core1/execute_unit/u_fpu/u_divider/i__carry_i_5__47/O
                         net (fo=30, routed)          0.303    71.379    dut/core1/execute_unit/u_fpu/u_divider/i__carry_i_5__47_n_0
    SLICE_X29Y56         LUT2 (Prop_lut2_I1_O)        0.053    71.432 r  dut/core1/execute_unit/u_fpu/u_divider/i__carry_i_4__30/O
                         net (fo=1, routed)           0.000    71.432    dut/core1/execute_unit/u_fpu/u_divider/i__carry_i_4__30_n_0
    SLICE_X29Y56         CARRY4 (Prop_carry4_S[0]_CO[3])
                                                      0.313    71.745 r  dut/core1/execute_unit/u_fpu/u_divider/exp_norm0_inferred__2/i__carry/CO[3]
                         net (fo=1, routed)           0.000    71.745    dut/core1/execute_unit/u_fpu/u_divider/exp_norm0_inferred__2/i__carry_n_0
    SLICE_X29Y57         CARRY4 (Prop_carry4_CI_O[0])
                                                      0.139    71.884 f  dut/core1/execute_unit/u_fpu/u_divider/exp_norm0_inferred__2/i__carry__0/O[0]
                         net (fo=3, routed)           0.577    72.461    dut/core1/execute_unit/u_fpu/u_divider/exp_norm0_inferred__2/i__carry__0_n_7
    SLICE_X25Y57         LUT6 (Prop_lut6_I4_O)        0.155    72.616 f  dut/core1/execute_unit/u_fpu/u_divider/i__carry_i_12__32/O
                         net (fo=1, routed)           0.407    73.023    dut/core1/execute_unit/u_fpu/u_divider/i__carry_i_12__32_n_0
    SLICE_X25Y58         LUT6 (Prop_lut6_I1_O)        0.053    73.076 r  dut/core1/execute_unit/u_fpu/u_divider/i__carry_i_9__28/O
                         net (fo=3, routed)           0.659    73.735    dut/core1/execute_unit/u_fpu/u_divider/i__carry_i_9__28_n_0
    SLICE_X27Y57         LUT6 (Prop_lut6_I5_O)        0.053    73.788 r  dut/core1/execute_unit/u_fpu/u_divider/i__carry_i_5__46/O
                         net (fo=28, routed)          0.424    74.212    dut/core1/execute_unit/u_fpu/u_divider/i__carry_i_5__46_n_0
    SLICE_X24Y57         LUT2 (Prop_lut2_I1_O)        0.053    74.265 r  dut/core1/execute_unit/u_fpu/u_divider/i__carry_i_4__31/O
                         net (fo=1, routed)           0.000    74.265    dut/core1/execute_unit/u_fpu/u_divider/i__carry_i_4__31_n_0
    SLICE_X24Y57         CARRY4 (Prop_carry4_S[0]_CO[3])
                                                      0.313    74.578 r  dut/core1/execute_unit/u_fpu/u_divider/exp_norm0_inferred__3/i__carry/CO[3]
                         net (fo=1, routed)           0.000    74.578    dut/core1/execute_unit/u_fpu/u_divider/exp_norm0_inferred__3/i__carry_n_0
    SLICE_X24Y58         CARRY4 (Prop_carry4_CI_O[3])
                                                      0.179    74.757 f  dut/core1/execute_unit/u_fpu/u_divider/exp_norm0_inferred__3/i__carry__0/O[3]
                         net (fo=3, routed)           0.681    75.438    dut/core1/execute_unit/u_fpu/u_divider/exp_norm0_inferred__3/i__carry__0_n_4
    SLICE_X25Y59         LUT6 (Prop_lut6_I2_O)        0.142    75.580 f  dut/core1/execute_unit/u_fpu/u_divider/i__carry_i_11__32/O
                         net (fo=1, routed)           0.457    76.037    dut/core1/execute_unit/u_fpu/u_divider/i__carry_i_11__32_n_0
    SLICE_X25Y59         LUT6 (Prop_lut6_I1_O)        0.053    76.090 r  dut/core1/execute_unit/u_fpu/u_divider/i__carry_i_9__29/O
                         net (fo=1, routed)           0.128    76.218    dut/core1/execute_unit/u_fpu/u_divider/i__carry_i_9__29_n_0
    SLICE_X25Y59         LUT6 (Prop_lut6_I5_O)        0.053    76.271 r  dut/core1/execute_unit/u_fpu/u_divider/i__carry_i_5__45/O
                         net (fo=29, routed)          0.724    76.996    dut/core1/execute_unit/u_fpu/u_divider/i__carry_i_5__45_n_0
    SLICE_X23Y59         LUT2 (Prop_lut2_I1_O)        0.053    77.049 r  dut/core1/execute_unit/u_fpu/u_divider/i__carry_i_4__32/O
                         net (fo=1, routed)           0.000    77.049    dut/core1/execute_unit/u_fpu/u_divider/i__carry_i_4__32_n_0
    SLICE_X23Y59         CARRY4 (Prop_carry4_S[0]_CO[3])
                                                      0.313    77.362 r  dut/core1/execute_unit/u_fpu/u_divider/exp_norm0_inferred__4/i__carry/CO[3]
                         net (fo=1, routed)           0.000    77.362    dut/core1/execute_unit/u_fpu/u_divider/exp_norm0_inferred__4/i__carry_n_0
    SLICE_X23Y60         CARRY4 (Prop_carry4_CI_O[3])
                                                      0.179    77.541 f  dut/core1/execute_unit/u_fpu/u_divider/exp_norm0_inferred__4/i__carry__0/O[3]
                         net (fo=3, routed)           0.959    78.499    dut/core1/execute_unit/u_fpu/u_divider/exp_norm0_inferred__4/i__carry__0_n_4
    SLICE_X9Y61          LUT6 (Prop_lut6_I2_O)        0.142    78.641 f  dut/core1/execute_unit/u_fpu/u_divider/i__carry_i_10__36/O
                         net (fo=1, routed)           0.294    78.935    dut/core1/execute_unit/u_fpu/u_divider/i__carry_i_10__36_n_0
    SLICE_X9Y62          LUT6 (Prop_lut6_I1_O)        0.053    78.988 r  dut/core1/execute_unit/u_fpu/u_divider/i__carry_i_8__44/O
                         net (fo=4, routed)           0.417    79.405    dut/core1/execute_unit/u_fpu/u_divider/i__carry_i_8__44_n_0
    SLICE_X9Y63          LUT4 (Prop_lut4_I3_O)        0.053    79.458 r  dut/core1/execute_unit/u_fpu/u_divider/i__carry_i_5__44/O
                         net (fo=26, routed)          0.454    79.912    dut/core1/execute_unit/u_fpu/u_divider/i__carry_i_5__44_n_0
    SLICE_X7Y61          LUT2 (Prop_lut2_I1_O)        0.053    79.965 r  dut/core1/execute_unit/u_fpu/u_divider/i__carry_i_4__33/O
                         net (fo=1, routed)           0.000    79.965    dut/core1/execute_unit/u_fpu/u_divider/i__carry_i_4__33_n_0
    SLICE_X7Y61          CARRY4 (Prop_carry4_S[0]_CO[3])
                                                      0.313    80.278 r  dut/core1/execute_unit/u_fpu/u_divider/exp_norm0_inferred__5/i__carry/CO[3]
                         net (fo=1, routed)           0.000    80.278    dut/core1/execute_unit/u_fpu/u_divider/exp_norm0_inferred__5/i__carry_n_0
    SLICE_X7Y62          CARRY4 (Prop_carry4_CI_CO[3])
                                                      0.058    80.336 r  dut/core1/execute_unit/u_fpu/u_divider/exp_norm0_inferred__5/i__carry__0/CO[3]
                         net (fo=1, routed)           0.000    80.336    dut/core1/execute_unit/u_fpu/u_divider/exp_norm0_inferred__5/i__carry__0_n_0
    SLICE_X7Y63          CARRY4 (Prop_carry4_CI_O[1])
                                                      0.213    80.549 f  dut/core1/execute_unit/u_fpu/u_divider/exp_norm0_inferred__5/i__carry__1/O[1]
                         net (fo=3, routed)           0.768    81.318    dut/core1/execute_unit/u_fpu/u_divider/exp_norm0_inferred__5/i__carry__1_n_6
    SLICE_X5Y62          LUT6 (Prop_lut6_I3_O)        0.152    81.470 r  dut/core1/execute_unit/u_fpu/u_divider/i__carry_i_7__44/O
                         net (fo=1, routed)           0.607    82.076    dut/core1/execute_unit/u_fpu/u_divider/i__carry_i_7__44_n_0
    SLICE_X9Y63          LUT6 (Prop_lut6_I5_O)        0.053    82.129 r  dut/core1/execute_unit/u_fpu/u_divider/i__carry_i_5__43/O
                         net (fo=27, routed)          0.480    82.610    dut/core1/execute_unit/u_fpu/u_divider/i__carry_i_5__43_n_0
    SLICE_X6Y63          LUT2 (Prop_lut2_I1_O)        0.053    82.663 r  dut/core1/execute_unit/u_fpu/u_divider/i__carry_i_4__34/O
                         net (fo=1, routed)           0.000    82.663    dut/core1/execute_unit/u_fpu/u_divider/i__carry_i_4__34_n_0
    SLICE_X6Y63          CARRY4 (Prop_carry4_S[0]_CO[3])
                                                      0.297    82.960 r  dut/core1/execute_unit/u_fpu/u_divider/exp_norm0_inferred__6/i__carry/CO[3]
                         net (fo=1, routed)           0.000    82.960    dut/core1/execute_unit/u_fpu/u_divider/exp_norm0_inferred__6/i__carry_n_0
    SLICE_X6Y64          CARRY4 (Prop_carry4_CI_O[0])
                                                      0.135    83.095 f  dut/core1/execute_unit/u_fpu/u_divider/exp_norm0_inferred__6/i__carry__0/O[0]
                         net (fo=3, routed)           0.609    83.704    dut/core1/execute_unit/u_fpu/u_divider/exp_norm0_inferred__6/i__carry__0_n_7
    SLICE_X7Y64          LUT6 (Prop_lut6_I4_O)        0.153    83.857 f  dut/core1/execute_unit/u_fpu/u_divider/i__carry_i_13__26/O
                         net (fo=1, routed)           0.298    84.155    dut/core1/execute_unit/u_fpu/u_divider/i__carry_i_13__26_n_0
    SLICE_X7Y65          LUT6 (Prop_lut6_I1_O)        0.053    84.208 r  dut/core1/execute_unit/u_fpu/u_divider/i__carry_i_9__31/O
                         net (fo=4, routed)           0.451    84.659    dut/core1/execute_unit/u_fpu/u_divider/i__carry_i_9__31_n_0
    SLICE_X9Y65          LUT6 (Prop_lut6_I5_O)        0.053    84.712 r  dut/core1/execute_unit/u_fpu/u_divider/i__carry_i_5__42/O
                         net (fo=27, routed)          0.697    85.409    dut/core1/execute_unit/u_fpu/u_divider/i__carry_i_5__42_n_0
    SLICE_X5Y63          LUT2 (Prop_lut2_I1_O)        0.053    85.462 r  dut/core1/execute_unit/u_fpu/u_divider/i__carry_i_4__35/O
                         net (fo=1, routed)           0.000    85.462    dut/core1/execute_unit/u_fpu/u_divider/i__carry_i_4__35_n_0
    SLICE_X5Y63          CARRY4 (Prop_carry4_S[0]_CO[3])
                                                      0.313    85.775 r  dut/core1/execute_unit/u_fpu/u_divider/exp_norm0_inferred__7/i__carry/CO[3]
                         net (fo=1, routed)           0.000    85.775    dut/core1/execute_unit/u_fpu/u_divider/exp_norm0_inferred__7/i__carry_n_0
    SLICE_X5Y64          CARRY4 (Prop_carry4_CI_O[0])
                                                      0.139    85.914 f  dut/core1/execute_unit/u_fpu/u_divider/exp_norm0_inferred__7/i__carry__0/O[0]
                         net (fo=3, routed)           0.587    86.500    dut/core1/execute_unit/u_fpu/u_divider/exp_norm0_inferred__7/i__carry__0_n_7
    SLICE_X3Y64          LUT6 (Prop_lut6_I4_O)        0.155    86.655 f  dut/core1/execute_unit/u_fpu/u_divider/i__carry_i_10__37/O
                         net (fo=1, routed)           0.566    87.222    dut/core1/execute_unit/u_fpu/u_divider/i__carry_i_10__37_n_0
    SLICE_X7Y65          LUT6 (Prop_lut6_I1_O)        0.053    87.275 r  dut/core1/execute_unit/u_fpu/u_divider/i__carry_i_8__45/O
                         net (fo=2, routed)           0.303    87.577    dut/core1/execute_unit/u_fpu/u_divider/i__carry_i_8__45_n_0
    SLICE_X7Y66          LUT4 (Prop_lut4_I3_O)        0.053    87.630 r  dut/core1/execute_unit/u_fpu/u_divider/i__carry_i_5__41/O
                         net (fo=29, routed)          0.803    88.434    dut/core1/execute_unit/u_fpu/u_divider/i__carry_i_5__41_n_0
    SLICE_X4Y63          LUT2 (Prop_lut2_I1_O)        0.053    88.487 r  dut/core1/execute_unit/u_fpu/u_divider/i__carry_i_4__36/O
                         net (fo=1, routed)           0.000    88.487    dut/core1/execute_unit/u_fpu/u_divider/i__carry_i_4__36_n_0
    SLICE_X4Y63          CARRY4 (Prop_carry4_S[0]_CO[3])
                                                      0.297    88.784 r  dut/core1/execute_unit/u_fpu/u_divider/exp_norm0_inferred__8/i__carry/CO[3]
                         net (fo=1, routed)           0.000    88.784    dut/core1/execute_unit/u_fpu/u_divider/exp_norm0_inferred__8/i__carry_n_0
    SLICE_X4Y64          CARRY4 (Prop_carry4_CI_O[2])
                                                      0.137    88.921 f  dut/core1/execute_unit/u_fpu/u_divider/exp_norm0_inferred__8/i__carry__0/O[2]
                         net (fo=3, routed)           0.735    89.655    dut/core1/execute_unit/u_fpu/u_divider/exp_norm0_inferred__8/i__carry__0_n_5
    SLICE_X5Y62          LUT6 (Prop_lut6_I1_O)        0.152    89.807 f  dut/core1/execute_unit/u_fpu/u_divider/i__carry_i_9__32/O
                         net (fo=1, routed)           0.457    90.264    dut/core1/execute_unit/u_fpu/u_divider/i__carry_i_9__32_n_0
    SLICE_X5Y62          LUT6 (Prop_lut6_I1_O)        0.053    90.317 r  dut/core1/execute_unit/u_fpu/u_divider/i__carry_i_7__45/O
                         net (fo=3, routed)           0.658    90.975    dut/core1/execute_unit/u_fpu/u_divider/i__carry_i_7__45_n_0
    SLICE_X7Y66          LUT6 (Prop_lut6_I5_O)        0.053    91.028 r  dut/core1/execute_unit/u_fpu/u_divider/i__carry_i_5__40/O
                         net (fo=26, routed)          0.619    91.648    dut/core1/execute_unit/u_fpu/u_divider/i__carry_i_5__40_n_0
    SLICE_X2Y63          LUT2 (Prop_lut2_I1_O)        0.053    91.701 r  dut/core1/execute_unit/u_fpu/u_divider/i__carry_i_4__37/O
                         net (fo=1, routed)           0.000    91.701    dut/core1/execute_unit/u_fpu/u_divider/i__carry_i_4__37_n_0
    SLICE_X2Y63          CARRY4 (Prop_carry4_S[0]_CO[3])
                                                      0.297    91.998 r  dut/core1/execute_unit/u_fpu/u_divider/exp_norm0_inferred__9/i__carry/CO[3]
                         net (fo=1, routed)           0.000    91.998    dut/core1/execute_unit/u_fpu/u_divider/exp_norm0_inferred__9/i__carry_n_0
    SLICE_X2Y64          CARRY4 (Prop_carry4_CI_O[3])
                                                      0.181    92.179 f  dut/core1/execute_unit/u_fpu/u_divider/exp_norm0_inferred__9/i__carry__0/O[3]
                         net (fo=3, routed)           1.025    93.204    dut/core1/execute_unit/u_fpu/u_divider/exp_norm0_inferred__9/i__carry__0_n_4
    SLICE_X3Y64          LUT6 (Prop_lut6_I4_O)        0.142    93.346 r  dut/core1/execute_unit/u_fpu/u_divider/i__carry_i_9__33/O
                         net (fo=1, routed)           0.727    94.073    dut/core1/execute_unit/u_fpu/u_divider/i__carry_i_9__33_n_0
    SLICE_X9Y66          LUT6 (Prop_lut6_I5_O)        0.053    94.126 r  dut/core1/execute_unit/u_fpu/u_divider/i__carry_i_5__39/O
                         net (fo=30, routed)          1.062    95.188    dut/core1/execute_unit/u_fpu/u_divider/i__carry_i_5__39_n_0
    SLICE_X1Y62          LUT2 (Prop_lut2_I1_O)        0.053    95.241 r  dut/core1/execute_unit/u_fpu/u_divider/i__carry_i_4__38/O
                         net (fo=1, routed)           0.000    95.241    dut/core1/execute_unit/u_fpu/u_divider/i__carry_i_4__38_n_0
    SLICE_X1Y62          CARRY4 (Prop_carry4_S[0]_CO[3])
                                                      0.313    95.554 r  dut/core1/execute_unit/u_fpu/u_divider/exp_norm0_inferred__10/i__carry/CO[3]
                         net (fo=1, routed)           0.000    95.554    dut/core1/execute_unit/u_fpu/u_divider/exp_norm0_inferred__10/i__carry_n_0
    SLICE_X1Y63          CARRY4 (Prop_carry4_CI_O[1])
                                                      0.213    95.767 f  dut/core1/execute_unit/u_fpu/u_divider/exp_norm0_inferred__10/i__carry__0/O[1]
                         net (fo=3, routed)           0.836    96.602    dut/core1/execute_unit/u_fpu/u_divider/exp_norm0_inferred__10/i__carry__0_n_6
    SLICE_X0Y60          LUT6 (Prop_lut6_I0_O)        0.152    96.754 f  dut/core1/execute_unit/u_fpu/u_divider/i__carry_i_10__38/O
                         net (fo=1, routed)           0.593    97.348    dut/core1/execute_unit/u_fpu/u_divider/i__carry_i_10__38_n_0
    SLICE_X1Y61          LUT6 (Prop_lut6_I1_O)        0.053    97.401 r  dut/core1/execute_unit/u_fpu/u_divider/i__carry_i_8__46/O
                         net (fo=4, routed)           0.973    98.374    dut/core1/execute_unit/u_fpu/u_divider/i__carry_i_8__46_n_0
    SLICE_X9Y65          LUT4 (Prop_lut4_I3_O)        0.053    98.427 r  dut/core1/execute_unit/u_fpu/u_divider/i__carry_i_5__38/O
                         net (fo=27, routed)          1.042    99.468    dut/core1/execute_unit/u_fpu/u_divider/i__carry_i_5__38_n_0
    SLICE_X1Y57          LUT2 (Prop_lut2_I1_O)        0.053    99.521 r  dut/core1/execute_unit/u_fpu/u_divider/i__carry_i_4__39/O
                         net (fo=1, routed)           0.000    99.521    dut/core1/execute_unit/u_fpu/u_divider/i__carry_i_4__39_n_0
    SLICE_X1Y57          CARRY4 (Prop_carry4_S[0]_CO[3])
                                                      0.313    99.834 r  dut/core1/execute_unit/u_fpu/u_divider/exp_norm0_inferred__11/i__carry/CO[3]
                         net (fo=1, routed)           0.000    99.834    dut/core1/execute_unit/u_fpu/u_divider/exp_norm0_inferred__11/i__carry_n_0
    SLICE_X1Y58          CARRY4 (Prop_carry4_CI_O[2])
                                                      0.136    99.970 f  dut/core1/execute_unit/u_fpu/u_divider/exp_norm0_inferred__11/i__carry__0/O[2]
                         net (fo=3, routed)           0.656   100.627    dut/core1/execute_unit/u_fpu/u_divider/exp_norm0_inferred__11/i__carry__0_n_5
    SLICE_X0Y59          LUT6 (Prop_lut6_I2_O)        0.152   100.779 f  dut/core1/execute_unit/u_fpu/u_divider/i__carry_i_9__34/O
                         net (fo=1, routed)           0.459   101.238    dut/core1/execute_unit/u_fpu/u_divider/i__carry_i_9__34_n_0
    SLICE_X0Y59          LUT6 (Prop_lut6_I1_O)        0.053   101.291 r  dut/core1/execute_unit/u_fpu/u_divider/i__carry_i_7__46/O
                         net (fo=1, routed)           0.617   101.908    dut/core1/execute_unit/u_fpu/u_divider/i__carry_i_7__46_n_0
    SLICE_X7Y64          LUT6 (Prop_lut6_I5_O)        0.053   101.961 r  dut/core1/execute_unit/u_fpu/u_divider/i__carry_i_5__37/O
                         net (fo=28, routed)          1.410   103.370    dut/core1/execute_unit/u_fpu/u_divider/i__carry_i_5__37_n_0
    SLICE_X2Y57          LUT2 (Prop_lut2_I1_O)        0.053   103.423 r  dut/core1/execute_unit/u_fpu/u_divider/i__carry_i_4__40/O
                         net (fo=1, routed)           0.000   103.423    dut/core1/execute_unit/u_fpu/u_divider/i__carry_i_4__40_n_0
    SLICE_X2Y57          CARRY4 (Prop_carry4_S[0]_CO[3])
                                                      0.297   103.720 r  dut/core1/execute_unit/u_fpu/u_divider/exp_norm0_inferred__12/i__carry/CO[3]
                         net (fo=1, routed)           0.000   103.720    dut/core1/execute_unit/u_fpu/u_divider/exp_norm0_inferred__12/i__carry_n_0
    SLICE_X2Y58          CARRY4 (Prop_carry4_CI_CO[3])
                                                      0.060   103.780 r  dut/core1/execute_unit/u_fpu/u_divider/exp_norm0_inferred__12/i__carry__0/CO[3]
                         net (fo=1, routed)           0.000   103.780    dut/core1/execute_unit/u_fpu/u_divider/exp_norm0_inferred__12/i__carry__0_n_0
    SLICE_X2Y59          CARRY4 (Prop_carry4_CI_O[0])
                                                      0.135   103.915 f  dut/core1/execute_unit/u_fpu/u_divider/exp_norm0_inferred__12/i__carry__1/O[0]
                         net (fo=3, routed)           0.676   104.592    dut/core1/execute_unit/u_fpu/u_divider/exp_norm0_inferred__12/i__carry__1_n_7
    SLICE_X3Y56          LUT6 (Prop_lut6_I1_O)        0.153   104.745 f  dut/core1/execute_unit/u_fpu/u_divider/i__carry_i_11__34/O
                         net (fo=1, routed)           0.462   105.206    dut/core1/execute_unit/u_fpu/u_divider/i__carry_i_11__34_n_0
    SLICE_X3Y56          LUT6 (Prop_lut6_I1_O)        0.053   105.259 r  dut/core1/execute_unit/u_fpu/u_divider/i__carry_i_9__35/O
                         net (fo=4, routed)           0.896   106.155    dut/core1/execute_unit/u_fpu/u_divider/i__carry_i_9__35_n_0
    SLICE_X9Y62          LUT6 (Prop_lut6_I5_O)        0.053   106.208 r  dut/core1/execute_unit/u_fpu/u_divider/i__carry_i_5__36/O
                         net (fo=27, routed)          0.984   107.192    dut/core1/execute_unit/u_fpu/u_divider/i__carry_i_5__36_n_0
    SLICE_X3Y57          LUT2 (Prop_lut2_I1_O)        0.053   107.245 r  dut/core1/execute_unit/u_fpu/u_divider/i__carry_i_4__41/O
                         net (fo=1, routed)           0.000   107.245    dut/core1/execute_unit/u_fpu/u_divider/i__carry_i_4__41_n_0
    SLICE_X3Y57          CARRY4 (Prop_carry4_S[0]_CO[3])
                                                      0.313   107.558 r  dut/core1/execute_unit/u_fpu/u_divider/exp_norm0_inferred__13/i__carry/CO[3]
                         net (fo=1, routed)           0.000   107.558    dut/core1/execute_unit/u_fpu/u_divider/exp_norm0_inferred__13/i__carry_n_0
    SLICE_X3Y58          CARRY4 (Prop_carry4_CI_O[2])
                                                      0.136   107.694 f  dut/core1/execute_unit/u_fpu/u_divider/exp_norm0_inferred__13/i__carry__0/O[2]
                         net (fo=3, routed)           0.708   108.402    dut/core1/execute_unit/u_fpu/u_divider/exp_norm0_inferred__13/i__carry__0_n_5
    SLICE_X2Y56          LUT6 (Prop_lut6_I1_O)        0.152   108.554 f  dut/core1/execute_unit/u_fpu/u_divider/i__carry_i_10__39/O
                         net (fo=1, routed)           0.689   109.243    dut/core1/execute_unit/u_fpu/u_divider/i__carry_i_10__39_n_0
    SLICE_X0Y59          LUT6 (Prop_lut6_I1_O)        0.053   109.296 r  dut/core1/execute_unit/u_fpu/u_divider/i__carry_i_8__47/O
                         net (fo=2, routed)           0.591   109.888    dut/core1/execute_unit/u_fpu/u_divider/i__carry_i_8__47_n_0
    SLICE_X9Y61          LUT4 (Prop_lut4_I3_O)        0.053   109.941 r  dut/core1/execute_unit/u_fpu/u_divider/i__carry_i_5__35/O
                         net (fo=29, routed)          0.901   110.842    dut/core1/execute_unit/u_fpu/u_divider/i__carry_i_5__35_n_0
    SLICE_X0Y56          LUT2 (Prop_lut2_I1_O)        0.053   110.895 r  dut/core1/execute_unit/u_fpu/u_divider/i__carry_i_4__42/O
                         net (fo=1, routed)           0.000   110.895    dut/core1/execute_unit/u_fpu/u_divider/i__carry_i_4__42_n_0
    SLICE_X0Y56          CARRY4 (Prop_carry4_S[0]_CO[3])
                                                      0.297   111.192 r  dut/core1/execute_unit/u_fpu/u_divider/exp_norm0_inferred__14/i__carry/CO[3]
                         net (fo=1, routed)           0.000   111.192    dut/core1/execute_unit/u_fpu/u_divider/exp_norm0_inferred__14/i__carry_n_0
    SLICE_X0Y57          CARRY4 (Prop_carry4_CI_O[3])
                                                      0.181   111.373 f  dut/core1/execute_unit/u_fpu/u_divider/exp_norm0_inferred__14/i__carry__0/O[3]
                         net (fo=3, routed)           1.130   112.504    dut/core1/execute_unit/u_fpu/u_divider/exp_norm0_inferred__14/i__carry__0_n_4
    SLICE_X2Y56          LUT6 (Prop_lut6_I2_O)        0.142   112.646 f  dut/core1/execute_unit/u_fpu/u_divider/i__carry_i_9__36/O
                         net (fo=1, routed)           0.545   113.191    dut/core1/execute_unit/u_fpu/u_divider/i__carry_i_9__36_n_0
    SLICE_X0Y59          LUT6 (Prop_lut6_I1_O)        0.053   113.244 r  dut/core1/execute_unit/u_fpu/u_divider/i__carry_i_7__47/O
                         net (fo=3, routed)           0.535   113.779    dut/core1/execute_unit/u_fpu/u_divider/i__carry_i_7__47_n_0
    SLICE_X9Y61          LUT6 (Prop_lut6_I5_O)        0.053   113.832 r  dut/core1/execute_unit/u_fpu/u_divider/i__carry_i_5__34/O
                         net (fo=26, routed)          1.274   115.105    dut/core1/execute_unit/u_fpu/u_divider/i__carry_i_5__34_n_0
    SLICE_X1Y54          LUT2 (Prop_lut2_I1_O)        0.053   115.158 r  dut/core1/execute_unit/u_fpu/u_divider/i__carry_i_4__43/O
                         net (fo=1, routed)           0.000   115.158    dut/core1/execute_unit/u_fpu/u_divider/i__carry_i_4__43_n_0
    SLICE_X1Y54          CARRY4 (Prop_carry4_S[0]_O[2])
                                                      0.323   115.481 f  dut/core1/execute_unit/u_fpu/u_divider/exp_norm0_inferred__15/i__carry/O[2]
                         net (fo=3, routed)           1.032   116.513    dut/core1/execute_unit/u_fpu/u_divider/exp_norm0_inferred__15/i__carry_n_5
    SLICE_X2Y56          LUT6 (Prop_lut6_I4_O)        0.152   116.665 f  dut/core1/execute_unit/u_fpu/u_divider/i__carry_i_11__35/O
                         net (fo=1, routed)           0.327   116.993    dut/core1/execute_unit/u_fpu/u_divider/i__carry_i_11__35_n_0
    SLICE_X2Y56          LUT6 (Prop_lut6_I1_O)        0.053   117.046 r  dut/core1/execute_unit/u_fpu/u_divider/i__carry_i_9__37/O
                         net (fo=4, routed)           0.904   117.950    dut/core1/execute_unit/u_fpu/u_divider/i__carry_i_9__37_n_0
    SLICE_X10Y57         LUT6 (Prop_lut6_I5_O)        0.053   118.003 r  dut/core1/execute_unit/u_fpu/u_divider/i__carry_i_5__33/O
                         net (fo=28, routed)          1.159   119.162    dut/core1/execute_unit/u_fpu/u_divider/i__carry_i_5__33_n_0
    SLICE_X0Y53          LUT2 (Prop_lut2_I1_O)        0.053   119.215 r  dut/core1/execute_unit/u_fpu/u_divider/i__carry_i_4__44/O
                         net (fo=1, routed)           0.000   119.215    dut/core1/execute_unit/u_fpu/u_divider/i__carry_i_4__44_n_0
    SLICE_X0Y53          CARRY4 (Prop_carry4_S[0]_CO[3])
                                                      0.297   119.512 r  dut/core1/execute_unit/u_fpu/u_divider/exp_norm0_inferred__16/i__carry/CO[3]
                         net (fo=1, routed)           0.000   119.512    dut/core1/execute_unit/u_fpu/u_divider/exp_norm0_inferred__16/i__carry_n_0
    SLICE_X0Y54          CARRY4 (Prop_carry4_CI_O[2])
                                                      0.137   119.649 f  dut/core1/execute_unit/u_fpu/u_divider/exp_norm0_inferred__16/i__carry__0/O[2]
                         net (fo=3, routed)           0.700   120.349    dut/core1/execute_unit/u_fpu/u_divider/exp_norm0_inferred__16/i__carry__0_n_5
    SLICE_X2Y52          LUT6 (Prop_lut6_I1_O)        0.152   120.501 f  dut/core1/execute_unit/u_fpu/u_divider/i__carry_i_10__40/O
                         net (fo=1, routed)           0.672   121.173    dut/core1/execute_unit/u_fpu/u_divider/i__carry_i_10__40_n_0
    SLICE_X3Y56          LUT6 (Prop_lut6_I1_O)        0.053   121.226 r  dut/core1/execute_unit/u_fpu/u_divider/i__carry_i_8__48/O
                         net (fo=4, routed)           0.935   122.161    dut/core1/execute_unit/u_fpu/u_divider/i__carry_i_8__48_n_0
    SLICE_X10Y57         LUT4 (Prop_lut4_I3_O)        0.053   122.214 r  dut/core1/execute_unit/u_fpu/u_divider/i__carry_i_5__32/O
                         net (fo=28, routed)          1.307   123.521    dut/core1/execute_unit/u_fpu/u_divider/i__carry_i_5__32_n_0
    SLICE_X2Y53          LUT2 (Prop_lut2_I1_O)        0.053   123.574 r  dut/core1/execute_unit/u_fpu/u_divider/i__carry_i_4__45/O
                         net (fo=1, routed)           0.000   123.574    dut/core1/execute_unit/u_fpu/u_divider/i__carry_i_4__45_n_0
    SLICE_X2Y53          CARRY4 (Prop_carry4_S[0]_CO[3])
                                                      0.297   123.871 r  dut/core1/execute_unit/u_fpu/u_divider/exp_norm0_inferred__17/i__carry/CO[3]
                         net (fo=1, routed)           0.000   123.871    dut/core1/execute_unit/u_fpu/u_divider/exp_norm0_inferred__17/i__carry_n_0
    SLICE_X2Y54          CARRY4 (Prop_carry4_CI_O[3])
                                                      0.181   124.052 f  dut/core1/execute_unit/u_fpu/u_divider/exp_norm0_inferred__17/i__carry__0/O[3]
                         net (fo=3, routed)           0.679   124.731    dut/core1/execute_unit/u_fpu/u_divider/exp_norm0_inferred__17/i__carry__0_n_4
    SLICE_X2Y52          LUT6 (Prop_lut6_I2_O)        0.142   124.873 f  dut/core1/execute_unit/u_fpu/u_divider/i__carry_i_9__38/O
                         net (fo=1, routed)           0.859   125.732    dut/core1/execute_unit/u_fpu/u_divider/i__carry_i_9__38_n_0
    SLICE_X3Y56          LUT6 (Prop_lut6_I1_O)        0.053   125.785 r  dut/core1/execute_unit/u_fpu/u_divider/i__carry_i_7__48/O
                         net (fo=3, routed)           0.602   126.387    dut/core1/execute_unit/u_fpu/u_divider/i__carry_i_7__48_n_0
    SLICE_X7Y60          LUT6 (Prop_lut6_I5_O)        0.053   126.440 r  dut/core1/execute_unit/u_fpu/u_divider/i__carry_i_5__31/O
                         net (fo=26, routed)          1.241   127.682    dut/core1/execute_unit/u_fpu/u_divider/i__carry_i_5__31_n_0
    SLICE_X3Y53          LUT2 (Prop_lut2_I1_O)        0.053   127.735 r  dut/core1/execute_unit/u_fpu/u_divider/i__carry_i_4__46/O
                         net (fo=1, routed)           0.000   127.735    dut/core1/execute_unit/u_fpu/u_divider/i__carry_i_4__46_n_0
    SLICE_X3Y53          CARRY4 (Prop_carry4_S[0]_O[3])
                                                      0.357   128.092 f  dut/core1/execute_unit/u_fpu/u_divider/exp_norm0_inferred__18/i__carry/O[3]
                         net (fo=3, routed)           1.037   129.128    dut/core1/execute_unit/u_fpu/u_divider/exp_norm0_inferred__18/i__carry_n_4
    SLICE_X13Y53         LUT6 (Prop_lut6_I3_O)        0.142   129.270 f  dut/core1/execute_unit/u_fpu/u_divider/i__carry_i_11__36/O
                         net (fo=1, routed)           0.306   129.577    dut/core1/execute_unit/u_fpu/u_divider/i__carry_i_11__36_n_0
    SLICE_X13Y53         LUT6 (Prop_lut6_I1_O)        0.053   129.630 r  dut/core1/execute_unit/u_fpu/u_divider/i__carry_i_9__39/O
                         net (fo=5, routed)           0.670   130.299    dut/core1/execute_unit/u_fpu/u_divider/i__carry_i_9__39_n_0
    SLICE_X13Y57         LUT6 (Prop_lut6_I5_O)        0.053   130.352 r  dut/core1/execute_unit/u_fpu/u_divider/i__carry_i_5__30/O
                         net (fo=26, routed)          0.908   131.261    dut/core1/execute_unit/u_fpu/u_divider/i__carry_i_5__30_n_0
    SLICE_X15Y49         LUT2 (Prop_lut2_I1_O)        0.053   131.314 r  dut/core1/execute_unit/u_fpu/u_divider/i__carry_i_4__47/O
                         net (fo=1, routed)           0.000   131.314    dut/core1/execute_unit/u_fpu/u_divider/i__carry_i_4__47_n_0
    SLICE_X15Y49         CARRY4 (Prop_carry4_S[0]_CO[3])
                                                      0.313   131.627 r  dut/core1/execute_unit/u_fpu/u_divider/exp_norm0_inferred__19/i__carry/CO[3]
                         net (fo=1, routed)           0.001   131.627    dut/core1/execute_unit/u_fpu/u_divider/exp_norm0_inferred__19/i__carry_n_0
    SLICE_X15Y50         CARRY4 (Prop_carry4_CI_O[2])
                                                      0.136   131.763 f  dut/core1/execute_unit/u_fpu/u_divider/exp_norm0_inferred__19/i__carry__0/O[2]
                         net (fo=3, routed)           0.961   132.725    dut/core1/execute_unit/u_fpu/u_divider/exp_norm0_inferred__19/i__carry__0_n_5
    SLICE_X25Y50         LUT6 (Prop_lut6_I1_O)        0.152   132.877 f  dut/core1/execute_unit/u_fpu/u_divider/i__carry_i_9__40/O
                         net (fo=1, routed)           0.600   133.477    dut/core1/execute_unit/u_fpu/u_divider/i__carry_i_9__40_n_0
    SLICE_X25Y49         LUT6 (Prop_lut6_I1_O)        0.053   133.530 r  dut/core1/execute_unit/u_fpu/u_divider/i__carry_i_6__49/O
                         net (fo=6, routed)           0.764   134.294    dut/core1/execute_unit/u_fpu/u_divider/i__carry_i_6__49_n_0
    SLICE_X24Y55         LUT4 (Prop_lut4_I0_O)        0.053   134.347 r  dut/core1/execute_unit/u_fpu/u_divider/i__carry_i_5__29/O
                         net (fo=24, routed)          1.405   135.751    dut/core1/execute_unit/u_fpu/u_divider/i__carry_i_5__29_n_0
    SLICE_X24Y49         LUT2 (Prop_lut2_I1_O)        0.053   135.804 r  dut/core1/execute_unit/u_fpu/u_divider/i__carry_i_4__48/O
                         net (fo=1, routed)           0.000   135.804    dut/core1/execute_unit/u_fpu/u_divider/i__carry_i_4__48_n_0
    SLICE_X24Y49         CARRY4 (Prop_carry4_S[0]_CO[3])
                                                      0.313   136.117 r  dut/core1/execute_unit/u_fpu/u_divider/exp_norm0_inferred__20/i__carry/CO[3]
                         net (fo=1, routed)           0.001   136.118    dut/core1/execute_unit/u_fpu/u_divider/exp_norm0_inferred__20/i__carry_n_0
    SLICE_X24Y50         CARRY4 (Prop_carry4_CI_CO[3])
                                                      0.058   136.176 r  dut/core1/execute_unit/u_fpu/u_divider/exp_norm0_inferred__20/i__carry__0/CO[3]
                         net (fo=1, routed)           0.000   136.176    dut/core1/execute_unit/u_fpu/u_divider/exp_norm0_inferred__20/i__carry__0_n_0
    SLICE_X24Y51         CARRY4 (Prop_carry4_CI_O[0])
                                                      0.139   136.315 r  dut/core1/execute_unit/u_fpu/u_divider/exp_norm0_inferred__20/i__carry__1/O[0]
                         net (fo=3, routed)           0.557   136.872    dut/core1/execute_unit/u_fpu/u_divider/exp_norm0_inferred__20/i__carry__1_n_7
    SLICE_X25Y50         LUT6 (Prop_lut6_I1_O)        0.155   137.027 r  dut/core1/execute_unit/u_fpu/u_divider/i__carry_i_9__41/O
                         net (fo=1, routed)           0.131   137.158    dut/core1/execute_unit/u_fpu/u_divider/i__carry_i_9__41_n_0
    SLICE_X25Y50         LUT6 (Prop_lut6_I1_O)        0.053   137.211 f  dut/core1/execute_unit/u_fpu/u_divider/i__carry_i_7__49/O
                         net (fo=12, routed)          0.702   137.913    dut/core1/execute_unit/u_fpu/u_divider/i__carry_i_7__49_n_0
    SLICE_X25Y55         LUT2 (Prop_lut2_I1_O)        0.053   137.966 r  dut/core1/execute_unit/u_fpu/u_divider/i__carry_i_5__28/O
                         net (fo=24, routed)          1.229   139.196    dut/core1/execute_unit/u_fpu/u_divider/i__carry_i_5__28_n_0
    SLICE_X27Y49         LUT2 (Prop_lut2_I1_O)        0.053   139.249 r  dut/core1/execute_unit/u_fpu/u_divider/i__carry_i_4__49/O
                         net (fo=1, routed)           0.000   139.249    dut/core1/execute_unit/u_fpu/u_divider/i__carry_i_4__49_n_0
    SLICE_X27Y49         CARRY4 (Prop_carry4_S[0]_O[3])
                                                      0.357   139.606 f  dut/core1/execute_unit/u_fpu/u_divider/exp_norm0_inferred__21/i__carry/O[3]
                         net (fo=5, routed)           1.187   140.793    dut/core1/execute_unit/u_fpu/u_divider/exp_norm0_inferred__21/i__carry_n_4
    SLICE_X40Y50         LUT6 (Prop_lut6_I4_O)        0.142   140.935 r  dut/core1/execute_unit/u_fpu/u_divider/out_res[30]_i_10__0/O
                         net (fo=8, routed)           0.921   141.856    dut/core1/execute_unit/u_fpu/u_divider/out_res[30]_i_10__0_n_0
    SLICE_X41Y50         LUT6 (Prop_lut6_I3_O)        0.053   141.909 r  dut/core1/execute_unit/u_fpu/u_divider/out_res[30]_i_21__0/O
                         net (fo=9, routed)           1.017   142.925    dut/core1/execute_unit/u_fpu/u_divider/out_res[30]_i_21__0_n_0
    SLICE_X25Y54         LUT6 (Prop_lut6_I5_O)        0.053   142.978 r  dut/core1/execute_unit/u_fpu/u_divider/out_res[30]_i_9__0/O
                         net (fo=33, routed)          1.702   144.680    dut/core1/execute_unit/u_fpu/u_divider/out_res[30]_i_9__0_n_0
    SLICE_X41Y47         LUT5 (Prop_lut5_I2_O)        0.067   144.747 r  dut/core1/execute_unit/u_fpu/u_divider/out_res[29]_i_4__0/O
                         net (fo=2, routed)           0.649   145.397    dut/core1/execute_unit/u_fpu/u_divider/out_res[29]_i_4__0_n_0
    SLICE_X40Y46         LUT6 (Prop_lut6_I2_O)        0.170   145.567 r  dut/core1/execute_unit/u_fpu/u_divider/out_res[22]_i_3__0/O
                         net (fo=23, routed)          1.024   146.590    dut/core1/execute_unit/u_fpu/u_divider/out_res[22]_i_3__0_n_0
    SLICE_X28Y43         LUT6 (Prop_lut6_I3_O)        0.053   146.643 r  dut/core1/execute_unit/u_fpu/u_divider/out_res[13]_i_1__1/O
                         net (fo=1, routed)           0.000   146.643    dut/core1/execute_unit/u_fpu/u_divider/out_res[13]_i_1__1_n_0
    SLICE_X28Y43         FDCE                                         r  dut/core1/execute_unit/u_fpu/u_divider/out_res_reg[13]/D
  -------------------------------------------------------------------    -------------------





Min Delay Paths
--------------------------------------------------------------------------------------
Slack:                    inf
  Source:                 dut/core1/execute_unit/u_fpu/u_fma/u_fma_mul/s1_raw_pp_reg[11][2]/C
                            (rising edge-triggered cell FDRE)
  Destination:            dut/core1/execute_unit/u_fpu/u_fma/u_fma_mul/s2_pp_shifted_reg[11][24]/D
  Path Group:             (none)
  Path Type:              Min at Fast Process Corner
  Data Path Delay:        0.146ns  (logic 0.091ns (62.374%)  route 0.055ns (37.626%))
  Logic Levels:           1  (FDRE=1)

    Location             Delay type                Incr(ns)  Path(ns)    Netlist Resource(s)
  -------------------------------------------------------------------    -------------------
    SLICE_X40Y1          FDRE                         0.000     0.000 r  dut/core1/execute_unit/u_fpu/u_fma/u_fma_mul/s1_raw_pp_reg[11][2]/C
    SLICE_X40Y1          FDRE (Prop_fdre_C_Q)         0.091     0.091 r  dut/core1/execute_unit/u_fpu/u_fma/u_fma_mul/s1_raw_pp_reg[11][2]/Q
                         net (fo=1, routed)           0.055     0.146    dut/core1/execute_unit/u_fpu/u_fma/u_fma_mul/s1_raw_pp_reg[11]_70[2]
    SLICE_X41Y1          FDRE                                         r  dut/core1/execute_unit/u_fpu/u_fma/u_fma_mul/s2_pp_shifted_reg[11][24]/D
  -------------------------------------------------------------------    -------------------

Slack:                    inf
  Source:                 dut/core1/execute_unit/u_fpu/u_multiplier/s1_raw_pp_reg[6][25]/C
                            (rising edge-triggered cell FDRE)
  Destination:            dut/core1/execute_unit/u_fpu/u_multiplier/s2_pp_shifted_reg[6][39]/D
  Path Group:             (none)
  Path Type:              Min at Fast Process Corner
  Data Path Delay:        0.147ns  (logic 0.091ns (61.742%)  route 0.056ns (38.258%))
  Logic Levels:           1  (FDRE=1)

    Location             Delay type                Incr(ns)  Path(ns)    Netlist Resource(s)
  -------------------------------------------------------------------    -------------------
    SLICE_X56Y18         FDRE                         0.000     0.000 r  dut/core1/execute_unit/u_fpu/u_multiplier/s1_raw_pp_reg[6][25]/C
    SLICE_X56Y18         FDRE (Prop_fdre_C_Q)         0.091     0.091 r  dut/core1/execute_unit/u_fpu/u_multiplier/s1_raw_pp_reg[6][25]/Q
                         net (fo=1, routed)           0.056     0.147    dut/core1/execute_unit/u_fpu/u_multiplier/s1_raw_pp_reg[6]_107[25]
    SLICE_X57Y18         FDRE                                         r  dut/core1/execute_unit/u_fpu/u_multiplier/s2_pp_shifted_reg[6][39]/D
  -------------------------------------------------------------------    -------------------

Slack:                    inf
  Source:                 dut/core0/execute_unit/u_fpu/u_fma/u_fma_mul/s1_raw_pp_reg[0][13]/C
                            (rising edge-triggered cell FDRE)
  Destination:            dut/core0/execute_unit/u_fpu/u_fma/u_fma_mul/s2_pp_shifted_reg[0][13]/D
  Path Group:             (none)
  Path Type:              Min at Fast Process Corner
  Data Path Delay:        0.155ns  (logic 0.100ns (64.432%)  route 0.055ns (35.568%))
  Logic Levels:           1  (FDRE=1)

    Location             Delay type                Incr(ns)  Path(ns)    Netlist Resource(s)
  -------------------------------------------------------------------    -------------------
    SLICE_X111Y35        FDRE                         0.000     0.000 r  dut/core0/execute_unit/u_fpu/u_fma/u_fma_mul/s1_raw_pp_reg[0][13]/C
    SLICE_X111Y35        FDRE (Prop_fdre_C_Q)         0.100     0.100 r  dut/core0/execute_unit/u_fpu/u_fma/u_fma_mul/s1_raw_pp_reg[0][13]/Q
                         net (fo=1, routed)           0.055     0.155    dut/core0/execute_unit/u_fpu/u_fma/u_fma_mul/s1_raw_pp_reg[0]_41[13]
    SLICE_X111Y35        FDRE                                         r  dut/core0/execute_unit/u_fpu/u_fma/u_fma_mul/s2_pp_shifted_reg[0][13]/D
  -------------------------------------------------------------------    -------------------

Slack:                    inf
  Source:                 dut/core0/execute_unit/u_fpu/u_fma/u_fma_mul/s1_raw_pp_reg[0][15]/C
                            (rising edge-triggered cell FDRE)
  Destination:            dut/core0/execute_unit/u_fpu/u_fma/u_fma_mul/s2_pp_shifted_reg[0][15]/D
  Path Group:             (none)
  Path Type:              Min at Fast Process Corner
  Data Path Delay:        0.155ns  (logic 0.100ns (64.432%)  route 0.055ns (35.568%))
  Logic Levels:           1  (FDRE=1)

    Location             Delay type                Incr(ns)  Path(ns)    Netlist Resource(s)
  -------------------------------------------------------------------    -------------------
    SLICE_X103Y33        FDRE                         0.000     0.000 r  dut/core0/execute_unit/u_fpu/u_fma/u_fma_mul/s1_raw_pp_reg[0][15]/C
    SLICE_X103Y33        FDRE (Prop_fdre_C_Q)         0.100     0.100 r  dut/core0/execute_unit/u_fpu/u_fma/u_fma_mul/s1_raw_pp_reg[0][15]/Q
                         net (fo=1, routed)           0.055     0.155    dut/core0/execute_unit/u_fpu/u_fma/u_fma_mul/s1_raw_pp_reg[0]_41[15]
    SLICE_X103Y33        FDRE                                         r  dut/core0/execute_unit/u_fpu/u_fma/u_fma_mul/s2_pp_shifted_reg[0][15]/D
  -------------------------------------------------------------------    -------------------

Slack:                    inf
  Source:                 dut/core0/execute_unit/u_fpu/u_fma/u_fma_mul/s1_raw_pp_reg[0][16]/C
                            (rising edge-triggered cell FDRE)
  Destination:            dut/core0/execute_unit/u_fpu/u_fma/u_fma_mul/s2_pp_shifted_reg[0][16]/D
  Path Group:             (none)
  Path Type:              Min at Fast Process Corner
  Data Path Delay:        0.155ns  (logic 0.100ns (64.432%)  route 0.055ns (35.568%))
  Logic Levels:           1  (FDRE=1)

    Location             Delay type                Incr(ns)  Path(ns)    Netlist Resource(s)
  -------------------------------------------------------------------    -------------------
    SLICE_X111Y34        FDRE                         0.000     0.000 r  dut/core0/execute_unit/u_fpu/u_fma/u_fma_mul/s1_raw_pp_reg[0][16]/C
    SLICE_X111Y34        FDRE (Prop_fdre_C_Q)         0.100     0.100 r  dut/core0/execute_unit/u_fpu/u_fma/u_fma_mul/s1_raw_pp_reg[0][16]/Q
                         net (fo=1, routed)           0.055     0.155    dut/core0/execute_unit/u_fpu/u_fma/u_fma_mul/s1_raw_pp_reg[0]_41[16]
    SLICE_X111Y34        FDRE                                         r  dut/core0/execute_unit/u_fpu/u_fma/u_fma_mul/s2_pp_shifted_reg[0][16]/D
  -------------------------------------------------------------------    -------------------

Slack:                    inf
  Source:                 dut/core0/execute_unit/u_fpu/u_fma/u_fma_mul/s1_raw_pp_reg[0][19]/C
                            (rising edge-triggered cell FDRE)
  Destination:            dut/core0/execute_unit/u_fpu/u_fma/u_fma_mul/s2_pp_shifted_reg[0][19]/D
  Path Group:             (none)
  Path Type:              Min at Fast Process Corner
  Data Path Delay:        0.155ns  (logic 0.100ns (64.432%)  route 0.055ns (35.568%))
  Logic Levels:           1  (FDRE=1)

    Location             Delay type                Incr(ns)  Path(ns)    Netlist Resource(s)
  -------------------------------------------------------------------    -------------------
    SLICE_X109Y43        FDRE                         0.000     0.000 r  dut/core0/execute_unit/u_fpu/u_fma/u_fma_mul/s1_raw_pp_reg[0][19]/C
    SLICE_X109Y43        FDRE (Prop_fdre_C_Q)         0.100     0.100 r  dut/core0/execute_unit/u_fpu/u_fma/u_fma_mul/s1_raw_pp_reg[0][19]/Q
                         net (fo=1, routed)           0.055     0.155    dut/core0/execute_unit/u_fpu/u_fma/u_fma_mul/s1_raw_pp_reg[0]_41[19]
    SLICE_X109Y43        FDRE                                         r  dut/core0/execute_unit/u_fpu/u_fma/u_fma_mul/s2_pp_shifted_reg[0][19]/D
  -------------------------------------------------------------------    -------------------

Slack:                    inf
  Source:                 dut/core0/execute_unit/u_fpu/u_fma/u_fma_mul/s1_raw_pp_reg[0][22]/C
                            (rising edge-triggered cell FDRE)
  Destination:            dut/core0/execute_unit/u_fpu/u_fma/u_fma_mul/s2_pp_shifted_reg[0][22]/D
  Path Group:             (none)
  Path Type:              Min at Fast Process Corner
  Data Path Delay:        0.155ns  (logic 0.100ns (64.432%)  route 0.055ns (35.568%))
  Logic Levels:           1  (FDRE=1)

    Location             Delay type                Incr(ns)  Path(ns)    Netlist Resource(s)
  -------------------------------------------------------------------    -------------------
    SLICE_X111Y43        FDRE                         0.000     0.000 r  dut/core0/execute_unit/u_fpu/u_fma/u_fma_mul/s1_raw_pp_reg[0][22]/C
    SLICE_X111Y43        FDRE (Prop_fdre_C_Q)         0.100     0.100 r  dut/core0/execute_unit/u_fpu/u_fma/u_fma_mul/s1_raw_pp_reg[0][22]/Q
                         net (fo=1, routed)           0.055     0.155    dut/core0/execute_unit/u_fpu/u_fma/u_fma_mul/s1_raw_pp_reg[0]_41[22]
    SLICE_X111Y43        FDRE                                         r  dut/core0/execute_unit/u_fpu/u_fma/u_fma_mul/s2_pp_shifted_reg[0][22]/D
  -------------------------------------------------------------------    -------------------

Slack:                    inf
  Source:                 dut/core0/execute_unit/u_fpu/u_fma/u_fma_mul/s1_raw_pp_reg[0][5]/C
                            (rising edge-triggered cell FDRE)
  Destination:            dut/core0/execute_unit/u_fpu/u_fma/u_fma_mul/s2_pp_shifted_reg[0][5]/D
  Path Group:             (none)
  Path Type:              Min at Fast Process Corner
  Data Path Delay:        0.155ns  (logic 0.100ns (64.432%)  route 0.055ns (35.568%))
  Logic Levels:           1  (FDRE=1)

    Location             Delay type                Incr(ns)  Path(ns)    Netlist Resource(s)
  -------------------------------------------------------------------    -------------------
    SLICE_X111Y30        FDRE                         0.000     0.000 r  dut/core0/execute_unit/u_fpu/u_fma/u_fma_mul/s1_raw_pp_reg[0][5]/C
    SLICE_X111Y30        FDRE (Prop_fdre_C_Q)         0.100     0.100 r  dut/core0/execute_unit/u_fpu/u_fma/u_fma_mul/s1_raw_pp_reg[0][5]/Q
                         net (fo=1, routed)           0.055     0.155    dut/core0/execute_unit/u_fpu/u_fma/u_fma_mul/s1_raw_pp_reg[0]_41[5]
    SLICE_X111Y30        FDRE                                         r  dut/core0/execute_unit/u_fpu/u_fma/u_fma_mul/s2_pp_shifted_reg[0][5]/D
  -------------------------------------------------------------------    -------------------

Slack:                    inf
  Source:                 dut/core0/execute_unit/u_fpu/u_fma/u_fma_mul/s1_raw_pp_reg[10][10]/C
                            (rising edge-triggered cell FDRE)
  Destination:            dut/core0/execute_unit/u_fpu/u_fma/u_fma_mul/s2_pp_shifted_reg[10][30]/D
  Path Group:             (none)
  Path Type:              Min at Fast Process Corner
  Data Path Delay:        0.155ns  (logic 0.100ns (64.432%)  route 0.055ns (35.568%))
  Logic Levels:           1  (FDRE=1)

    Location             Delay type                Incr(ns)  Path(ns)    Netlist Resource(s)
  -------------------------------------------------------------------    -------------------
    SLICE_X101Y38        FDRE                         0.000     0.000 r  dut/core0/execute_unit/u_fpu/u_fma/u_fma_mul/s1_raw_pp_reg[10][10]/C
    SLICE_X101Y38        FDRE (Prop_fdre_C_Q)         0.100     0.100 r  dut/core0/execute_unit/u_fpu/u_fma/u_fma_mul/s1_raw_pp_reg[10][10]/Q
                         net (fo=1, routed)           0.055     0.155    dut/core0/execute_unit/u_fpu/u_fma/u_fma_mul/s1_raw_pp_reg[10]_22[10]
    SLICE_X101Y38        FDRE                                         r  dut/core0/execute_unit/u_fpu/u_fma/u_fma_mul/s2_pp_shifted_reg[10][30]/D
  -------------------------------------------------------------------    -------------------

Slack:                    inf
  Source:                 dut/core0/execute_unit/u_fpu/u_fma/u_fma_mul/s1_raw_pp_reg[10][12]/C
                            (rising edge-triggered cell FDRE)
  Destination:            dut/core0/execute_unit/u_fpu/u_fma/u_fma_mul/s2_pp_shifted_reg[10][32]/D
  Path Group:             (none)
  Path Type:              Min at Fast Process Corner
  Data Path Delay:        0.155ns  (logic 0.100ns (64.432%)  route 0.055ns (35.568%))
  Logic Levels:           1  (FDRE=1)

    Location             Delay type                Incr(ns)  Path(ns)    Netlist Resource(s)
  -------------------------------------------------------------------    -------------------
    SLICE_X101Y38        FDRE                         0.000     0.000 r  dut/core0/execute_unit/u_fpu/u_fma/u_fma_mul/s1_raw_pp_reg[10][12]/C
    SLICE_X101Y38        FDRE (Prop_fdre_C_Q)         0.100     0.100 r  dut/core0/execute_unit/u_fpu/u_fma/u_fma_mul/s1_raw_pp_reg[10][12]/Q
                         net (fo=1, routed)           0.055     0.155    dut/core0/execute_unit/u_fpu/u_fma/u_fma_mul/s1_raw_pp_reg[10]_22[12]
    SLICE_X101Y38        FDRE                                         r  dut/core0/execute_unit/u_fpu/u_fma/u_fma_mul/s2_pp_shifted_reg[10][32]/D
  -------------------------------------------------------------------    -------------------





